customer_id,company_name,industry,company_size,country,signup_date
1001,"Porter, Williams and Carter",Marketing,Medium,Pakistan,11/11/2024
1002,Thomas-Mclaughlin,Education,Medium,South Africa,7/8/2025
1003,"Alvarez, Blackwell and Galvan",Consulting,Startup,Germany,5/7/2026
1004,"Mclaughlin, Williams and May",Retail,Startup,Singapore,1/14/2024
1005,"Deleon, Wells and Randolph",Marketing,Small,France,12/16/2025
1006,"Haynes, Ruiz and Smith",Media,Enterprise,Canada,2/1/2023
1007,Carter-Copeland,Finance,Small,Netherlands,8/23/2023
1008,"Riley, Lopez and Wilson",Marketing,Medium,Mexico,10/25/2025
1009,Glover-Cox,Consulting,Small,South Africa,8/31/2025
1010,Lee-Durham,Retail,Small,USA,2/5/2023
1011,"West, Hoffman and Booker",Education,Startup,UAE,7/7/2022
1012,Brown-Payne,Consulting,Startup,Netherlands,8/15/2025
1013,Ewing LLC,Consulting,Large,Canada,3/1/2026
1014,Edwards Inc,Finance,Medium,Australia,1/29/2025
1015,King Ltd,Manufacturing,Small,USA,8/14/2025
1016,Williams-Meyer,Retail,Large,USA,12/17/2023
1017,Haley Ltd,Healthcare,Startup,UAE,1/12/2023
1018,Richardson-Thomas,Consulting,Enterprise,Germany,5/10/2025
1019,"Nelson, Keller and Chapman",Manufacturing,Small,UAE,9/21/2022
1020,Bryan-Dean,Healthcare,Small,Brazil,8/26/2023
1021,Morris Ltd,Retail,Small,France,5/11/2025
1022,"Sandoval, Nixon and Morales",Technology,Startup,India,3/29/2025
1023,Estrada-Thomas,Media,Startup,USA,1/1/2026
1024,"Castro, Parks and Clayton",Manufacturing,Medium,Australia,3/29/2026
1025,"Bradford, Reeves and Maldonado",Logistics,Large,Pakistan,3/28/2024
1026,"Anderson, Robbins and Elliott",Technology,Large,Japan,9/6/2022
1027,"Mckenzie, Crawford and Reed",Media,Startup,USA,10/1/2025
1028,Hendrix-Carpenter,Finance,Small,UAE,11/30/2022
1029,Gardner-Conway,Marketing,Startup,UK,5/11/2025
1030,English-Thomas,Education,Startup,USA,3/5/2025
1031,Miller Group,Logistics,Medium,USA,7/9/2023
1032,"Luna, Ortega and Barrera",Finance,Small,South Africa,9/13/2022
1033,"Young, Hamilton and Kelley",Retail,Startup,Japan,5/24/2024
1034,Padilla-Frank,Finance,Startup,Brazil,10/10/2024
1035,Price Ltd,Marketing,Enterprise,Australia,6/3/2024
1036,Blackburn Inc,Retail,Startup,Brazil,3/21/2025
1037,Pierce-Morris,Logistics,Small,Australia,11/24/2022
1038,Phillips Group,Marketing,Small,USA,9/24/2022
1039,Martinez Inc,Healthcare,Startup,Japan,2/12/2024
1040,Leach-Jones,Education,Startup,Japan,8/1/2024
1041,Farmer Group,Logistics,Small,UK,8/10/2023
1042,Young-Martinez,Healthcare,Large,India,10/8/2025
1043,Fox and Sons,Media,Small,Singapore,11/13/2024
1044,"Paul, Vazquez and Coleman",Logistics,Medium,UK,9/24/2025
1045,Greene-Miller,Media,Enterprise,UK,10/6/2025
1046,Schwartz Group,Retail,Large,UK,8/3/2024
1047,Lopez-Collins,Healthcare,Small,Mexico,10/12/2022
1048,"Chan, Perez and Walker",Education,Small,India,3/20/2023
1049,Joseph Group,Marketing,Medium,Germany,10/31/2024
1050,"Watts, Yates and Strickland",Consulting,Medium,Germany,1/6/2025
1051,Wallace-Smith,Finance,Small,UK,12/24/2024
1052,"Vargas, Garner and Hernandez",Technology,Medium,Singapore,8/11/2022
1053,"Johnson, Brown and Charles",Education,Startup,Brazil,2/13/2026
1054,Schmidt PLC,Healthcare,Small,UAE,5/1/2025
1055,Oconnor-Le,Consulting,Small,Canada,9/19/2023
1056,"Ochoa, Bonilla and Garza",Education,Startup,Germany,8/2/2023
1057,"Brown, Strickland and Davis",Healthcare,Startup,Pakistan,8/30/2022
1058,Hanson Group,Manufacturing,Medium,Australia,8/2/2023
1059,Poole Inc,Manufacturing,Small,Japan,1/16/2026
1060,"Hayes, Zhang and Bond",Media,Small,India,5/5/2025
1061,Gray and Sons,Education,Small,South Africa,9/18/2023
1062,"Clark, Mahoney and Nelson",Manufacturing,Small,India,2/9/2025
1063,Weeks Inc,Healthcare,Startup,Canada,7/14/2024
1064,Martinez-Rodriguez,Media,Medium,Germany,3/6/2025
1065,Long LLC,Healthcare,Large,Singapore,12/7/2025
1066,Bowman-Carey,Media,Large,Singapore,4/9/2026
1067,"Lynch, Chandler and Whitney",Education,Medium,Australia,4/14/2025
1068,Coleman-Barnett,Consulting,Small,UK,2/25/2026
1069,Stanton LLC,Marketing,Startup,UAE,4/30/2024
1070,Chen-White,Logistics,Small,South Africa,6/4/2024
1071,Kemp PLC,Consulting,Startup,Germany,4/13/2025
1072,Gregory Inc,Retail,Enterprise,Singapore,11/9/2024
1073,"Rivera, Perry and Stewart",Healthcare,Startup,South Africa,4/25/2023
1074,Cook-Thomas,Retail,Startup,Canada,9/4/2024
1075,"Garcia, Diaz and Pugh",Consulting,Large,Australia,4/25/2023
1076,Lopez PLC,Media,Enterprise,USA,12/2/2022
1077,Smith Inc,Logistics,Large,Australia,6/19/2024
1078,Graves Ltd,Logistics,Startup,South Africa,11/2/2022
1079,"Hinton, Romero and Cooper",Technology,Startup,Mexico,7/23/2022
1080,"Parrish, Patterson and Rangel",Logistics,Small,Singapore,11/3/2023
1081,Cross-Obrien,Marketing,Startup,USA,2/19/2024
1082,Hunter PLC,Logistics,Startup,Japan,9/21/2022
1083,Rodriguez-Gill,Consulting,Small,Pakistan,8/17/2025
1084,"Knight, Bishop and Huynh",Technology,Enterprise,France,3/31/2023
1085,Barnett Ltd,Consulting,Small,Australia,3/18/2023
1086,Michael LLC,Consulting,Medium,Canada,2/6/2023
1087,Maldonado Inc,Finance,Medium,Canada,1/21/2024
1088,Allen PLC,Technology,Small,Mexico,7/6/2023
1089,"Gray, Stewart and Phillips",Consulting,Medium,UAE,8/5/2025
1090,Stewart-Kennedy,Finance,Startup,UK,5/5/2024
1091,"Wilson, Mccall and Wallace",Finance,Startup,Australia,3/2/2025
1092,Martin-Murphy,Technology,Medium,Singapore,8/31/2024
1093,"White, Evans and Robinson",Retail,Startup,France,4/22/2024
1094,"Klein, Dillon and Luna",Media,Enterprise,Japan,11/27/2023
1095,"Lane, Peterson and Lee",Marketing,Startup,Mexico,5/22/2023
1096,Scott-Mendez,Media,Medium,Germany,8/5/2023
1097,Sanchez-Pruitt,Logistics,Small,Singapore,4/28/2023
1098,Watson-Brooks,Marketing,Startup,Canada,1/29/2024
1099,Reyes-Jones,Logistics,Startup,Pakistan,7/20/2025
1100,"Rollins, Mcpherson and Kline",Consulting,Medium,Singapore,3/12/2024
1101,"Jenkins, Swanson and Smith",Healthcare,Large,India,9/5/2022
1102,"Gilbert, Palmer and Bryant",Technology,Large,Brazil,12/17/2023
1103,Navarro Inc,Marketing,Small,Canada,8/10/2025
1104,Garcia-Summers,Marketing,Large,Australia,5/1/2025
1105,"Romero, Lopez and Nelson",Consulting,Medium,Japan,12/30/2025
1106,Moore-Peterson,Retail,Medium,Pakistan,5/14/2025
1107,"Caldwell, Vasquez and Gay",Finance,Small,India,7/11/2025
1108,Walker Group,Consulting,Medium,Netherlands,2/12/2023
1109,Taylor Inc,Manufacturing,Large,USA,4/6/2025
1110,Harper-Thompson,Finance,Small,France,3/17/2025
1111,Ruiz PLC,Technology,Large,Canada,11/18/2025
1112,Ortega PLC,Finance,Medium,Australia,5/25/2026
1113,Evans-Sutton,Retail,Startup,India,5/7/2023
1114,"Gutierrez, Murray and Zimmerman",Finance,Startup,Japan,1/8/2026
1115,Johnson-Zhang,Technology,Small,Japan,7/28/2022
1116,"Morales, Evans and Williams",Retail,Small,India,12/16/2022
1117,"Kim, Mcgee and Cox",Media,Large,UK,9/19/2022
1118,Anderson PLC,Marketing,Startup,India,6/8/2026
1119,Parks-Miller,Marketing,Large,Netherlands,11/22/2023
1120,"Martinez, Ford and Alvarez",Logistics,Large,France,5/23/2025
1121,"Wang, Salinas and Rivera",Media,Startup,Pakistan,1/9/2024
1122,Daniels-Kelly,Media,Large,Netherlands,1/27/2024
1123,Taylor-Martin,Finance,Enterprise,Mexico,8/22/2025
1124,"Carter, Coleman and Hatfield",Marketing,Medium,Pakistan,11/19/2024
1125,Miller PLC,Technology,Large,India,3/13/2025
1126,"Beck, Greer and Wheeler",Education,Enterprise,Australia,5/10/2024
1127,Hahn and Sons,Education,Medium,Canada,1/21/2023
1128,Leonard LLC,Retail,Small,Australia,3/7/2025
1129,Jones-Solomon,Marketing,Large,South Africa,3/13/2025
1130,"Harrison, Ballard and Beltran",Marketing,Medium,Mexico,7/26/2023
1131,Clark-Woods,Education,Medium,Netherlands,7/16/2022
1132,"Combs, Garcia and Mccarthy",Marketing,Small,Brazil,12/3/2025
1133,Liu-Martin,Finance,Large,UAE,1/7/2025
1134,"Pham, Smith and Smith",Manufacturing,Startup,Netherlands,11/4/2022
1135,Ashley and Sons,Healthcare,Enterprise,Canada,10/4/2024
1136,"Johnson, Garcia and Stokes",Media,Small,USA,5/31/2023
1137,Hooper-Carter,Logistics,Startup,Brazil,6/30/2023
1138,"Brown, Howard and Lopez",Retail,Small,South Africa,11/19/2022
1139,Stevenson Inc,Manufacturing,Startup,France,6/12/2024
1140,Hays PLC,Education,Medium,Brazil,6/8/2025
1141,"Hopkins, Barrett and Russell",Media,Enterprise,Australia,11/20/2022
1142,"Jones, Miller and Davis",Marketing,Large,UK,1/26/2023
1143,Martin-Khan,Logistics,Startup,Pakistan,7/7/2024
1144,Brandt Inc,Marketing,Startup,India,10/7/2023
1145,Wilkinson Inc,Technology,Large,Canada,1/28/2025
1146,Thompson-Martinez,Technology,Enterprise,Mexico,7/14/2023
1147,Ramirez Group,Logistics,Small,India,12/11/2022
1148,Powers Ltd,Logistics,Small,Netherlands,1/31/2026
1149,Bentley Inc,Education,Small,Netherlands,12/5/2022
1150,"Garcia, Henry and Hernandez",Logistics,Large,USA,7/14/2022
1151,Larson Ltd,Finance,Medium,UAE,8/26/2025
1152,Ruiz-Silva,Marketing,Small,South Africa,4/17/2026
1153,Vasquez Inc,Manufacturing,Small,India,10/31/2025
1154,Burke-Ingram,Consulting,Large,Australia,2/2/2026
1155,Torres PLC,Logistics,Startup,South Africa,6/14/2025
1156,Price-Dillon,Retail,Small,Canada,10/19/2022
1157,"Harris, Jennings and Smith",Technology,Medium,UK,11/18/2024
1158,Zhang-Gutierrez,Finance,Startup,USA,7/6/2022
1159,"Bryan, Miller and Jimenez",Media,Startup,Netherlands,12/6/2024
1160,Nelson-Wilson,Consulting,Large,Singapore,7/27/2024
1161,"Jones, Salinas and Coleman",Manufacturing,Large,South Africa,1/6/2023
1162,Cervantes and Sons,Consulting,Large,France,6/19/2023
1163,"Poole, Hall and Miller",Logistics,Large,UAE,6/19/2023
1164,"Brooks, Stone and Webb",Education,Medium,South Africa,2/3/2024
1165,Adams Ltd,Technology,Large,Australia,1/13/2025
1166,Larson-Robinson,Technology,Small,France,1/3/2024
1167,Hudson LLC,Media,Medium,Mexico,10/9/2024
1168,Conner-Lee,Education,Enterprise,UK,5/28/2023
1169,Carrillo Inc,Marketing,Startup,France,12/25/2023
1170,"Mayer, Davis and Cox",Healthcare,Small,Pakistan,4/21/2024
1171,"Craig, Kelley and Guerrero",Finance,Small,Mexico,7/17/2023
1172,"Smith, Beasley and Jenkins",Technology,Startup,Canada,12/23/2022
1173,"Schwartz, Lopez and Cooper",Retail,Startup,France,2/16/2026
1174,Harris PLC,Technology,Large,Australia,7/26/2023
1175,"Arellano, Ellis and Allison",Consulting,Enterprise,Singapore,4/27/2026
1176,"Taylor, Allen and Armstrong",Technology,Small,Pakistan,6/10/2026
1177,"Blackburn, Lopez and Sims",Technology,Startup,Pakistan,1/6/2025
1178,Shannon PLC,Healthcare,Startup,Netherlands,1/2/2024
1179,Cooper-Johnston,Healthcare,Large,France,10/16/2023
1180,Mccall-Gaines,Manufacturing,Small,UAE,2/19/2025
1181,Roberts-Hanson,Marketing,Small,Germany,6/26/2024
1182,"Floyd, Morris and Valdez",Retail,Small,Mexico,4/16/2024
1183,Zhang-Nixon,Technology,Small,UAE,9/21/2025
1184,"Hall, Miller and West",Technology,Small,Brazil,4/8/2025
1185,Myers LLC,Finance,Large,India,9/20/2024
1186,Reyes-Friedman,Healthcare,Medium,Australia,11/9/2025
1187,Schultz-Garcia,Retail,Medium,Germany,8/28/2023
1188,Williams-Sanford,Media,Small,Canada,10/6/2022
1189,Martin-Hammond,Manufacturing,Medium,Pakistan,8/29/2022
1190,Ewing-Fuller,Marketing,Medium,Australia,3/15/2024
1191,Schmidt-Griffith,Education,Startup,Mexico,6/12/2024
1192,Martin-Daniels,Marketing,Medium,Netherlands,11/9/2022
1193,"Scott, Dennis and Webb",Consulting,Small,UK,10/19/2024
1194,"King, Williams and Taylor",Technology,Large,India,1/18/2026
1195,"Martinez, Parker and Beck",Manufacturing,Small,Singapore,1/16/2025
1196,"Alexander, Sanchez and Wiley",Consulting,Enterprise,India,7/24/2023
1197,Brown Inc,Retail,Startup,Australia,8/30/2023
1198,Adams-Campbell,Education,Large,Canada,4/8/2023
1199,"Lewis, Doyle and Davis",Healthcare,Medium,Pakistan,11/26/2024
1200,Dunn-Garcia,Manufacturing,Large,USA,7/17/2025
1201,"Johnson, Erickson and Taylor",Manufacturing,Small,South Africa,9/23/2022
1202,"Herring, Davis and Padilla",Technology,Small,USA,1/24/2024
1203,Jones and Sons,Logistics,Large,Australia,1/20/2024
1204,Johnson-White,Manufacturing,Startup,France,9/24/2022
1205,Smith-Lester,Finance,Startup,UAE,12/14/2022
1206,Weaver-Rodgers,Education,Medium,South Africa,7/23/2023
1207,"Romero, Ward and Watson",Education,Small,Mexico,3/26/2023
1208,"Miller, Simpson and Perry",Finance,Small,India,2/28/2023
1209,"Howell, Floyd and Espinoza",Media,Small,Canada,1/21/2026
1210,"Parker, Torres and Sims",Finance,Small,South Africa,8/8/2025
1211,"Bennett, Sanders and Allen",Finance,Large,Mexico,2/2/2024
1212,Aguirre LLC,Education,Medium,India,6/21/2024
1213,Barrera-Boyd,Marketing,Large,Netherlands,6/22/2024
1214,Jackson and Sons,Education,Enterprise,UK,8/4/2023
1215,Rodriguez-Mack,Logistics,Small,USA,4/25/2024
1216,Adams-Rivers,Technology,Startup,Brazil,6/1/2024
1217,"Harding, Contreras and Dean",Consulting,Startup,Pakistan,1/16/2026
1218,Morgan PLC,Marketing,Small,Japan,12/14/2023
1219,Cantu-Alexander,Healthcare,Enterprise,Mexico,5/8/2023
1220,Rhodes LLC,Consulting,Small,UK,4/12/2025
1221,Payne PLC,Technology,Small,Brazil,6/17/2023
1222,Hernandez-Burke,Logistics,Small,Pakistan,3/2/2025
1223,Jones Ltd,Logistics,Medium,India,7/20/2025
1224,"Lewis, Singleton and Davis",Healthcare,Medium,Mexico,9/26/2022
1225,"Padilla, Vincent and Perez",Marketing,Startup,Netherlands,9/18/2024
1226,Joyce-Brown,Media,Enterprise,Canada,2/3/2024
1227,"Robinson, Owens and Woodward",Finance,Small,South Africa,12/30/2023
1228,"Stephens, Rose and Stafford",Marketing,Startup,Japan,1/5/2024
1229,Armstrong Inc,Media,Large,Japan,9/13/2023
1230,Harris Inc,Logistics,Startup,USA,10/11/2025
1231,"Sims, Gonzalez and Compton",Education,Enterprise,India,11/5/2024
1232,Peck-Costa,Technology,Enterprise,South Africa,7/5/2024
1233,Johnson Ltd,Healthcare,Medium,USA,7/9/2025
1234,Smith Group,Technology,Large,Australia,9/13/2024
1235,Mayer PLC,Retail,Small,South Africa,7/17/2022
1236,Perez-Boyer,Retail,Enterprise,Brazil,1/8/2026
1237,York and Sons,Marketing,Small,Singapore,4/24/2026
1238,Rush and Sons,Logistics,Medium,Brazil,12/9/2023
1239,Odonnell-Adkins,Logistics,Enterprise,Singapore,1/13/2023
1240,Smith Group,Finance,Enterprise,Pakistan,5/18/2025
1241,"Martinez, Russell and Cortez",Finance,Large,India,6/26/2025
1242,Mason PLC,Finance,Small,Germany,12/28/2022
1243,"Williams, Frederick and Garcia",Education,Enterprise,USA,7/13/2022
1244,Sanchez Ltd,Consulting,Medium,USA,2/5/2025
1245,"Clark, Cooper and Jordan",Manufacturing,Enterprise,Germany,5/12/2025
1246,Giles-Steele,Consulting,Medium,France,4/15/2023
1247,Scott-House,Technology,Small,Mexico,12/22/2025
1248,Beck-Gomez,Consulting,Small,India,12/22/2022
1249,"Williams, Smith and Miller",Education,Medium,Japan,7/27/2024
1250,Odom Ltd,Technology,Large,Germany,5/21/2023
1251,"Esparza, Young and Robertson",Consulting,Small,Singapore,6/29/2024
1252,"Wright, Lopez and Ellis",Education,Medium,Japan,8/20/2022
1253,"Kelly, Anderson and Baker",Manufacturing,Small,Mexico,1/19/2026
1254,Evans LLC,Consulting,Large,USA,9/10/2024
1255,Fleming Inc,Education,Small,Brazil,7/7/2023
1256,"Benson, Johnson and Lopez",Finance,Startup,Singapore,7/9/2025
1257,"Jones, Johnson and King",Logistics,Startup,India,12/7/2023
1258,Yates-Tate,Finance,Startup,Canada,5/18/2023
1259,Hamilton-Romero,Logistics,Small,South Africa,9/27/2022
1260,"Hull, Richardson and Valdez",Healthcare,Startup,Brazil,1/14/2026
1261,"Khan, Baxter and Miller",Healthcare,Startup,Canada,6/22/2025
1262,"English, Garcia and Mendoza",Healthcare,Enterprise,Pakistan,8/31/2025
1263,Carr-Hill,Manufacturing,Large,Mexico,1/10/2025
1264,Hall Inc,Finance,Small,Singapore,2/16/2026
1265,Black-Miller,Logistics,Enterprise,Singapore,6/3/2026
1266,Bell and Sons,Education,Startup,Singapore,11/10/2024
1267,Sanchez Ltd,Technology,Medium,France,8/29/2025
1268,Ryan Inc,Education,Medium,Singapore,11/25/2023
1269,Cooper-Zimmerman,Technology,Small,Canada,1/16/2026
1270,Smith PLC,Retail,Small,France,5/28/2025
1271,Avila and Sons,Education,Small,Pakistan,10/11/2023
1272,"Meyer, Russell and Smith",Consulting,Small,Australia,4/26/2026
1273,Maldonado LLC,Consulting,Medium,UK,1/29/2025
1274,Owen-Chen,Marketing,Startup,Pakistan,8/8/2024
1275,Welch-Hall,Finance,Startup,Netherlands,11/12/2025
1276,Jones-Pham,Technology,Startup,Japan,7/31/2024
1277,"Cervantes, Ferguson and Thomas",Technology,Small,UAE,7/4/2023
1278,Flores Inc,Finance,Small,France,11/26/2022
1279,Bentley Inc,Manufacturing,Startup,South Africa,4/6/2024
1280,Roberson and Sons,Marketing,Large,Canada,3/19/2026
1281,Carter Inc,Manufacturing,Small,Canada,7/11/2025
1282,"Howard, Todd and Taylor",Manufacturing,Startup,India,6/25/2023
1283,"Thompson, Wilson and Wolf",Manufacturing,Medium,USA,9/22/2022
1284,Martin LLC,Finance,Startup,Singapore,5/11/2024
1285,"Hall, Jones and Weber",Manufacturing,Medium,Mexico,10/14/2025
1286,"Gonzalez, Hill and Horton",Consulting,Medium,Canada,9/15/2025
1287,"Reyes, Andrews and Harrington",Healthcare,Startup,Singapore,5/29/2023
1288,Reid PLC,Retail,Startup,Germany,1/1/2023
1289,"Calderon, Henderson and Schultz",Technology,Small,USA,6/25/2024
1290,Pham and Sons,Technology,Startup,Germany,9/7/2023
1291,Wells-Mcgee,Retail,Startup,South Africa,9/21/2022
1292,Clay-White,Finance,Small,Mexico,2/18/2024
1293,Kim-Harrington,Education,Small,Brazil,9/11/2024
1294,"Rodgers, Powell and Wood",Finance,Small,South Africa,9/17/2023
1295,Stark Inc,Technology,Medium,Singapore,10/21/2025
1296,"Chambers, Bowman and Ball",Technology,Medium,Netherlands,11/3/2025
1297,Graham LLC,Retail,Startup,France,2/24/2023
1298,Johnson-Farley,Manufacturing,Startup,UAE,1/13/2025
1299,Wright Group,Finance,Large,USA,5/8/2025
1300,Ross Ltd,Logistics,Medium,Mexico,4/16/2023
1301,Brown Group,Retail,Large,France,12/28/2024
1302,"Ward, Kelly and Warren",Consulting,Small,Canada,1/4/2024
1303,Bennett Ltd,Technology,Medium,UAE,4/14/2024
1304,Rivera-Sullivan,Retail,Small,Australia,3/11/2024
1305,Munoz-Hopkins,Finance,Small,Canada,3/11/2023
1306,Hoffman and Sons,Technology,Small,Japan,4/27/2023
1307,Perez PLC,Education,Small,UK,8/1/2025
1308,"Barker, Gonzalez and Ryan",Retail,Startup,Japan,5/11/2024
1309,"Williams, Davidson and Richmond",Marketing,Small,Pakistan,9/20/2024
1310,"Mejia, Woods and Williams",Technology,Large,USA,9/26/2023
1311,"Jones, Oneill and Hamilton",Finance,Enterprise,Mexico,8/21/2023
1312,Fisher-Smith,Healthcare,Small,UK,3/14/2026
1313,Ramirez PLC,Logistics,Small,South Africa,11/24/2025
1314,"Clark, Brown and Love",Media,Startup,Singapore,3/11/2023
1315,Arnold-Pena,Manufacturing,Medium,USA,9/2/2022
1316,Spencer-White,Media,Small,Brazil,9/16/2023
1317,Holland-Martinez,Finance,Enterprise,Brazil,9/3/2024
1318,"Coleman, Warren and Kirk",Consulting,Small,Pakistan,11/8/2025
1319,"Moses, Hampton and Williams",Consulting,Small,USA,2/19/2023
1320,Dean Inc,Healthcare,Medium,South Africa,9/7/2024
1321,"Harris, Ray and Nelson",Manufacturing,Large,France,4/13/2025
1322,Garrett-Hicks,Marketing,Small,Germany,9/29/2022
1323,"Howe, Gonzalez and Martinez",Healthcare,Small,India,1/12/2024
1324,Rivas PLC,Media,Enterprise,Japan,1/19/2024
1325,"Perry, Miller and Tucker",Healthcare,Startup,France,7/16/2025
1326,Chen PLC,Media,Large,Pakistan,5/6/2025
1327,Perez-Jacobson,Technology,Startup,Mexico,5/29/2023
1328,Douglas LLC,Consulting,Large,Japan,3/16/2024
1329,Lane-Pierce,Technology,Medium,Brazil,5/6/2026
1330,Hall Ltd,Logistics,Small,USA,4/6/2024
1331,"Castillo, Thomas and Acosta",Manufacturing,Large,France,11/11/2022
1332,Hughes PLC,Marketing,Startup,Germany,6/22/2026
1333,"Browning, Taylor and Osborne",Media,Startup,UK,3/27/2023
1334,Johns-Crosby,Marketing,Medium,France,9/9/2022
1335,Gray and Sons,Media,Small,Singapore,5/16/2023
1336,Baker Group,Finance,Medium,Netherlands,2/1/2023
1337,"Douglas, Jones and Rivera",Healthcare,Startup,UK,1/12/2026
1338,Ewing-Jensen,Logistics,Startup,Pakistan,8/27/2023
1339,Miller LLC,Consulting,Startup,South Africa,12/19/2024
1340,Reyes-Hayden,Media,Startup,UK,6/9/2024
1341,"Hendricks, Wagner and Mccoy",Marketing,Small,USA,8/7/2025
1342,"Morales, Wiggins and Potts",Logistics,Large,UAE,2/13/2025
1343,"Hall, Ward and Wilson",Education,Enterprise,Netherlands,10/4/2022
1344,"Jensen, Maxwell and Bates",Education,Large,UAE,9/3/2023
1345,"Moore, Sanchez and Jennings",Technology,Startup,Australia,3/19/2026
1346,"Anderson, Robinson and Knight",Consulting,Small,Singapore,1/14/2026
1347,Macias and Sons,Finance,Startup,USA,12/14/2023
1348,Cunningham Inc,Marketing,Small,Pakistan,8/4/2023
1349,Chan PLC,Healthcare,Small,Canada,1/8/2024
1350,Simpson-Gonzalez,Healthcare,Startup,UAE,1/5/2025
1351,"Wallace, Young and Ray",Marketing,Startup,Japan,8/18/2024
1352,"Miller, Smith and Sherman",Manufacturing,Enterprise,Pakistan,3/26/2024
1353,Abbott-Larsen,Finance,Small,UK,2/3/2024
1354,Perry Inc,Logistics,Small,South Africa,1/24/2026
1355,Lane-Davis,Media,Startup,France,9/14/2025
1356,"Stanton, Ramos and Lopez",Manufacturing,Startup,UAE,11/29/2022
1357,"Martin, Everett and Lee",Media,Large,South Africa,10/9/2023
1358,Garcia-Marsh,Media,Startup,USA,12/27/2025
1359,"Goodman, Park and Mitchell",Manufacturing,Small,UAE,10/5/2022
1360,Long Inc,Technology,Startup,Netherlands,9/10/2023
1361,Garza Group,Education,Small,Germany,3/7/2026
1362,"Benson, Howell and Lopez",Media,Startup,Germany,8/11/2022
1363,Jackson-Zavala,Manufacturing,Large,Netherlands,9/18/2024
1364,"Allen, Sutton and Smith",Manufacturing,Large,Germany,12/10/2023
1365,Greene and Sons,Retail,Large,Singapore,7/21/2022
1366,Walters-Mcconnell,Technology,Small,Mexico,10/24/2023
1367,Diaz-Hunter,Consulting,Large,UAE,3/22/2026
1368,Pennington-Lopez,Retail,Small,Japan,1/10/2025
1369,Williams-Chandler,Retail,Small,Australia,6/28/2024
1370,Fleming Ltd,Marketing,Medium,Brazil,8/13/2022
1371,Mclean-Cunningham,Education,Startup,Pakistan,11/15/2024
1372,"Parsons, Ferrell and Blair",Manufacturing,Startup,Mexico,10/15/2022
1373,Hayes Ltd,Education,Medium,Japan,3/24/2025
1374,"Sandoval, Leach and Fitzgerald",Finance,Startup,Germany,7/22/2025
1375,Fox and Sons,Marketing,Medium,UK,4/2/2026
1376,Hernandez-Moore,Consulting,Small,Japan,7/8/2025
1377,Charles-Huynh,Education,Large,USA,12/19/2023
1378,Hurley-Moss,Healthcare,Enterprise,Singapore,1/22/2025
1379,Phillips Ltd,Media,Large,Netherlands,7/8/2022
1380,Johnson and Sons,Finance,Small,Netherlands,3/12/2024
1381,Jackson PLC,Technology,Startup,India,10/21/2022
1382,Salas-Rubio,Consulting,Small,Germany,10/20/2024
1383,Randall-Ryan,Finance,Startup,Japan,2/5/2026
1384,Burns Inc,Media,Startup,Pakistan,10/7/2022
1385,Smith-Riggs,Marketing,Medium,Japan,5/26/2026
1386,Green-Anderson,Media,Small,UK,8/13/2023
1387,Walker-Montoya,Retail,Enterprise,USA,5/17/2024
1388,"Torres, Bailey and Johnston",Media,Startup,France,10/8/2023
1389,"Lee, Reid and Henry",Retail,Small,Japan,9/12/2024
1390,Price-Barker,Marketing,Startup,Canada,10/26/2023
1391,Rivers-Frederick,Logistics,Enterprise,UK,12/7/2022
1392,Ross LLC,Retail,Large,Japan,7/5/2024
1393,Long Inc,Technology,Large,Australia,3/12/2024
1394,Hale LLC,Media,Enterprise,UK,11/30/2023
1395,"Campos, Smith and Coleman",Media,Small,UK,10/10/2023
1396,Miller-Murphy,Technology,Small,Mexico,2/12/2024
1397,Cox PLC,Healthcare,Small,Australia,12/6/2024
1398,Campbell-Vang,Manufacturing,Medium,France,2/8/2023
1399,Martin Group,Logistics,Small,Singapore,7/10/2024
1400,Johnson-Willis,Consulting,Small,UAE,2/7/2025
1401,Cortez-Davis,Retail,Enterprise,USA,8/19/2022
1402,Oneill-Jimenez,Technology,Enterprise,South Africa,7/10/2023
1403,"Cole, Adams and Medina",Marketing,Large,UK,8/11/2023
1404,Henson and Sons,Retail,Large,UK,6/23/2025
1405,"Cooper, Davis and Mccoy",Manufacturing,Medium,Brazil,4/4/2023
1406,Horton Group,Marketing,Startup,Australia,3/1/2026
1407,"Coleman, Miller and Lyons",Finance,Startup,Pakistan,11/30/2025
1408,Delgado-Murphy,Media,Medium,UK,10/13/2024
1409,Allen Ltd,Finance,Medium,UK,4/29/2023
1410,Stone and Sons,Retail,Startup,Australia,6/30/2023
1411,Garcia PLC,Manufacturing,Enterprise,Pakistan,7/10/2023
1412,Perez LLC,Logistics,Startup,Australia,3/30/2023
1413,Lewis LLC,Retail,Small,South Africa,3/11/2023
1414,Dominguez LLC,Technology,Medium,Mexico,12/9/2024
1415,Spencer-Waters,Education,Startup,Japan,2/14/2026
1416,"Tucker, Jacobs and Spence",Retail,Startup,Singapore,3/20/2023
1417,Hall PLC,Media,Small,UK,6/19/2026
1418,Murray-Davis,Media,Large,Germany,10/15/2023
1419,"Jackson, Chambers and Turner",Retail,Small,USA,1/21/2026
1420,Wolfe-Gonzalez,Marketing,Medium,South Africa,9/21/2022
1421,Mathis LLC,Education,Medium,Pakistan,3/21/2023
1422,Benson Group,Technology,Startup,Germany,10/21/2023
1423,"Bowen, Estes and Reynolds",Retail,Enterprise,Australia,7/11/2024
1424,"Brady, Miller and Henderson",Marketing,Startup,Brazil,1/24/2023
1425,Baker and Sons,Media,Enterprise,UK,11/24/2025
1426,Todd-Moore,Media,Small,Brazil,7/19/2022
1427,Obrien-Foster,Manufacturing,Enterprise,Mexico,5/29/2025
1428,Murphy-Smith,Retail,Startup,Brazil,1/12/2024
1429,Mcknight-Jones,Education,Small,Australia,12/21/2023
1430,Lyons PLC,Healthcare,Startup,Mexico,10/17/2024
1431,"Sanchez, Ward and Nguyen",Education,Startup,Brazil,5/23/2025
1432,Mills-Rodriguez,Media,Medium,UAE,12/25/2023
1433,"Murray, Nash and Jensen",Media,Startup,UAE,5/3/2024
1434,"Christensen, Griffith and Smith",Finance,Medium,Singapore,9/2/2023
1435,"White, Chavez and Merritt",Media,Startup,UK,11/22/2023
1436,"Hall, Mckinney and George",Technology,Small,UK,12/10/2023
1437,Lee PLC,Consulting,Large,Germany,6/19/2026
1438,"Thornton, Reyes and Pierce",Retail,Small,Mexico,5/2/2026
1439,"Schmidt, Weeks and Graves",Education,Medium,India,8/11/2023
1440,"Strickland, Johnson and Hodges",Consulting,Medium,UK,8/22/2025
1441,Butler-Hall,Marketing,Large,Singapore,2/14/2026
1442,Brown-Reynolds,Healthcare,Small,Pakistan,8/3/2023
1443,Moon-Mcguire,Technology,Medium,Brazil,12/29/2022
1444,Hampton-Harris,Education,Enterprise,Pakistan,5/23/2025
1445,Hernandez Inc,Consulting,Medium,Australia,12/6/2023
1446,Martin Ltd,Healthcare,Small,Germany,5/25/2026
1447,Barry-Williams,Finance,Medium,Brazil,10/17/2024
1448,Johnson-Dalton,Technology,Medium,Mexico,5/25/2023
1449,Martinez Group,Technology,Medium,Brazil,4/24/2024
1450,French-Durham,Finance,Startup,France,5/21/2024
1451,Hahn-Bryant,Retail,Startup,Mexico,1/25/2026
1452,"Johnson, Bell and Weiss",Finance,Large,Canada,7/18/2022
1453,Phillips-Taylor,Technology,Small,South Africa,8/17/2023
1454,Bonilla PLC,Technology,Medium,Australia,7/10/2024
1455,"Zamora, Thompson and Davis",Consulting,Small,UK,12/27/2024
1456,"Robinson, Ball and Watson",Media,Small,Netherlands,11/26/2023
1457,Ward-Grant,Healthcare,Startup,Australia,2/26/2026
1458,Perry-Williams,Finance,Startup,Mexico,3/30/2025
1459,Singh-Sims,Healthcare,Enterprise,France,5/30/2025
1460,Greer and Sons,Finance,Large,Japan,2/23/2024
1461,Kerr PLC,Marketing,Medium,Canada,7/25/2023
1462,"Morris, Young and Palmer",Technology,Small,Netherlands,9/26/2022
1463,"Harding, Campbell and Fields",Media,Medium,Mexico,12/25/2023
1464,Esparza-Peters,Consulting,Medium,South Africa,1/6/2023
1465,Ellis-Mccormick,Media,Medium,Japan,5/24/2024
1466,Cobb LLC,Media,Startup,France,8/24/2024
1467,Hansen LLC,Media,Medium,France,12/1/2023
1468,Kent-Smith,Healthcare,Large,Japan,6/14/2026
1469,Roy-Lopez,Finance,Enterprise,UAE,3/24/2024
1470,"Crawford, Wheeler and Stevens",Logistics,Startup,Brazil,6/4/2023
1471,Cardenas and Sons,Marketing,Medium,Pakistan,2/10/2026
1472,Barnes LLC,Education,Medium,Mexico,10/22/2025
1473,Castaneda and Sons,Media,Small,Mexico,9/6/2023
1474,Ramirez-Fry,Retail,Startup,India,4/9/2025
1475,Murphy-Edwards,Healthcare,Small,Netherlands,7/10/2023
1476,"Thomas, Fischer and Moss",Consulting,Small,Netherlands,4/26/2023
1477,"Morgan, Keller and Boyd",Education,Small,Mexico,11/8/2023
1478,Brown Inc,Logistics,Medium,South Africa,6/1/2025
1479,"Nichols, Wong and Cantrell",Retail,Medium,Netherlands,8/7/2022
1480,"Taylor, Barker and Wilson",Logistics,Medium,Japan,6/26/2024
1481,Roberts-Lopez,Education,Enterprise,UK,9/19/2023
1482,Duncan-Rodriguez,Media,Small,Singapore,4/23/2026
1483,Davis Inc,Retail,Startup,Germany,5/3/2025
1484,Sanders-Mcdonald,Logistics,Medium,Australia,1/18/2023
1485,"Norris, Wood and Jones",Consulting,Startup,UK,1/2/2024
1486,"Greene, Holt and Taylor",Finance,Small,Brazil,10/30/2024
1487,"Jones, Alexander and Gonzalez",Technology,Startup,UAE,3/29/2026
1488,Moore-Baker,Finance,Startup,Pakistan,7/26/2023
1489,Washington-Mercado,Education,Large,Australia,8/18/2023
1490,Martinez-Mann,Healthcare,Small,Germany,11/4/2022
1491,Graves-Benjamin,Technology,Small,India,7/8/2025
1492,Becker-Reynolds,Marketing,Startup,South Africa,1/30/2024
1493,Mendoza-Murray,Consulting,Medium,Netherlands,8/8/2023
1494,Todd PLC,Marketing,Small,Brazil,5/25/2023
1495,"Turner, Jones and Taylor",Retail,Medium,UK,12/29/2022
1496,Cox LLC,Technology,Small,Singapore,4/19/2025
1497,Herrera-Johnson,Marketing,Startup,Netherlands,5/16/2024
1498,"Oliver, Carroll and Howard",Marketing,Small,Pakistan,11/20/2025
1499,Warren-Diaz,Logistics,Startup,USA,2/22/2026
1500,Acosta Group,Finance,Small,UK,8/20/2024
1501,Gregory-Cruz,Logistics,Small,Brazil,3/13/2024
1502,Yoder PLC,Technology,Enterprise,France,5/1/2023
1503,Thomas and Sons,Technology,Startup,France,1/23/2026
1504,Estrada-Johnston,Education,Medium,Singapore,3/15/2023
1505,"Mccormick, Park and Barton",Logistics,Startup,Japan,10/13/2022
1506,Bentley-Ray,Manufacturing,Small,Canada,6/26/2023
1507,Huff-Diaz,Finance,Small,Singapore,1/2/2026
1508,Ford-Wells,Technology,Enterprise,Pakistan,5/2/2026
1509,"Vargas, Fletcher and Maldonado",Education,Startup,France,5/2/2025
1510,"Sanchez, Rodriguez and Smith",Logistics,Startup,India,7/1/2024
1511,"Gordon, Mann and Riddle",Finance,Small,Netherlands,4/16/2023
1512,Mitchell PLC,Logistics,Startup,India,12/11/2025
1513,"Molina, Jackson and Sellers",Marketing,Startup,Japan,8/23/2025
1514,Wood LLC,Education,Medium,France,7/2/2023
1515,Carroll-Martinez,Finance,Startup,Pakistan,11/5/2023
1516,Long PLC,Media,Startup,UAE,3/10/2024
1517,Montoya-Shelton,Retail,Medium,Germany,11/2/2024
1518,"Cox, Howard and Harmon",Retail,Small,Germany,1/24/2024
1519,"Webb, Smith and Bailey",Finance,Startup,Pakistan,1/7/2025
1520,Calderon Group,Logistics,Small,USA,2/18/2024
1521,Ellis Ltd,Education,Medium,Netherlands,9/4/2025
1522,"Miller, Carter and Booker",Retail,Small,Germany,1/14/2025
1523,Kim-Goodman,Education,Small,Australia,11/2/2023
1524,"Allen, White and Carter",Retail,Startup,South Africa,9/14/2023
1525,Young and Sons,Marketing,Medium,Germany,12/18/2025
1526,Smith-Brown,Logistics,Small,Australia,5/25/2023
1527,Zimmerman-Willis,Marketing,Medium,France,10/24/2025
1528,"Olson, Nguyen and Hanson",Retail,Large,Japan,11/12/2024
1529,Reynolds-Jackson,Media,Medium,UAE,10/17/2024
1530,Moody-Ramirez,Media,Small,Singapore,4/11/2023
1531,Daniel-Navarro,Marketing,Small,UAE,9/28/2025
1532,"Thomas, Allen and Clark",Media,Small,Germany,3/26/2024
1533,Mendoza-Hernandez,Retail,Startup,South Africa,1/8/2025
1534,Taylor-Ramsey,Finance,Startup,Japan,4/26/2026
1535,Ellis PLC,Marketing,Large,Germany,5/7/2023
1536,Hernandez Inc,Healthcare,Small,Mexico,6/26/2025
1537,Castillo Inc,Logistics,Small,Pakistan,9/13/2025
1538,"Collins, Smith and Marshall",Media,Medium,Singapore,4/9/2024
1539,Walker and Sons,Media,Medium,Netherlands,12/1/2023
1540,"Mendoza, Raymond and Acosta",Technology,Startup,Germany,2/21/2026
1541,Bruce Group,Manufacturing,Large,Canada,10/19/2024
1542,Smith PLC,Marketing,Startup,South Africa,12/28/2023
1543,"Luna, Williams and Garrett",Consulting,Medium,South Africa,6/29/2025
1544,Davis-Graves,Media,Large,Japan,9/4/2022
1545,Rangel LLC,Logistics,Medium,Netherlands,5/18/2023
1546,Hopkins-Humphrey,Healthcare,Medium,Canada,1/13/2023
1547,"Tucker, Hernandez and Charles",Media,Startup,USA,1/28/2023
1548,Thomas Group,Healthcare,Small,France,11/27/2024
1549,Garza Ltd,Retail,Medium,Netherlands,4/21/2024
1550,Santana-Collier,Retail,Small,Australia,2/25/2023
1551,Garcia-Ramirez,Manufacturing,Large,UAE,4/5/2023
1552,Caldwell Group,Finance,Small,France,3/4/2024
1553,Hoffman-Reeves,Consulting,Small,South Africa,10/29/2023
1554,Sosa-Perry,Technology,Small,Australia,11/26/2024
1555,"King, Stein and Brown",Manufacturing,Small,Australia,6/26/2026
1556,Jones LLC,Education,Medium,UK,7/24/2022
1557,Vasquez-Nunez,Technology,Medium,Mexico,8/25/2025
1558,Williams Inc,Marketing,Medium,Germany,8/25/2023
1559,Douglas Group,Logistics,Large,USA,11/22/2022
1560,Smith-Jones,Education,Large,Germany,8/4/2025
1561,"Johnson, Johnson and Villanueva",Education,Large,USA,3/12/2024
1562,"Mclean, Calderon and Copeland",Manufacturing,Startup,Netherlands,12/12/2024
1563,Green-Farrell,Finance,Medium,France,7/9/2025
1564,"Colon, Weber and Mills",Manufacturing,Startup,Brazil,9/20/2025
1565,Rogers-Salas,Marketing,Startup,Brazil,5/22/2025
1566,Salinas-Robertson,Media,Medium,Pakistan,12/28/2022
1567,"Walker, Wilkinson and Mullins",Media,Small,Pakistan,7/13/2025
1568,Stanton-Schmitt,Finance,Startup,France,2/1/2024
1569,"Torres, Spence and Castro",Marketing,Startup,Japan,2/3/2024
1570,"Long, Brooks and Miller",Finance,Startup,Singapore,7/5/2024
1571,White-Taylor,Healthcare,Enterprise,Canada,7/13/2024
1572,Reese Inc,Media,Startup,Mexico,2/25/2023
1573,Levy Inc,Education,Startup,Australia,2/8/2023
1574,Mcfarland Inc,Consulting,Small,USA,7/2/2024
1575,Waller-Allen,Logistics,Small,India,9/25/2025
1576,"Martinez, Gray and Schaefer",Marketing,Enterprise,Brazil,6/27/2024
1577,Miller Group,Technology,Startup,Germany,1/21/2026
1578,"Thomas, Powers and Baker",Finance,Small,France,9/26/2024
1579,Padilla-Roberts,Logistics,Medium,Australia,5/31/2026
1580,Stone Group,Technology,Enterprise,Brazil,2/11/2023
1581,"Hart, Thomas and Norris",Logistics,Medium,USA,12/16/2023
1582,Ellis-Thomas,Consulting,Large,UAE,9/18/2024
1583,Carroll Ltd,Technology,Startup,Singapore,11/26/2024
1584,Young-Johnston,Manufacturing,Small,Germany,1/29/2024
1585,Johnson-Grimes,Retail,Small,Pakistan,5/16/2026
1586,"Rojas, Smith and Manning",Manufacturing,Large,France,8/23/2024
1587,Johnston-Hart,Media,Startup,Brazil,9/15/2025
1588,Johnson-Bradley,Retail,Startup,Pakistan,10/5/2025
1589,"Foster, Hudson and Robinson",Manufacturing,Small,Netherlands,12/22/2022
1590,"Taylor, Morrow and Daniel",Retail,Startup,USA,11/22/2023
1591,Pearson PLC,Retail,Startup,Pakistan,10/31/2023
1592,Day Ltd,Education,Enterprise,Brazil,3/9/2025
1593,"Garcia, Freeman and Campbell",Finance,Small,South Africa,7/25/2025
1594,"Wright, Gutierrez and Erickson",Finance,Medium,Brazil,3/9/2026
1595,York LLC,Education,Medium,Germany,2/20/2026
1596,Buckley-Curtis,Logistics,Small,Canada,12/13/2025
1597,Martinez Ltd,Healthcare,Startup,Brazil,8/5/2023
1598,Wheeler-Daniels,Logistics,Startup,Australia,4/1/2024
1599,Pearson-Walker,Technology,Small,Canada,6/23/2025
1600,Hawkins Inc,Technology,Medium,France,12/20/2025
1601,"Harris, Robertson and Travis",Retail,Small,Canada,8/25/2023
1602,Gordon Inc,Manufacturing,Startup,UK,9/16/2022
1603,Hurst and Sons,Manufacturing,Small,Brazil,10/15/2025
1604,Rivas Inc,Finance,Enterprise,Australia,8/4/2024
1605,Abbott Inc,Marketing,Large,USA,3/8/2024
1606,"Wood, Green and Hunter",Logistics,Large,Australia,7/30/2024
1607,Lamb-Holland,Media,Large,UK,10/4/2024
1608,"Stephens, Lopez and Herrera",Consulting,Small,India,3/27/2024
1609,Cherry PLC,Manufacturing,Large,Canada,3/12/2023
1610,Stevens-Short,Consulting,Startup,Japan,4/9/2025
1611,Herrera-Wright,Retail,Medium,Australia,12/9/2022
1612,Turner-Barnes,Consulting,Medium,Pakistan,12/11/2025
1613,Anderson-Davis,Media,Startup,Netherlands,11/8/2025
1614,Wilson-Salinas,Education,Large,Netherlands,11/1/2025
1615,Richardson Ltd,Media,Enterprise,Netherlands,10/30/2024
1616,Huber and Sons,Consulting,Small,USA,5/11/2026
1617,Park-Ray,Media,Large,Brazil,9/18/2022
1618,Zhang-Walker,Healthcare,Startup,Brazil,1/28/2026
1619,Brown-Mcknight,Retail,Medium,South Africa,3/27/2026
1620,Sanders-Shaw,Logistics,Small,UAE,2/16/2023
1621,Sanchez Group,Education,Small,France,5/15/2026
1622,Dougherty-Copeland,Manufacturing,Enterprise,France,12/10/2024
1623,"Wu, Willis and Fisher",Technology,Large,South Africa,2/9/2023
1624,Davis-Eaton,Logistics,Large,Mexico,12/12/2025
1625,Edwards PLC,Technology,Small,France,12/27/2025
1626,Reyes PLC,Retail,Enterprise,Australia,10/18/2023
1627,"Wallace, Hall and Ibarra",Education,Startup,Canada,6/11/2023
1628,"Pitts, Marks and Stewart",Finance,Large,Australia,1/3/2024
1629,Nelson PLC,Manufacturing,Small,Japan,8/7/2024
1630,Johnson-Singleton,Healthcare,Startup,Brazil,2/9/2024
1631,Wright Group,Finance,Medium,Germany,7/1/2022
1632,"Smith, Johnston and Jacobson",Retail,Startup,Pakistan,1/30/2024
1633,"Lewis, Morris and Gonzales",Logistics,Startup,South Africa,10/21/2025
1634,Walker-Kim,Healthcare,Small,Brazil,6/6/2026
1635,Turner-Bell,Media,Startup,UAE,2/23/2025
1636,Barry-French,Consulting,Startup,UAE,6/19/2023
1637,Paul-Castillo,Healthcare,Startup,Pakistan,9/1/2025
1638,Aguilar-Davis,Retail,Small,UK,12/28/2023
1639,Smith Ltd,Marketing,Startup,Singapore,11/25/2022
1640,Garcia Group,Consulting,Medium,Brazil,6/23/2026
1641,"Hebert, Sanchez and Vaughn",Technology,Startup,Brazil,10/28/2022
1642,Macdonald-Montes,Manufacturing,Enterprise,Germany,10/20/2025
1643,"Sanders, Bartlett and Hall",Technology,Large,USA,7/20/2022
1644,Rocha-Lopez,Healthcare,Small,UAE,1/16/2025
1645,Stanley LLC,Technology,Large,France,3/1/2023
1646,Bowen Ltd,Retail,Large,Australia,1/31/2023
1647,Johnston-Allen,Media,Enterprise,UK,6/12/2026
1648,Evans-White,Logistics,Medium,Brazil,10/6/2023
1649,"Wallace, Fisher and Irwin",Manufacturing,Startup,Singapore,10/24/2024
1650,Gregory-Powers,Technology,Medium,Pakistan,6/2/2026
1651,"Sandoval, Fields and Williams",Technology,Medium,Netherlands,8/1/2022
1652,Gardner-Wright,Healthcare,Medium,India,3/30/2025
1653,Ayala-Frederick,Logistics,Small,USA,6/29/2024
1654,David Inc,Finance,Large,Singapore,3/30/2024
1655,Cox-Ross,Technology,Enterprise,Mexico,7/31/2022
1656,Anderson Ltd,Retail,Startup,France,9/13/2022
1657,"Mejia, Nguyen and Crosby",Marketing,Startup,Singapore,11/13/2024
1658,"Brown, Russell and Nixon",Manufacturing,Startup,UAE,9/22/2022
1659,Wallace Ltd,Technology,Large,Mexico,3/20/2026
1660,Rogers Ltd,Retail,Medium,Brazil,4/2/2026
1661,Andrews and Sons,Retail,Medium,Mexico,4/30/2024
1662,Evans Ltd,Manufacturing,Small,Australia,10/27/2023
1663,"Walker, Roth and Hickman",Finance,Medium,Pakistan,8/14/2025
1664,Wilson Group,Retail,Small,Singapore,8/17/2022
1665,Brown-Jenkins,Marketing,Small,USA,11/2/2025
1666,Ford-Singleton,Retail,Large,Singapore,3/16/2023
1667,Davis-Patrick,Retail,Enterprise,Brazil,6/2/2023
1668,"Smith, Johnson and Rodriguez",Retail,Enterprise,India,9/13/2023
1669,"Cohen, Blanchard and Jordan",Media,Enterprise,UK,1/1/2024
1670,Roberts-Smith,Media,Small,UAE,11/27/2024
1671,"Bridges, Hammond and White",Finance,Small,Australia,11/12/2025
1672,Hernandez Ltd,Technology,Medium,France,3/16/2023
1673,Boyd-Gonzalez,Retail,Enterprise,Pakistan,6/27/2022
1674,"Sanchez, Oconnor and Martinez",Logistics,Startup,Pakistan,12/7/2023
1675,Anderson-Murray,Technology,Small,Mexico,6/12/2024
1676,Olson-Tran,Finance,Startup,Mexico,9/3/2022
1677,"Erickson, Estrada and Aguirre",Education,Medium,UK,9/24/2022
1678,Holmes-Bailey,Technology,Small,Canada,10/15/2025
1679,Lee-James,Technology,Small,Netherlands,7/23/2024
1680,"Mitchell, Arnold and Romero",Consulting,Startup,Canada,8/21/2022
1681,"Davila, Nelson and Jordan",Healthcare,Small,Japan,3/2/2024
1682,"Young, Scott and Moss",Consulting,Large,France,3/8/2026
1683,"Brown, Rosario and Jones",Marketing,Startup,Singapore,8/8/2025
1684,Combs-Montes,Media,Medium,Mexico,7/30/2025
1685,"Welch, Richards and Elliott",Media,Medium,India,2/25/2023
1686,"Erickson, Fields and Carpenter",Healthcare,Large,Pakistan,2/10/2024
1687,Sullivan-Warner,Manufacturing,Startup,Singapore,3/3/2024
1688,Rodriguez PLC,Manufacturing,Enterprise,Netherlands,10/17/2025
1689,Tyler-Moore,Finance,Medium,Pakistan,1/30/2024
1690,"Rodriguez, Silva and Jefferson",Healthcare,Enterprise,South Africa,7/24/2024
1691,Burke-Chapman,Technology,Enterprise,Mexico,5/11/2026
1692,Sellers-Salazar,Manufacturing,Startup,Pakistan,12/15/2024
1693,Atkins-Thompson,Retail,Startup,Netherlands,6/6/2026
1694,"Bauer, Hester and Williams",Logistics,Small,Singapore,7/11/2023
1695,"Giles, Boyer and Adams",Technology,Small,Mexico,1/28/2025
1696,David-Martin,Marketing,Startup,Brazil,11/9/2022
1697,Sanders-Copeland,Retail,Startup,UK,3/6/2026
1698,Morris-Lopez,Retail,Small,Japan,2/8/2023
1699,Vasquez-May,Healthcare,Startup,Brazil,11/14/2024
1700,Phillips-Anderson,Finance,Startup,Canada,12/1/2024
1701,Hays LLC,Marketing,Small,South Africa,7/20/2024
1702,Johnson and Sons,Manufacturing,Startup,Germany,3/20/2025
1703,Thompson-Anderson,Healthcare,Small,Netherlands,1/9/2024
1704,Miller-Thomas,Manufacturing,Small,USA,4/6/2025
1705,Roach Inc,Healthcare,Small,UK,6/18/2026
1706,Norris PLC,Healthcare,Large,Brazil,12/24/2022
1707,Newman and Sons,Healthcare,Small,UAE,6/13/2024
1708,Osborn Ltd,Finance,Small,India,9/22/2025
1709,"Krueger, Martin and Miller",Healthcare,Small,India,9/12/2023
1710,"Ortiz, Spencer and Hines",Education,Large,USA,9/1/2022
1711,Thompson Ltd,Logistics,Large,India,9/2/2022
1712,Bates and Sons,Manufacturing,Large,Singapore,9/27/2024
1713,Rivera-Dorsey,Technology,Medium,India,8/15/2024
1714,Huff LLC,Consulting,Startup,Germany,9/2/2024
1715,Woodward LLC,Marketing,Small,India,6/9/2025
1716,Wright LLC,Media,Startup,Pakistan,4/7/2026
1717,Dennis PLC,Finance,Enterprise,UK,12/1/2025
1718,Sanchez Inc,Technology,Medium,South Africa,10/11/2023
1719,Santiago PLC,Retail,Medium,Singapore,3/30/2026
1720,Short-Lopez,Education,Small,Canada,4/20/2024
1721,"Allen, Jones and Ortiz",Media,Large,India,3/9/2024
1722,Ayala-Kelly,Consulting,Small,France,6/17/2026
1723,Marquez-English,Technology,Startup,France,11/29/2025
1724,Underwood Ltd,Media,Small,Japan,7/23/2024
1725,Roberts PLC,Technology,Medium,France,2/16/2024
1726,"Gomez, Martinez and Mason",Education,Small,Netherlands,5/24/2025
1727,"Benjamin, Green and Leon",Consulting,Large,India,1/26/2025
1728,"Harris, Pearson and Williams",Retail,Startup,UAE,12/31/2022
1729,"Wood, Li and Williams",Healthcare,Medium,Brazil,8/14/2022
1730,Allen Group,Manufacturing,Small,Pakistan,5/25/2023
1731,Anderson Inc,Retail,Small,Australia,2/19/2025
1732,"Moran, Flores and Garrett",Healthcare,Large,India,7/10/2023
1733,Contreras Ltd,Finance,Large,UAE,10/9/2024
1734,Fernandez Group,Logistics,Medium,Japan,3/25/2026
1735,Thompson-Gutierrez,Marketing,Large,Brazil,11/20/2022
1736,Chen Ltd,Marketing,Medium,Australia,3/28/2023
1737,Todd PLC,Manufacturing,Startup,USA,9/14/2022
1738,Schmidt Group,Consulting,Medium,Germany,4/10/2024
1739,Charles-Brooks,Education,Small,Pakistan,4/22/2025
1740,"Ward, Petty and Jones",Consulting,Startup,India,8/4/2025
1741,Hart-Curtis,Education,Startup,UK,5/2/2023
1742,Lawrence and Sons,Consulting,Medium,Singapore,7/28/2023
1743,Davila-Smith,Logistics,Medium,UK,11/16/2023
1744,Martinez PLC,Finance,Startup,Brazil,5/21/2026
1745,Hunt-Mayer,Finance,Medium,UK,11/12/2023
1746,Curry-Perry,Healthcare,Enterprise,Mexico,12/7/2024
1747,"Nelson, Murphy and Gibbs",Media,Startup,Netherlands,9/24/2025
1748,Myers-Bell,Finance,Startup,USA,9/15/2025
1749,"Wood, Thompson and Salinas",Finance,Large,Netherlands,5/28/2023
1750,Ortega Group,Retail,Small,Singapore,12/8/2022
1751,Jackson-Freeman,Retail,Medium,USA,3/21/2023
1752,"Mcguire, Jimenez and Day",Healthcare,Startup,Australia,12/4/2024
1753,Richards-Parker,Media,Small,Japan,3/11/2026
1754,Wright-Chaney,Manufacturing,Medium,Japan,4/13/2023
1755,Potts-Malone,Retail,Medium,USA,9/9/2024
1756,Perry LLC,Manufacturing,Large,France,10/17/2023
1757,Davis Group,Technology,Large,Germany,11/29/2025
1758,"Brown, Park and Gaines",Retail,Large,France,11/8/2024
1759,Ruiz PLC,Logistics,Medium,India,12/1/2025
1760,"Garcia, Walker and Jarvis",Media,Startup,Australia,5/27/2023
1761,Pierce and Sons,Healthcare,Small,Mexico,5/25/2025
1762,Velasquez PLC,Technology,Startup,UAE,12/10/2023
1763,Olson-Hernandez,Media,Large,Australia,8/20/2025
1764,Ramirez Group,Logistics,Small,UAE,2/22/2024
1765,Gonzalez-Melton,Media,Medium,Germany,6/19/2025
1766,Oliver-Snow,Logistics,Small,USA,10/7/2025
1767,Spence Ltd,Logistics,Large,USA,5/21/2025
1768,Carpenter Inc,Manufacturing,Large,Singapore,9/9/2023
1769,Keller-Le,Consulting,Small,India,3/28/2025
1770,Ortiz Group,Technology,Large,South Africa,10/9/2022
1771,Torres-Oneill,Media,Small,South Africa,4/23/2026
1772,Turner-Marsh,Education,Small,South Africa,4/24/2023
1773,Ware-Russell,Technology,Large,UK,6/4/2024
1774,Pena Ltd,Consulting,Small,Canada,12/9/2025
1775,Anderson-Suarez,Technology,Enterprise,Japan,1/30/2023
1776,Simpson-Carpenter,Finance,Startup,Australia,2/26/2023
1777,Dudley PLC,Education,Startup,Australia,10/6/2022
1778,Reyes-Charles,Consulting,Enterprise,South Africa,9/25/2024
1779,Adams Inc,Manufacturing,Startup,India,12/27/2025
1780,"Guzman, Smith and Vasquez",Media,Enterprise,France,9/11/2022
1781,"Burgess, Cruz and Soto",Marketing,Enterprise,Pakistan,8/15/2023
1782,"Bailey, Kemp and Thomas",Consulting,Startup,India,12/20/2025
1783,Brown PLC,Healthcare,Small,Canada,8/10/2024
1784,Rodriguez PLC,Media,Startup,Netherlands,6/14/2023
1785,Chavez LLC,Consulting,Small,USA,9/19/2025
1786,Brown PLC,Finance,Startup,South Africa,1/27/2026
1787,Solomon-Martin,Marketing,Startup,Japan,10/27/2022
1788,Miller Group,Finance,Small,UAE,7/18/2024
1789,Henry Ltd,Marketing,Small,France,11/23/2024
1790,George-Coleman,Healthcare,Enterprise,Mexico,11/2/2025
1791,"Ortega, Ford and Collins",Media,Large,Brazil,3/31/2023
1792,Moore PLC,Manufacturing,Medium,France,8/5/2025
1793,"Holland, Warren and Cook",Finance,Small,Mexico,9/22/2024
1794,Marshall PLC,Finance,Large,Singapore,1/2/2025
1795,Hampton-Contreras,Logistics,Small,Germany,5/20/2025
1796,"Anderson, Day and Thomas",Marketing,Medium,Canada,7/16/2025
1797,"Mcclain, Ballard and Miles",Retail,Enterprise,France,11/12/2025
1798,"Barnes, Crawford and Coleman",Media,Small,Canada,9/15/2024
1799,Martin-Olson,Marketing,Medium,Mexico,9/18/2025
1800,Williams-Hill,Logistics,Large,India,4/22/2025
1801,Manning Inc,Technology,Enterprise,Brazil,10/30/2022
1802,"Ward, Rhodes and Savage",Marketing,Medium,UAE,10/5/2024
1803,"Allen, Burns and Patton",Manufacturing,Small,UAE,4/22/2024
1804,Smith-Yoder,Media,Small,Brazil,9/27/2023
1805,"Jackson, Mccall and Huffman",Logistics,Startup,Australia,10/7/2023
1806,Wilson Group,Technology,Large,USA,9/20/2024
1807,Mooney Inc,Education,Startup,South Africa,3/14/2026
1808,Harris and Sons,Logistics,Large,Australia,3/8/2026
1809,"Mata, Johnson and Howard",Education,Startup,France,5/2/2025
1810,Schmitt Group,Media,Startup,Germany,4/19/2024
1811,Mcneil Group,Finance,Small,Mexico,10/13/2025
1812,"Daniels, Allen and Oneill",Logistics,Medium,Australia,12/12/2022
1813,"Smith, Johnson and Armstrong",Healthcare,Startup,Australia,3/29/2024
1814,Stephens Inc,Education,Small,Japan,12/18/2025
1815,"Thomas, Moore and Lopez",Manufacturing,Small,Australia,1/3/2026
1816,"Hayes, Gibbs and Mendez",Healthcare,Startup,Canada,7/8/2022
1817,Roman-Daugherty,Consulting,Startup,Netherlands,7/8/2022
1818,Bernard-Hoffman,Consulting,Large,Japan,9/30/2023
1819,Wilson Inc,Technology,Small,India,4/24/2023
1820,"Daniel, Martin and Barker",Finance,Startup,Japan,7/31/2023
1821,Davis-Singleton,Media,Large,Germany,3/29/2023
1822,Stone-Rios,Logistics,Enterprise,South Africa,10/22/2023
1823,"Ortega, Murphy and Stephens",Retail,Medium,Netherlands,7/6/2023
1824,"Pratt, Hughes and Rivera",Manufacturing,Small,Mexico,10/19/2024
1825,"Harris, Nicholson and Hernandez",Education,Large,UAE,8/3/2024
1826,"Lopez, Boyd and Mckinney",Media,Enterprise,Singapore,6/15/2026
1827,Martin-Byrd,Healthcare,Large,Canada,10/15/2023
1828,Davis-Allen,Consulting,Small,France,7/3/2025
1829,Pope Group,Manufacturing,Medium,Japan,7/19/2022
1830,Parker Ltd,Retail,Medium,Germany,7/6/2025
1831,Anderson-Miller,Logistics,Startup,UAE,3/9/2025
1832,Lopez-Wright,Technology,Small,Germany,5/26/2024
1833,Jefferson-Kline,Retail,Large,Pakistan,2/1/2026
1834,Morrison and Sons,Manufacturing,Medium,Pakistan,3/23/2023
1835,Miller-Smith,Retail,Small,Australia,6/21/2025
1836,Moss-Rogers,Manufacturing,Medium,Australia,3/6/2026
1837,Cox LLC,Manufacturing,Startup,Brazil,11/23/2025
1838,"Graham, Mcclain and Mccall",Marketing,Small,Pakistan,10/25/2025
1839,Blair-Carey,Education,Large,Mexico,11/8/2023
1840,Raymond-Jenkins,Consulting,Startup,South Africa,3/21/2025
1841,Lewis Inc,Marketing,Startup,Mexico,4/30/2024
1842,Wiggins Ltd,Logistics,Enterprise,Singapore,4/28/2025
1843,Walls PLC,Marketing,Startup,UAE,2/18/2026
1844,"Jenkins, Mejia and Scott",Finance,Small,Netherlands,7/15/2024
1845,Adams-Wood,Finance,Enterprise,France,2/1/2023
1846,Miller-Fry,Consulting,Medium,Brazil,4/1/2026
1847,Johnson-Brown,Retail,Medium,USA,3/30/2025
1848,"Brown, Campbell and Simpson",Education,Large,USA,2/19/2026
1849,Perry Ltd,Consulting,Startup,Netherlands,2/9/2024
1850,Hughes Inc,Manufacturing,Medium,Canada,3/30/2025
1851,Conner PLC,Healthcare,Small,Singapore,9/17/2025
1852,"Harrington, Adams and Marks",Education,Large,Singapore,7/21/2024
1853,Sanchez-Taylor,Education,Small,France,10/15/2025
1854,Hicks LLC,Manufacturing,Medium,Germany,6/10/2026
1855,"Jennings, Lewis and Rodriguez",Manufacturing,Small,USA,8/7/2025
1856,Arnold Inc,Technology,Small,Germany,10/18/2024
1857,Jackson-Robinson,Consulting,Large,Germany,2/25/2023
1858,Osborne Group,Manufacturing,Medium,Singapore,11/27/2024
1859,"Brown, Ross and Livingston",Finance,Medium,Germany,3/5/2026
1860,"Alvarado, Murphy and Brown",Logistics,Small,USA,7/23/2024
1861,Glenn Ltd,Healthcare,Small,UAE,5/3/2026
1862,"Shepherd, Hampton and Gallagher",Consulting,Medium,Japan,9/9/2025
1863,Baxter Ltd,Media,Large,UK,9/29/2023
1864,Turner PLC,Finance,Medium,South Africa,1/4/2024
1865,"Stewart, Oneill and Moore",Retail,Enterprise,Germany,7/4/2022
1866,Webster-Reyes,Manufacturing,Large,France,4/5/2024
1867,"Hernandez, Hayes and Wood",Media,Medium,South Africa,12/24/2022
1868,"Adams, Perez and Curtis",Manufacturing,Medium,South Africa,9/3/2025
1869,Warren Ltd,Education,Enterprise,India,12/1/2022
1870,Powell-Martinez,Finance,Medium,Australia,6/5/2023
1871,"Villanueva, Graves and Bradley",Education,Large,France,4/25/2024
1872,"Logan, Torres and Bradley",Technology,Medium,Pakistan,5/11/2026
1873,Kelly-Davis,Education,Medium,Japan,10/1/2025
1874,Morgan Group,Technology,Startup,USA,10/9/2025
1875,"Moses, Brown and Marquez",Technology,Small,India,3/2/2026
1876,Cox-Herring,Media,Enterprise,Mexico,10/23/2023
1877,"Sanders, Hess and Curtis",Manufacturing,Medium,Australia,2/28/2026
1878,Frazier-Williams,Retail,Medium,Brazil,4/4/2026
1879,Boyd PLC,Education,Enterprise,France,5/6/2026
1880,Thomas Inc,Finance,Medium,India,10/1/2025
1881,Tapia Group,Technology,Small,UK,6/8/2024
1882,Sanchez-Mason,Manufacturing,Large,USA,9/1/2025
1883,Murphy Group,Healthcare,Medium,UAE,5/9/2026
1884,"Wilson, Harmon and Perez",Consulting,Startup,Canada,11/14/2024
1885,"May, Howard and Meyer",Media,Small,South Africa,1/19/2025
1886,Vincent and Sons,Retail,Small,Singapore,2/16/2026
1887,Mitchell-Paul,Marketing,Small,Netherlands,3/31/2025
1888,Nicholson-Davis,Media,Small,UK,6/12/2024
1889,Johnson-Harmon,Healthcare,Small,Pakistan,7/9/2025
1890,Baldwin Inc,Consulting,Startup,Mexico,8/9/2022
1891,"Gonzalez, Williams and Hall",Healthcare,Small,Singapore,2/25/2024
1892,"Bishop, Arellano and Love",Education,Startup,UAE,9/21/2022
1893,"Tran, Brown and Joyce",Technology,Medium,South Africa,11/17/2025
1894,"Dunlap, Fischer and Tyler",Retail,Large,UK,4/29/2023
1895,Hamilton-Higgins,Logistics,Medium,Australia,10/7/2025
1896,Smith-Hardin,Technology,Small,India,8/5/2024
1897,Singleton-Patel,Logistics,Startup,Netherlands,9/19/2023
1898,"Jones, Ward and Hernandez",Consulting,Startup,USA,12/19/2023
1899,Perez-Ray,Manufacturing,Small,Japan,6/25/2025
1900,"Ryan, Pearson and Martinez",Marketing,Startup,India,3/17/2024
1901,Daniels-Wilson,Finance,Small,Germany,6/6/2023
1902,"Graves, Adkins and Long",Technology,Startup,France,3/30/2024
1903,Davis-Wells,Retail,Large,Pakistan,10/6/2022
1904,"Rodriguez, Wagner and Green",Healthcare,Small,Germany,6/2/2023
1905,Webb-Maynard,Retail,Startup,Netherlands,6/14/2023
1906,Smith Ltd,Consulting,Large,Germany,10/27/2025
1907,Conrad-Gonzalez,Logistics,Small,Pakistan,2/28/2026
1908,"Bridges, Casey and Short",Healthcare,Startup,Netherlands,9/26/2025
1909,Gamble-Johnson,Finance,Medium,France,6/27/2025
1910,Winters-Galvan,Finance,Medium,South Africa,12/22/2023
1911,"Bryant, Ballard and Zimmerman",Technology,Medium,Australia,7/26/2023
1912,"Mendez, Alexander and Chavez",Consulting,Startup,Mexico,8/22/2022
1913,"Harrison, Jones and Ford",Manufacturing,Small,Brazil,12/20/2022
1914,"Faulkner, Baker and Bell",Consulting,Small,Japan,11/7/2024
1915,Wu LLC,Logistics,Startup,France,7/4/2022
1916,Johnson LLC,Retail,Large,USA,6/1/2024
1917,Ramsey PLC,Finance,Medium,India,4/3/2026
1918,"Pruitt, Hill and Ayala",Retail,Small,Australia,10/2/2023
1919,Barnes-Porter,Retail,Medium,Canada,12/9/2023
1920,"Chapman, Bass and Randolph",Retail,Startup,Brazil,1/29/2023
1921,"Flowers, Lutz and Thompson",Finance,Large,India,4/2/2024
1922,"Sellers, Holmes and Holland",Media,Startup,Australia,8/16/2025
1923,Hart-Jones,Education,Startup,France,4/27/2026
1924,Williams Inc,Logistics,Small,Pakistan,4/30/2023
1925,"Phillips, Johnson and Cunningham",Media,Medium,France,12/6/2025
1926,"Thomas, Herrera and Ross",Logistics,Medium,Brazil,7/8/2023
1927,Schultz and Sons,Healthcare,Startup,Canada,1/4/2025
1928,Butler-Gomez,Consulting,Small,Australia,6/8/2023
1929,Gates PLC,Consulting,Small,Japan,1/17/2025
1930,"Lopez, Escobar and Roman",Marketing,Startup,Mexico,9/23/2023
1931,Vega-Avila,Consulting,Large,USA,4/10/2024
1932,"Wilson, Brown and Cross",Finance,Startup,France,1/28/2023
1933,Hull LLC,Manufacturing,Small,Japan,2/5/2026
1934,Reeves-Skinner,Technology,Medium,Australia,7/27/2025
1935,Long LLC,Marketing,Small,Netherlands,2/7/2025
1936,"Stone, Hill and Dodson",Technology,Medium,India,4/12/2023
1937,Mathews-Orr,Logistics,Large,Japan,11/7/2024
1938,"Delgado, Andrews and Mitchell",Technology,Startup,Canada,9/29/2024
1939,Webster LLC,Technology,Enterprise,USA,1/25/2026
1940,Walker Group,Marketing,Medium,Australia,10/2/2023
1941,Marsh Ltd,Healthcare,Small,UK,5/3/2025
1942,Figueroa-Morales,Retail,Small,France,4/4/2025
1943,"Rojas, Sweeney and Torres",Consulting,Small,Mexico,2/11/2026
1944,Weiss-Mcdaniel,Consulting,Medium,Netherlands,10/26/2024
1945,Ritter-Martin,Finance,Large,Brazil,7/28/2024
1946,"Delgado, Johnson and Yang",Marketing,Large,South Africa,11/6/2024
1947,Taylor-Young,Finance,Enterprise,Netherlands,3/26/2025
1948,"Smith, Phillips and Schmidt",Manufacturing,Large,Canada,11/18/2022
1949,Bonilla Ltd,Manufacturing,Medium,Netherlands,5/27/2026
1950,Palmer-Adams,Finance,Small,USA,12/20/2023
1951,Williams Group,Marketing,Small,USA,9/13/2025
1952,Williams Ltd,Finance,Startup,South Africa,9/8/2022
1953,Nunez PLC,Consulting,Medium,Brazil,4/20/2026
1954,Coffey PLC,Media,Small,Germany,12/30/2022
1955,Diaz-Huerta,Education,Startup,Singapore,9/30/2022
1956,"Smith, Cruz and Barnes",Technology,Startup,South Africa,7/1/2024
1957,Hopkins-Jones,Education,Small,Canada,6/25/2025
1958,Roberts PLC,Marketing,Medium,USA,10/25/2022
1959,"Miller, Miller and Duarte",Education,Small,Australia,3/14/2025
1960,"Jones, Powell and Glenn",Manufacturing,Medium,Japan,12/5/2024
1961,Newton-Schultz,Logistics,Small,Germany,10/26/2022
1962,Lynch-Clayton,Technology,Medium,Singapore,10/13/2023
1963,Green Inc,Retail,Startup,South Africa,1/26/2025
1964,Gonzalez Ltd,Marketing,Startup,Mexico,8/24/2025
1965,"Chandler, Melton and Black",Technology,Medium,Netherlands,7/27/2025
1966,Robinson-Young,Education,Small,India,4/1/2024
1967,"Reyes, Burns and Lewis",Manufacturing,Startup,Brazil,9/12/2025
1968,Barton PLC,Healthcare,Small,Australia,6/4/2026
1969,Howard and Sons,Media,Startup,France,3/24/2024
1970,"Baker, Jenkins and Booker",Retail,Small,Singapore,5/13/2025
1971,"Rodriguez, Thompson and Miller",Media,Small,Mexico,6/26/2025
1972,"Salazar, Lopez and Hamilton",Technology,Medium,South Africa,2/2/2024
1973,Flowers PLC,Manufacturing,Large,Mexico,7/14/2025
1974,Castro and Sons,Manufacturing,Small,Mexico,5/20/2025
1975,"Lawrence, Chandler and Duncan",Education,Enterprise,Mexico,3/20/2024
1976,Harris PLC,Consulting,Small,Canada,2/19/2025
1977,"Barrett, Ingram and Mckay",Education,Medium,France,3/13/2023
1978,Wilson-West,Consulting,Medium,UAE,7/20/2022
1979,Johns-West,Consulting,Medium,UAE,10/6/2024
1980,Hoffman Inc,Retail,Small,Canada,6/16/2023
1981,Ali-Wilson,Education,Small,India,1/2/2026
1982,Harris Inc,Healthcare,Startup,Singapore,9/9/2022
1983,Thomas-Solomon,Finance,Startup,Japan,7/15/2025
1984,Evans-Christensen,Finance,Small,Germany,7/23/2022
1985,Taylor Ltd,Education,Small,South Africa,4/15/2026
1986,"Evans, Harvey and Trujillo",Education,Small,South Africa,7/23/2022
1987,Parker-Martin,Media,Startup,UK,8/8/2025
1988,Klein LLC,Retail,Medium,Brazil,7/23/2023
1989,Fuentes PLC,Education,Large,USA,6/27/2023
1990,Garcia-Gomez,Media,Enterprise,UK,3/15/2023
1991,Porter LLC,Consulting,Small,Brazil,8/4/2024
1992,"Thompson, King and Higgins",Manufacturing,Medium,UAE,4/2/2025
1993,"Duncan, Bowen and Bennett",Manufacturing,Large,Japan,7/4/2024
1994,Allen PLC,Consulting,Small,Netherlands,12/18/2023
1995,Thomas Inc,Marketing,Small,UAE,9/30/2023
1996,"Barnes, Ross and Johnson",Media,Enterprise,India,5/3/2026
1997,"Hughes, Rodriguez and Ingram",Media,Small,UK,9/27/2023
1998,Avila Inc,Consulting,Small,South Africa,12/28/2025
1999,Orr and Sons,Healthcare,Startup,UK,10/12/2024
2000,"Hudson, Grant and Mcintyre",Logistics,Startup,Germany,1/22/2024
2001,Smith-Keller,Technology,Large,India,4/6/2025
2002,"Wolf, Turner and Peters",Consulting,Medium,India,8/6/2022
2003,"Jackson, Ray and Peters",Education,Small,Mexico,6/11/2025
2004,"Baker, Beard and Harding",Education,Startup,Mexico,3/9/2023
2005,Brown-Brock,Retail,Medium,Japan,3/23/2023
2006,Williams-Wright,Consulting,Medium,Canada,4/4/2023
2007,"Arnold, Smith and Reeves",Retail,Startup,Mexico,3/28/2023
2008,"Nelson, Richardson and Perkins",Consulting,Large,Netherlands,11/18/2024
2009,"Miller, Chang and White",Media,Startup,France,3/20/2023
2010,"Palmer, Fletcher and Mason",Technology,Small,India,5/18/2024
2011,Richards-Wilson,Media,Medium,India,8/31/2022
2012,Sanders and Sons,Logistics,Small,Australia,4/19/2024
2013,Bright-Martinez,Manufacturing,Large,Singapore,10/20/2024
2014,Flores LLC,Finance,Medium,Singapore,7/10/2025
2015,Sanchez LLC,Consulting,Large,Mexico,4/16/2023
2016,"Sharp, Dominguez and George",Logistics,Startup,Pakistan,8/27/2024
2017,Haney Group,Manufacturing,Startup,UK,7/18/2025
2018,Davis LLC,Marketing,Small,Netherlands,11/19/2023
2019,"Newman, Hall and Herring",Technology,Small,USA,9/19/2023
2020,Smith-Morris,Retail,Medium,UK,9/15/2023
2021,"Bowman, King and Brown",Retail,Large,Brazil,1/18/2023
2022,Dickson-Robertson,Media,Medium,Canada,8/5/2025
2023,Vargas-Morales,Education,Enterprise,Canada,10/4/2024
2024,"Johnson, Carpenter and Watson",Manufacturing,Medium,Japan,7/9/2025
2025,Le and Sons,Marketing,Small,Japan,5/17/2024
2026,Camacho Group,Logistics,Small,Canada,9/11/2024
2027,"Walker, Jacobson and Griffith",Technology,Medium,France,9/15/2023
2028,Smith Inc,Manufacturing,Startup,South Africa,12/19/2025
2029,"Rogers, Carlson and Vargas",Marketing,Startup,USA,2/4/2023
2030,Collins-Owens,Finance,Small,Singapore,8/7/2022
2031,Rogers Inc,Consulting,Large,Germany,12/12/2022
2032,Smith-Esparza,Retail,Startup,Japan,1/5/2023
2033,"Watson, Thompson and Bowers",Logistics,Large,Singapore,3/21/2026
2034,Mendoza-Spencer,Retail,Large,France,11/18/2024
2035,Martin-Goodman,Logistics,Small,Canada,8/4/2022
2036,"Donaldson, Williams and Leonard",Media,Startup,France,11/6/2023
2037,Kirby-Frye,Education,Startup,Singapore,3/9/2025
2038,Thompson-Hernandez,Logistics,Medium,Netherlands,11/7/2023
2039,Parker-Brown,Retail,Medium,Germany,7/20/2024
2040,Ferguson PLC,Media,Large,Pakistan,12/3/2022
2041,Klein-Rogers,Logistics,Medium,USA,10/5/2024
2042,Hartman-Green,Finance,Startup,Netherlands,11/13/2023
2043,"Fernandez, Campbell and Fleming",Education,Startup,Mexico,11/17/2023
2044,"Horne, Harris and James",Logistics,Medium,France,3/25/2026
2045,"Parker, Bradshaw and Thomas",Media,Startup,Japan,4/16/2024
2046,Bautista Inc,Manufacturing,Small,Japan,8/29/2025
2047,Crane-Henderson,Healthcare,Small,Brazil,8/9/2024
2048,Wilkins-Burke,Marketing,Startup,Mexico,6/30/2022
2049,"Sullivan, Johnson and Steele",Healthcare,Startup,Singapore,6/26/2023
2050,Clayton and Sons,Healthcare,Small,USA,5/6/2025
2051,"Walton, Fisher and Reese",Technology,Small,Singapore,12/26/2025
2052,Lin-Rogers,Finance,Startup,Singapore,11/30/2025
2053,"Johnson, Barry and Mckinney",Manufacturing,Medium,Germany,1/14/2024
2054,"Roberts, Thompson and Castillo",Consulting,Large,Pakistan,3/19/2023
2055,"Washington, Potts and Kelly",Logistics,Small,USA,7/29/2025
2056,Mcguire PLC,Marketing,Large,Brazil,3/24/2023
2057,"Brown, Williams and Gentry",Education,Small,Netherlands,4/28/2023
2058,"Mccormick, Vargas and Sherman",Manufacturing,Small,Canada,10/25/2024
2059,Griffin LLC,Retail,Large,USA,3/21/2024
2060,Gutierrez PLC,Consulting,Medium,Brazil,4/16/2026
2061,Molina-Zimmerman,Technology,Large,India,2/16/2025
2062,"Evans, Garcia and Moon",Technology,Startup,Canada,6/21/2023
2063,Romero-Keller,Manufacturing,Startup,USA,6/30/2025
2064,"Jackson, Smith and Moore",Media,Large,Netherlands,8/24/2024
2065,Johnson-Armstrong,Healthcare,Small,Mexico,8/21/2025
2066,Sharp LLC,Retail,Small,Australia,8/20/2024
2067,Harmon-Mcdonald,Technology,Medium,Australia,10/15/2022
2068,Sanford Group,Marketing,Large,Singapore,4/6/2026
2069,Smith LLC,Technology,Large,Canada,4/7/2024
2070,"Hall, Chan and Benson",Education,Small,Netherlands,6/8/2024
2071,Morales-White,Logistics,Large,USA,11/21/2022
2072,"Wallace, Medina and Johnson",Technology,Startup,Japan,2/14/2024
2073,Vargas and Sons,Education,Startup,Singapore,2/11/2023
2074,Lee Inc,Manufacturing,Medium,UK,8/16/2025
2075,"Mitchell, Estrada and Wilson",Manufacturing,Startup,Singapore,5/8/2025
2076,"Sanchez, Phillips and Johnson",Consulting,Small,Japan,6/24/2023
2077,French PLC,Technology,Medium,France,3/14/2024
2078,"Cook, Welch and Quinn",Marketing,Small,Australia,10/27/2022
2079,Riley-Baker,Technology,Startup,UK,1/13/2024
2080,"Fields, Knox and Jimenez",Marketing,Small,UAE,7/24/2025
2081,"Smith, Mcdaniel and Lloyd",Finance,Small,Brazil,10/6/2023
2082,Calderon and Sons,Consulting,Small,France,9/29/2024
2083,"Nguyen, Murphy and Mcknight",Finance,Large,South Africa,4/25/2023
2084,Bush Group,Technology,Large,Canada,11/2/2024
2085,"Torres, Ward and Gordon",Consulting,Small,Singapore,12/29/2022
2086,"Simmons, Whitehead and Barrera",Finance,Large,Australia,4/7/2023
2087,Lee LLC,Healthcare,Startup,Mexico,1/11/2024
2088,"Baker, Meadows and Ortega",Technology,Small,Pakistan,1/27/2023
2089,Ellis-Gentry,Finance,Large,Brazil,7/25/2025
2090,Clayton-Bryant,Healthcare,Small,Australia,3/14/2023
2091,Daniel-Ellis,Healthcare,Enterprise,Germany,5/16/2026
2092,Peterson Inc,Manufacturing,Small,Australia,10/7/2023
2093,Baker-Morris,Technology,Large,Pakistan,6/12/2026
2094,Rodriguez-Fox,Healthcare,Small,Pakistan,1/12/2023
2095,Montes-Jensen,Manufacturing,Small,South Africa,11/23/2023
2096,Boyd LLC,Finance,Small,Singapore,2/7/2025
2097,Scott Ltd,Education,Medium,Canada,4/13/2025
2098,Garza and Sons,Technology,Small,Pakistan,7/4/2023
2099,"Savage, Adkins and Peters",Consulting,Enterprise,Australia,2/16/2026
2100,Bartlett Inc,Marketing,Small,Canada,5/8/2024
2101,Weeks LLC,Marketing,Startup,USA,6/18/2023
2102,"Bradford, Griffin and Choi",Finance,Small,Australia,4/24/2025
2103,Sawyer-Morrow,Media,Medium,South Africa,9/17/2025
2104,"Flores, Gilbert and Smith",Media,Large,India,8/27/2025
2105,"Hanna, Benitez and Martinez",Finance,Small,Japan,11/6/2025
2106,"Bell, Becker and Jackson",Healthcare,Medium,Japan,11/11/2025
2107,Oneill PLC,Technology,Small,Singapore,11/18/2025
2108,Rodriguez-Rollins,Marketing,Medium,France,11/28/2022
2109,"Friedman, Andersen and Rodriguez",Marketing,Large,Japan,12/4/2023
2110,"Ballard, Richardson and Jenkins",Healthcare,Startup,Singapore,1/7/2024
2111,Frye-Gonzalez,Marketing,Small,Pakistan,11/30/2023
2112,Young LLC,Consulting,Enterprise,Brazil,1/25/2024
2113,Gonzalez-Henry,Technology,Large,South Africa,12/9/2023
2114,Smith-Clark,Logistics,Medium,Mexico,12/22/2022
2115,"Espinoza, Stokes and Sanders",Marketing,Small,UAE,9/13/2024
2116,Berry-Gibson,Finance,Small,Germany,5/1/2026
2117,Macdonald Group,Consulting,Small,India,2/20/2025
2118,Solomon and Sons,Marketing,Large,Pakistan,8/9/2025
2119,Miller Group,Consulting,Medium,South Africa,2/25/2026
2120,"Armstrong, Carpenter and Hood",Manufacturing,Small,Australia,8/30/2023
2121,Wood-Hernandez,Logistics,Startup,Canada,8/2/2023
2122,Hernandez-Chandler,Retail,Small,India,9/5/2025
2123,Wells-Montgomery,Finance,Startup,South Africa,10/4/2024
2124,Moore Ltd,Finance,Startup,UAE,9/11/2022
2125,Choi Inc,Technology,Small,France,1/4/2025
2126,Cooper and Sons,Consulting,Startup,Netherlands,8/16/2022
2127,"Velazquez, Edwards and Duran",Healthcare,Startup,Canada,7/27/2025
2128,Cruz-Crosby,Finance,Small,Germany,5/27/2025
2129,Martinez-Merritt,Consulting,Startup,UK,11/30/2024
2130,Washington Inc,Consulting,Startup,Germany,7/8/2025
2131,"Pruitt, Glover and Sullivan",Education,Small,Singapore,12/16/2024
2132,Smith-Moore,Education,Startup,India,7/18/2025
2133,Elliott Ltd,Retail,Small,Singapore,9/12/2025
2134,Carter and Sons,Manufacturing,Startup,Pakistan,5/13/2026
2135,"Sullivan, Barber and Hill",Retail,Large,USA,3/4/2025
2136,"Miller, White and Shaw",Marketing,Enterprise,South Africa,5/3/2026
2137,Steele Group,Healthcare,Medium,Pakistan,9/6/2022
2138,Palmer-Medina,Marketing,Small,France,3/22/2025
2139,Tapia-Lamb,Media,Large,Mexico,12/11/2024
2140,"Allen, Porter and Medina",Marketing,Medium,India,11/24/2022
2141,Perry Group,Technology,Startup,Brazil,12/30/2023
2142,French Ltd,Marketing,Small,Brazil,1/2/2025
2143,Young Inc,Retail,Large,USA,2/23/2023
2144,Stein-Miles,Finance,Small,Canada,7/13/2024
2145,"Franklin, Scott and Hayes",Finance,Startup,USA,10/25/2025
2146,Alexander-Watson,Education,Medium,France,10/28/2024
2147,Williams-Fitzgerald,Healthcare,Large,Japan,1/27/2025
2148,Salas-Greene,Healthcare,Startup,Japan,11/20/2024
2149,White LLC,Technology,Small,Australia,11/5/2025
2150,Romero Group,Retail,Startup,Singapore,11/1/2023
2151,Padilla and Sons,Education,Medium,UAE,4/5/2024
2152,"Miles, Keller and Owens",Media,Small,Pakistan,2/21/2024
2153,"Stafford, Brown and Rodriguez",Healthcare,Small,India,6/2/2023
2154,Gutierrez and Sons,Finance,Large,Mexico,8/22/2022
2155,Lee Group,Marketing,Small,France,1/13/2024
2156,Gardner LLC,Marketing,Medium,Japan,9/20/2023
2157,Osborne and Sons,Education,Small,Netherlands,10/19/2023
2158,Mcdonald Inc,Retail,Small,UK,11/5/2022
2159,"Weber, Mitchell and Watkins",Retail,Medium,UAE,7/20/2025
2160,Moran Ltd,Manufacturing,Startup,South Africa,8/30/2024
2161,Bell-Harvey,Logistics,Small,France,2/10/2023
2162,Lane LLC,Healthcare,Startup,UK,2/13/2024
2163,"Frank, Roberts and Coleman",Retail,Medium,UK,8/18/2024
2164,Martinez LLC,Finance,Enterprise,UK,12/10/2023
2165,Burton and Sons,Education,Enterprise,Japan,8/29/2024
2166,Whitney-May,Media,Small,Australia,3/23/2024
2167,Martinez-Coleman,Manufacturing,Small,USA,12/20/2025
2168,Espinoza Inc,Consulting,Small,Brazil,4/12/2023
2169,Adkins Ltd,Technology,Large,Germany,5/9/2025
2170,Chavez-Brooks,Media,Startup,South Africa,2/21/2024
2171,Hardy Ltd,Consulting,Enterprise,Pakistan,9/12/2022
2172,Spencer-Carey,Marketing,Small,UK,3/12/2026
2173,"Ford, Jenkins and Bishop",Technology,Enterprise,France,9/30/2022
2174,Hernandez-Wells,Healthcare,Large,Canada,8/15/2025
2175,Lamb-Rubio,Finance,Large,Netherlands,12/31/2023
2176,Smith-Miller,Technology,Small,Canada,5/18/2024
2177,"Hunt, Ortiz and Brown",Logistics,Startup,Brazil,4/26/2024
2178,Hanson and Sons,Consulting,Small,South Africa,1/18/2024
2179,"Robinson, Petersen and Moore",Healthcare,Small,India,1/15/2023
2180,Becker-Simpson,Logistics,Startup,Singapore,7/7/2025
2181,Robinson and Sons,Marketing,Small,UK,1/9/2025
2182,Shaw LLC,Logistics,Small,France,1/4/2024
2183,Gentry-Scott,Manufacturing,Medium,UK,10/30/2022
2184,"Simmons, Harris and Bradley",Manufacturing,Medium,Australia,1/26/2023
2185,"Shannon, Thompson and Garcia",Education,Startup,South Africa,12/11/2025
2186,Carey-Larsen,Media,Enterprise,Singapore,8/17/2025
2187,Collins-Green,Media,Startup,UK,7/23/2024
2188,Kelley-Rice,Healthcare,Small,Pakistan,1/12/2025
2189,"Bennett, Ferrell and Reed",Marketing,Small,Canada,1/15/2025
2190,Miller PLC,Retail,Large,UK,11/14/2025
2191,Adams-Landry,Manufacturing,Startup,Pakistan,12/4/2023
2192,Roberts LLC,Healthcare,Small,Pakistan,1/27/2025
2193,"Torres, Morgan and Martinez",Retail,Medium,USA,3/10/2023
2194,Pruitt LLC,Media,Startup,Pakistan,3/19/2024
2195,Parker PLC,Education,Medium,Singapore,10/28/2024
2196,Williams-Fuller,Logistics,Enterprise,Canada,11/12/2025
2197,Patterson-Gill,Manufacturing,Enterprise,Mexico,4/11/2025
2198,"Schmidt, Martin and Shaffer",Healthcare,Startup,India,3/13/2025
2199,Davis LLC,Technology,Startup,Australia,5/29/2025
2200,"Thomas, Dalton and Davidson",Retail,Small,Canada,12/2/2025
2201,Anderson-Hardy,Logistics,Small,France,3/9/2026
2202,Smith LLC,Manufacturing,Startup,India,10/19/2023
2203,"Miles, Quinn and Travis",Media,Startup,Pakistan,8/30/2022
2204,Williams Inc,Marketing,Enterprise,UK,11/28/2022
2205,Johnson-Watkins,Retail,Enterprise,USA,2/9/2024
2206,Perez-Robbins,Media,Startup,South Africa,1/17/2025
2207,Ellis Group,Manufacturing,Small,India,5/22/2023
2208,Peterson PLC,Retail,Small,South Africa,3/31/2025
2209,"Simmons, Patterson and Robinson",Logistics,Startup,France,12/17/2024
2210,Cooper Group,Manufacturing,Medium,France,8/6/2023
2211,Roberts-Bowen,Consulting,Medium,India,9/25/2025
2212,Monroe-Soto,Healthcare,Large,USA,9/12/2024
2213,"Friedman, Andrews and Robertson",Logistics,Medium,Pakistan,1/16/2026
2214,Stokes-Vazquez,Retail,Small,Mexico,6/13/2024
2215,"Schroeder, Mcmahon and Brewer",Marketing,Medium,Japan,10/28/2023
2216,Norris PLC,Media,Small,Singapore,4/9/2025
2217,Norman PLC,Technology,Medium,Netherlands,9/23/2025
2218,Mccoy-Jones,Media,Small,France,4/24/2025
2219,Lutz-Martin,Retail,Startup,Pakistan,7/18/2022
2220,"Zimmerman, Cook and Richards",Media,Startup,Singapore,12/30/2022
2221,"Marquez, Stone and Rios",Healthcare,Small,Netherlands,11/9/2025
2222,Harrington and Sons,Manufacturing,Enterprise,Singapore,4/25/2025
2223,Pitts Ltd,Technology,Startup,France,8/14/2024
2224,Lewis and Sons,Finance,Small,Mexico,12/12/2024
2225,Morgan PLC,Retail,Small,India,1/5/2024
2226,"Scott, Hall and Oliver",Education,Medium,Singapore,10/24/2022
2227,Cooper Ltd,Finance,Startup,UK,3/18/2025
2228,"Kennedy, Taylor and Cook",Media,Enterprise,Canada,5/31/2026
2229,Evans-Brewer,Retail,Large,Australia,6/30/2022
2230,Mcbride Inc,Consulting,Medium,France,6/17/2025
2231,Porter LLC,Education,Medium,UAE,1/9/2024
2232,Washington Group,Technology,Startup,Singapore,4/18/2026
2233,Johnson Ltd,Marketing,Small,Germany,3/8/2024
2234,Cordova-Baker,Consulting,Large,Brazil,4/2/2023
2235,Pierce PLC,Finance,Startup,UK,7/24/2025
2236,Welch-Shepherd,Manufacturing,Small,UAE,10/30/2025
2237,Roberts Inc,Healthcare,Medium,Pakistan,1/23/2026
2238,Webb-Sutton,Marketing,Small,Australia,11/30/2025
2239,Howard PLC,Consulting,Enterprise,USA,1/11/2026
2240,Manning LLC,Manufacturing,Startup,Japan,4/11/2025
2241,Salinas Inc,Manufacturing,Large,Singapore,12/27/2025
2242,Velasquez PLC,Retail,Small,South Africa,11/1/2022
2243,"Dunn, Weaver and Diaz",Consulting,Large,Mexico,2/7/2026
2244,Chang Group,Technology,Small,Brazil,3/12/2025
2245,Wilson LLC,Media,Small,USA,8/28/2025
2246,Coffey and Sons,Education,Large,Mexico,3/18/2025
2247,Bennett Group,Education,Small,Australia,3/26/2023
2248,Gomez LLC,Finance,Small,South Africa,12/11/2022
2249,Smith-Foster,Finance,Small,UK,3/15/2023
2250,Stanton-Cooper,Education,Medium,UK,3/14/2023
2251,"Smith, Williams and Murphy",Technology,Small,Australia,4/14/2023
2252,Ward Group,Healthcare,Enterprise,South Africa,5/20/2023
2253,"Arroyo, Williams and Espinoza",Logistics,Small,UK,8/17/2022
2254,Williams-Graham,Media,Small,South Africa,6/12/2024
2255,"Wagner, Fernandez and Stephens",Healthcare,Large,Brazil,9/13/2024
2256,Farrell Group,Retail,Medium,Singapore,9/2/2022
2257,Edwards Inc,Logistics,Large,Australia,4/11/2025
2258,"Bush, Vance and Stone",Logistics,Enterprise,France,6/25/2025
2259,Acevedo-Ruiz,Consulting,Small,Germany,5/4/2025
2260,Blankenship-Gonzalez,Technology,Startup,Pakistan,1/2/2024
2261,Brown-Campbell,Technology,Startup,Canada,9/27/2024
2262,"Stewart, Black and Foster",Logistics,Medium,Netherlands,4/24/2024
2263,Wright-Klein,Consulting,Large,Mexico,5/26/2024
2264,Fields Inc,Media,Startup,Japan,4/17/2025
2265,"Kim, Delacruz and Kennedy",Logistics,Startup,Brazil,6/15/2025
2266,Smith-Lewis,Marketing,Startup,India,10/1/2025
2267,Turner-Bryant,Finance,Large,Germany,12/26/2023
2268,Nixon Group,Finance,Small,Canada,2/1/2026
2269,Brown LLC,Healthcare,Small,Netherlands,1/6/2026
2270,"Copeland, Grant and Jones",Retail,Small,India,1/28/2025
2271,Wilkinson-Brown,Finance,Large,South Africa,12/18/2023
2272,Sanchez Inc,Manufacturing,Medium,USA,11/19/2023
2273,Massey Group,Healthcare,Medium,Germany,3/31/2026
2274,Hunter-Perry,Finance,Startup,UAE,11/15/2023
2275,"Johnson, Mejia and Booth",Retail,Small,Japan,4/30/2026
2276,"Jackson, Nunez and Miller",Technology,Medium,Germany,3/17/2026
2277,Carlson-Gallagher,Technology,Enterprise,Mexico,7/10/2022
2278,Smith-Mooney,Media,Startup,South Africa,1/7/2024
2279,Gallagher PLC,Logistics,Startup,UK,8/14/2025
2280,Waters Ltd,Marketing,Startup,Singapore,5/5/2025
2281,Holder-Garcia,Technology,Small,Singapore,12/22/2025
2282,Lynch and Sons,Consulting,Large,Canada,12/19/2023
2283,"Taylor, Edwards and Medina",Finance,Startup,Japan,2/28/2026
2284,Nelson-Snyder,Consulting,Small,Netherlands,8/10/2024
2285,"Welch, Medina and Hughes",Retail,Small,UK,12/22/2022
2286,Boyd Ltd,Technology,Startup,USA,6/4/2024
2287,Love LLC,Marketing,Small,Singapore,10/1/2025
2288,"Taylor, Blair and Mcdaniel",Retail,Small,Pakistan,11/21/2024
2289,Leblanc Group,Manufacturing,Small,USA,9/25/2025
2290,Aguilar LLC,Manufacturing,Medium,UK,6/28/2022
2291,Cruz Ltd,Consulting,Small,Japan,11/29/2025
2292,Wagner-Obrien,Logistics,Startup,UK,2/22/2023
2293,Daniels-Singleton,Healthcare,Enterprise,South Africa,11/13/2022
2294,"Flowers, Sparks and Paul",Logistics,Medium,Netherlands,12/27/2025
2295,"Hampton, Nelson and Kramer",Media,Large,Canada,1/12/2025
2296,Green-Kirk,Logistics,Startup,Japan,10/4/2025
2297,Mclaughlin Inc,Media,Startup,France,4/20/2025
2298,"White, Wolfe and Lopez",Media,Startup,Singapore,5/14/2023
2299,Medina PLC,Marketing,Startup,UK,8/23/2025
2300,Perez and Sons,Technology,Small,UK,3/20/2024
2301,Moore Group,Marketing,Enterprise,Pakistan,8/19/2025
2302,"Palmer, Mitchell and Webb",Media,Small,Germany,3/14/2024
2303,"Holt, Brown and Mitchell",Retail,Small,Germany,12/4/2025
2304,"Mason, Mcgrath and Lane",Manufacturing,Medium,UK,2/13/2026
2305,Garcia-Combs,Media,Startup,Brazil,4/14/2024
2306,"Adams, Moore and Sanders",Marketing,Medium,USA,6/14/2026
2307,Scott-Richardson,Retail,Medium,Pakistan,12/7/2023
2308,Zavala-Fields,Marketing,Large,Netherlands,9/29/2025
2309,Ward Inc,Logistics,Enterprise,USA,11/12/2025
2310,Blankenship Ltd,Finance,Small,India,8/25/2022
2311,"Huerta, Rivas and Smith",Consulting,Small,France,7/28/2022
2312,"Black, Hester and Hansen",Healthcare,Enterprise,Germany,7/2/2023
2313,Knight PLC,Marketing,Large,Germany,9/9/2025
2314,Gibbs Ltd,Healthcare,Small,Pakistan,11/18/2023
2315,Richardson PLC,Education,Enterprise,Brazil,6/19/2023
2316,Nguyen PLC,Marketing,Startup,Brazil,5/10/2025
2317,Nelson PLC,Finance,Enterprise,South Africa,7/13/2023
2318,Ruiz PLC,Healthcare,Startup,Japan,12/11/2025
2319,Costa-Barron,Media,Small,Australia,12/5/2025
2320,"Watson, Blair and Wilson",Marketing,Large,Japan,10/27/2025
2321,Padilla-Wallace,Technology,Small,Mexico,11/2/2022
2322,Townsend-Mueller,Consulting,Small,USA,2/20/2026
2323,Jones LLC,Finance,Small,Japan,5/2/2024
2324,Copeland-Mays,Healthcare,Enterprise,Singapore,1/23/2023
2325,Mcdonald-Long,Finance,Large,Pakistan,9/5/2022
2326,Harrison-Harris,Retail,Medium,South Africa,10/9/2024
2327,"Rodriguez, Fowler and Brown",Consulting,Medium,Japan,1/9/2023
2328,"Adams, Lee and Morales",Media,Large,Canada,8/1/2022
2329,"Harris, Henderson and Hill",Marketing,Small,Australia,9/19/2025
2330,Quinn-Rush,Marketing,Small,UAE,7/26/2025
2331,Lopez-Fernandez,Marketing,Medium,USA,12/19/2024
2332,Howard Inc,Consulting,Small,Australia,9/26/2022
2333,"Smith, Robinson and Brown",Technology,Startup,Pakistan,4/6/2025
2334,"Mccoy, Dorsey and Mitchell",Education,Startup,Singapore,10/2/2025
2335,"Taylor, Lee and Schmidt",Manufacturing,Startup,South Africa,10/22/2022
2336,Martinez LLC,Logistics,Large,Canada,11/9/2025
2337,Andrews-Kim,Healthcare,Small,France,6/10/2023
2338,George LLC,Technology,Medium,Australia,6/30/2024
2339,Summers-Moore,Media,Small,France,8/28/2023
2340,"Martinez, Clark and Colon",Healthcare,Small,UK,12/7/2024
2341,"Morris, Clayton and Estes",Marketing,Small,Germany,7/3/2025
2342,"Bates, Hernandez and Jones",Finance,Large,India,5/1/2025
2343,Duran-Johnson,Media,Medium,Germany,5/11/2025
2344,"Davis, Medina and Grant",Healthcare,Enterprise,UAE,7/22/2023
2345,Dominguez-Smith,Marketing,Medium,Brazil,9/1/2023
2346,Santana Ltd,Healthcare,Medium,Mexico,10/31/2022
2347,Cook PLC,Finance,Medium,Japan,5/7/2023
2348,Washington-Farmer,Marketing,Enterprise,South Africa,9/17/2023
2349,Jimenez-Morgan,Education,Large,South Africa,4/5/2023
2350,Johnson-Tucker,Technology,Startup,Singapore,3/21/2026
2351,Conrad-Rich,Retail,Small,Canada,4/15/2026
2352,Smith-Williams,Logistics,Medium,France,4/26/2026
2353,Jones-Noble,Consulting,Medium,Pakistan,1/12/2023
2354,Lane Ltd,Logistics,Startup,Japan,12/18/2023
2355,Richards-Rice,Media,Large,France,3/20/2024
2356,Simpson-Greene,Logistics,Enterprise,Singapore,3/22/2025
2357,"Miller, Williams and Phillips",Marketing,Startup,Mexico,6/19/2023
2358,Valdez Group,Education,Large,Pakistan,3/5/2023
2359,Watts-Berger,Retail,Startup,Pakistan,11/17/2023
2360,Blair-Ward,Technology,Startup,UAE,6/26/2026
2361,"Griffith, Pierce and Gray",Technology,Startup,Singapore,11/6/2023
2362,Murphy Group,Finance,Startup,Australia,9/11/2025
2363,"Holland, Hudson and Reyes",Consulting,Large,Mexico,7/21/2024
2364,"Hanson, Brown and Heath",Healthcare,Startup,Germany,7/18/2024
2365,"Williamson, Hernandez and Martinez",Education,Small,Mexico,4/27/2024
2366,Fisher-Brown,Healthcare,Startup,Brazil,10/16/2023
2367,Johnson-Hensley,Retail,Small,UK,7/31/2025
2368,Ellis Ltd,Logistics,Startup,Netherlands,2/23/2025
2369,Ramirez-Wong,Technology,Medium,Mexico,3/22/2025
2370,Pena and Sons,Retail,Startup,Japan,5/28/2024
2371,"Wright, Williams and Boyd",Logistics,Large,France,9/16/2024
2372,Wilson Group,Technology,Large,Australia,1/3/2025
2373,Warren Group,Logistics,Startup,UK,9/16/2022
2374,Williams-Nelson,Consulting,Large,Canada,9/6/2022
2375,Hernandez and Sons,Education,Startup,India,1/6/2023
2376,"Powers, Adams and Montgomery",Media,Startup,Brazil,5/11/2024
2377,"Salazar, Gallegos and Holt",Retail,Startup,France,5/15/2025
2378,"Mayer, Evans and Daniels",Retail,Small,UAE,12/9/2023
2379,Smith-Cross,Manufacturing,Small,Netherlands,12/15/2022
2380,"Fitzgerald, Keith and Jimenez",Marketing,Large,UK,10/1/2022
2381,Reed-Rodriguez,Consulting,Small,Japan,7/4/2025
2382,Smith-Grant,Consulting,Medium,Netherlands,5/2/2024
2383,Peterson Inc,Healthcare,Startup,Pakistan,7/7/2022
2384,Bradshaw LLC,Logistics,Large,Australia,5/7/2024
2385,"Hood, Dillon and Bailey",Marketing,Startup,Germany,5/28/2023
2386,"Beck, Brooks and Anderson",Education,Startup,Mexico,9/2/2024
2387,Garcia-Jackson,Education,Startup,Mexico,5/26/2024
2388,Jennings-Wilkins,Consulting,Startup,Netherlands,11/18/2025
2389,Roth-Bailey,Education,Small,UAE,4/14/2024
2390,Mejia-Maldonado,Manufacturing,Large,France,4/8/2025
2391,"Rodriguez, Sullivan and Bonilla",Retail,Startup,Netherlands,10/1/2022
2392,Rivera-Morris,Finance,Medium,Singapore,5/28/2026
2393,Pierce LLC,Media,Medium,Australia,1/16/2023
2394,May-Harrison,Healthcare,Large,Japan,10/29/2024
2395,Delacruz Group,Logistics,Startup,Netherlands,9/12/2024
2396,Oneal-Ortega,Media,Small,Netherlands,1/5/2025
2397,Johnston-Clark,Logistics,Enterprise,South Africa,6/27/2022
2398,Adams-Hamilton,Technology,Medium,UAE,10/8/2024
2399,Weber-Perez,Media,Small,India,8/11/2024
2400,Wallace Inc,Finance,Startup,Mexico,10/19/2022
2401,"Sexton, Garcia and Smith",Consulting,Small,France,3/15/2025
2402,Rivera-Serrano,Manufacturing,Medium,Canada,9/3/2023
2403,Silva-Jordan,Retail,Medium,Germany,6/15/2023
2404,Ellis Ltd,Retail,Startup,Canada,9/30/2024
2405,Martinez-Daniels,Manufacturing,Medium,UK,6/18/2023
2406,Thomas Ltd,Marketing,Medium,Singapore,10/24/2025
2407,"Harris, Conley and Brennan",Technology,Small,Mexico,8/21/2025
2408,Griffin-Reyes,Logistics,Medium,UK,10/6/2025
2409,Reilly Inc,Finance,Large,Germany,10/31/2023
2410,Reilly-Lamb,Education,Small,Australia,11/17/2024
2411,"May, Johnson and Vega",Media,Large,Mexico,9/18/2022
2412,"Beck, Palmer and White",Technology,Startup,UK,11/6/2024
2413,Whitehead-Foster,Media,Startup,Singapore,2/24/2025
2414,"Lee, Riley and Hopkins",Finance,Small,Japan,12/13/2025
2415,Middleton Inc,Healthcare,Startup,USA,5/20/2025
2416,"Carney, Blankenship and Henson",Healthcare,Startup,USA,2/6/2025
2417,Hernandez-May,Technology,Startup,UAE,1/4/2024
2418,Holt-Baxter,Consulting,Large,UAE,6/1/2024
2419,"Miller, Stevens and Martin",Finance,Startup,France,2/10/2025
2420,"Schmidt, Riley and Kelley",Finance,Medium,UAE,8/18/2022
2421,"Hall, Gibson and Williams",Manufacturing,Startup,Brazil,4/15/2024
2422,Strong Inc,Consulting,Enterprise,India,3/30/2023
2423,Harris-Powell,Logistics,Medium,UAE,2/10/2023
2424,Kelly-Lewis,Logistics,Startup,Mexico,5/2/2026
2425,"Wells, Scott and Hart",Education,Large,India,10/3/2024
2426,"Barajas, Hicks and Johnson",Retail,Small,UAE,4/12/2025
2427,Smith-Hammond,Healthcare,Large,Netherlands,9/28/2024
2428,Harvey-Lowe,Logistics,Small,Canada,1/5/2026
2429,"Riley, Gonzalez and Walker",Consulting,Medium,Brazil,6/20/2025
2430,Stanley-Villanueva,Finance,Large,Brazil,11/10/2024
2431,Wagner-Becker,Logistics,Small,Pakistan,3/20/2026
2432,"Barker, Woods and Mullen",Finance,Startup,India,3/18/2026
2433,"Parks, James and Gregory",Logistics,Large,Australia,4/14/2025
2434,Mcmillan Ltd,Healthcare,Small,France,7/21/2022
2435,Clark-Hood,Media,Small,Germany,6/18/2024
2436,Montgomery-Robbins,Logistics,Startup,India,10/30/2025
2437,"Brown, Montgomery and Johnson",Consulting,Small,UK,3/14/2026
2438,Orozco-Greene,Logistics,Enterprise,Pakistan,8/22/2022
2439,Henderson-Wheeler,Retail,Small,Canada,7/19/2024
2440,"Greene, Herrera and Berry",Healthcare,Small,USA,8/30/2025
2441,Turner-Martin,Consulting,Medium,Brazil,6/8/2024
2442,Scott-Hanna,Manufacturing,Large,Canada,1/27/2025
2443,Reynolds Inc,Consulting,Small,UAE,11/7/2024
2444,Smith PLC,Retail,Small,France,1/4/2025
2445,Nunez LLC,Media,Enterprise,Brazil,10/31/2023
2446,"Vega, Soto and Castillo",Healthcare,Medium,Pakistan,8/26/2025
2447,Lester-Hernandez,Manufacturing,Startup,UK,3/18/2026
2448,"Johnson, Hall and Guzman",Retail,Startup,India,8/25/2024
2449,Jones LLC,Retail,Small,Netherlands,9/13/2024
2450,Cobb-Collins,Technology,Startup,Canada,8/20/2024
2451,May Ltd,Healthcare,Small,Pakistan,6/2/2024
2452,"King, Howard and Gray",Consulting,Large,Japan,11/26/2025
2453,Wall PLC,Finance,Startup,India,6/25/2026
2454,Warner Group,Media,Medium,Mexico,1/25/2023
2455,Chandler-Nichols,Finance,Small,France,3/23/2023
2456,Rivera-Travis,Consulting,Large,Mexico,12/21/2025
2457,Cook-Mata,Consulting,Medium,Brazil,4/25/2026
2458,Turner LLC,Healthcare,Startup,Germany,7/28/2024
2459,Ewing-Branch,Consulting,Small,USA,10/25/2022
2460,Hopkins-Lynn,Technology,Startup,France,4/15/2023
2461,"Conway, Welch and Romero",Manufacturing,Large,Mexico,8/13/2023
2462,Robertson PLC,Consulting,Large,UAE,12/23/2023
2463,Murphy-Benjamin,Finance,Small,Singapore,9/16/2023
2464,Austin-Steele,Consulting,Small,Germany,12/15/2025
2465,Hunt Inc,Technology,Small,South Africa,11/24/2025
2466,"Porter, Stuart and Clark",Logistics,Medium,UAE,1/28/2026
2467,Baker-Jones,Logistics,Small,Mexico,1/30/2023
2468,Vincent Inc,Retail,Small,Canada,4/21/2023
2469,White-Anderson,Media,Small,Germany,4/26/2025
2470,Anderson-Williams,Education,Startup,UAE,7/26/2023
2471,"Hopkins, Holt and Wells",Manufacturing,Medium,Germany,2/3/2026
2472,King LLC,Marketing,Startup,France,8/27/2023
2473,"Ward, Wood and Hayes",Retail,Medium,Brazil,10/26/2022
2474,"Lopez, Nelson and Gonzalez",Media,Startup,Pakistan,10/28/2023
2475,"Pierce, Morgan and Lawson",Logistics,Startup,USA,11/19/2024
2476,Rosales-Delacruz,Finance,Medium,USA,2/14/2026
2477,David-Newton,Marketing,Enterprise,UAE,3/3/2025
2478,"Clark, Martin and Berg",Media,Large,UAE,12/8/2022
2479,Roberts LLC,Media,Startup,Germany,7/8/2024
2480,"Kramer, Wilson and Castillo",Retail,Startup,South Africa,1/9/2025
2481,"Thornton, Moore and Hinton",Marketing,Large,Canada,9/29/2025
2482,Lee-Rosales,Healthcare,Small,South Africa,11/5/2022
2483,"Johnson, Cruz and Schneider",Education,Startup,UAE,2/19/2023
2484,Thomas-Mcclain,Healthcare,Large,Japan,1/30/2026
2485,Olson-Mcmahon,Marketing,Large,Germany,3/26/2025
2486,Holmes and Sons,Healthcare,Enterprise,Australia,12/15/2025
2487,Miller-Thompson,Technology,Enterprise,Mexico,1/3/2026
2488,"Smith, Petty and Jackson",Logistics,Large,USA,7/6/2025
2489,Reyes Inc,Technology,Startup,Mexico,6/20/2023
2490,"Bates, Morris and Salazar",Consulting,Startup,UAE,11/1/2025
2491,Pena Ltd,Healthcare,Medium,France,12/6/2024
2492,Ayala PLC,Consulting,Small,Netherlands,5/19/2023
2493,Perez-Guerrero,Finance,Small,UK,2/14/2023
2494,Jackson-Rocha,Manufacturing,Small,Germany,5/19/2025
2495,Singleton Ltd,Finance,Small,USA,2/17/2025
2496,French LLC,Marketing,Medium,Japan,9/7/2023
2497,Warner-Carter,Media,Startup,UAE,10/24/2022
2498,Figueroa Ltd,Logistics,Small,Japan,9/21/2024
2499,Murphy-Ward,Healthcare,Small,Pakistan,12/26/2022
2500,"Hamilton, Perez and Vance",Retail,Medium,Germany,12/7/2025
2501,"Gomez, Allen and Davenport",Manufacturing,Startup,Canada,11/14/2022
2502,"Garcia, Cox and Li",Education,Small,Japan,8/15/2022
2503,Marshall LLC,Education,Medium,UAE,6/11/2024
2504,Alvarado-Quinn,Education,Small,Germany,10/4/2022
2505,Allen-Schmidt,Healthcare,Startup,UAE,2/10/2026
2506,Perry and Sons,Education,Small,Singapore,7/13/2024
2507,"Lewis, Porter and Griffin",Technology,Small,UK,5/8/2025
2508,Gibson-Eaton,Manufacturing,Enterprise,India,9/22/2024
2509,"Curry, Hill and Yoder",Technology,Startup,India,9/7/2024
2510,Stokes-Martin,Media,Medium,Singapore,4/29/2024
2511,Edwards-Jones,Manufacturing,Startup,South Africa,2/27/2025
2512,Ryan-Rogers,Technology,Small,Germany,8/1/2022
2513,"Johnson, Todd and Robinson",Manufacturing,Medium,Canada,1/12/2026
2514,Parker-Williams,Media,Small,Brazil,4/1/2023
2515,Sims and Sons,Consulting,Small,UAE,1/29/2024
2516,Cooke and Sons,Healthcare,Startup,Germany,10/16/2023
2517,"Lawrence, Mcdaniel and Walsh",Healthcare,Small,Pakistan,6/14/2024
2518,Gonzalez-Gross,Education,Medium,Japan,10/24/2022
2519,"Hamilton, Hawkins and Haas",Finance,Small,Canada,11/22/2023
2520,Williams-Perez,Education,Large,Pakistan,10/1/2023
2521,King-Glass,Marketing,Medium,Brazil,1/20/2023
2522,Holmes-Andrews,Technology,Small,Singapore,8/20/2023
2523,Jones-Jones,Manufacturing,Startup,France,6/9/2024
2524,"Wilson, Vargas and Salas",Finance,Small,India,10/9/2024
2525,Summers PLC,Media,Large,India,10/25/2024
2526,Turner Inc,Marketing,Small,Mexico,7/16/2023
2527,Dyer LLC,Media,Large,UAE,7/26/2022
2528,Meyers Ltd,Healthcare,Small,UK,4/29/2026
2529,Duncan LLC,Healthcare,Large,Singapore,4/8/2024
2530,Cross Group,Education,Startup,Germany,4/22/2026
2531,"Patterson, Davis and Aguilar",Technology,Large,Singapore,5/27/2026
2532,"Medina, Cobb and Carlson",Finance,Small,Germany,12/22/2025
2533,Green-Ward,Logistics,Small,Netherlands,7/4/2025
2534,Hess-Hernandez,Marketing,Small,South Africa,2/25/2024
2535,Wood-Morales,Marketing,Small,Singapore,12/28/2022
2536,Walker PLC,Education,Enterprise,France,12/10/2024
2537,Acosta-Moore,Healthcare,Startup,Japan,7/23/2024
2538,Hamilton Group,Education,Startup,Australia,7/30/2022
2539,"Ellison, Berry and Skinner",Manufacturing,Medium,Netherlands,12/31/2024
2540,Schneider Ltd,Finance,Small,UK,12/12/2025
2541,Turner-Smith,Technology,Small,South Africa,6/1/2024
2542,Garcia Ltd,Consulting,Medium,Germany,5/18/2026
2543,"Knapp, Herman and Morales",Retail,Small,UK,6/3/2026
2544,Santiago-Chavez,Retail,Enterprise,Canada,6/25/2026
2545,Martin-Dunlap,Education,Small,Singapore,3/26/2023
2546,Cannon and Sons,Manufacturing,Startup,Mexico,10/26/2023
2547,"Simpson, Lopez and Parker",Finance,Medium,UAE,11/24/2025
2548,York-Patel,Logistics,Medium,USA,3/14/2024
2549,Stewart-Horn,Retail,Small,Canada,5/29/2025
2550,Colon-Carson,Finance,Medium,Pakistan,1/9/2025
2551,Cox Group,Technology,Startup,Netherlands,9/2/2024
2552,James LLC,Media,Small,India,6/9/2026
2553,"Ryan, Williams and Lewis",Manufacturing,Large,Mexico,5/24/2023
2554,"Nelson, Thomas and Campbell",Healthcare,Startup,USA,11/24/2022
2555,Durham Inc,Finance,Small,France,4/9/2024
2556,Blackburn-Foster,Technology,Large,Singapore,5/16/2024
2557,Walker-Morales,Logistics,Enterprise,Australia,1/1/2023
2558,Rodriguez Group,Consulting,Small,France,2/7/2026
2559,Hess-Mosley,Healthcare,Small,Germany,12/12/2022
2560,"Robertson, Mcknight and Moon",Consulting,Medium,Japan,7/25/2024
2561,"Carney, Ortega and Stone",Logistics,Enterprise,South Africa,3/15/2025
2562,Frost-Wright,Technology,Large,USA,3/12/2023
2563,"Allen, Singh and Wyatt",Retail,Startup,India,6/11/2023
2564,Parker PLC,Consulting,Small,UAE,8/18/2024
2565,Lewis and Sons,Healthcare,Small,Australia,7/14/2022
2566,Lewis Ltd,Education,Large,UK,10/10/2025
2567,Clark and Sons,Marketing,Medium,Netherlands,8/5/2022
2568,Howard-Rodriguez,Finance,Medium,Singapore,7/13/2022
2569,Trujillo Group,Retail,Enterprise,Japan,8/2/2022
2570,Owens Inc,Consulting,Startup,Germany,2/20/2023
2571,Rice-Martinez,Media,Startup,Singapore,3/2/2026
2572,Vazquez-Lopez,Finance,Small,France,11/2/2024
2573,Waller LLC,Education,Small,Netherlands,10/17/2023
2574,Santos and Sons,Logistics,Startup,Mexico,11/4/2023
2575,Monroe-Thomas,Marketing,Startup,Mexico,4/30/2025
2576,Figueroa-Armstrong,Technology,Medium,USA,1/20/2025
2577,Jackson-Brown,Education,Large,France,11/23/2023
2578,"Orr, Rice and Allen",Education,Small,USA,12/5/2024
2579,"Sellers, Barton and Perry",Logistics,Small,UAE,8/31/2022
2580,Schultz LLC,Manufacturing,Small,India,4/23/2025
2581,"Reid, Bond and Bradley",Logistics,Large,UK,5/24/2025
2582,"Hoover, Sanchez and Hernandez",Manufacturing,Large,UAE,9/9/2022
2583,Johnston-Boyle,Manufacturing,Medium,Canada,5/28/2024
2584,Thompson-Henry,Retail,Startup,Mexico,12/6/2025
2585,Clements-White,Retail,Startup,India,10/9/2025
2586,"Bell, Bishop and Sanders",Healthcare,Startup,UAE,2/3/2026
2587,Smith Ltd,Consulting,Medium,Australia,1/5/2024
2588,Lawrence Ltd,Consulting,Large,Singapore,5/12/2025
2589,Fuller Inc,Technology,Large,France,2/21/2024
2590,"Wright, Munoz and Adams",Consulting,Small,Mexico,2/20/2023
2591,Gentry-Deleon,Retail,Large,India,8/11/2022
2592,"Griffin, Sanford and Wilson",Healthcare,Enterprise,Japan,6/16/2023
2593,"Cox, Jensen and Franco",Healthcare,Small,Netherlands,11/26/2024
2594,Thompson Ltd,Manufacturing,Small,Netherlands,8/23/2024
2595,Green-Lewis,Logistics,Enterprise,Australia,10/21/2024
2596,"Wilson, Cobb and Calderon",Technology,Small,France,8/26/2023
2597,"Jordan, Bowen and Smith",Manufacturing,Enterprise,Japan,1/21/2023
2598,Wilkerson Inc,Logistics,Enterprise,Canada,12/5/2025
2599,White-Schneider,Consulting,Medium,Pakistan,7/29/2023
2600,Williams-Green,Manufacturing,Large,Netherlands,8/14/2024
2601,"West, Pittman and Wolf",Finance,Medium,South Africa,7/31/2022
2602,"Smith, Gonzalez and Solis",Consulting,Medium,India,5/17/2025
2603,Bradley PLC,Logistics,Small,Australia,10/20/2025
2604,"Mcguire, Pollard and Kerr",Technology,Startup,France,11/23/2025
2605,Berry-Walker,Logistics,Small,France,2/9/2025
2606,Park-Campbell,Manufacturing,Medium,UAE,12/15/2022
2607,Ross-Mitchell,Manufacturing,Startup,USA,7/16/2023
2608,Lee Ltd,Education,Startup,UAE,12/2/2025
2609,Rodriguez-Blair,Technology,Startup,Australia,3/18/2025
2610,"Cox, Martin and Burns",Media,Medium,Germany,10/20/2022
2611,Wells and Sons,Consulting,Enterprise,Singapore,11/22/2022
2612,"Anderson, Jordan and Richmond",Healthcare,Enterprise,Japan,1/6/2025
2613,Weiss Group,Technology,Small,India,8/28/2024
2614,Jones-Brown,Healthcare,Large,UAE,9/25/2024
2615,"Payne, Oconnor and Walker",Technology,Medium,France,3/14/2026
2616,Perkins and Sons,Technology,Small,Japan,11/29/2025
2617,"Jackson, Brown and Clark",Logistics,Medium,France,9/29/2025
2618,"Green, Brown and Sawyer",Technology,Startup,Pakistan,7/19/2024
2619,Hunter LLC,Education,Enterprise,India,3/5/2024
2620,"Sullivan, Cruz and Case",Media,Small,South Africa,5/2/2023
2621,Foster-Williams,Manufacturing,Small,South Africa,3/10/2025
2622,Duncan Inc,Marketing,Medium,Pakistan,7/29/2022
2623,"Pearson, Taylor and Duffy",Healthcare,Small,Brazil,7/31/2025
2624,Black LLC,Manufacturing,Small,Mexico,3/19/2025
2625,Gentry and Sons,Marketing,Medium,Singapore,2/19/2026
2626,Lewis and Sons,Media,Startup,Canada,1/26/2025
2627,"Smith, Martinez and Holmes",Media,Medium,UAE,7/30/2025
2628,Hart-Byrd,Healthcare,Small,UK,9/24/2024
2629,Scott LLC,Healthcare,Medium,Australia,8/3/2022
2630,Briggs and Sons,Media,Medium,Australia,12/23/2022
2631,"Hobbs, Snow and Miller",Marketing,Small,Canada,7/22/2024
2632,"Shaw, Foster and Gonzalez",Technology,Medium,Mexico,10/26/2025
2633,Cook-Middleton,Consulting,Medium,South Africa,8/25/2023
2634,Waters Ltd,Finance,Large,India,5/10/2025
2635,Carter and Sons,Manufacturing,Medium,UAE,8/28/2025
2636,Smith-Murphy,Logistics,Large,Mexico,5/3/2024
2637,Fisher-Jones,Manufacturing,Startup,Singapore,8/15/2022
2638,Dennis-Owens,Logistics,Small,Brazil,9/16/2024
2639,Alexander-Hall,Marketing,Enterprise,USA,3/9/2026
2640,"Conner, Davidson and Lee",Logistics,Small,Pakistan,8/29/2024
2641,Webster and Sons,Healthcare,Startup,Canada,5/28/2026
2642,Copeland PLC,Consulting,Small,Japan,12/1/2022
2643,Ward PLC,Consulting,Startup,USA,6/11/2023
2644,Miller Group,Healthcare,Startup,Pakistan,2/14/2023
2645,Morris-Russell,Education,Enterprise,Canada,2/5/2024
2646,"Rodriguez, Burns and Burnett",Marketing,Small,Australia,9/18/2022
2647,"Morales, Pearson and Parrish",Education,Small,Netherlands,4/3/2023
2648,"Tran, Brown and Dixon",Education,Enterprise,Australia,4/10/2023
2649,Walters-Myers,Manufacturing,Enterprise,France,3/20/2024
2650,"Small, Rose and Bell",Media,Small,Pakistan,1/20/2024
2651,Ortega Ltd,Manufacturing,Small,UK,4/21/2023
2652,Roberts-Quinn,Media,Large,South Africa,2/2/2026
2653,"Crawford, Smith and Garcia",Finance,Medium,Singapore,12/16/2024
2654,Gay-Patrick,Logistics,Medium,Netherlands,1/17/2023
2655,"Brennan, Wood and Jensen",Media,Large,Germany,8/25/2025
2656,Golden LLC,Healthcare,Medium,India,10/14/2023
2657,"Davis, Smith and Freeman",Manufacturing,Small,Netherlands,6/22/2026
2658,"Campbell, Valenzuela and Lopez",Marketing,Medium,India,7/22/2022
2659,Fritz-Dalton,Logistics,Small,South Africa,10/11/2023
2660,Maynard-Medina,Finance,Large,Mexico,2/26/2026
2661,Hebert PLC,Media,Medium,Japan,1/19/2026
2662,Klein-Franklin,Finance,Startup,Pakistan,5/20/2024
2663,Simmons and Sons,Marketing,Small,Canada,2/4/2023
2664,Burton and Sons,Education,Small,Brazil,12/25/2022
2665,Daniels Inc,Consulting,Small,Mexico,12/27/2022
2666,"Dawson, Dickson and Simon",Marketing,Medium,Canada,3/7/2026
2667,Kelley Ltd,Retail,Small,Germany,6/5/2024
2668,Anderson LLC,Marketing,Large,South Africa,7/11/2023
2669,"Barton, Pena and Ho",Finance,Startup,Singapore,7/23/2022
2670,"Novak, Simpson and Richard",Healthcare,Medium,South Africa,9/19/2023
2671,Moore-Smith,Manufacturing,Large,UAE,12/19/2024
2672,Kramer Inc,Healthcare,Medium,Singapore,11/12/2022
2673,Tyler-Jensen,Finance,Small,Mexico,8/25/2022
2674,"Wolf, Howard and Lewis",Manufacturing,Enterprise,UAE,8/26/2025
2675,Murphy-Rodriguez,Retail,Small,South Africa,1/12/2025
2676,"Craig, Ryan and Lester",Consulting,Startup,South Africa,7/8/2023
2677,"Perry, Rivas and Lara",Logistics,Small,Germany,3/7/2024
2678,Miller Group,Finance,Startup,UAE,7/5/2025
2679,Glover-Hicks,Media,Enterprise,Netherlands,9/26/2022
2680,"Martinez, Cunningham and Mueller",Finance,Startup,Japan,8/24/2023
2681,"Silva, Parker and Day",Finance,Large,UK,3/24/2024
2682,White-Gordon,Manufacturing,Large,Mexico,5/19/2025
2683,Taylor Ltd,Technology,Startup,France,9/9/2024
2684,Pearson Ltd,Marketing,Medium,Singapore,1/26/2026
2685,Barnes-Dunn,Technology,Startup,UAE,10/11/2025
2686,Wallace-Stevenson,Retail,Small,Australia,7/16/2024
2687,Chapman-Little,Media,Startup,UK,11/15/2025
2688,"James, Gallagher and Washington",Consulting,Enterprise,Singapore,10/30/2023
2689,"Lee, Farmer and Pace",Education,Enterprise,UAE,12/7/2024
2690,Richards PLC,Retail,Startup,Australia,3/27/2024
2691,Leonard-Drake,Education,Startup,Germany,9/16/2022
2692,Wheeler LLC,Education,Large,Japan,7/6/2025
2693,Carlson PLC,Consulting,Small,Germany,4/15/2024
2694,"Anderson, Prince and Sandoval",Healthcare,Large,Pakistan,6/20/2024
2695,"Joyce, Chavez and Spencer",Technology,Medium,India,8/11/2024
2696,Cochran Ltd,Finance,Small,USA,8/21/2024
2697,Brown LLC,Logistics,Large,Australia,5/5/2024
2698,"Moses, Patel and Bass",Education,Small,Pakistan,8/17/2023
2699,"Donovan, Owens and Robinson",Media,Enterprise,UK,1/18/2026
2700,"Bishop, Berg and Bridges",Retail,Enterprise,Japan,12/17/2023
2701,"Stanton, Mack and Barton",Healthcare,Startup,UAE,11/28/2023
2702,Miranda PLC,Education,Startup,Singapore,8/23/2024
2703,"Hernandez, Spencer and Cummings",Healthcare,Enterprise,Canada,2/22/2026
2704,"Young, Gentry and Mitchell",Healthcare,Enterprise,Japan,2/2/2026
2705,"Garza, Nguyen and Taylor",Education,Startup,Australia,1/20/2026
2706,Cooper-Ramos,Manufacturing,Large,Mexico,1/23/2024
2707,Boyd and Sons,Marketing,Small,USA,8/10/2024
2708,Rice and Sons,Media,Small,Mexico,6/4/2024
2709,Saunders-Hernandez,Finance,Large,Brazil,3/9/2024
2710,Mitchell-Fox,Finance,Startup,Netherlands,11/13/2024
2711,Dunlap Inc,Media,Enterprise,Canada,8/25/2023
2712,Nunez Ltd,Manufacturing,Startup,South Africa,5/22/2023
2713,Jones LLC,Finance,Medium,France,4/17/2026
2714,Murphy-Chavez,Healthcare,Startup,USA,3/7/2024
2715,"Blankenship, Nguyen and Watson",Consulting,Small,Pakistan,4/17/2024
2716,"King, Choi and Gomez",Retail,Medium,USA,5/25/2024
2717,Short LLC,Technology,Startup,South Africa,8/30/2023
2718,"Summers, Garcia and White",Finance,Small,UAE,6/14/2025
2719,Barnes PLC,Media,Small,Singapore,7/2/2022
2720,Nelson-Lee,Consulting,Startup,Brazil,9/29/2024
2721,Torres PLC,Education,Large,UK,12/15/2023
2722,"Hampton, Rojas and Salinas",Marketing,Small,Mexico,7/28/2023
2723,Tran-Tran,Media,Medium,Canada,5/8/2023
2724,Williams and Sons,Healthcare,Small,Netherlands,1/14/2025
2725,Abbott PLC,Marketing,Small,USA,7/19/2023
2726,Johnston Inc,Retail,Startup,UAE,2/22/2024
2727,Reyes Ltd,Retail,Small,Netherlands,11/7/2023
2728,Bowman-Jones,Manufacturing,Small,Germany,9/6/2025
2729,"Rodriguez, Peterson and Ramirez",Logistics,Medium,Mexico,10/30/2022
2730,Schaefer-Beck,Manufacturing,Large,USA,4/7/2024
2731,Austin-Herrera,Consulting,Small,USA,8/26/2025
2732,"Ramsey, Gibson and Rich",Marketing,Startup,India,9/12/2022
2733,"Keith, Murphy and Rodgers",Logistics,Startup,Canada,3/14/2026
2734,Hines PLC,Education,Startup,India,11/12/2024
2735,Torres-Jefferson,Healthcare,Startup,Mexico,8/1/2022
2736,Jones-Parker,Marketing,Small,Netherlands,1/14/2024
2737,Owens-Warner,Manufacturing,Startup,India,11/17/2023
2738,"Murillo, Ramos and Harris",Technology,Startup,Netherlands,9/17/2022
2739,Moore-Guzman,Logistics,Startup,Singapore,9/5/2023
2740,Duncan PLC,Logistics,Startup,Japan,2/20/2024
2741,Camacho Ltd,Healthcare,Startup,UAE,3/24/2024
2742,Porter-Mccoy,Finance,Startup,South Africa,3/22/2024
2743,Barron Ltd,Retail,Small,India,2/19/2024
2744,"Mcdonald, Morales and Mcgee",Retail,Small,South Africa,1/29/2024
2745,Casey-Proctor,Technology,Startup,Japan,12/14/2024
2746,"Jones, Taylor and Ward",Consulting,Small,USA,10/11/2022
2747,Wood Group,Consulting,Small,Mexico,10/13/2024
2748,"Norris, Fry and Burton",Education,Startup,South Africa,4/16/2024
2749,Fuller PLC,Marketing,Startup,Pakistan,2/13/2025
2750,Harris and Sons,Media,Small,Pakistan,8/3/2024
2751,Moyer Group,Finance,Medium,Germany,9/22/2022
2752,"Hale, Francis and Strickland",Manufacturing,Startup,South Africa,7/18/2025
2753,Wilson Ltd,Media,Startup,Pakistan,4/29/2026
2754,Duarte-Wilson,Media,Large,Germany,3/2/2023
2755,"Thompson, Robertson and Houston",Logistics,Small,Netherlands,7/28/2025
2756,"Kennedy, Larsen and Hammond",Technology,Startup,Pakistan,2/10/2023
2757,"Pace, Lindsey and Rodriguez",Retail,Large,France,1/21/2025
2758,"Garza, Kirk and Phillips",Education,Large,Germany,11/27/2022
2759,Kirby-Mendoza,Consulting,Small,Australia,4/16/2026
2760,Young Inc,Technology,Small,Canada,11/30/2022
2761,Hall-Anderson,Logistics,Startup,Mexico,5/7/2023
2762,Knox PLC,Manufacturing,Startup,Canada,4/20/2024
2763,Mccarthy Inc,Education,Medium,Canada,9/14/2024
2764,"Delgado, Miller and Meyer",Logistics,Startup,UAE,12/21/2022
2765,Weiss-Mccullough,Retail,Small,Netherlands,2/18/2023
2766,Perry PLC,Retail,Enterprise,Japan,4/17/2023
2767,Smith-Barton,Retail,Enterprise,Singapore,4/14/2023
2768,Bradley Ltd,Technology,Startup,UK,1/3/2025
2769,Mata-Navarro,Technology,Medium,Netherlands,4/28/2025
2770,"Burnett, Martin and Mason",Consulting,Small,Singapore,11/10/2024
2771,Hutchinson-Mullen,Consulting,Large,Germany,8/12/2022
2772,Johnson-Walker,Manufacturing,Small,Singapore,1/21/2026
2773,"Vincent, Schmidt and Ward",Education,Startup,Mexico,5/15/2024
2774,"Meyers, Lucas and Austin",Healthcare,Startup,Pakistan,1/17/2023
2775,Shaw-Foster,Healthcare,Small,Germany,1/18/2025
2776,Andrews Ltd,Logistics,Small,Brazil,1/31/2024
2777,Mitchell Ltd,Retail,Large,Singapore,5/21/2023
2778,Jones-Taylor,Education,Medium,Singapore,5/20/2025
2779,Smith Ltd,Media,Small,South Africa,1/16/2025
2780,Walter and Sons,Technology,Small,India,4/8/2025
2781,Bridges-Hartman,Marketing,Startup,France,10/28/2025
2782,Wright-Henson,Finance,Large,UAE,12/28/2023
2783,Brown-Green,Manufacturing,Enterprise,Germany,8/15/2024
2784,Ellis Inc,Retail,Enterprise,UK,1/22/2025
2785,"Brady, Garrison and Stevens",Retail,Large,South Africa,5/15/2026
2786,Vincent PLC,Retail,Startup,Canada,7/14/2022
2787,"Montgomery, Callahan and Patel",Technology,Startup,USA,3/22/2025
2788,Diaz LLC,Technology,Medium,Brazil,6/4/2025
2789,"Adams, Smith and Manning",Finance,Enterprise,Australia,3/16/2025
2790,"Lewis, Williams and Martinez",Media,Startup,Singapore,6/16/2024
2791,Miller Ltd,Education,Startup,Canada,12/30/2025
2792,Johnson and Sons,Retail,Large,Pakistan,6/24/2023
2793,"Goodwin, Dickerson and Moore",Healthcare,Startup,Australia,5/30/2025
2794,"Gonzalez, Peterson and Holmes",Consulting,Small,Mexico,5/27/2026
2795,"Garcia, Washington and Nelson",Healthcare,Medium,Mexico,8/30/2023
2796,Davies Inc,Logistics,Startup,France,8/30/2025
2797,Lin-Olson,Healthcare,Startup,South Africa,4/9/2026
2798,"Schneider, Jenkins and Rogers",Logistics,Large,Canada,12/18/2024
2799,"Robertson, Mcclure and Matthews",Marketing,Medium,India,4/30/2024
2800,Gaines Ltd,Consulting,Enterprise,Canada,7/13/2022
2801,Morales-Fisher,Healthcare,Small,South Africa,12/8/2022
2802,Garner-Reese,Marketing,Startup,Japan,3/23/2024
2803,"Sanchez, Medina and Clark",Manufacturing,Medium,France,6/3/2023
2804,Howard PLC,Education,Small,Canada,11/8/2022
2805,White-Mcgee,Marketing,Startup,Brazil,10/21/2025
2806,Sanchez PLC,Education,Large,Singapore,4/16/2026
2807,Peck-Watkins,Healthcare,Startup,Brazil,12/21/2024
2808,"Underwood, Tran and Sims",Media,Small,Brazil,12/3/2024
2809,"Wright, Roman and Foster",Marketing,Startup,Canada,9/12/2025
2810,Gonzalez-Miller,Consulting,Small,Netherlands,1/22/2025
2811,Wheeler-Garcia,Healthcare,Small,India,11/2/2025
2812,Mcdaniel-Giles,Retail,Small,UAE,12/26/2025
2813,"Valencia, Powell and Hill",Technology,Medium,France,9/11/2023
2814,Chandler-Gilbert,Marketing,Enterprise,India,10/19/2024
2815,"Moore, Graves and Vargas",Consulting,Startup,Germany,5/6/2025
2816,"Williams, Carter and Thomas",Manufacturing,Startup,Canada,4/15/2026
2817,Clark-Roberson,Retail,Startup,UK,12/16/2025
2818,"Nguyen, Dillon and Wells",Manufacturing,Startup,Canada,6/27/2022
2819,Jackson and Sons,Healthcare,Medium,France,10/15/2024
2820,"Kennedy, Patton and Rodgers",Technology,Medium,Australia,10/21/2025
2821,Aguilar-Rangel,Marketing,Large,Netherlands,5/7/2025
2822,Gordon-Escobar,Marketing,Startup,Netherlands,12/21/2024
2823,Ward-Stevens,Media,Small,India,9/5/2022
2824,Garcia and Sons,Media,Small,UK,1/30/2026
2825,West PLC,Healthcare,Startup,Germany,5/25/2026
2826,Williams PLC,Healthcare,Medium,Pakistan,2/6/2023
2827,Ramirez-Gonzalez,Technology,Enterprise,Germany,8/21/2023
2828,Vasquez-Perry,Media,Small,India,2/4/2026
2829,Olsen Inc,Consulting,Large,Mexico,4/30/2023
2830,Nguyen-Liu,Consulting,Small,Australia,3/4/2024
2831,Bryant-Boone,Technology,Startup,India,4/22/2025
2832,"Gonzalez, Wilcox and Hernandez",Consulting,Medium,USA,12/28/2023
2833,"May, Brown and Torres",Logistics,Small,UK,10/26/2025
2834,"Murphy, Tate and Krueger",Education,Startup,Australia,12/19/2024
2835,Scott Inc,Technology,Medium,UK,6/3/2025
2836,"Powell, Meyer and Edwards",Technology,Large,Netherlands,11/1/2023
2837,"Montoya, Dunn and Barnes",Finance,Small,Japan,12/2/2023
2838,"Bailey, Wagner and Martinez",Retail,Small,Netherlands,10/6/2023
2839,Williams-Hernandez,Retail,Large,Japan,8/2/2023
2840,Andrade and Sons,Logistics,Large,India,6/28/2025
2841,"Freeman, Jones and Stevenson",Media,Medium,UAE,8/8/2025
2842,Thomas-Newton,Healthcare,Startup,UK,3/5/2024
2843,"Moore, Campbell and Gutierrez",Healthcare,Enterprise,Japan,4/4/2024
2844,Lowe Group,Manufacturing,Startup,USA,12/25/2025
2845,Boyer-Clark,Logistics,Medium,Singapore,4/25/2025
2846,"Jones, Perry and Price",Technology,Startup,Netherlands,9/6/2024
2847,Brown-Garza,Logistics,Medium,South Africa,2/18/2025
2848,King Ltd,Logistics,Small,Australia,4/11/2023
2849,Richard-Conner,Logistics,Small,Mexico,4/15/2025
2850,"Choi, Carpenter and Brown",Retail,Small,USA,9/1/2025
2851,"Escobar, Ramirez and White",Logistics,Startup,USA,3/7/2024
2852,"Martin, Mitchell and Jenkins",Education,Medium,Japan,9/23/2025
2853,"Young, Bright and Berg",Healthcare,Large,Pakistan,1/1/2025
2854,Hardy and Sons,Manufacturing,Enterprise,UAE,4/8/2025
2855,Barrera PLC,Education,Startup,Canada,1/21/2025
2856,Alvarez Group,Manufacturing,Medium,UAE,9/5/2022
2857,Gonzalez and Sons,Finance,Medium,France,11/2/2024
2858,Tanner-Alvarado,Manufacturing,Small,South Africa,1/14/2026
2859,"Giles, Small and Newman",Healthcare,Startup,Pakistan,9/23/2023
2860,Lopez-Simon,Healthcare,Medium,India,7/13/2022
2861,"Moore, Thomas and Williams",Logistics,Enterprise,India,8/6/2025
2862,"Walls, Snyder and Parker",Marketing,Medium,Germany,3/1/2024
2863,Gibson and Sons,Finance,Small,Canada,12/3/2023
2864,Henderson-Moore,Technology,Small,France,10/30/2024
2865,Terrell and Sons,Consulting,Startup,Japan,10/30/2025
2866,"Morales, Torres and Johnson",Manufacturing,Large,Brazil,8/13/2022
2867,"Nguyen, Floyd and Walton",Marketing,Medium,Brazil,2/15/2025
2868,Martin-Pearson,Logistics,Startup,UK,6/4/2026
2869,Wood LLC,Retail,Large,Netherlands,11/22/2025
2870,Mckee LLC,Technology,Small,Japan,2/4/2026
2871,"Estrada, Mills and Foster",Media,Enterprise,UAE,10/17/2022
2872,Parker-Kelley,Marketing,Small,Australia,12/19/2023
2873,Gibson LLC,Retail,Startup,USA,9/1/2022
2874,Le-Wood,Finance,Small,UK,3/26/2024
2875,"Davis, Walker and Peters",Logistics,Small,Mexico,1/20/2025
2876,Dougherty Ltd,Technology,Startup,Germany,9/18/2022
2877,Martinez LLC,Technology,Medium,UAE,3/4/2025
2878,Jones-Kennedy,Technology,Medium,Brazil,10/11/2023
2879,Parrish-Carter,Finance,Medium,Australia,4/5/2024
2880,Conrad PLC,Manufacturing,Startup,Germany,2/26/2025
2881,Warren Ltd,Media,Small,USA,4/11/2023
2882,Mueller Inc,Finance,Startup,Pakistan,4/16/2024
2883,Taylor-Robinson,Consulting,Medium,Japan,1/13/2024
2884,"Mitchell, Austin and Chavez",Media,Startup,Brazil,9/7/2025
2885,"Craig, Yang and Perez",Healthcare,Enterprise,Canada,10/24/2025
2886,"White, Castillo and Rodriguez",Logistics,Medium,Brazil,2/28/2026
2887,White-Cole,Finance,Small,Netherlands,4/16/2026
2888,"Foster, Henderson and Barrett",Retail,Small,Brazil,1/28/2026
2889,Hull-Vance,Media,Startup,Pakistan,11/20/2023
2890,Hernandez-Cooper,Consulting,Small,Australia,10/22/2024
2891,Farmer Group,Healthcare,Large,Pakistan,3/9/2023
2892,"Zhang, Cooley and Vasquez",Manufacturing,Enterprise,Australia,3/9/2023
2893,Jackson-Phillips,Retail,Startup,France,12/28/2023
2894,Wilson-Weber,Media,Medium,France,10/27/2022
2895,Paul-Williams,Logistics,Medium,Japan,8/8/2025
2896,Thomas-Stokes,Retail,Medium,Japan,8/2/2022
2897,Garcia PLC,Healthcare,Startup,Singapore,12/10/2025
2898,Fox-Lutz,Retail,Startup,Singapore,6/17/2024
2899,"Newton, Merritt and Barrett",Education,Small,Brazil,9/20/2022
2900,Davis-Terrell,Marketing,Large,Pakistan,6/3/2024
2901,"Hall, Shaw and Robbins",Manufacturing,Small,India,10/15/2022
2902,Wilson-Martinez,Healthcare,Small,Pakistan,4/25/2025
2903,Braun-Ferguson,Retail,Enterprise,Mexico,2/9/2025
2904,Sheppard Ltd,Marketing,Medium,Pakistan,1/21/2023
2905,Morgan-Mccormick,Marketing,Large,India,2/15/2026
2906,Myers-Mullen,Retail,Small,Canada,3/5/2026
2907,Berry-Strickland,Logistics,Startup,Brazil,9/11/2022
2908,Byrd LLC,Education,Enterprise,Netherlands,3/6/2025
2909,"Johnson, Daugherty and Smith",Finance,Small,UAE,3/8/2023
2910,Clark Inc,Education,Startup,South Africa,7/23/2023
2911,Bender-Aguilar,Retail,Small,India,4/11/2024
2912,Grant Group,Manufacturing,Startup,Mexico,8/6/2024
2913,Williams-Johnson,Finance,Small,Brazil,12/24/2025
2914,Carter-Morton,Healthcare,Large,Netherlands,10/4/2024
2915,Butler and Sons,Education,Enterprise,Australia,2/6/2024
2916,Barnett Ltd,Retail,Enterprise,UAE,5/3/2025
2917,"Morgan, Burnett and Brown",Education,Startup,South Africa,1/3/2023
2918,Lopez-Butler,Finance,Small,USA,8/5/2024
2919,Romero-Solis,Consulting,Startup,Brazil,2/26/2023
2920,Brennan-Zuniga,Media,Large,Canada,3/6/2025
2921,"Walker, Young and Phillips",Education,Small,South Africa,2/15/2025
2922,Hubbard-Boone,Healthcare,Medium,USA,3/5/2026
2923,Deleon-Berger,Healthcare,Medium,Singapore,12/4/2023
2924,Brown-Douglas,Technology,Small,Mexico,7/11/2024
2925,"Castillo, Murphy and Warner",Education,Small,UK,5/19/2025
2926,Clark and Sons,Media,Enterprise,Brazil,2/25/2024
2927,"Wells, Dominguez and Rivera",Logistics,Enterprise,France,9/11/2023
2928,Vega Group,Marketing,Small,USA,5/21/2026
2929,"Johnson, Moore and Bass",Media,Small,Germany,3/3/2024
2930,Bartlett Group,Marketing,Enterprise,Japan,12/17/2023
2931,Gonzales LLC,Marketing,Startup,South Africa,6/1/2026
2932,"Jones, Roberts and Lin",Consulting,Small,Pakistan,3/29/2026
2933,"Dixon, Thomas and Dodson",Technology,Startup,Australia,3/20/2026
2934,"Barber, Wells and Lopez",Media,Small,South Africa,10/28/2023
2935,"Sanders, Koch and Garcia",Media,Startup,USA,3/3/2026
2936,"Rivera, Ray and Harris",Consulting,Small,Mexico,1/26/2023
2937,"Clark, Brown and Fernandez",Education,Startup,USA,8/28/2024
2938,French-Jenkins,Education,Small,UK,3/6/2025
2939,Moore-Sims,Education,Enterprise,Japan,1/7/2023
2940,"Russell, Garcia and Barnes",Manufacturing,Large,Singapore,7/16/2022
2941,Rodriguez-Whitehead,Marketing,Large,Netherlands,12/28/2023
2942,Boyle-Burke,Manufacturing,Medium,Pakistan,8/7/2022
2943,Thompson LLC,Technology,Startup,Brazil,8/28/2024
2944,"Ruiz, Nguyen and Hamilton",Consulting,Startup,Brazil,9/1/2025
2945,Mayo-Cook,Media,Enterprise,Japan,5/4/2025
2946,Thomas-Parker,Marketing,Small,Pakistan,9/9/2023
2947,Smith Group,Manufacturing,Startup,South Africa,11/14/2024
2948,Campbell-Rodriguez,Manufacturing,Medium,UK,2/6/2023
2949,Williams Inc,Retail,Small,India,5/31/2025
2950,Morris-West,Manufacturing,Small,Mexico,12/25/2023
2951,Simpson Ltd,Logistics,Enterprise,UK,5/12/2023
2952,"Lopez, Charles and Mcintyre",Media,Large,Germany,3/17/2026
2953,"Page, Montgomery and Russell",Logistics,Small,UAE,10/6/2024
2954,Wood LLC,Media,Enterprise,South Africa,4/10/2023
2955,"Arnold, Ramirez and Sanders",Consulting,Medium,Germany,2/8/2025
2956,Evans Inc,Media,Medium,UK,1/24/2025
2957,James-Lane,Logistics,Startup,France,1/12/2025
2958,Boyd Ltd,Media,Startup,India,10/21/2023
2959,Adams-Tucker,Consulting,Medium,France,12/9/2025
2960,Cook-Holden,Consulting,Large,Germany,7/4/2023
2961,"Shepard, Moore and Harris",Technology,Medium,Pakistan,4/3/2026
2962,Peters-Walton,Media,Startup,Germany,3/25/2025
2963,"Downs, Miller and Adams",Retail,Startup,Canada,4/11/2026
2964,Mueller-Dunn,Education,Large,Singapore,9/26/2025
2965,"Harper, Wong and Wright",Healthcare,Startup,South Africa,12/8/2023
2966,Vargas and Sons,Consulting,Small,Japan,4/8/2024
2967,Moody Ltd,Finance,Startup,Australia,12/28/2024
2968,Mccarthy and Sons,Education,Startup,Canada,6/28/2024
2969,Richardson and Sons,Marketing,Medium,UK,8/4/2025
2970,Price-Taylor,Media,Medium,USA,8/9/2024
2971,"Woods, Martin and Gallagher",Logistics,Small,France,12/7/2024
2972,Holder Ltd,Healthcare,Startup,UAE,8/22/2024
2973,Johnson-Rose,Finance,Large,Canada,8/18/2024
2974,Harris Inc,Education,Startup,Mexico,8/30/2023
2975,Whitney-Smith,Media,Small,India,12/6/2022
2976,Banks-Boyd,Technology,Enterprise,France,12/14/2025
2977,"Hill, Peck and Deleon",Marketing,Startup,Canada,1/25/2026
2978,"Adams, Smith and Malone",Healthcare,Enterprise,Pakistan,1/1/2026
2979,"Fleming, Woods and Boone",Retail,Startup,Brazil,10/17/2023
2980,Foster-Woods,Technology,Medium,Netherlands,12/21/2023
2981,Fuller-Bush,Finance,Small,South Africa,11/2/2022
2982,Hampton-Gill,Healthcare,Enterprise,South Africa,8/12/2024
2983,Lloyd Group,Technology,Small,Australia,5/3/2023
2984,"Rodriguez, Miller and Evans",Marketing,Small,Germany,1/25/2024
2985,Lee-Mullen,Retail,Enterprise,South Africa,5/14/2024
2986,White-Miller,Technology,Small,Germany,1/11/2024
2987,"Beasley, Calhoun and Moore",Manufacturing,Small,Canada,5/2/2023
2988,Dunn LLC,Retail,Small,UK,1/7/2023
2989,Thomas-Palmer,Finance,Medium,Netherlands,7/13/2022
2990,Jones Ltd,Marketing,Startup,India,4/14/2023
2991,Lopez Inc,Media,Startup,UK,12/20/2025
2992,"Johnston, Martinez and Wright",Logistics,Medium,South Africa,1/26/2026
2993,"Montgomery, Bell and Caldwell",Logistics,Small,France,11/30/2024
2994,Smith and Sons,Logistics,Enterprise,Singapore,1/8/2025
2995,Davenport-Bartlett,Healthcare,Enterprise,Australia,11/1/2023
2996,"Dean, Henry and Andrade",Finance,Medium,Australia,12/30/2025
2997,"Newman, Golden and Davis",Marketing,Large,Japan,3/16/2026
2998,Lawson-Martin,Retail,Medium,Germany,4/23/2024
2999,"Martinez, Keith and Tucker",Healthcare,Startup,Australia,2/15/2023
3000,Anderson-Griffin,Finance,Large,UK,11/4/2024
3001,Alvarez Ltd,Media,Startup,India,10/8/2023
3002,Winters and Sons,Manufacturing,Small,India,11/20/2022
3003,"Richards, Howard and Jones",Marketing,Large,Germany,3/13/2024
3004,Wheeler LLC,Logistics,Small,Canada,4/21/2025
3005,"Duncan, Bennett and Riddle",Technology,Large,Brazil,6/9/2023
3006,"Aguilar, Powell and Thomas",Marketing,Startup,India,11/14/2023
3007,Hart-Erickson,Consulting,Medium,UK,11/3/2022
3008,Castro Ltd,Finance,Startup,Netherlands,2/5/2026
3009,Reynolds Group,Education,Medium,USA,1/5/2026
3010,Taylor-Rivera,Media,Large,Canada,6/15/2024
3011,Perez-Jones,Manufacturing,Medium,Singapore,10/7/2025
3012,Davis and Sons,Media,Small,UAE,2/10/2026
3013,Bell-Roberts,Marketing,Startup,Mexico,12/23/2022
3014,Russell-Gentry,Education,Startup,Netherlands,12/17/2023
3015,Downs-Thompson,Consulting,Medium,Pakistan,1/30/2026
3016,Gibson LLC,Retail,Enterprise,Netherlands,8/7/2025
3017,Brown-Stephenson,Technology,Startup,Netherlands,6/20/2024
3018,Barr PLC,Education,Medium,Japan,4/17/2025
3019,Hernandez-Kramer,Finance,Large,Australia,8/28/2025
3020,"Johnson, Warren and Hampton",Logistics,Small,Japan,9/4/2025
3021,Gonzalez Group,Consulting,Medium,Australia,1/9/2026
3022,"Fletcher, Williamson and Coleman",Technology,Large,Japan,3/4/2023
3023,"Torres, Davis and Scott",Manufacturing,Small,USA,4/9/2026
3024,Crane Inc,Logistics,Small,Canada,8/26/2023
3025,Simmons-Moss,Marketing,Startup,Germany,10/26/2023
3026,Tate Inc,Education,Enterprise,UK,12/1/2025
3027,Stephens-Johnson,Technology,Enterprise,Japan,8/15/2022
3028,"Kerr, Thompson and Blair",Healthcare,Large,USA,3/23/2024
3029,Sanders Ltd,Retail,Startup,Pakistan,10/16/2025
3030,Scott-Hickman,Retail,Small,India,11/6/2022
3031,Sherman-Gonzalez,Consulting,Startup,Germany,8/9/2024
3032,"Blake, Miller and Evans",Manufacturing,Startup,Mexico,11/30/2024
3033,"Lang, Sullivan and Phillips",Consulting,Medium,Mexico,8/12/2025
3034,Reyes-Proctor,Healthcare,Enterprise,UAE,11/19/2023
3035,Marsh-Lam,Finance,Enterprise,Brazil,3/30/2023
3036,"Gallegos, Sandoval and Wells",Manufacturing,Medium,Japan,9/24/2023
3037,Lewis and Sons,Media,Startup,Germany,12/22/2024
3038,White PLC,Finance,Small,USA,3/29/2024
3039,Mitchell LLC,Manufacturing,Small,Netherlands,4/3/2025
3040,Mccoy PLC,Manufacturing,Large,Singapore,1/3/2024
3041,"Coleman, Cooley and Figueroa",Healthcare,Large,Netherlands,3/27/2026
3042,Kelly PLC,Marketing,Small,USA,8/19/2024
3043,Ellis LLC,Healthcare,Small,USA,2/12/2023
3044,"Lang, Armstrong and Mcdowell",Manufacturing,Startup,USA,4/23/2024
3045,Knight LLC,Technology,Small,Germany,4/1/2023
3046,Brown Group,Finance,Small,USA,11/30/2022
3047,"Johnson, James and Townsend",Healthcare,Startup,Canada,6/16/2024
3048,Perez LLC,Marketing,Small,Germany,1/23/2023
3049,Bush Inc,Education,Large,India,1/2/2025
3050,"Avery, Johnson and Anderson",Consulting,Medium,Canada,10/12/2022
3051,Lambert Group,Manufacturing,Startup,Pakistan,4/1/2024
3052,Stevens-Eaton,Media,Startup,South Africa,3/23/2026
3053,"Spencer, Lyons and Rios",Education,Small,India,6/16/2026
3054,"Perry, Boyd and Duran",Retail,Small,UAE,9/14/2024
3055,Dawson LLC,Logistics,Small,Japan,3/13/2025
3056,Munoz PLC,Marketing,Small,Australia,5/4/2026
3057,Dickerson-Dorsey,Media,Medium,Germany,1/30/2025
3058,Peters-Hill,Logistics,Large,Australia,12/8/2022
3059,"King, Sherman and Odonnell",Marketing,Small,Netherlands,12/28/2025
3060,Wright-Jarvis,Technology,Large,Germany,11/19/2025
3061,Moses-Stanton,Consulting,Small,India,11/12/2024
3062,Martinez LLC,Education,Startup,UAE,12/15/2025
3063,"Elliott, Lewis and Parrish",Finance,Medium,UK,12/3/2024
3064,Cannon-Bell,Marketing,Medium,UK,8/3/2025
3065,Peterson-Wilson,Finance,Enterprise,Canada,5/4/2024
3066,"Smith, Keller and Davis",Consulting,Medium,USA,12/19/2025
3067,Carlson Inc,Manufacturing,Enterprise,Japan,8/5/2023
3068,Holland Ltd,Retail,Enterprise,USA,2/17/2024
3069,Hardy Group,Education,Medium,South Africa,1/2/2023
3070,Oconnell-Irwin,Consulting,Small,UK,3/12/2023
3071,"Smith, Ward and Woods",Consulting,Medium,Japan,8/13/2024
3072,Estrada-Roberson,Technology,Enterprise,India,5/26/2025
3073,Harmon and Sons,Logistics,Large,Netherlands,8/11/2024
3074,"Wallace, Li and Williams",Retail,Startup,Brazil,9/30/2022
3075,Davis-Williams,Education,Large,UAE,5/30/2023
3076,Scott-Smith,Manufacturing,Startup,Japan,5/20/2023
3077,"Snow, Donovan and Sanders",Manufacturing,Small,Canada,2/21/2026
3078,Taylor Ltd,Healthcare,Startup,India,11/4/2025
3079,Williams-Mcdonald,Consulting,Medium,USA,3/11/2024
3080,Lawrence-Miller,Marketing,Large,Canada,9/1/2025
3081,"Stewart, Johnson and Coffey",Technology,Small,Australia,3/8/2025
3082,"Smith, Davis and Sanchez",Retail,Startup,Brazil,11/20/2022
3083,Thomas PLC,Manufacturing,Small,France,4/4/2026
3084,"Hall, Tucker and Hughes",Education,Medium,Pakistan,8/2/2023
3085,Phillips-Adams,Healthcare,Small,Mexico,6/27/2023
3086,Bell-Miller,Education,Small,Brazil,5/26/2026
3087,Franco-Clements,Technology,Startup,Canada,10/20/2022
3088,Castro-Gonzalez,Marketing,Small,USA,9/4/2022
3089,"Nguyen, Green and Ochoa",Healthcare,Small,India,12/3/2025
3090,Knox Group,Healthcare,Medium,Australia,3/12/2026
3091,Smith-Franklin,Logistics,Startup,Pakistan,10/26/2024
3092,Cummings-Garrett,Retail,Medium,Brazil,1/19/2024
3093,Frederick LLC,Healthcare,Startup,Netherlands,11/2/2023
3094,"Roman, Clark and Harrington",Logistics,Small,Netherlands,4/24/2023
3095,Ross-Phillips,Logistics,Small,South Africa,5/22/2026
3096,"Ayala, Baker and Jackson",Technology,Medium,Japan,8/2/2022
3097,Allen Group,Finance,Enterprise,Pakistan,5/7/2025
3098,"Macdonald, Hart and Maxwell",Education,Enterprise,Canada,7/7/2022
3099,Peterson-Lyons,Marketing,Medium,Japan,1/17/2024
3100,Soto-Mckay,Media,Small,Pakistan,5/20/2025
3101,Bernard-Hawkins,Education,Large,Australia,10/17/2023
3102,Walker and Sons,Healthcare,Medium,UAE,8/8/2025
3103,Padilla Ltd,Marketing,Startup,Mexico,10/6/2024
3104,"Mcintyre, White and Williams",Manufacturing,Large,India,12/26/2024
3105,"Reid, Cohen and Henderson",Finance,Small,Canada,12/10/2023
3106,Graves Group,Manufacturing,Startup,Pakistan,6/23/2023
3107,"Tapia, Jordan and Cox",Manufacturing,Small,UAE,8/2/2023
3108,Hansen Group,Retail,Small,India,11/6/2023
3109,Smith Group,Education,Small,Germany,8/31/2024
3110,"Lewis, Rogers and Brown",Media,Startup,UAE,9/10/2024
3111,"Zhang, Davis and Strong",Technology,Startup,Germany,11/3/2023
3112,Zimmerman Inc,Media,Startup,Mexico,10/15/2024
3113,Peterson-Shields,Manufacturing,Medium,Germany,9/9/2025
3114,Carpenter-Clayton,Healthcare,Medium,UAE,8/3/2025
3115,"Miller, Payne and Gallegos",Finance,Small,Japan,12/21/2023
3116,"Barnes, Allen and Hill",Consulting,Startup,Pakistan,1/20/2025
3117,"Manning, King and Zamora",Media,Startup,Germany,6/20/2025
3118,"Munoz, Odom and Lang",Manufacturing,Enterprise,Japan,10/19/2023
3119,Rose-Cunningham,Finance,Small,Pakistan,10/9/2025
3120,Miller-Chavez,Marketing,Small,Netherlands,12/2/2022
3121,"Santiago, White and Clark",Education,Startup,Pakistan,7/9/2024
3122,Carroll-White,Logistics,Medium,India,3/1/2026
3123,Davis LLC,Retail,Small,Singapore,11/28/2024
3124,Walter-Walls,Finance,Startup,South Africa,11/29/2022
3125,Brown Inc,Healthcare,Startup,Australia,5/7/2023
3126,West Group,Healthcare,Small,Pakistan,6/24/2024
3127,Richards Group,Finance,Large,India,5/14/2023
3128,"Gates, Gay and Roberson",Healthcare,Large,France,5/28/2024
3129,"Casey, Perez and Barber",Education,Medium,Mexico,4/24/2024
3130,"Gonzalez, Reid and Harris",Healthcare,Medium,South Africa,5/20/2024
3131,"Horton, Kline and Casey",Media,Startup,South Africa,4/4/2025
3132,"Taylor, Barnett and Johnson",Logistics,Medium,Germany,12/29/2025
3133,Hill LLC,Healthcare,Medium,Japan,2/24/2023
3134,Davis-Mcintyre,Logistics,Startup,Mexico,10/31/2022
3135,Adams-French,Manufacturing,Large,Canada,10/29/2022
3136,Davis-Barker,Technology,Startup,Brazil,4/27/2025
3137,"Woods, Cohen and Myers",Education,Small,Pakistan,5/27/2024
3138,"Andrews, Harris and Garcia",Technology,Medium,UAE,3/29/2024
3139,Grimes PLC,Manufacturing,Medium,Germany,11/8/2025
3140,"Kirk, Blake and Ward",Education,Medium,Germany,10/20/2022
3141,Allison-Sanford,Finance,Startup,France,12/16/2024
3142,"Ramirez, Barrett and Todd",Finance,Large,Canada,5/11/2023
3143,Harrell-Mccarty,Logistics,Small,India,3/2/2023
3144,Graham Group,Manufacturing,Small,Netherlands,8/4/2023
3145,Silva-Huff,Logistics,Enterprise,France,5/10/2024
3146,Raymond PLC,Retail,Medium,Australia,3/19/2026
3147,Lane-Meyer,Healthcare,Startup,Germany,3/21/2026
3148,Ball Ltd,Consulting,Large,Pakistan,7/28/2023
3149,"Patel, Meyer and Singleton",Retail,Startup,Pakistan,5/25/2024
3150,Wilson-Williams,Healthcare,Startup,Mexico,6/4/2024
3151,"Pena, Brown and Austin",Education,Small,France,3/30/2023
3152,Medina PLC,Logistics,Enterprise,Mexico,11/26/2024
3153,Meyers Inc,Education,Startup,Australia,12/20/2022
3154,Zuniga-Briggs,Education,Medium,UK,6/18/2025
3155,"Saunders, Rodriguez and Dillon",Healthcare,Startup,USA,6/29/2025
3156,Miller LLC,Manufacturing,Medium,UAE,4/29/2025
3157,"Ford, Mclean and Baker",Healthcare,Small,UAE,5/4/2026
3158,Gordon-Taylor,Marketing,Medium,UK,3/20/2025
3159,Ponce-Wood,Finance,Startup,Germany,7/17/2025
3160,"Boyd, Harrison and Turner",Finance,Medium,South Africa,12/19/2023
3161,"Griffith, Miller and Diaz",Retail,Enterprise,India,3/6/2025
3162,Atkinson-Macias,Finance,Medium,Canada,2/28/2025
3163,Turner Group,Healthcare,Small,Mexico,11/23/2023
3164,Barker and Sons,Media,Enterprise,UK,11/8/2022
3165,"Garrett, Crane and Stone",Logistics,Startup,Australia,2/12/2026
3166,Cox-Luna,Healthcare,Medium,Brazil,7/18/2024
3167,"Keller, Walsh and Smith",Healthcare,Large,Pakistan,10/22/2024
3168,Wilson and Sons,Consulting,Startup,Netherlands,7/22/2022
3169,"Sanchez, Coleman and Houston",Logistics,Small,USA,11/10/2023
3170,Wright-Ryan,Marketing,Startup,Germany,6/28/2022
3171,"Church, Fuller and Gibson",Finance,Medium,Netherlands,5/14/2024
3172,Anderson-Morrison,Logistics,Medium,USA,1/9/2024
3173,"Marshall, Daniel and Carter",Finance,Small,Canada,11/10/2024
3174,"Smith, Diaz and Brooks",Retail,Small,Pakistan,7/29/2022
3175,Rhodes Inc,Logistics,Small,Australia,6/13/2024
3176,Landry-Blevins,Finance,Small,UAE,12/2/2022
3177,"Woodard, Vargas and Johnson",Marketing,Startup,Canada,3/25/2023
3178,"Lewis, Levy and Rogers",Technology,Large,UK,11/25/2024
3179,"Gomez, Stokes and Murray",Education,Startup,UAE,7/5/2025
3180,Rivera-Chavez,Education,Large,UAE,6/16/2026
3181,Williams-Proctor,Marketing,Medium,South Africa,5/16/2024
3182,Howard PLC,Consulting,Small,Australia,8/11/2023
3183,"Owen, Galvan and Gonzales",Technology,Medium,Japan,7/16/2022
3184,Barker and Sons,Retail,Small,Netherlands,4/5/2026
3185,"Mitchell, Little and French",Marketing,Small,UK,3/31/2024
3186,Adams-Cook,Education,Startup,France,1/9/2026
3187,"Foster, Jimenez and Giles",Education,Small,Netherlands,11/15/2024
3188,"Moore, Young and Gregory",Education,Startup,Canada,8/20/2025
3189,Mills-Robbins,Manufacturing,Startup,India,9/22/2022
3190,Smith-Ferguson,Marketing,Small,Singapore,11/23/2025
3191,"Hart, Chaney and Best",Healthcare,Startup,Brazil,10/4/2025
3192,Scott Ltd,Retail,Small,Pakistan,9/19/2024
3193,Erickson-Peterson,Education,Startup,Australia,11/5/2024
3194,"Payne, Hernandez and Williams",Finance,Startup,Pakistan,8/18/2024
3195,Stein-Watts,Marketing,Startup,Canada,8/12/2025
3196,Patterson Inc,Manufacturing,Enterprise,UK,11/4/2025
3197,Peterson-Powell,Marketing,Startup,India,6/26/2024
3198,Baird-Mccoy,Retail,Medium,Singapore,5/7/2025
3199,Marshall-Johnson,Manufacturing,Startup,Mexico,7/21/2025
3200,"Molina, Stanley and Hunt",Retail,Enterprise,USA,10/4/2022
3201,Knox Inc,Marketing,Startup,India,10/13/2025
3202,Cook Inc,Healthcare,Enterprise,Australia,9/26/2023
3203,Cardenas-Barker,Retail,Medium,Pakistan,1/30/2026
3204,"Hunter, Casey and Taylor",Manufacturing,Startup,India,11/6/2022
3205,"Davis, Davidson and Kaiser",Manufacturing,Large,Germany,7/23/2024
3206,Fernandez-Bates,Retail,Small,UK,12/8/2022
3207,"Watts, Brown and Hull",Media,Small,UK,7/27/2025
3208,Pope and Sons,Marketing,Large,Netherlands,9/20/2024
3209,"Garcia, Miller and Michael",Media,Enterprise,Germany,11/3/2024
3210,Hopkins and Sons,Consulting,Small,Netherlands,11/15/2022
3211,Roman-Bishop,Marketing,Small,UAE,9/29/2022
3212,Morgan PLC,Retail,Large,UAE,10/18/2023
3213,Torres-Richards,Technology,Medium,South Africa,10/31/2024
3214,"Griffin, Holmes and Frazier",Retail,Large,Canada,5/9/2024
3215,Watson PLC,Media,Medium,France,11/27/2023
3216,Williams Group,Healthcare,Startup,USA,8/14/2023
3217,Gonzalez Group,Retail,Enterprise,Germany,7/7/2025
3218,Cruz-Lowe,Retail,Startup,Canada,6/23/2026
3219,"Jones, Harris and Johnston",Healthcare,Small,Pakistan,11/24/2022
3220,Bailey Ltd,Retail,Small,Germany,2/20/2026
3221,"Curtis, Torres and Ferrell",Education,Medium,France,4/5/2025
3222,Bishop Inc,Technology,Startup,Brazil,8/24/2025
3223,"Mclaughlin, Fitzgerald and Henry",Finance,Large,Germany,3/10/2025
3224,Hensley-Hoffman,Technology,Small,France,3/4/2025
3225,White-Santos,Retail,Small,France,11/7/2022
3226,Gutierrez-Stone,Education,Large,France,8/29/2025
3227,"Perez, Gray and Bennett",Marketing,Small,Brazil,12/27/2025
3228,Martin Group,Retail,Startup,UK,2/19/2024
3229,"Smith, Evans and Malone",Media,Startup,India,6/20/2024
3230,Lopez-Hogan,Education,Enterprise,UK,7/8/2025
3231,Ward and Sons,Healthcare,Startup,Canada,10/20/2024
3232,Riley Inc,Education,Small,UK,1/10/2026
3233,Mckenzie PLC,Healthcare,Small,Brazil,4/14/2025
3234,Mendoza-Davis,Consulting,Small,UK,5/30/2026
3235,Williams Inc,Finance,Startup,Pakistan,8/7/2024
3236,"Cox, Kelly and Smith",Logistics,Small,Germany,3/10/2024
3237,"Acosta, Fletcher and Johnson",Education,Small,UK,5/21/2025
3238,"Morgan, Brock and Sandoval",Manufacturing,Enterprise,Singapore,11/16/2024
3239,"Woodward, Lewis and Hurst",Media,Startup,France,4/2/2025
3240,Summers Group,Retail,Small,Germany,4/5/2025
3241,Cox Inc,Media,Small,UAE,4/20/2024
3242,"Padilla, Rojas and Anderson",Technology,Small,Pakistan,4/30/2024
3243,Hess-Taylor,Logistics,Medium,Brazil,4/12/2023
3244,"Chung, Moran and Larson",Technology,Startup,India,9/2/2023
3245,"Parker, Reed and Anthony",Consulting,Startup,Netherlands,4/16/2024
3246,Hayes Group,Logistics,Medium,Pakistan,4/12/2023
3247,Wilcox-Schultz,Logistics,Small,South Africa,8/17/2023
3248,Knox-Crosby,Technology,Small,France,9/3/2023
3249,Moore-Bell,Healthcare,Startup,Germany,11/21/2025
3250,Torres-Hall,Technology,Startup,India,12/22/2023
3251,Ayala-Moore,Media,Startup,USA,4/10/2025
3252,"Allen, Flores and Richardson",Healthcare,Startup,Australia,11/5/2024
3253,Powell-Fox,Media,Medium,Netherlands,7/3/2023
3254,Cruz Group,Consulting,Large,Pakistan,12/6/2024
3255,Hill PLC,Retail,Small,India,12/15/2025
3256,Hughes-Phillips,Marketing,Small,Canada,10/8/2024
3257,"Burton, Cruz and Willis",Healthcare,Startup,Japan,3/21/2026
3258,"Murphy, Cooper and Wallace",Consulting,Small,South Africa,6/11/2026
3259,"Wood, Erickson and Rivera",Manufacturing,Startup,Japan,10/26/2022
3260,Mckinney PLC,Consulting,Enterprise,India,10/27/2023
3261,Barnes-Armstrong,Technology,Medium,South Africa,12/30/2023
3262,"Webb, Mendez and Chambers",Technology,Enterprise,Australia,5/27/2023
3263,"Sullivan, Landry and Chambers",Marketing,Large,South Africa,2/1/2024
3264,"Small, Ferrell and Hendricks",Consulting,Small,France,5/25/2025
3265,King-Jenkins,Finance,Small,Germany,8/14/2025
3266,Hayes-Shaw,Retail,Startup,USA,7/14/2022
3267,Cummings-Castillo,Technology,Small,South Africa,9/22/2024
3268,Noble PLC,Marketing,Enterprise,Canada,8/10/2023
3269,Marshall-Moreno,Retail,Startup,Netherlands,11/19/2025
3270,"Mcdaniel, Wilson and Davis",Consulting,Large,India,4/30/2025
3271,Moore-Parker,Consulting,Small,Singapore,10/4/2025
3272,"Stone, Gordon and Burnett",Logistics,Large,UK,5/7/2026
3273,"Martinez, Fowler and Medina",Marketing,Enterprise,France,6/14/2024
3274,Bentley-Moore,Technology,Medium,Pakistan,6/29/2025
3275,Long LLC,Finance,Medium,South Africa,9/15/2023
3276,Jefferson LLC,Consulting,Small,South Africa,2/12/2024
3277,Taylor LLC,Finance,Large,Pakistan,9/1/2022
3278,Arnold-Rivera,Consulting,Enterprise,Australia,5/13/2026
3279,Gonzalez-Hendrix,Technology,Large,France,4/20/2026
3280,Smith Inc,Retail,Medium,South Africa,12/23/2023
3281,Blair-Jacobs,Education,Medium,Canada,10/19/2025
3282,Fuller PLC,Retail,Large,UAE,4/20/2025
3283,"Buchanan, Johnson and Johnson",Consulting,Small,USA,8/17/2022
3284,Martin PLC,Media,Large,Brazil,12/14/2025
3285,Smith-Bonilla,Education,Small,Canada,9/19/2023
3286,Boyle and Sons,Education,Startup,South Africa,1/25/2024
3287,Bailey-Chase,Finance,Small,USA,3/31/2023
3288,Campos-Savage,Marketing,Small,Mexico,3/17/2025
3289,"Moreno, Thompson and Walter",Finance,Startup,Germany,6/18/2024
3290,"Peterson, Wells and Campos",Finance,Startup,Germany,5/22/2025
3291,"Haynes, Mccarty and Hart",Media,Small,France,5/1/2026
3292,Perez Group,Retail,Startup,France,4/25/2025
3293,Moody PLC,Retail,Small,Pakistan,7/20/2022
3294,"Eaton, Smith and Turner",Manufacturing,Medium,Brazil,6/1/2024
3295,Smith-Ramsey,Consulting,Enterprise,Netherlands,6/18/2023
3296,"Griffin, Mitchell and Tucker",Media,Medium,Brazil,8/24/2024
3297,"Hanna, Lewis and Sanders",Manufacturing,Enterprise,UK,5/22/2025
3298,Harmon-Carter,Technology,Medium,Australia,6/28/2024
3299,Kerr and Sons,Consulting,Small,Mexico,1/24/2026
3300,Wilson Group,Consulting,Medium,South Africa,3/3/2025
3301,"Hess, Foley and Scott",Logistics,Medium,Mexico,5/21/2024
3302,Ware Group,Logistics,Small,UK,10/22/2022
3303,"Williams, Smith and Mendoza",Healthcare,Startup,South Africa,11/26/2025
3304,"Silva, Manning and Nielsen",Healthcare,Medium,Canada,5/13/2024
3305,Andrews Ltd,Finance,Startup,Pakistan,9/13/2022
3306,Anderson Ltd,Technology,Medium,USA,8/4/2025
3307,"Gibbs, Bass and Haas",Education,Startup,UAE,11/28/2025
3308,Mitchell PLC,Education,Medium,Brazil,7/6/2022
3309,Wilson LLC,Logistics,Small,India,4/15/2024
3310,Gilbert Ltd,Logistics,Startup,Mexico,11/20/2022
3311,Tyler and Sons,Logistics,Small,Singapore,9/30/2022
3312,"Martinez, Hurley and Cruz",Media,Medium,South Africa,10/1/2023
3313,Baker-Bryant,Marketing,Large,Netherlands,11/23/2024
3314,Ruiz-Massey,Healthcare,Large,Mexico,4/12/2023
3315,Thomas and Sons,Media,Small,Brazil,8/6/2023
3316,Hernandez Inc,Retail,Medium,Germany,9/12/2022
3317,"Young, Burgess and Warren",Education,Small,UK,6/5/2024
3318,Johns-Garcia,Consulting,Small,Australia,5/3/2024
3319,Conway-Estes,Healthcare,Startup,UAE,8/26/2022
3320,Rodriguez Group,Manufacturing,Medium,Netherlands,8/13/2024
3321,"Sanchez, Gomez and Whitney",Retail,Small,UAE,1/11/2026
3322,"Wallace, Guzman and Day",Healthcare,Startup,Germany,3/4/2024
3323,Spencer Ltd,Media,Medium,Singapore,8/19/2023
3324,Green-White,Technology,Medium,France,12/30/2024
3325,"Gonzalez, Rodriguez and Knight",Consulting,Small,Brazil,6/28/2025
3326,Hunter-House,Healthcare,Startup,South Africa,7/9/2025
3327,Fisher PLC,Marketing,Small,UAE,9/17/2024
3328,"Walker, Anderson and Davis",Logistics,Small,Canada,2/29/2024
3329,"Klein, Campbell and Decker",Logistics,Medium,Canada,1/29/2024
3330,"Ortiz, Hernandez and Robinson",Consulting,Small,France,12/11/2023
3331,"Lambert, Hernandez and Bryant",Media,Medium,USA,3/14/2026
3332,Barrett Inc,Logistics,Large,Pakistan,4/1/2024
3333,Young Ltd,Healthcare,Startup,France,3/16/2026
3334,"Blankenship, Cunningham and Parker",Manufacturing,Enterprise,Mexico,9/19/2024
3335,Mccall-Williams,Education,Small,Singapore,1/13/2025
3336,"Jones, Mayer and Solis",Education,Small,Canada,3/11/2025
3337,"Wilcox, Rangel and Roberts",Retail,Small,Mexico,5/29/2025
3338,Horn PLC,Finance,Startup,UAE,5/8/2026
3339,"Meyer, Keller and Lawrence",Technology,Startup,Canada,5/28/2024
3340,Hughes and Sons,Consulting,Small,India,11/3/2023
3341,Bennett Group,Retail,Large,Pakistan,4/28/2025
3342,"Rose, Torres and Black",Finance,Enterprise,Japan,4/26/2023
3343,"Gomez, Smith and Rodriguez",Media,Medium,Australia,12/22/2025
3344,Garcia-Cordova,Marketing,Startup,Japan,1/21/2024
3345,"Johnson, Thomas and Molina",Marketing,Medium,Brazil,2/28/2026
3346,Gardner and Sons,Technology,Medium,India,5/16/2025
3347,Fernandez-Smith,Logistics,Large,Brazil,2/12/2026
3348,Burke-Davis,Healthcare,Large,USA,7/16/2022
3349,Thornton-Perez,Retail,Large,Germany,5/21/2025
3350,Hester LLC,Retail,Small,South Africa,7/15/2023
3351,Brandt-Oliver,Consulting,Medium,India,9/26/2024
3352,"Rodriguez, Hooper and Gross",Consulting,Small,USA,3/25/2026
3353,"Green, Holt and Thomas",Marketing,Enterprise,South Africa,3/2/2026
3354,Jones Group,Marketing,Startup,USA,3/15/2026
3355,Taylor Ltd,Manufacturing,Startup,Brazil,12/23/2022
3356,"Neal, Lang and Perez",Manufacturing,Startup,Australia,11/28/2024
3357,"Brooks, Allen and Wilson",Logistics,Large,Germany,10/7/2023
3358,Hopkins-Stuart,Manufacturing,Small,UK,4/24/2025
3359,"Harding, Thompson and Mosley",Healthcare,Small,Mexico,4/2/2026
3360,Powers-Greer,Healthcare,Enterprise,Netherlands,3/11/2026
3361,Moore-Knight,Retail,Enterprise,France,8/17/2024
3362,Evans-Mendez,Education,Small,UAE,3/21/2023
3363,"Harrell, Smith and Hanson",Healthcare,Startup,Singapore,11/21/2022
3364,King and Sons,Finance,Large,Singapore,2/11/2024
3365,"Moore, White and Flowers",Marketing,Enterprise,Mexico,5/9/2024
3366,"Gonzalez, Mccarty and Bryant",Consulting,Small,Japan,7/9/2023
3367,Wright PLC,Manufacturing,Medium,Japan,8/14/2024
3368,"Berry, Lawson and Blair",Retail,Small,Mexico,5/28/2025
3369,Stokes Group,Technology,Large,Brazil,4/18/2026
3370,King-Winters,Consulting,Medium,Singapore,2/17/2025
3371,Skinner-Beard,Finance,Small,UK,6/27/2024
3372,Gregory-Fisher,Manufacturing,Startup,France,5/16/2025
3373,"Owens, Johnson and Wagner",Finance,Enterprise,Singapore,8/25/2022
3374,Hernandez-Moore,Marketing,Medium,France,4/28/2025
3375,Hernandez Ltd,Marketing,Startup,UAE,8/22/2022
3376,"Dickerson, Perez and Schmidt",Logistics,Medium,Brazil,2/18/2025
3377,Maldonado PLC,Retail,Medium,Mexico,3/26/2026
3378,Horton PLC,Consulting,Small,Singapore,5/28/2025
3379,Smith Ltd,Media,Medium,Brazil,3/10/2025
3380,"Whitehead, Chavez and Harris",Media,Medium,Germany,10/3/2022
3381,Smith Group,Consulting,Enterprise,USA,6/23/2023
3382,Nolan-Clarke,Technology,Startup,Singapore,4/12/2026
3383,"Stone, Smith and Ferguson",Retail,Startup,France,4/18/2025
3384,Hoffman-Roth,Finance,Startup,USA,12/4/2025
3385,"Norman, Hernandez and Rodriguez",Technology,Medium,Australia,4/11/2024
3386,"Harvey, Hatfield and Walton",Education,Medium,Mexico,12/8/2022
3387,"Howard, Holmes and Johnson",Consulting,Large,Singapore,6/16/2023
3388,Vasquez Group,Finance,Medium,Singapore,7/15/2023
3389,Duncan-Davis,Media,Small,Netherlands,2/9/2026
3390,Mejia-Fields,Healthcare,Enterprise,India,7/26/2025
3391,Bates Inc,Logistics,Small,USA,4/14/2026
3392,"Lewis, Shaw and Hayes",Media,Large,Singapore,6/17/2026
3393,"Johnson, Gray and Johnson",Retail,Small,Germany,6/7/2026
3394,Oneill and Sons,Marketing,Medium,UAE,2/14/2026
3395,"Davis, Soto and Hall",Healthcare,Medium,South Africa,3/1/2023
3396,Hahn Ltd,Logistics,Medium,USA,11/17/2023
3397,Medina LLC,Logistics,Startup,UAE,10/8/2022
3398,Garza PLC,Education,Small,Pakistan,10/10/2025
3399,Brooks-Davis,Education,Medium,France,11/4/2023
3400,Gentry-Adams,Manufacturing,Large,Australia,6/30/2023
3401,Valdez-Hull,Media,Small,India,7/17/2023
3402,"Walker, Kidd and Rocha",Media,Enterprise,Germany,9/12/2023
3403,Crawford LLC,Media,Small,Japan,6/26/2023
3404,"Lewis, Johnson and Golden",Manufacturing,Small,Japan,3/21/2025
3405,"Oneal, Miles and Woodard",Technology,Large,Australia,7/22/2022
3406,Becker PLC,Logistics,Medium,India,6/8/2023
3407,Stone-Johnson,Healthcare,Enterprise,Brazil,4/7/2024
3408,"Ward, Reyes and Hill",Retail,Medium,Netherlands,4/23/2025
3409,"Howell, Walters and Bird",Logistics,Small,Australia,12/9/2022
3410,"Morrow, Nelson and Phelps",Education,Startup,Brazil,7/3/2024
3411,Johnson-Davis,Finance,Small,South Africa,10/13/2025
3412,Parker-Lowe,Marketing,Small,Netherlands,8/28/2025
3413,Cochran-Little,Manufacturing,Medium,Mexico,8/12/2023
3414,Turner LLC,Consulting,Startup,Australia,5/5/2026
3415,Morrison and Sons,Finance,Startup,Canada,9/14/2024
3416,Parks-Howell,Retail,Startup,France,2/15/2024
3417,Hampton PLC,Media,Startup,UK,6/16/2025
3418,Butler-Mullins,Education,Small,India,7/3/2024
3419,"Christensen, Harrell and Gonzalez",Education,Large,Germany,3/7/2026
3420,Rangel-Casey,Education,Large,USA,10/15/2024
3421,Gonzalez-Stokes,Media,Medium,Mexico,10/16/2025
3422,"Jordan, Wright and Taylor",Consulting,Large,Mexico,11/5/2023
3423,"Smith, James and Haynes",Manufacturing,Small,Australia,3/11/2026
3424,Mclaughlin Ltd,Finance,Large,Australia,2/25/2025
3425,Hernandez-Gutierrez,Media,Startup,India,3/29/2023
3426,Turner-Carpenter,Retail,Small,Netherlands,9/21/2025
3427,Jimenez-Marquez,Manufacturing,Medium,Brazil,2/12/2025
3428,Moore and Sons,Retail,Startup,Pakistan,12/22/2022
3429,Scott LLC,Manufacturing,Medium,Netherlands,4/28/2025
3430,"Wilson, Campbell and Owens",Consulting,Small,UK,3/21/2026
3431,"Green, Mendoza and Caldwell",Marketing,Large,Japan,5/7/2025
3432,"Mendoza, Hoffman and Drake",Retail,Small,Australia,1/31/2025
3433,"Fuller, Campbell and Johnson",Media,Startup,Singapore,4/15/2026
3434,"Campbell, Thomas and Doyle",Manufacturing,Medium,Canada,11/8/2024
3435,"Barber, Alvarez and Cohen",Education,Small,South Africa,6/18/2024
3436,Yates-Hurley,Logistics,Small,Japan,3/6/2026
3437,"Kerr, Coleman and Villegas",Education,Startup,UAE,8/2/2024
3438,"Mcdowell, Williams and Graham",Technology,Medium,Canada,9/19/2023
3439,Ramsey and Sons,Marketing,Medium,UK,4/6/2024
3440,Solis-Bennett,Marketing,Small,Mexico,9/14/2022
3441,"Jones, Jacobs and Holmes",Education,Enterprise,Netherlands,1/13/2023
3442,Pittman-Caldwell,Finance,Large,Netherlands,5/20/2023
3443,Fletcher Group,Consulting,Medium,South Africa,2/1/2023
3444,Moore-Carlson,Retail,Medium,Singapore,6/1/2025
3445,Fields-Martin,Media,Small,Mexico,3/10/2026
3446,Booker Ltd,Marketing,Medium,Mexico,10/15/2024
3447,Collins Inc,Education,Startup,Canada,5/19/2024
3448,Chase-Frazier,Education,Startup,UAE,3/4/2024
3449,Christian Inc,Consulting,Enterprise,USA,10/16/2022
3450,Braun-Freeman,Consulting,Medium,France,2/15/2024
3451,Hill PLC,Healthcare,Small,USA,2/12/2024
3452,"George, Osborn and Murphy",Healthcare,Small,France,11/9/2024
3453,Gordon Ltd,Finance,Medium,Pakistan,1/18/2026
3454,Jennings-Martinez,Finance,Startup,Pakistan,10/18/2024
3455,Fletcher-Brown,Technology,Startup,Brazil,12/22/2022
3456,Hutchinson Inc,Finance,Startup,Pakistan,6/27/2022
3457,Davis-Mitchell,Manufacturing,Small,Canada,12/4/2022
3458,Vargas Inc,Consulting,Medium,Pakistan,9/13/2023
3459,Lee-Mann,Media,Startup,Mexico,3/7/2024
3460,"Beasley, Glass and Clark",Manufacturing,Medium,France,9/27/2023
3461,Hunter Inc,Retail,Startup,Netherlands,1/29/2025
3462,Wilson-Yates,Education,Medium,USA,10/19/2024
3463,Clark-Vega,Finance,Enterprise,India,3/31/2025
3464,"Bell, Davis and Robinson",Education,Medium,South Africa,7/16/2022
3465,"Keller, Hill and Brown",Marketing,Large,Australia,9/24/2023
3466,"Cannon, Ball and Conrad",Technology,Enterprise,France,10/1/2025
3467,"Jones, Glover and Walker",Marketing,Small,USA,6/29/2024
3468,Martin-Jones,Technology,Medium,Japan,7/20/2022
3469,Nelson-Gregory,Healthcare,Large,Japan,5/22/2025
3470,Bryant-Griffith,Education,Small,USA,4/15/2024
3471,Chandler PLC,Technology,Small,Australia,5/1/2024
3472,Thomas Ltd,Logistics,Enterprise,Singapore,7/4/2022
3473,Hernandez-Lambert,Manufacturing,Medium,Mexico,3/23/2025
3474,"Larsen, Johnson and Butler",Technology,Startup,India,6/22/2025
3475,Aguilar-Turner,Technology,Small,Singapore,2/1/2023
3476,"Yu, Rice and Mack",Manufacturing,Large,Singapore,9/29/2025
3477,Jackson-Brown,Education,Small,USA,10/26/2022
3478,Harris Ltd,Education,Medium,UAE,12/30/2024
3479,"Dickson, Salas and Clark",Manufacturing,Large,Netherlands,1/13/2026
3480,Morgan-Gill,Marketing,Medium,Germany,10/11/2022
3481,Lewis-Williams,Logistics,Small,France,3/11/2024
3482,Morgan-Williams,Media,Medium,Canada,8/30/2022
3483,Robinson-Obrien,Retail,Medium,Japan,3/27/2024
3484,"Smith, Caldwell and Blackwell",Logistics,Medium,Mexico,3/12/2025
3485,Shaw LLC,Education,Small,Singapore,7/29/2025
3486,"Fisher, Kennedy and Smith",Media,Small,South Africa,3/8/2023
3487,Vincent-Thomas,Healthcare,Enterprise,Pakistan,9/30/2023
3488,Mcdonald PLC,Finance,Startup,Japan,12/17/2023
3489,Brock LLC,Technology,Small,Canada,12/20/2025
3490,Miller-Gutierrez,Manufacturing,Small,UK,3/12/2025
3491,Morris-Smith,Manufacturing,Large,Netherlands,10/22/2025
3492,Cortez-Welch,Technology,Startup,Mexico,1/24/2024
3493,"Camacho, Hawkins and Carter",Finance,Small,Netherlands,1/15/2026
3494,"Madden, Wood and Jackson",Retail,Startup,UAE,11/11/2025
3495,Alvarado-Simmons,Finance,Medium,Canada,12/19/2024
3496,Herrera-Torres,Media,Startup,Japan,6/13/2026
3497,"Meyer, Lowe and Bird",Finance,Small,Australia,5/22/2025
3498,Williams Inc,Media,Small,Mexico,5/24/2025
3499,"Coffey, Thompson and Nguyen",Finance,Large,Germany,4/25/2023
3500,Young LLC,Retail,Small,India,3/21/2025
3501,"Randolph, Kaiser and Evans",Retail,Startup,Japan,3/22/2024
3502,Scott Ltd,Education,Small,Japan,4/5/2024
3503,Navarro Group,Technology,Enterprise,Australia,3/10/2023
3504,Dixon LLC,Retail,Medium,Singapore,7/10/2023
3505,Fry-Bennett,Media,Enterprise,Japan,2/23/2023
3506,Dougherty PLC,Retail,Large,UAE,4/25/2025
3507,"Robinson, Kidd and Taylor",Education,Startup,Japan,4/8/2023
3508,Perez-Ortiz,Manufacturing,Medium,UAE,1/15/2024
3509,Johnston Inc,Media,Small,Singapore,9/10/2024
3510,"Evans, Jackson and Hamilton",Education,Medium,Germany,11/11/2022
3511,Armstrong-Scott,Marketing,Small,USA,1/21/2024
3512,"Marshall, Griffin and James",Marketing,Small,Canada,7/1/2024
3513,Carter Inc,Healthcare,Enterprise,Pakistan,9/22/2024
3514,Morales Ltd,Finance,Startup,Japan,5/17/2026
3515,"Smith, Smith and Hebert",Technology,Large,Singapore,11/18/2024
3516,Jimenez Ltd,Consulting,Startup,Pakistan,10/26/2024
3517,Adams and Sons,Logistics,Startup,Japan,3/6/2026
3518,Ward Inc,Education,Large,Netherlands,5/23/2023
3519,Ochoa-Perez,Manufacturing,Medium,Canada,11/23/2022
3520,"Martin, Edwards and Davis",Logistics,Medium,Germany,1/27/2026
3521,"Smith, Duncan and Smith",Manufacturing,Startup,USA,8/3/2023
3522,Gutierrez-Kelly,Logistics,Small,India,11/8/2023
3523,Jenkins LLC,Education,Medium,Germany,4/13/2023
3524,"Hancock, Anderson and Smith",Consulting,Medium,Brazil,3/13/2026
3525,Wilcox Ltd,Logistics,Small,Japan,3/1/2023
3526,"Murray, Hughes and Carrillo",Education,Enterprise,Pakistan,11/13/2025
3527,Rowe Ltd,Retail,Medium,UAE,5/19/2025
3528,"Pierce, Barrett and Johnson",Consulting,Enterprise,Mexico,12/3/2025
3529,"Clark, Black and Gross",Media,Medium,UAE,11/17/2023
3530,Thompson Group,Manufacturing,Medium,UK,4/23/2026
3531,Johnson-Gilmore,Marketing,Startup,France,4/1/2024
3532,Cain-Carter,Finance,Small,Australia,4/1/2026
3533,Parker and Sons,Marketing,Large,Australia,10/15/2025
3534,Gutierrez-Flores,Consulting,Startup,Singapore,3/22/2026
3535,"Johnson, Jordan and Cole",Media,Startup,Pakistan,4/30/2023
3536,Powers-Little,Manufacturing,Small,Australia,4/23/2024
3537,Lopez PLC,Media,Startup,Australia,8/31/2023
3538,"Boyer, Ramirez and Stone",Logistics,Enterprise,Germany,1/15/2025
3539,Rhodes-Gonzalez,Manufacturing,Large,India,10/10/2023
3540,Clark-Hill,Logistics,Small,Japan,9/6/2025
3541,"Moreno, Murphy and Phillips",Education,Startup,Japan,3/17/2025
3542,"Harrison, Singh and Bryan",Consulting,Medium,Pakistan,5/26/2023
3543,"Sherman, Terry and Hernandez",Education,Medium,UK,2/18/2025
3544,Small Group,Healthcare,Enterprise,India,10/21/2025
3545,Koch-Lara,Media,Medium,UK,3/1/2026
3546,Mckinney-Anderson,Logistics,Small,Pakistan,6/10/2023
3547,"Beck, Turner and Freeman",Retail,Small,USA,11/12/2022
3548,Johnson and Sons,Education,Enterprise,USA,11/11/2025
3549,"Rodriguez, Casey and Stephens",Healthcare,Medium,Japan,12/14/2024
3550,Cox and Sons,Technology,Medium,Australia,3/5/2026
3551,Hughes PLC,Marketing,Startup,Singapore,9/15/2022
3552,Jones-Browning,Manufacturing,Medium,UAE,1/4/2026
3553,"Glover, Edwards and Walker",Healthcare,Large,Mexico,8/1/2025
3554,"Deleon, Romero and Jackson",Consulting,Small,Japan,4/23/2024
3555,Harrison Ltd,Education,Small,Germany,6/7/2026
3556,Huerta-Delgado,Consulting,Small,Australia,7/7/2022
3557,Berry-Fernandez,Marketing,Small,Mexico,1/20/2025
3558,Aguilar Inc,Retail,Startup,France,7/21/2024
3559,Campbell Ltd,Media,Small,Mexico,10/15/2022
3560,Garcia-Fry,Media,Medium,Netherlands,12/26/2022
3561,"Bryant, Mcintyre and Thomas",Consulting,Startup,USA,5/15/2024
3562,Arias-Noble,Logistics,Small,Australia,8/1/2025
3563,Wood Group,Retail,Large,UAE,6/22/2023
3564,Brennan Ltd,Media,Medium,Netherlands,8/25/2023
3565,Rasmussen Group,Retail,Medium,Netherlands,4/10/2024
3566,"Davis, Wright and Barber",Healthcare,Small,Mexico,10/14/2022
3567,Case-Johnson,Retail,Medium,UK,4/17/2026
3568,Pugh-Harmon,Finance,Startup,Brazil,2/13/2026
3569,"Miller, Cruz and Adams",Marketing,Large,Netherlands,7/21/2023
3570,"Roberts, Campbell and Terry",Media,Startup,UK,8/18/2025
3571,Shaw-Fitzpatrick,Retail,Medium,Japan,1/3/2023
3572,"Vargas, Harrison and Steele",Consulting,Small,Canada,7/8/2023
3573,Waters-Lyons,Technology,Medium,South Africa,5/17/2025
3574,Sellers-Ward,Finance,Small,Germany,9/28/2023
3575,Hernandez-Delgado,Finance,Small,Singapore,11/11/2023
3576,Strong-Ramirez,Logistics,Startup,UK,7/23/2022
3577,Mckinney LLC,Retail,Medium,Mexico,9/4/2022
3578,"Johnson, Lopez and Johnson",Logistics,Enterprise,Canada,6/26/2024
3579,"Johnson, Odonnell and Osborne",Logistics,Large,USA,8/31/2024
3580,Moyer Inc,Technology,Startup,UK,11/11/2024
3581,Wright-Lawrence,Healthcare,Small,Singapore,7/26/2025
3582,"Miller, Reyes and Hobbs",Retail,Enterprise,Australia,3/23/2023
3583,Harrison-Bell,Education,Small,UAE,11/24/2025
3584,"Bowen, Ortiz and Montgomery",Media,Medium,Brazil,10/12/2022
3585,"Kemp, Anderson and Matthews",Logistics,Enterprise,France,8/19/2025
3586,Harper-Murphy,Marketing,Large,Netherlands,2/9/2024
3587,"Soto, Mcdowell and Watson",Manufacturing,Small,UK,7/8/2025
3588,Higgins-Clarke,Marketing,Small,Japan,1/13/2024
3589,"Nolan, Scott and Thomas",Technology,Small,France,2/29/2024
3590,"Santos, Ryan and Stevenson",Technology,Medium,France,7/8/2024
3591,"Quinn, Mccullough and Smith",Consulting,Small,France,12/4/2022
3592,Brock-Reid,Healthcare,Startup,Mexico,5/28/2026
3593,"Tucker, Reid and Willis",Media,Small,Mexico,6/2/2026
3594,Sanchez Group,Logistics,Startup,India,1/26/2024
3595,"Taylor, Perez and Ortiz",Marketing,Medium,France,4/27/2024
3596,"Hendricks, Yoder and Fisher",Manufacturing,Medium,India,12/12/2022
3597,King-Cooper,Technology,Small,UAE,8/16/2022
3598,Walton Ltd,Technology,Small,France,9/24/2023
3599,Taylor Group,Healthcare,Enterprise,Canada,1/31/2025
3600,Nichols-Brown,Manufacturing,Startup,France,1/1/2024
3601,"Walters, Cantrell and Gonzales",Manufacturing,Large,Pakistan,6/18/2023
3602,"Black, Garcia and Garcia",Healthcare,Enterprise,Mexico,9/17/2022
3603,"Ford, Campbell and Lawrence",Technology,Small,Germany,1/10/2025
3604,"Torres, Maxwell and Chase",Media,Medium,Canada,10/7/2025
3605,"Welch, Kirby and Gibbs",Retail,Enterprise,Singapore,9/14/2023
3606,Guzman-Reed,Retail,Startup,UK,7/17/2022
3607,"Howell, May and Hunter",Healthcare,Small,UAE,9/8/2025
3608,"Salazar, Lopez and White",Manufacturing,Small,UAE,2/14/2024
3609,Haynes Group,Logistics,Small,Pakistan,8/22/2025
3610,Miller-Martinez,Healthcare,Large,Pakistan,12/11/2022
3611,Dougherty-Rogers,Media,Large,Pakistan,8/15/2024
3612,"Wolfe, Cox and Mendez",Healthcare,Large,Pakistan,6/2/2025
3613,"Jackson, Curry and James",Finance,Startup,Pakistan,3/30/2023
3614,Patterson-Vega,Marketing,Startup,USA,9/8/2025
3615,Carroll-Mendoza,Manufacturing,Medium,Australia,11/24/2023
3616,Jones Ltd,Consulting,Startup,Mexico,8/11/2023
3617,"Drake, Morrow and Bird",Consulting,Medium,UAE,4/10/2024
3618,Ramirez-Escobar,Manufacturing,Small,Pakistan,4/2/2023
3619,Thomas-Burns,Media,Medium,UK,5/5/2023
3620,Jones LLC,Finance,Medium,Brazil,5/10/2023
3621,Wright-Watson,Finance,Small,USA,10/30/2023
3622,"Sanchez, Campbell and Burns",Technology,Startup,Canada,8/21/2023
3623,Mendez Ltd,Marketing,Small,Brazil,11/13/2025
3624,Martinez Ltd,Retail,Small,Netherlands,12/27/2023
3625,"Holland, Lewis and Smith",Education,Medium,Canada,4/10/2023
3626,Barnett-Howard,Media,Large,India,3/23/2024
3627,Reyes Inc,Education,Large,Mexico,1/21/2024
3628,"Davis, Bauer and Green",Education,Enterprise,Australia,8/28/2024
3629,Hernandez-Solomon,Manufacturing,Small,Brazil,3/28/2023
3630,"Stanton, Taylor and Rivera",Consulting,Startup,Canada,4/14/2024
3631,Johnson-Mitchell,Consulting,Small,Pakistan,4/3/2025
3632,Nguyen-Hart,Retail,Medium,Netherlands,10/9/2022
3633,Willis-Warren,Manufacturing,Small,UAE,10/11/2025
3634,Powers LLC,Education,Large,Netherlands,7/27/2025
3635,"Boyer, Hernandez and Franklin",Logistics,Small,India,12/25/2024
3636,"Fowler, Graham and Adams",Consulting,Enterprise,Germany,1/13/2024
3637,"Thompson, Mason and Nguyen",Media,Enterprise,South Africa,7/12/2022
3638,Smith-Mckenzie,Media,Startup,South Africa,1/15/2024
3639,"Mcmahon, Hansen and Kelly",Technology,Small,USA,7/6/2023
3640,Watson-Johnson,Healthcare,Medium,Germany,12/29/2025
3641,"Williams, Kelly and Weeks",Logistics,Small,Germany,8/14/2025
3642,Mercer-Jackson,Consulting,Small,Pakistan,2/12/2026
3643,Potter Ltd,Finance,Medium,Germany,10/11/2024
3644,Johnson Ltd,Consulting,Startup,Germany,10/17/2023
3645,Johnson PLC,Technology,Medium,South Africa,1/15/2025
3646,Trevino-Cruz,Media,Medium,Canada,11/2/2022
3647,"Carpenter, Richardson and Blackburn",Education,Startup,Mexico,3/5/2023
3648,Warren and Sons,Finance,Small,Singapore,8/3/2024
3649,Robinson and Sons,Manufacturing,Small,India,4/24/2024
3650,Peterson PLC,Marketing,Medium,Netherlands,3/29/2023
3651,Cruz Group,Education,Startup,Germany,5/28/2023
3652,Callahan Group,Marketing,Large,Brazil,2/3/2025
3653,Reyes-Taylor,Logistics,Small,Australia,1/15/2026
3654,"Smith, Nielsen and Powell",Healthcare,Startup,UK,12/2/2025
3655,Grant Inc,Finance,Small,India,2/29/2024
3656,Young-Kelly,Retail,Small,Australia,10/17/2025
3657,Thompson LLC,Finance,Small,UK,2/14/2023
3658,"Murray, Young and Robinson",Consulting,Medium,Germany,3/11/2025
3659,Jenkins-Richardson,Media,Small,Singapore,8/26/2025
3660,Casey and Sons,Consulting,Startup,Japan,1/18/2023
3661,"Cooper, White and Atkins",Consulting,Startup,France,7/5/2022
3662,Ellis Inc,Logistics,Medium,UAE,6/10/2024
3663,Gutierrez-Lewis,Education,Medium,Japan,6/30/2024
3664,Jones Ltd,Retail,Small,Australia,12/31/2022
3665,"Richards, Lyons and Clark",Retail,Large,South Africa,2/24/2025
3666,Lewis-Grimes,Consulting,Small,Germany,2/4/2024
3667,"Wallace, Young and Lawson",Marketing,Large,Brazil,10/24/2025
3668,Lewis PLC,Logistics,Small,Brazil,1/2/2024
3669,Hicks PLC,Consulting,Startup,India,11/20/2025
3670,Wolfe-White,Healthcare,Enterprise,Canada,3/16/2024
3671,Townsend Inc,Media,Small,Germany,8/13/2023
3672,"Brandt, King and Roberson",Education,Large,France,5/27/2026
3673,Garner Inc,Manufacturing,Small,Germany,7/23/2022
3674,Hernandez Ltd,Healthcare,Medium,Germany,3/18/2025
3675,"Chung, Small and Payne",Marketing,Large,Brazil,2/12/2023
3676,Santana-Cook,Finance,Startup,South Africa,7/19/2025
3677,Jones Group,Finance,Large,UAE,2/14/2024
3678,"Perry, Young and Douglas",Healthcare,Medium,Japan,1/11/2026
3679,Werner-Nichols,Consulting,Medium,Brazil,6/1/2024
3680,"Peterson, Wise and Hoover",Manufacturing,Small,South Africa,3/1/2025
3681,Henderson Inc,Technology,Large,Canada,11/30/2025
3682,Nguyen Ltd,Technology,Startup,Australia,1/14/2025
3683,"Reyes, Garcia and Decker",Marketing,Small,Japan,12/27/2025
3684,Williams LLC,Consulting,Large,Pakistan,8/23/2025
3685,Brown-Cooper,Retail,Large,Pakistan,2/24/2023
3686,"Mercado, Anderson and Morris",Retail,Startup,Brazil,3/29/2025
3687,"Elliott, Brock and Jones",Education,Small,India,1/30/2025
3688,"Lee, Bennett and Le",Manufacturing,Small,Singapore,1/16/2024
3689,Long-Hunter,Manufacturing,Small,Brazil,6/10/2026
3690,"Dodson, Harris and Sanchez",Finance,Small,Germany,3/21/2026
3691,"Garrison, Castillo and Patel",Logistics,Medium,India,2/15/2024
3692,"Erickson, Webb and Allen",Marketing,Startup,South Africa,12/29/2023
3693,Williams Ltd,Technology,Large,Singapore,7/26/2022
3694,"Good, Boone and Roberts",Marketing,Large,Australia,3/6/2026
3695,"Silva, Weaver and Lee",Retail,Small,Brazil,1/6/2025
3696,"Jones, Clark and West",Retail,Small,Australia,10/25/2025
3697,Baker Inc,Healthcare,Small,Canada,10/8/2025
3698,Morales-Lee,Education,Small,Pakistan,6/14/2026
3699,Knox-Steele,Manufacturing,Medium,Pakistan,4/28/2026
3700,Alvarez-Glover,Media,Small,Japan,7/2/2024
3701,"Taylor, Torres and Woodard",Marketing,Medium,Brazil,3/2/2023
3702,"Montoya, Lozano and Salazar",Retail,Small,India,7/21/2023
3703,"Holmes, Bell and Mccall",Logistics,Small,Brazil,1/26/2024
3704,White Ltd,Finance,Startup,UAE,11/23/2023
3705,Smith-Meadows,Technology,Startup,Pakistan,3/26/2024
3706,Gutierrez-Ortiz,Education,Startup,Japan,1/9/2024
3707,Edwards Inc,Logistics,Small,UAE,4/23/2023
3708,Smith-Sanchez,Education,Large,Netherlands,12/2/2024
3709,Holloway Inc,Healthcare,Large,UAE,3/10/2024
3710,Norris-Drake,Media,Small,Australia,6/21/2026
3711,Little LLC,Retail,Startup,Canada,6/13/2024
3712,Clay PLC,Finance,Startup,Mexico,4/20/2024
3713,Obrien-Fuller,Logistics,Small,India,8/20/2024
3714,"White, Hanson and Bailey",Education,Small,UK,3/4/2023
3715,Brown Ltd,Manufacturing,Small,South Africa,1/30/2026
3716,Chung and Sons,Healthcare,Startup,India,10/21/2023
3717,Ramos-Duncan,Manufacturing,Startup,UAE,11/2/2022
3718,Roberts LLC,Finance,Startup,Singapore,11/17/2024
3719,"Curtis, Simpson and Harrison",Logistics,Startup,Japan,6/13/2026
3720,"Schultz, Mullins and Evans",Healthcare,Medium,Singapore,4/11/2025
3721,"Morris, Johnson and Jackson",Logistics,Startup,Canada,12/2/2024
3722,"Rivera, Briggs and Lee",Retail,Small,Japan,10/21/2024
3723,Curry-Greene,Consulting,Medium,South Africa,2/2/2023
3724,"Snyder, Bradshaw and Robinson",Healthcare,Large,Australia,6/30/2025
3725,"Nguyen, Orozco and Kelley",Manufacturing,Large,South Africa,3/29/2023
3726,Cline-Lam,Finance,Medium,Australia,8/27/2023
3727,Doyle-Smith,Media,Startup,UAE,4/2/2023
3728,Rodriguez Ltd,Retail,Medium,South Africa,3/12/2026
3729,Nguyen Ltd,Consulting,Large,UAE,10/28/2024
3730,Todd-Moreno,Media,Startup,Netherlands,5/13/2023
3731,White-Hayes,Technology,Small,South Africa,7/18/2023
3732,"Lee, Hutchinson and Blackburn",Retail,Large,France,8/13/2025
3733,Evans-Lara,Finance,Small,Japan,10/3/2022
3734,"Wilson, Stevens and Moran",Education,Startup,France,10/16/2024
3735,"Moody, Burns and Brown",Healthcare,Startup,UAE,7/11/2024
3736,Walker-Saunders,Logistics,Small,Pakistan,3/26/2023
3737,Christian-Parsons,Finance,Startup,India,11/15/2022
3738,"Scott, Bond and Olson",Healthcare,Medium,Pakistan,7/18/2025
3739,Odonnell-Mcneil,Media,Medium,Australia,11/11/2024
3740,Smith Ltd,Logistics,Startup,UK,10/10/2025
3741,"Taylor, Santiago and Brooks",Marketing,Large,India,11/20/2023
3742,Li-Guerra,Manufacturing,Small,Pakistan,6/3/2024
3743,Sanders-Barry,Technology,Startup,Netherlands,1/16/2026
3744,Horton Inc,Retail,Large,Pakistan,3/11/2026
3745,Harrison-Sandoval,Finance,Large,USA,3/18/2025
3746,Thomas-Walters,Technology,Medium,India,4/26/2023
3747,"Patrick, Pham and Mitchell",Education,Large,UK,5/4/2024
3748,"Lewis, Burnett and Stevens",Healthcare,Medium,Canada,1/20/2026
3749,Kim PLC,Healthcare,Large,Japan,3/10/2025
3750,Alvarez PLC,Finance,Small,Canada,1/5/2023
3751,Hendricks Ltd,Consulting,Medium,Japan,11/12/2023
3752,Rodriguez-Kelly,Consulting,Enterprise,Netherlands,7/28/2024
3753,Sloan-Cole,Marketing,Medium,Japan,2/14/2023
3754,Henry Ltd,Manufacturing,Startup,Pakistan,7/3/2023
3755,Schroeder and Sons,Logistics,Small,UAE,12/12/2022
3756,Jones-Lopez,Education,Medium,UK,1/3/2023
3757,Richardson Ltd,Technology,Startup,Japan,2/8/2025
3758,Turner-Campbell,Consulting,Enterprise,UK,1/5/2023
3759,Morris and Sons,Marketing,Startup,Australia,6/30/2022
3760,Nichols Ltd,Marketing,Startup,Brazil,11/13/2023
3761,Wall-Powell,Finance,Enterprise,Singapore,4/1/2025
3762,"Johnson, Villegas and Miller",Education,Small,USA,9/6/2022
3763,"Ross, Melton and Williams",Media,Startup,Australia,3/5/2024
3764,Nguyen Group,Logistics,Medium,Mexico,5/4/2025
3765,Nichols PLC,Manufacturing,Medium,UK,11/26/2023
3766,"Tucker, Salas and Smith",Retail,Startup,Brazil,6/22/2023
3767,Jensen Inc,Finance,Enterprise,Germany,2/8/2023
3768,"Abbott, Dillon and Rodriguez",Logistics,Small,UAE,11/3/2022
3769,Baker PLC,Retail,Medium,UK,10/19/2025
3770,Rogers PLC,Retail,Small,USA,12/20/2025
3771,"Brown, Reynolds and Baker",Education,Medium,UK,9/29/2023
3772,Parks and Sons,Education,Small,India,3/7/2024
3773,Hernandez-Ward,Technology,Small,South Africa,8/4/2025
3774,Bennett-Jones,Marketing,Small,India,10/13/2024
3775,Jones Group,Logistics,Large,Brazil,7/27/2024
3776,"Smith, Clayton and Sanders",Finance,Startup,France,2/23/2024
3777,Daniels-Sanford,Healthcare,Medium,Japan,11/29/2024
3778,"Miller, Fox and Hernandez",Finance,Large,USA,5/29/2026
3779,Malone Group,Technology,Startup,Brazil,4/20/2024
3780,"Jackson, Bowers and Ortiz",Manufacturing,Startup,Pakistan,10/31/2025
3781,"Johns, Chambers and Lynch",Marketing,Small,Singapore,3/19/2024
3782,Fox LLC,Healthcare,Medium,Pakistan,6/19/2023
3783,Good Inc,Consulting,Startup,Singapore,5/21/2023
3784,Marshall-Campbell,Manufacturing,Small,Mexico,5/25/2023
3785,Johnson-Osborne,Education,Medium,Singapore,7/31/2022
3786,Cunningham-Jones,Retail,Medium,South Africa,9/9/2023
3787,Williams-Holland,Consulting,Small,Singapore,11/30/2022
3788,Garcia Ltd,Finance,Small,Canada,8/25/2024
3789,Hill-Fisher,Finance,Large,Singapore,6/22/2025
3790,Lyons-Boyd,Education,Enterprise,UK,6/17/2023
3791,Garcia-Brooks,Technology,Large,Germany,8/3/2024
3792,Gonzalez LLC,Logistics,Medium,USA,9/14/2025
3793,Cooper Inc,Consulting,Small,Germany,3/4/2026
3794,Jones Group,Consulting,Small,France,1/23/2024
3795,Wheeler-Matthews,Media,Startup,UK,12/22/2025
3796,Guzman and Sons,Manufacturing,Startup,Japan,8/27/2023
3797,"Johnson, Macias and Gross",Marketing,Medium,Brazil,6/10/2025
3798,"Juarez, Palmer and Wilson",Manufacturing,Small,Netherlands,12/9/2025
3799,"Bass, Lawson and Herring",Logistics,Small,Singapore,10/5/2024
3800,Miles-Landry,Finance,Enterprise,Canada,1/9/2023
3801,Stephens Inc,Finance,Startup,South Africa,7/21/2024
3802,Martin PLC,Finance,Startup,Australia,5/8/2023
3803,White-Parker,Media,Startup,Pakistan,11/4/2025
3804,"Wise, Perkins and Ryan",Finance,Medium,India,11/20/2023
3805,"Smith, Kelly and Rodriguez",Logistics,Medium,Brazil,12/16/2023
3806,Cooley-Wilson,Education,Small,Japan,6/3/2025
3807,"Paul, Stewart and Lawrence",Marketing,Small,USA,1/20/2025
3808,"Day, Marshall and Holt",Logistics,Large,Germany,5/20/2024
3809,Shaw-Pena,Marketing,Large,UK,9/9/2022
3810,"Herrera, Rogers and Stone",Logistics,Enterprise,Australia,11/25/2023
3811,Cross-Smith,Finance,Large,UAE,12/12/2024
3812,Rivas Ltd,Education,Medium,UAE,4/24/2025
3813,"Berry, Russell and Kelly",Consulting,Startup,India,4/8/2026
3814,Lyons-Rivers,Manufacturing,Startup,Netherlands,3/19/2023
3815,Rojas-Yates,Retail,Startup,Mexico,8/8/2025
3816,"Baird, Peterson and Carpenter",Education,Medium,UAE,12/11/2024
3817,Greer-Bray,Consulting,Large,Pakistan,10/12/2022
3818,Oneal and Sons,Technology,Small,France,6/28/2024
3819,Rivas-Thomas,Logistics,Startup,UAE,12/6/2024
3820,Goodman and Sons,Technology,Small,Japan,12/16/2023
3821,Campbell-Mcclain,Consulting,Enterprise,India,2/13/2024
3822,Williams Inc,Education,Medium,France,8/22/2023
3823,Castillo Group,Logistics,Large,Netherlands,5/29/2026
3824,Dodson-Long,Retail,Large,Pakistan,10/4/2024
3825,Johnson LLC,Finance,Enterprise,Netherlands,7/14/2023
3826,Greene PLC,Logistics,Large,India,1/27/2024
3827,Craig Group,Logistics,Medium,UAE,9/5/2022
3828,Fernandez PLC,Education,Startup,Singapore,8/26/2025
3829,Evans Inc,Education,Startup,USA,11/16/2025
3830,"Cross, Allen and Lane",Consulting,Small,Netherlands,5/25/2023
3831,"Glass, Gibson and Harper",Healthcare,Startup,South Africa,1/31/2026
3832,"Ruiz, Acevedo and Shaw",Logistics,Enterprise,UAE,9/2/2025
3833,Serrano-Contreras,Manufacturing,Small,Netherlands,7/30/2022
3834,Murray-Hayes,Logistics,Large,India,10/6/2024
3835,Miller-Greene,Consulting,Small,USA,5/1/2023
3836,"Miller, Olson and Reed",Marketing,Small,USA,8/7/2022
3837,"Giles, Torres and Nguyen",Technology,Enterprise,France,3/13/2025
3838,Russell PLC,Finance,Small,Pakistan,9/26/2023
3839,Mitchell-Hardin,Healthcare,Small,UAE,2/27/2024
3840,Larson-Jones,Retail,Startup,Mexico,8/5/2025
3841,Fisher-Bender,Retail,Medium,Australia,2/20/2025
3842,Thomas-Leonard,Retail,Small,Mexico,5/24/2025
3843,"Parker, Williams and Garcia",Education,Medium,South Africa,2/10/2025
3844,Jones Inc,Retail,Medium,Singapore,5/4/2024
3845,Arnold-Bryant,Finance,Medium,Mexico,7/8/2025
3846,Howard-Boyer,Technology,Medium,Pakistan,5/5/2025
3847,Delgado LLC,Retail,Small,Netherlands,4/25/2025
3848,Perry and Sons,Logistics,Small,Australia,8/10/2025
3849,Williams-Thompson,Logistics,Large,Brazil,7/28/2024
3850,Johnson-Atkins,Education,Small,Australia,6/23/2026
3851,"Brown, Scott and Burnett",Finance,Small,Germany,1/11/2023
3852,"Chang, Taylor and Campbell",Technology,Small,Brazil,9/8/2024
3853,Wright and Sons,Healthcare,Large,France,4/10/2023
3854,Spencer-Morrow,Consulting,Small,Japan,11/18/2025
3855,Weber PLC,Technology,Small,Canada,9/28/2025
3856,"Schaefer, Cabrera and Santos",Consulting,Medium,UK,7/19/2022
3857,Powers-Davis,Marketing,Medium,UK,1/21/2023
3858,"Scott, Moore and Gomez",Consulting,Startup,Japan,2/6/2026
3859,Chavez-Smith,Manufacturing,Small,Mexico,6/17/2025
3860,Cook-Cole,Logistics,Medium,Brazil,9/1/2024
3861,Williams Group,Finance,Enterprise,France,5/23/2026
3862,"Pitts, Scott and Graham",Media,Medium,Japan,5/25/2023
3863,"King, Lee and Moran",Education,Small,France,11/29/2022
3864,"Rivera, Berg and Kim",Manufacturing,Startup,Australia,10/8/2022
3865,Mullins-Reid,Consulting,Large,France,6/19/2025
3866,Harris-Mcmillan,Retail,Large,Mexico,4/18/2023
3867,"Richardson, Campbell and Kim",Finance,Startup,Australia,10/17/2022
3868,Barnett-Skinner,Manufacturing,Startup,Pakistan,8/20/2024
3869,Mccormick-Evans,Education,Medium,Netherlands,9/14/2025
3870,Barton-Houston,Logistics,Small,Canada,8/10/2022
3871,Jones PLC,Finance,Small,Germany,4/1/2024
3872,Burns and Sons,Education,Startup,South Africa,3/23/2025
3873,Moody LLC,Marketing,Small,Australia,5/1/2023
3874,Fry-Matthews,Marketing,Small,Mexico,4/8/2026
3875,"Snyder, Mcdonald and Johnson",Education,Medium,France,3/21/2026
3876,Avila and Sons,Manufacturing,Small,USA,11/18/2023
3877,Porter-Miller,Finance,Small,UAE,4/20/2023
3878,Martinez LLC,Manufacturing,Small,UK,5/7/2024
3879,Smith-Ramirez,Healthcare,Small,Canada,8/14/2023
3880,Hill-Maddox,Consulting,Startup,UAE,2/22/2023
3881,Hill-Arias,Healthcare,Small,India,11/10/2024
3882,"Johnson, Thompson and Diaz",Marketing,Medium,France,9/11/2025
3883,Torres-Smith,Logistics,Startup,Mexico,5/6/2026
3884,"Leonard, Hart and Graves",Technology,Startup,Australia,1/18/2025
3885,Reynolds Group,Consulting,Startup,Mexico,3/28/2026
3886,Silva Group,Marketing,Small,Brazil,2/12/2025
3887,Rogers-Kelly,Manufacturing,Large,Germany,3/16/2024
3888,"Williamson, Carpenter and Barker",Manufacturing,Startup,USA,2/4/2023
3889,"Willis, Smith and Moreno",Manufacturing,Enterprise,Germany,8/20/2023
3890,Rios Inc,Logistics,Startup,UAE,2/10/2025
3891,"Lee, Kennedy and Chan",Healthcare,Large,USA,1/17/2024
3892,White-Pratt,Technology,Small,Singapore,2/26/2025
3893,"Romero, Harrison and Ellis",Manufacturing,Medium,UK,7/13/2023
3894,White-Lawrence,Media,Small,Netherlands,7/26/2024
3895,"Flynn, Foster and Fields",Consulting,Small,Netherlands,5/7/2025
3896,Newton-Riggs,Finance,Large,France,10/22/2022
3897,Smith-Simon,Media,Large,India,10/29/2024
3898,Stewart Group,Technology,Small,UAE,6/3/2025
3899,Mclaughlin and Sons,Logistics,Startup,Australia,1/2/2026
3900,Fowler-Allen,Technology,Startup,UK,11/19/2024
3901,"Richards, Walker and Horn",Finance,Large,South Africa,1/17/2026
3902,Scott Inc,Consulting,Small,India,5/31/2024
3903,Carr-Holmes,Finance,Small,Netherlands,10/26/2024
3904,Shields PLC,Education,Medium,Japan,1/12/2025
3905,Sullivan-Phillips,Consulting,Large,Germany,3/20/2026
3906,Thomas-Kim,Technology,Medium,UK,7/11/2023
3907,Cunningham PLC,Manufacturing,Large,Japan,5/31/2025
3908,Spears PLC,Technology,Large,India,7/22/2023
3909,Nguyen Group,Technology,Small,Brazil,10/13/2022
3910,"Perry, Nguyen and Martin",Consulting,Small,Brazil,9/30/2022
3911,Lee-Shaw,Education,Large,India,3/15/2023
3912,"Kent, Porter and Pace",Technology,Small,Germany,8/21/2025
3913,Jones-Davila,Media,Enterprise,Mexico,1/29/2026
3914,"Williams, Reed and Rodriguez",Marketing,Startup,India,11/24/2023
3915,Levine-Caldwell,Retail,Startup,Brazil,1/11/2026
3916,Navarro-Reese,Retail,Enterprise,Japan,3/30/2026
3917,Lee and Sons,Technology,Medium,Canada,8/1/2024
3918,Johnson Ltd,Media,Small,USA,7/6/2024
3919,Logan PLC,Manufacturing,Large,Mexico,2/14/2026
3920,"Nguyen, Noble and Ryan",Logistics,Medium,Netherlands,2/11/2024
3921,Bennett-Nguyen,Logistics,Small,Canada,6/20/2023
3922,Williams-Soto,Consulting,Startup,Germany,5/24/2025
3923,Lee-Thomas,Retail,Large,Pakistan,6/9/2026
3924,"Kennedy, Holland and Thomas",Technology,Large,UK,6/9/2024
3925,Reid and Sons,Logistics,Startup,Netherlands,11/20/2023
3926,Lee Ltd,Technology,Large,Singapore,2/1/2023
3927,Baker-Hubbard,Consulting,Large,Netherlands,3/11/2025
3928,Olsen and Sons,Retail,Small,Australia,4/26/2026
3929,Wagner Group,Finance,Medium,Australia,4/18/2026
3930,Weaver-Wall,Marketing,Small,South Africa,3/29/2023
3931,Guzman PLC,Marketing,Small,UAE,3/12/2024
3932,Rodriguez-Lopez,Logistics,Medium,UAE,2/9/2023
3933,Wilson Group,Marketing,Large,Germany,9/23/2023
3934,Hall Group,Finance,Medium,UAE,11/19/2023
3935,Alexander-Hensley,Technology,Small,Netherlands,3/28/2025
3936,Jordan PLC,Consulting,Startup,Netherlands,8/23/2025
3937,"Hickman, Lopez and Dickerson",Finance,Startup,South Africa,3/14/2023
3938,Mercer-Williamson,Consulting,Small,Australia,8/17/2022
3939,"Garrison, Lam and Young",Consulting,Startup,Canada,6/19/2024
3940,Pennington-Howard,Retail,Medium,Singapore,1/16/2023
3941,Williams Group,Technology,Small,Japan,11/6/2023
3942,"Graham, Stephenson and Morris",Media,Large,Brazil,4/27/2025
3943,Hunt LLC,Marketing,Small,Australia,10/5/2025
3944,Hall-Green,Media,Medium,Canada,11/23/2024
3945,Mcclain-Cooper,Retail,Small,Pakistan,9/7/2024
3946,Reed-Alvarez,Consulting,Startup,Germany,1/18/2023
3947,"Larsen, Schmidt and Mcknight",Logistics,Startup,France,2/18/2025
3948,"Garrett, Thomas and Baker",Marketing,Small,Pakistan,1/22/2026
3949,Finley LLC,Marketing,Large,Japan,7/24/2022
3950,Taylor LLC,Technology,Startup,Brazil,3/27/2023
3951,Fitzgerald-Martinez,Education,Medium,Pakistan,12/28/2024
3952,"Jennings, Scott and Mora",Healthcare,Enterprise,Mexico,8/29/2025
3953,Williams and Sons,Healthcare,Large,Japan,4/9/2025
3954,"Sims, Hoover and Huynh",Healthcare,Startup,Mexico,2/10/2024
3955,Munoz Inc,Education,Enterprise,Australia,8/8/2024
3956,Alvarado-Andersen,Technology,Startup,Germany,7/11/2022
3957,Davila PLC,Education,Small,Netherlands,1/7/2026
3958,"Johnson, Walker and Osborne",Healthcare,Large,USA,6/22/2025
3959,Mitchell-Fuller,Retail,Medium,Mexico,4/22/2026
3960,"Davis, Brown and Martin",Finance,Small,India,2/11/2024
3961,Adams-Holder,Consulting,Small,Pakistan,9/28/2024
3962,Jones-Young,Education,Small,UAE,4/23/2023
3963,"Sanders, Nelson and Rodriguez",Technology,Small,Canada,4/12/2026
3964,"Singh, Nguyen and Vazquez",Technology,Small,USA,8/11/2024
3965,"Jackson, Nelson and Garcia",Media,Enterprise,Germany,4/22/2024
3966,"Murray, Bailey and Martin",Finance,Enterprise,South Africa,12/6/2022
3967,Gibson-Olsen,Logistics,Large,France,10/15/2022
3968,"Murray, Wright and Walters",Marketing,Small,Singapore,12/16/2024
3969,Hamilton LLC,Healthcare,Medium,Mexico,12/27/2024
3970,Farmer-Ball,Logistics,Enterprise,USA,2/7/2026
3971,"Bryant, Campbell and Marsh",Media,Large,France,8/2/2024
3972,Benjamin Inc,Healthcare,Small,Australia,3/12/2024
3973,Chase-Sparks,Finance,Startup,UK,11/7/2022
3974,Booth-Lawson,Media,Startup,Mexico,11/21/2022
3975,Cortez PLC,Healthcare,Medium,Netherlands,12/23/2025
3976,Norris Group,Finance,Medium,India,1/7/2023
3977,Crawford Ltd,Manufacturing,Large,Japan,9/22/2025
3978,"Henderson, Saunders and Thompson",Logistics,Small,Australia,4/26/2025
3979,"Powers, Brown and Wong",Logistics,Startup,Germany,2/14/2026
3980,Rojas-Smith,Marketing,Small,UK,5/6/2025
3981,Hernandez PLC,Finance,Small,France,6/28/2023
3982,"Mccann, Harris and Malone",Education,Startup,UK,8/17/2024
3983,"Vaughn, Pugh and Matthews",Manufacturing,Medium,Singapore,7/23/2024
3984,"Russell, Brady and Diaz",Retail,Small,UAE,6/6/2024
3985,Mendez LLC,Healthcare,Medium,UAE,8/5/2024
3986,Huffman-Baker,Manufacturing,Small,Australia,12/8/2022
3987,Casey-Adams,Finance,Small,South Africa,8/10/2025
3988,"Lam, Costa and Moore",Consulting,Small,Brazil,5/3/2024
3989,Clark Inc,Healthcare,Large,Australia,3/17/2024
3990,Jenkins-Walters,Technology,Startup,Mexico,6/14/2024
3991,Bartlett LLC,Logistics,Large,Japan,4/4/2025
3992,"Nguyen, Lawson and Hill",Finance,Small,Germany,10/14/2024
3993,"Mitchell, Martin and Mcintyre",Technology,Large,Germany,11/6/2024
3994,Nichols Inc,Marketing,Large,Canada,6/1/2024
3995,"Page, Martinez and Duncan",Media,Small,Singapore,12/25/2024
3996,"Cochran, Clark and Kemp",Retail,Medium,Germany,11/3/2024
3997,Sanders Inc,Retail,Startup,Pakistan,11/6/2022
3998,Wright Group,Technology,Large,South Africa,10/6/2025
3999,Anderson PLC,Logistics,Small,Singapore,11/3/2023
4000,Becker-Henderson,Marketing,Small,Canada,6/15/2023
4001,Williams-Boyd,Consulting,Medium,UAE,1/24/2026
4002,Owen Ltd,Logistics,Large,Japan,4/12/2026
4003,"Dawson, Mccormick and Johnson",Manufacturing,Startup,USA,4/17/2026
4004,"Arnold, Wood and Kim",Retail,Medium,South Africa,7/31/2025
4005,Sharp-Perez,Manufacturing,Small,Canada,10/2/2024
4006,Logan PLC,Healthcare,Small,Netherlands,7/7/2025
4007,Mullen-Anderson,Education,Medium,Canada,8/3/2025
4008,Thompson LLC,Finance,Small,Brazil,7/9/2025
4009,Hurley-Moore,Marketing,Small,South Africa,10/31/2023
4010,Juarez-Pearson,Logistics,Large,Netherlands,8/24/2023
4011,"Brown, Woods and Brown",Retail,Startup,Japan,5/21/2025
4012,"Hicks, Thompson and Rogers",Manufacturing,Medium,Australia,2/25/2025
4013,Herrera and Sons,Media,Startup,Netherlands,1/12/2023
4014,Smith-Fox,Healthcare,Startup,Japan,4/13/2026
4015,Cunningham Group,Finance,Startup,India,6/16/2025
4016,"Kramer, Caldwell and Williams",Finance,Medium,South Africa,11/19/2022
4017,"Garrett, Giles and Spence",Logistics,Medium,Netherlands,3/5/2026
4018,"Barnes, Clarke and Henry",Marketing,Startup,Netherlands,5/8/2023
4019,"Gibbs, Taylor and Myers",Consulting,Startup,UK,10/18/2024
4020,Mitchell PLC,Media,Enterprise,Brazil,1/17/2025
4021,"Martinez, Rogers and Miller",Logistics,Startup,UAE,7/31/2025
4022,Garcia-Rocha,Manufacturing,Large,France,6/2/2026
4023,"Lawrence, Ayala and Allen",Education,Startup,France,4/25/2023
4024,Vaughn PLC,Technology,Medium,Brazil,8/8/2022
4025,Carrillo-Price,Consulting,Small,Mexico,9/7/2025
4026,"Allen, Brown and Williams",Marketing,Large,Germany,8/11/2024
4027,"Murray, Brown and Moore",Healthcare,Medium,UAE,5/12/2024
4028,"Ross, Ferguson and Morales",Consulting,Small,Pakistan,5/23/2023
4029,Lin-Ball,Retail,Startup,Mexico,1/22/2023
4030,Bonilla-Rodgers,Marketing,Medium,Germany,5/30/2026
4031,"Hughes, Mclean and Terry",Education,Medium,Germany,5/26/2026
4032,"Love, Byrd and Burch",Retail,Startup,Canada,1/29/2025
4033,Spencer-Gray,Consulting,Startup,UAE,7/28/2022
4034,Stanley and Sons,Technology,Large,UK,3/15/2023
4035,Lewis and Sons,Technology,Small,Germany,10/18/2023
4036,Patterson Inc,Education,Medium,Japan,11/10/2025
4037,Rich and Sons,Finance,Small,India,5/14/2024
4038,Mack Ltd,Media,Large,Singapore,6/24/2023
4039,Morrison-Hughes,Healthcare,Enterprise,Pakistan,7/13/2022
4040,Ware Inc,Finance,Enterprise,Pakistan,11/22/2022
4041,"Ray, Nguyen and Chambers",Technology,Startup,Germany,5/25/2025
4042,Reeves Group,Technology,Large,Netherlands,4/18/2025
4043,"Horne, Davis and Anderson",Manufacturing,Small,India,7/16/2024
4044,"Nguyen, Carpenter and Clark",Retail,Medium,Singapore,2/27/2024
4045,Bradley-Cooper,Consulting,Small,USA,2/8/2023
4046,"Wells, King and Morales",Healthcare,Startup,Australia,10/19/2024
4047,York-Acosta,Education,Enterprise,Australia,4/24/2025
4048,Reyes-Mason,Consulting,Startup,Australia,4/6/2024
4049,Gonzales-Bird,Manufacturing,Medium,Mexico,3/14/2024
4050,Rodriguez PLC,Technology,Large,Canada,3/25/2024
4051,Doyle Group,Education,Large,Pakistan,10/2/2024
4052,"Edwards, Bell and Stevens",Technology,Startup,Japan,11/23/2024
4053,"Hernandez, Hill and Garcia",Healthcare,Small,Netherlands,6/8/2023
4054,"Leach, Greene and Alvarez",Retail,Large,Netherlands,11/14/2022
4055,Martinez Inc,Consulting,Small,France,7/22/2025
4056,Rhodes-Savage,Consulting,Small,France,9/19/2025
4057,Goodwin-Whitehead,Finance,Small,Canada,9/22/2022
4058,"Jensen, Taylor and Alvarez",Education,Small,Germany,3/18/2023
4059,"Scott, Williams and Mcknight",Media,Large,Mexico,3/31/2026
4060,"Jones, Mills and Copeland",Manufacturing,Small,UAE,6/13/2026
4061,Mack-Jones,Media,Medium,UAE,4/17/2024
4062,Harris and Sons,Finance,Small,Australia,6/11/2023
4063,"Carlson, Elliott and Bryant",Healthcare,Small,Brazil,2/24/2023
4064,Hayes-Bowman,Manufacturing,Startup,Netherlands,2/14/2025
4065,"Gates, Mosley and Patel",Retail,Small,UAE,12/19/2022
4066,Clark LLC,Media,Small,Germany,10/2/2024
4067,"West, Wright and Palmer",Retail,Medium,Netherlands,2/14/2025
4068,Vasquez Inc,Media,Small,Brazil,12/17/2022
4069,Bennett-Mendez,Retail,Small,USA,3/1/2024
4070,Morales Inc,Media,Small,Canada,9/22/2023
4071,Miller Group,Retail,Startup,South Africa,3/11/2026
4072,Estrada and Sons,Finance,Enterprise,USA,3/4/2024
4073,"Nichols, Turner and Cobb",Marketing,Small,Pakistan,10/31/2025
4074,Duran-Campbell,Manufacturing,Startup,UAE,7/7/2023
4075,"Hughes, Ryan and Yu",Education,Startup,Singapore,1/18/2026
4076,"Herring, Mills and Bailey",Healthcare,Enterprise,Mexico,10/4/2023
4077,Henderson LLC,Logistics,Startup,Australia,11/27/2025
4078,Jackson-Gordon,Technology,Large,Canada,7/26/2022
4079,"Klein, Thomas and Rodriguez",Education,Startup,Australia,6/8/2025
4080,Perez PLC,Technology,Enterprise,UAE,2/10/2025
4081,Adams and Sons,Manufacturing,Large,Mexico,9/13/2024
4082,Nguyen-Oneal,Education,Medium,UK,1/5/2026
4083,Robinson LLC,Retail,Startup,UAE,9/12/2022
4084,Acosta Group,Retail,Small,Canada,10/12/2022
4085,Kent Group,Logistics,Small,Brazil,5/24/2025
4086,Fields-Jones,Technology,Small,France,9/27/2024
4087,Petersen Ltd,Healthcare,Small,Brazil,11/3/2022
4088,Jarvis and Sons,Manufacturing,Startup,Canada,12/12/2024
4089,Watson-Wolfe,Retail,Medium,India,1/15/2023
4090,Wilson Inc,Marketing,Small,Brazil,9/6/2023
4091,"Scott, Castillo and Best",Finance,Small,Singapore,8/22/2024
4092,Hurst Group,Finance,Startup,Netherlands,2/4/2023
4093,Walton-Hodge,Media,Enterprise,UAE,8/19/2024
4094,"Smith, Rodriguez and Briggs",Healthcare,Small,India,3/17/2023
4095,Wyatt-Morgan,Finance,Large,Mexico,11/1/2024
4096,Morris-Maldonado,Media,Small,France,2/8/2025
4097,Grant-Bowen,Technology,Startup,Netherlands,5/14/2025
4098,"Chambers, Richards and Yang",Retail,Small,Germany,10/6/2022
4099,"Rose, Smith and Anderson",Retail,Small,Mexico,3/27/2024
4100,Ramirez-Hamilton,Marketing,Large,Germany,4/22/2026
4101,Davis LLC,Education,Medium,Netherlands,10/22/2022
4102,Green LLC,Finance,Small,Singapore,4/2/2025
4103,Burns and Sons,Technology,Enterprise,Pakistan,10/26/2024
4104,Norton-Miller,Consulting,Small,Singapore,8/22/2022
4105,"Owens, Wagner and Oliver",Finance,Enterprise,South Africa,11/27/2024
4106,Lopez Group,Healthcare,Enterprise,Singapore,10/22/2025
4107,Foster-Tucker,Education,Startup,Japan,10/25/2024
4108,Sims Group,Finance,Small,Singapore,5/8/2024
4109,"Jensen, Lee and Sutton",Technology,Small,Singapore,3/8/2026
4110,"Barton, Phillips and Taylor",Finance,Medium,Singapore,1/11/2024
4111,"Williams, Smith and Griffith",Healthcare,Small,USA,3/23/2024
4112,Obrien-Alvarez,Consulting,Enterprise,France,12/7/2022
4113,"Richardson, Parks and Mcdonald",Manufacturing,Medium,Japan,12/26/2022
4114,Rose Group,Logistics,Startup,Canada,7/19/2023
4115,Myers Ltd,Consulting,Startup,South Africa,11/23/2023
4116,Cannon LLC,Media,Medium,Brazil,3/16/2025
4117,Mckee Ltd,Finance,Startup,UAE,2/7/2026
4118,Johnson Inc,Retail,Large,India,5/18/2025
4119,Jackson-Thomas,Marketing,Small,Singapore,9/17/2023
4120,Brooks Group,Retail,Small,Pakistan,12/7/2024
4121,Dominguez and Sons,Consulting,Startup,Australia,12/3/2023
4122,Stone-Wells,Retail,Medium,UAE,7/29/2024
4123,Schaefer-Bird,Technology,Startup,Australia,7/16/2024
4124,Bradley-Todd,Retail,Large,India,4/18/2024
4125,"Vasquez, Wagner and Allen",Education,Small,India,5/21/2023
4126,Bennett-Davis,Manufacturing,Large,UAE,1/5/2023
4127,Johnson-Walsh,Finance,Medium,Brazil,12/18/2023
4128,Salazar Ltd,Retail,Startup,Pakistan,12/5/2025
4129,Rivera-Cox,Healthcare,Large,South Africa,6/1/2024
4130,Howard LLC,Manufacturing,Startup,USA,10/20/2025
4131,Willis Ltd,Manufacturing,Small,Germany,6/8/2025
4132,Smith Ltd,Retail,Startup,India,6/14/2026
4133,"Thompson, Mills and Moore",Manufacturing,Large,Brazil,3/21/2023
4134,"Smith, Jones and Harding",Marketing,Enterprise,Pakistan,11/28/2023
4135,Rodriguez-Carlson,Retail,Medium,India,11/9/2024
4136,Day-Carter,Technology,Small,Mexico,10/27/2022
4137,Jefferson-Phillips,Consulting,Large,UK,11/8/2025
4138,"Stewart, Hamilton and Hall",Education,Startup,Netherlands,8/30/2025
4139,Barber Ltd,Logistics,Enterprise,Germany,10/2/2024
4140,Rivera-Bates,Media,Startup,Mexico,10/31/2025
4141,Stewart-Lucero,Manufacturing,Enterprise,India,1/18/2024
4142,Sampson Inc,Technology,Medium,Pakistan,12/17/2025
4143,Sanchez Ltd,Finance,Large,India,10/30/2023
4144,Smith-Love,Finance,Medium,Australia,6/12/2023
4145,Merritt LLC,Media,Small,UAE,6/1/2024
4146,Juarez-Cardenas,Education,Medium,UAE,9/11/2024
4147,"Caldwell, Jefferson and Crosby",Manufacturing,Startup,Brazil,5/18/2026
4148,"Robinson, Thompson and Jones",Marketing,Medium,South Africa,12/9/2023
4149,Jones-Little,Media,Medium,India,11/24/2025
4150,Hamilton-Cooke,Education,Large,Pakistan,9/28/2022
4151,Baldwin-Garcia,Manufacturing,Small,Australia,8/12/2025
4152,"White, Gonzalez and Hall",Technology,Startup,USA,9/2/2025
4153,Morris and Sons,Consulting,Small,USA,11/27/2022
4154,Watson LLC,Marketing,Medium,Australia,4/14/2023
4155,Ruiz-Estrada,Logistics,Startup,Canada,12/17/2022
4156,Lee PLC,Finance,Small,Japan,9/2/2022
4157,Bowers LLC,Healthcare,Large,Pakistan,3/16/2023
4158,Horton Inc,Technology,Medium,USA,11/25/2025
4159,Phillips PLC,Finance,Small,South Africa,10/1/2023
4160,Small-Morris,Retail,Small,Canada,9/2/2023
4161,Reed-Williams,Healthcare,Medium,Pakistan,6/28/2024
4162,"Harper, Mccoy and Moreno",Finance,Small,Mexico,3/26/2025
4163,Montgomery-Rivera,Education,Medium,Australia,9/27/2025
4164,Carson Ltd,Marketing,Startup,Mexico,10/19/2023
4165,Hernandez Ltd,Finance,Large,Singapore,11/4/2022
4166,Rush LLC,Logistics,Small,Canada,8/23/2024
4167,"Hutchinson, David and Johnson",Consulting,Small,Canada,4/29/2026
4168,Sheppard Group,Education,Medium,Brazil,7/1/2024
4169,"Tyler, Harrison and Skinner",Technology,Medium,Japan,2/2/2025
4170,Norman Ltd,Technology,Startup,India,4/13/2024
4171,"King, Turner and Smith",Technology,Large,France,3/24/2026
4172,Price Inc,Technology,Small,France,8/28/2025
4173,Taylor Inc,Consulting,Enterprise,Pakistan,11/14/2024
4174,"Harvey, Thomas and Diaz",Finance,Large,Mexico,6/28/2022
4175,Mendoza and Sons,Manufacturing,Small,Mexico,3/13/2024
4176,"Perez, Wilkins and Rivera",Finance,Large,India,1/29/2025
4177,"Nolan, Mckenzie and Peck",Retail,Small,Mexico,9/7/2023
4178,Tate Ltd,Marketing,Startup,Japan,6/9/2024
4179,Flores LLC,Healthcare,Enterprise,UAE,3/30/2026
4180,Johnson Inc,Manufacturing,Medium,Germany,8/7/2023
4181,Allen Ltd,Manufacturing,Small,Singapore,9/29/2022
4182,Graham-White,Finance,Small,Germany,1/7/2024
4183,"Stephens, Jones and Cunningham",Manufacturing,Small,Canada,6/8/2025
4184,Mcclain LLC,Media,Enterprise,UK,2/28/2026
4185,"Peterson, Jones and Horne",Media,Startup,USA,8/27/2023
4186,Garcia-Jones,Retail,Small,USA,7/16/2023
4187,Mccoy Group,Healthcare,Small,India,9/1/2025
4188,"Holmes, Travis and Rollins",Logistics,Small,Japan,7/15/2025
4189,"Howard, Walters and Banks",Consulting,Small,Japan,4/28/2023
4190,Hayes PLC,Finance,Startup,France,2/8/2026
4191,Davidson-Ward,Consulting,Startup,UK,7/11/2023
4192,"Walter, Mendoza and Cunningham",Logistics,Small,India,10/8/2022
4193,Christian-Joseph,Finance,Enterprise,Japan,3/19/2023
4194,"Keith, Sloan and Dean",Finance,Startup,Canada,3/7/2023
4195,Roberts-Williams,Healthcare,Large,UK,9/27/2022
4196,Johnson-Anderson,Consulting,Large,USA,7/14/2023
4197,Sanders Ltd,Media,Large,Pakistan,11/28/2023
4198,Miller-Smith,Technology,Large,Canada,8/22/2025
4199,Villanueva-Harrison,Consulting,Small,Netherlands,8/28/2022
4200,"Gibbs, Hoover and Summers",Marketing,Startup,India,9/7/2025
4201,Oliver Inc,Marketing,Small,Brazil,8/15/2024
4202,"Lane, Chapman and Walker",Finance,Small,UAE,12/11/2023
4203,"Mccall, Taylor and Lee",Technology,Medium,Australia,7/25/2025
4204,Rodriguez-Brown,Education,Medium,Canada,5/15/2026
4205,King and Sons,Logistics,Large,Canada,3/25/2025
4206,"Jordan, Ayala and Nichols",Retail,Startup,UAE,6/18/2026
4207,"Martinez, Esparza and Harrell",Technology,Enterprise,Singapore,11/8/2022
4208,Wyatt-King,Retail,Small,Pakistan,8/31/2024
4209,Cordova-Mills,Consulting,Small,Japan,2/26/2026
4210,"Jacobs, Jones and Strong",Consulting,Small,Japan,7/16/2024
4211,"Hayes, Brandt and Caldwell",Retail,Large,Japan,8/25/2023
4212,"Douglas, Flowers and Trujillo",Logistics,Small,UAE,10/8/2025
4213,Oconnell-Michael,Technology,Enterprise,Germany,10/6/2025
4214,Smith Inc,Education,Enterprise,Germany,8/18/2025
4215,"Sanchez, Pena and Spencer",Finance,Large,Netherlands,5/16/2026
4216,Butler-Boyer,Healthcare,Startup,Netherlands,12/22/2022
4217,Kelly LLC,Consulting,Large,Canada,6/8/2026
4218,"Costa, Finley and Butler",Marketing,Large,Japan,12/24/2023
4219,Norris LLC,Logistics,Startup,Singapore,6/17/2025
4220,Martinez PLC,Healthcare,Startup,USA,6/10/2025
4221,Rogers Group,Education,Startup,Singapore,1/25/2024
4222,Mills-Compton,Manufacturing,Startup,South Africa,11/1/2022
4223,Barron-Sanchez,Finance,Small,Germany,4/14/2026
4224,Allison Inc,Consulting,Enterprise,Singapore,1/25/2023
4225,Cook Inc,Finance,Small,Singapore,10/28/2025
4226,Miller-Lewis,Healthcare,Small,Brazil,10/14/2023
4227,Rivera Ltd,Finance,Enterprise,Pakistan,10/6/2024
4228,Shepherd-Jones,Manufacturing,Small,Canada,12/10/2023
4229,"Glenn, Blackburn and White",Healthcare,Large,South Africa,11/26/2024
4230,Cruz Inc,Consulting,Small,Mexico,9/25/2025
4231,"Wright, Benton and Allen",Technology,Medium,Brazil,4/25/2024
4232,Terry-Flores,Marketing,Small,Pakistan,3/31/2024
4233,"Brown, Love and Hogan",Healthcare,Medium,USA,5/29/2023
4234,Silva Inc,Media,Startup,Netherlands,3/8/2024
4235,Holt Group,Manufacturing,Large,USA,10/12/2022
4236,Wright-Leonard,Healthcare,Small,Germany,11/24/2022
4237,Hunter PLC,Healthcare,Large,India,12/4/2024
4238,Dickson-Garrison,Media,Small,UAE,5/7/2024
4239,Bush Ltd,Consulting,Startup,France,5/29/2026
4240,Woodard Group,Healthcare,Medium,Canada,11/15/2023
4241,Anderson-Davila,Marketing,Startup,Mexico,5/23/2025
4242,"Wise, Wolf and Bradley",Finance,Large,India,5/14/2023
4243,"Randall, Baird and Hutchinson",Consulting,Enterprise,Brazil,10/3/2022
4244,White Group,Marketing,Large,Canada,12/12/2024
4245,Ray Group,Consulting,Startup,UAE,11/14/2023
4246,Schwartz Group,Marketing,Medium,UAE,3/7/2025
4247,"Kirk, Williams and Carr",Manufacturing,Medium,UK,8/7/2023
4248,Bean and Sons,Marketing,Large,South Africa,8/31/2025
4249,Bullock-Wilson,Retail,Startup,Pakistan,8/20/2022
4250,"Strickland, Williams and Graham",Marketing,Small,Brazil,12/11/2025
4251,Boone-Green,Technology,Small,Germany,7/23/2024
4252,"May, Gonzalez and Carpenter",Technology,Startup,UK,10/26/2024
4253,Olson-Fisher,Logistics,Small,USA,9/8/2025
4254,"Osborne, Lopez and Mann",Retail,Small,France,10/3/2022
4255,Coleman Ltd,Retail,Large,South Africa,1/4/2026
4256,"Escobar, Bush and Wilkinson",Finance,Enterprise,Japan,1/26/2026
4257,"Gordon, Campbell and Santiago",Retail,Medium,Brazil,5/4/2026
4258,"Mcclure, Guzman and Payne",Finance,Small,Germany,3/25/2026
4259,"Bender, Lee and Cruz",Logistics,Small,USA,6/10/2024
4260,Conley-Brown,Logistics,Enterprise,Singapore,8/28/2025
4261,Diaz Group,Manufacturing,Enterprise,Pakistan,5/18/2023
4262,Dunlap-Cochran,Technology,Enterprise,Pakistan,2/21/2023
4263,Rhodes and Sons,Marketing,Large,South Africa,12/18/2024
4264,Rogers PLC,Marketing,Small,Pakistan,5/5/2025
4265,"Ford, Mcguire and Greer",Media,Large,UK,5/18/2024
4266,Adkins Inc,Media,Small,Australia,2/21/2024
4267,"Trujillo, Baker and Knapp",Education,Small,Mexico,7/28/2025
4268,Jackson Inc,Consulting,Medium,Mexico,4/27/2026
4269,"Woods, Patel and Rodriguez",Manufacturing,Startup,India,9/22/2022
4270,Rosales-Smith,Education,Startup,UAE,2/6/2023
4271,"Beasley, Newton and Osborn",Education,Small,France,4/29/2026
4272,"Frye, Williamson and Hill",Healthcare,Small,UAE,9/26/2023
4273,Brown Inc,Healthcare,Large,Australia,12/2/2025
4274,Clark LLC,Education,Startup,Singapore,10/25/2025
4275,Bass-Nguyen,Retail,Startup,Singapore,1/18/2024
4276,Curry-Wright,Consulting,Startup,Singapore,5/2/2026
4277,Bass-Hughes,Manufacturing,Startup,Germany,12/12/2022
4278,Lucas LLC,Education,Startup,South Africa,1/5/2025
4279,Bates-Brown,Marketing,Medium,USA,4/26/2026
4280,Beck-Stevens,Consulting,Small,USA,10/26/2022
4281,Chung Group,Healthcare,Large,Japan,2/15/2023
4282,Coleman-Duncan,Marketing,Enterprise,Singapore,8/6/2023
4283,Hester-Mays,Healthcare,Medium,France,9/10/2024
4284,Maxwell LLC,Healthcare,Startup,South Africa,3/27/2023
4285,Bradley Inc,Consulting,Startup,Japan,7/6/2025
4286,White-Floyd,Healthcare,Large,UK,3/25/2023
4287,Williams-Williams,Logistics,Small,France,1/7/2025
4288,Mccullough-Johnson,Technology,Large,France,9/13/2022
4289,Jones Group,Logistics,Large,USA,12/25/2022
4290,Hicks-Jones,Technology,Enterprise,Japan,12/20/2025
4291,Browning-Espinoza,Media,Enterprise,Pakistan,8/12/2025
4292,"Meyers, Henderson and Potter",Media,Medium,France,7/9/2025
4293,"Cannon, Larson and Mercer",Healthcare,Small,France,1/29/2024
4294,"Bennett, Mora and Woodard",Manufacturing,Enterprise,UAE,12/21/2022
4295,"Hamilton, Walsh and Boyd",Manufacturing,Small,Pakistan,12/30/2025
4296,"Green, Mccormick and Miller",Technology,Startup,South Africa,6/22/2026
4297,Vasquez Group,Marketing,Medium,USA,11/6/2022
4298,Blankenship LLC,Consulting,Medium,UK,11/24/2024
4299,Cooper Group,Healthcare,Large,Mexico,6/20/2024
4300,Ayala-Adams,Consulting,Medium,India,2/25/2023
4301,Miller Inc,Logistics,Small,USA,1/21/2026
4302,Castro PLC,Manufacturing,Enterprise,USA,8/31/2024
4303,Green-Howe,Retail,Large,France,4/12/2024
4304,Buckley and Sons,Logistics,Medium,UAE,12/26/2022
4305,"Harrington, Santiago and Mills",Logistics,Small,Australia,3/10/2025
4306,Adams Group,Technology,Small,Singapore,9/29/2022
4307,"Nelson, Franco and Nunez",Finance,Medium,Canada,2/22/2024
4308,Long-Herrera,Logistics,Startup,Brazil,2/14/2023
4309,Ramsey Group,Healthcare,Small,UAE,4/1/2023
4310,Saunders-Aguilar,Education,Medium,Australia,8/6/2025
4311,Spears Group,Education,Small,France,5/20/2023
4312,"Trujillo, Rodriguez and Lee",Healthcare,Small,France,6/26/2026
4313,Phillips PLC,Finance,Startup,Netherlands,5/17/2023
4314,Jones-Jensen,Finance,Small,Mexico,8/10/2024
4315,Evans LLC,Technology,Large,UK,6/28/2023
4316,Oliver-Brewer,Manufacturing,Small,Japan,9/29/2025
4317,Cain-Hall,Consulting,Startup,Australia,6/11/2025
4318,Kirby Ltd,Finance,Medium,Netherlands,1/10/2025
4319,"Rush, Marshall and Taylor",Retail,Enterprise,Netherlands,6/17/2025
4320,"Stevens, Scott and Newton",Technology,Medium,South Africa,1/17/2023
4321,Johnson Ltd,Media,Startup,Germany,3/20/2025
4322,Schmitt-Frye,Marketing,Small,South Africa,1/27/2025
4323,Delgado-Sanchez,Media,Large,Mexico,7/31/2023
4324,Hernandez Group,Technology,Startup,Singapore,11/7/2025
4325,Ramos-Crawford,Logistics,Medium,Japan,12/14/2024
4326,"Arnold, Cummings and Levy",Consulting,Small,Netherlands,4/27/2023
4327,Delacruz-Ball,Marketing,Startup,Canada,4/16/2024
4328,Owens Group,Media,Large,South Africa,6/23/2023
4329,Perkins PLC,Marketing,Medium,UK,10/18/2024
4330,Martinez and Sons,Retail,Medium,UAE,4/29/2025
4331,Russell Ltd,Retail,Startup,Brazil,3/17/2024
4332,Dennis PLC,Retail,Startup,Brazil,8/27/2022
4333,Sullivan PLC,Technology,Medium,UAE,1/27/2025
4334,Yang and Sons,Consulting,Medium,Australia,1/11/2023
4335,Reese-Hayes,Technology,Startup,Singapore,7/17/2024
4336,Chan and Sons,Education,Startup,Singapore,10/17/2023
4337,Dennis and Sons,Logistics,Startup,Japan,3/30/2024
4338,Herrera Group,Logistics,Enterprise,UAE,3/10/2024
4339,"Chavez, Black and Carson",Retail,Large,Germany,5/3/2026
4340,Flores LLC,Education,Enterprise,Brazil,1/31/2024
4341,Taylor-White,Finance,Startup,France,1/27/2023
4342,"Watkins, Brown and Johnson",Finance,Enterprise,Singapore,1/26/2023
4343,Long-Tucker,Retail,Startup,Australia,11/10/2025
4344,Fuentes-Werner,Media,Small,South Africa,1/2/2024
4345,Mora-Perkins,Technology,Large,Netherlands,10/1/2024
4346,Wood-Gomez,Retail,Small,UAE,4/24/2026
4347,Johnson Inc,Manufacturing,Small,South Africa,3/17/2024
4348,"Barnes, Torres and Brewer",Marketing,Startup,France,6/7/2025
4349,Chandler Inc,Logistics,Startup,Pakistan,2/5/2025
4350,Jones LLC,Finance,Medium,Brazil,3/14/2025
4351,"Sheppard, Downs and Parsons",Healthcare,Medium,USA,3/17/2026
4352,"Washington, Wright and Walton",Finance,Large,France,11/23/2025
4353,Lewis Ltd,Logistics,Medium,Singapore,8/8/2025
4354,"Harper, Steele and Mann",Marketing,Medium,USA,8/4/2023
4355,"Santos, Bell and Wall",Logistics,Startup,Singapore,6/8/2024
4356,"Fisher, Dean and Taylor",Healthcare,Startup,Japan,11/18/2022
4357,Ellison and Sons,Retail,Enterprise,Australia,10/22/2022
4358,"Potter, Thomas and Anderson",Education,Startup,India,6/23/2024
4359,Hammond-Johnson,Healthcare,Medium,Mexico,6/19/2023
4360,"Murphy, Graham and Johnson",Logistics,Startup,Japan,6/26/2025
4361,"Williams, Wood and White",Logistics,Medium,France,3/30/2024
4362,"Combs, Butler and Mahoney",Manufacturing,Medium,USA,10/8/2022
4363,Rogers-Baker,Manufacturing,Startup,Australia,3/19/2026
4364,"Henderson, Lowe and Gregory",Consulting,Small,Singapore,4/18/2024
4365,"Riddle, Mason and Johnson",Manufacturing,Medium,France,2/28/2024
4366,Gomez-Mosley,Technology,Small,Australia,7/30/2025
4367,"Carter, Lee and Shea",Education,Startup,Brazil,7/11/2023
4368,Avila Ltd,Marketing,Medium,Singapore,9/29/2022
4369,"Lawrence, Rosales and Allen",Healthcare,Startup,Netherlands,2/6/2024
4370,Hernandez Inc,Logistics,Large,India,10/5/2023
4371,Keller-Ward,Consulting,Small,India,1/2/2024
4372,Garrett-Michael,Consulting,Startup,Canada,7/15/2022
4373,"Maldonado, Martin and Wallace",Marketing,Medium,Netherlands,8/10/2022
4374,Watts Ltd,Education,Small,Mexico,8/16/2025
4375,Hunt-Davis,Healthcare,Small,UK,9/12/2025
4376,Rios LLC,Finance,Small,Mexico,11/25/2024
4377,"Martinez, Hernandez and Phillips",Manufacturing,Small,Australia,3/11/2026
4378,Spears-Mclean,Retail,Small,UK,12/3/2023
4379,Wilson Group,Consulting,Startup,Canada,12/4/2024
4380,Gill-Alvarez,Manufacturing,Small,Germany,7/27/2023
4381,"Wilson, Beck and Rodriguez",Manufacturing,Small,France,9/16/2023
4382,Hardy Inc,Technology,Medium,Brazil,12/11/2025
4383,Bryan-Waters,Education,Medium,Singapore,1/6/2024
4384,"Murphy, Greene and Rodgers",Retail,Small,UAE,3/27/2026
4385,"Brady, Robinson and Madden",Finance,Large,UK,5/4/2025
4386,Meyer-Sanders,Logistics,Large,UK,1/7/2024
4387,"Russell, Johnson and Mcbride",Technology,Medium,Australia,6/6/2024
4388,Anderson-Baker,Manufacturing,Medium,France,8/18/2023
4389,Velasquez Group,Manufacturing,Small,Australia,6/28/2025
4390,Cox-Wilson,Media,Large,India,4/8/2023
4391,"Kim, Thomas and Garrett",Retail,Startup,Brazil,7/29/2025
4392,Brown-Gardner,Retail,Small,UK,1/24/2024
4393,Marsh PLC,Media,Medium,Netherlands,8/11/2023
4394,"Bird, Ortiz and Robinson",Retail,Startup,South Africa,7/10/2023
4395,Hughes-Williams,Manufacturing,Startup,France,2/5/2023
4396,Davis PLC,Consulting,Medium,Pakistan,9/16/2025
4397,Miller-Blair,Healthcare,Medium,Germany,6/17/2024
4398,Williams and Sons,Manufacturing,Medium,Singapore,1/14/2025
4399,Rasmussen-Baxter,Technology,Large,Canada,7/30/2025
4400,Martinez Ltd,Education,Startup,Germany,3/14/2025
4401,"Aguilar, Reed and Duncan",Media,Startup,Canada,12/12/2024
4402,Beltran-Perry,Finance,Medium,UK,11/6/2022
4403,Weber Inc,Logistics,Small,Germany,3/30/2023
4404,"Nash, Rodriguez and Lloyd",Finance,Medium,Germany,9/12/2023
4405,"Price, Mueller and Crosby",Manufacturing,Startup,Singapore,12/22/2023
4406,Brown-Lopez,Technology,Small,UAE,5/22/2023
4407,Lawson Inc,Manufacturing,Small,Singapore,1/27/2023
4408,Hunter LLC,Education,Medium,Australia,10/5/2025
4409,"Francis, Gutierrez and Harris",Consulting,Small,UAE,6/27/2022
4410,Arnold-Wong,Logistics,Small,Germany,2/3/2024
4411,Caldwell Group,Education,Small,UAE,4/14/2026
4412,Sellers LLC,Media,Startup,Brazil,9/13/2025
4413,Young Inc,Media,Startup,South Africa,1/27/2025
4414,"Mitchell, Salazar and Davis",Manufacturing,Small,UAE,10/11/2022
4415,"Blake, Taylor and Hernandez",Technology,Small,Australia,7/17/2023
4416,Mckee-Christensen,Education,Small,France,1/1/2024
4417,Brown-Miller,Marketing,Small,UK,1/14/2024
4418,Nguyen and Sons,Technology,Medium,Japan,6/14/2026
4419,"Gonzalez, Bush and Johnson",Consulting,Large,Netherlands,4/24/2026
4420,Johnson-Jordan,Media,Small,France,3/16/2024
4421,"Garcia, Webb and Lopez",Manufacturing,Startup,Netherlands,4/30/2026
4422,"Nguyen, Medina and Pollard",Retail,Startup,UK,11/15/2024
4423,Bailey Group,Media,Medium,France,6/24/2026
4424,"Garrett, Shepherd and Hensley",Logistics,Small,France,6/2/2026
4425,Marquez Group,Healthcare,Startup,Canada,7/24/2024
4426,"Johnson, Murray and Miller",Retail,Medium,Japan,10/9/2022
4427,Vincent LLC,Manufacturing,Startup,Japan,12/21/2025
4428,"Davis, Johnston and Boyd",Marketing,Medium,UAE,6/20/2023
4429,"Torres, Johnson and Livingston",Retail,Small,Netherlands,8/5/2025
4430,Long Inc,Logistics,Medium,India,6/23/2026
4431,Roberts Ltd,Technology,Startup,Japan,12/19/2025
4432,Cook-Mendoza,Marketing,Large,Australia,6/14/2024
4433,Scott-Hood,Media,Medium,France,7/8/2024
4434,"Simpson, Shaw and Tran",Marketing,Startup,Netherlands,12/7/2022
4435,Brooks-Butler,Education,Startup,Germany,8/15/2025
4436,Collins-Foster,Logistics,Small,Pakistan,5/17/2026
4437,Hines LLC,Retail,Large,Canada,9/1/2025
4438,Villanueva-Blair,Education,Large,Pakistan,12/6/2024
4439,Smith LLC,Marketing,Small,USA,9/12/2024
4440,Martin Group,Education,Large,Singapore,10/12/2022
4441,Pennington Group,Finance,Startup,USA,3/22/2023
4442,Eaton-Crawford,Logistics,Startup,UK,1/9/2023
4443,Mccormick-Hines,Consulting,Enterprise,France,9/24/2025
4444,Collins and Sons,Technology,Large,Japan,12/3/2024
4445,Hunter-Marshall,Marketing,Small,Australia,7/18/2023
4446,"Walker, Ware and Fischer",Logistics,Large,Germany,12/14/2023
4447,"Palmer, Smith and Moore",Consulting,Enterprise,India,5/15/2025
4448,"Raymond, Martin and Velez",Consulting,Large,India,9/21/2023
4449,White Inc,Manufacturing,Large,Canada,11/25/2024
4450,Stephens-Larson,Education,Large,Canada,2/27/2026
4451,Ritter-Irwin,Consulting,Startup,Canada,9/11/2025
4452,"Copeland, Johnson and Bender",Finance,Large,Netherlands,9/6/2023
4453,Summers-Vazquez,Logistics,Startup,Japan,9/29/2022
4454,Lucas Inc,Healthcare,Large,Netherlands,12/22/2022
4455,"Mclaughlin, Mcdaniel and Schmidt",Healthcare,Small,Canada,3/4/2026
4456,"Kirby, Campbell and Delgado",Marketing,Medium,South Africa,2/29/2024
4457,Johnson-Collins,Media,Small,UAE,6/4/2025
4458,Davis-Mack,Education,Startup,Japan,1/30/2023
4459,Garcia PLC,Media,Small,France,11/5/2023
4460,Martinez LLC,Consulting,Enterprise,Brazil,7/26/2024
4461,Robinson-Obrien,Logistics,Enterprise,Pakistan,12/29/2023
4462,"Calderon, Stanley and Harvey",Marketing,Small,France,3/3/2023
4463,Kane-Vargas,Retail,Enterprise,South Africa,8/10/2022
4464,Bowen-Carpenter,Consulting,Large,Brazil,4/15/2024
4465,Jefferson Ltd,Education,Medium,France,10/7/2023
4466,Williams Group,Healthcare,Startup,USA,11/26/2025
4467,Sanders LLC,Manufacturing,Enterprise,Australia,11/17/2025
4468,Kaiser PLC,Logistics,Medium,Germany,12/21/2024
4469,Lucas-Tate,Technology,Large,Netherlands,4/4/2025
4470,Martinez LLC,Media,Large,UK,8/31/2023
4471,Patrick Group,Marketing,Large,Australia,12/29/2025
4472,Davis-Bailey,Media,Medium,Canada,7/10/2023
4473,Taylor-White,Logistics,Small,Pakistan,2/15/2024
4474,"Holloway, Jones and Manning",Media,Small,USA,4/27/2023
4475,Galvan PLC,Logistics,Small,Mexico,3/23/2024
4476,Smith LLC,Media,Startup,UAE,2/7/2024
4477,"Barajas, Peck and Mathis",Finance,Medium,Pakistan,4/21/2026
4478,Roth-Fernandez,Retail,Medium,USA,7/7/2025
4479,Sanchez-Irwin,Consulting,Large,Singapore,3/5/2026
4480,Hopkins and Sons,Consulting,Startup,Mexico,6/19/2023
4481,Bates-Lane,Education,Small,Netherlands,8/9/2022
4482,Manning-Rose,Technology,Startup,UAE,10/21/2022
4483,Galvan Inc,Technology,Startup,Canada,4/28/2026
4484,"Bauer, Jackson and Mays",Education,Startup,UK,5/26/2023
4485,Foster Ltd,Manufacturing,Medium,Canada,10/4/2022
4486,Shaffer LLC,Consulting,Startup,South Africa,12/21/2022
4487,"Flores, Mcintyre and Fuentes",Manufacturing,Medium,Japan,10/11/2024
4488,Carter-Duffy,Logistics,Startup,Pakistan,10/3/2023
4489,Saunders-Peterson,Logistics,Large,Canada,7/29/2023
4490,Valenzuela PLC,Healthcare,Large,Singapore,5/5/2024
4491,Powers-Conley,Media,Enterprise,Canada,2/5/2024
4492,"Reynolds, Martin and Sims",Technology,Large,Netherlands,2/8/2024
4493,Brewer Group,Healthcare,Enterprise,USA,4/22/2023
4494,Small PLC,Retail,Large,India,6/11/2025
4495,"Snyder, Hall and Crosby",Education,Medium,Mexico,7/16/2024
4496,Harris PLC,Education,Startup,Canada,11/17/2023
4497,"Mckinney, Parrish and Duncan",Logistics,Small,Singapore,6/1/2026
4498,"Williams, Hunter and Cole",Consulting,Startup,France,10/18/2024
4499,Lewis Inc,Manufacturing,Medium,France,7/19/2022
4500,"Doyle, Rojas and Valdez",Technology,Small,UK,2/25/2026
4501,Robbins LLC,Healthcare,Large,UK,1/7/2025
4502,"Olson, Gardner and Miller",Manufacturing,Enterprise,South Africa,12/30/2025
4503,Walker-Higgins,Healthcare,Small,Mexico,8/6/2022
4504,Thompson-Dawson,Media,Small,UK,4/13/2024
4505,Wood-Montoya,Retail,Enterprise,Australia,1/12/2024
4506,"Preston, Ferguson and Duarte",Retail,Small,Japan,11/21/2022
4507,Copeland and Sons,Manufacturing,Large,Germany,2/12/2024
4508,King-Mcdowell,Manufacturing,Startup,South Africa,5/10/2025
4509,Williams LLC,Manufacturing,Medium,UK,2/25/2025
4510,"Delgado, Graham and Fields",Healthcare,Small,Canada,7/9/2022
4511,"Bauer, Gray and Lamb",Media,Large,South Africa,1/26/2025
4512,"Pierce, Rice and Winters",Finance,Medium,UK,7/23/2023
4513,Payne Ltd,Manufacturing,Startup,Germany,11/17/2023
4514,"Brown, Anderson and Young",Consulting,Startup,Australia,3/27/2024
4515,Moore PLC,Technology,Small,Germany,10/22/2022
4516,Fernandez PLC,Technology,Enterprise,Pakistan,3/12/2024
4517,"Durham, Mcguire and Montgomery",Healthcare,Large,UK,3/21/2025
4518,Pena-Carson,Manufacturing,Small,Mexico,4/29/2023
4519,"Jacobs, Patton and Smith",Logistics,Small,UK,1/17/2023
4520,"Castillo, Chambers and Yang",Education,Small,UK,7/27/2024
4521,Robinson-White,Finance,Medium,Pakistan,10/25/2022
4522,Meadows Inc,Consulting,Large,Germany,4/11/2025
4523,"Miller, Bush and Baker",Media,Small,USA,11/5/2023
4524,Zamora Group,Logistics,Medium,Canada,8/18/2024
4525,"Pennington, Stewart and Welch",Retail,Medium,South Africa,10/27/2022
4526,"Carpenter, Gallegos and Kim",Logistics,Enterprise,Japan,9/20/2024
4527,Mullins and Sons,Healthcare,Enterprise,Singapore,3/26/2025
4528,Clark-Kent,Finance,Large,South Africa,5/3/2024
4529,"Dunn, Rich and Mckee",Marketing,Medium,South Africa,3/4/2025
4530,Martin Inc,Marketing,Small,Japan,6/29/2024
4531,"Schwartz, Williams and Holland",Manufacturing,Large,Canada,8/25/2023
4532,"Lopez, Munoz and Murphy",Manufacturing,Small,Japan,5/8/2026
4533,Price-Smith,Healthcare,Small,UK,5/3/2025
4534,"Butler, Church and Warner",Media,Small,Australia,5/27/2026
4535,Smith-Pham,Manufacturing,Large,Pakistan,1/5/2024
4536,Gamble and Sons,Education,Startup,Mexico,5/5/2024
4537,Sims and Sons,Finance,Small,USA,10/19/2024
4538,Adkins PLC,Healthcare,Small,UAE,8/9/2024
4539,"Jordan, Holmes and Flynn",Technology,Startup,USA,12/19/2022
4540,"Murphy, Brooks and Wagner",Retail,Startup,Singapore,7/26/2024
4541,Floyd-Jensen,Healthcare,Large,Canada,9/12/2023
4542,"Rose, Lopez and Mclean",Healthcare,Large,UK,3/8/2024
4543,Andrews Ltd,Marketing,Small,India,8/5/2022
4544,Crosby-Mitchell,Consulting,Large,UAE,6/21/2026
4545,"Koch, Griffith and Savage",Media,Large,UK,10/16/2022
4546,"Chavez, Thomas and Lam",Consulting,Small,Pakistan,10/20/2024
4547,Chambers-Baxter,Education,Medium,Netherlands,1/30/2026
4548,Valenzuela Inc,Technology,Enterprise,UAE,8/29/2023
4549,"Evans, Anderson and Robinson",Marketing,Small,Singapore,1/29/2025
4550,"Johns, Gardner and Horn",Technology,Startup,India,7/8/2024
4551,Andrews-Mcbride,Education,Enterprise,Germany,6/30/2023
4552,Travis-Delgado,Consulting,Medium,Germany,4/22/2026
4553,Martinez PLC,Healthcare,Startup,Germany,12/7/2023
4554,Mckinney-Chavez,Manufacturing,Medium,Australia,6/12/2026
4555,Pearson PLC,Manufacturing,Small,Germany,8/25/2023
4556,Mccormick-Duran,Logistics,Large,France,2/8/2026
4557,"Wright, Joyce and Smith",Retail,Small,UAE,12/22/2025
4558,"Miller, Diaz and Meyers",Media,Small,Mexico,9/11/2024
4559,Mahoney-Gates,Education,Medium,India,12/1/2024
4560,Marshall-Kemp,Retail,Small,Pakistan,2/17/2026
4561,"Williams, Richardson and Chapman",Media,Startup,France,1/8/2026
4562,Harris-Morales,Retail,Medium,France,12/3/2025
4563,"Schmitt, Smith and Martinez",Consulting,Large,South Africa,11/1/2023
4564,Lester Inc,Media,Startup,Brazil,7/16/2024
4565,Campbell-Bennett,Consulting,Medium,India,6/25/2023
4566,"Spencer, James and Smith",Healthcare,Small,Brazil,2/3/2026
4567,Saunders and Sons,Marketing,Small,South Africa,3/30/2023
4568,Rodriguez-Murphy,Consulting,Small,Japan,12/4/2023
4569,"Smith, Beck and Garner",Manufacturing,Small,Mexico,8/10/2024
4570,"Davis, Spencer and Lewis",Retail,Large,Pakistan,8/16/2024
4571,"Nguyen, Francis and Smith",Logistics,Small,UAE,10/5/2023
4572,Murphy LLC,Finance,Medium,Netherlands,2/15/2026
4573,"Raymond, Mcconnell and Pollard",Media,Startup,Japan,11/1/2024
4574,Jordan-Walker,Education,Enterprise,Canada,4/5/2025
4575,Humphrey-Perez,Logistics,Medium,UK,4/21/2025
4576,"Sanchez, Jensen and Gardner",Manufacturing,Medium,Mexico,5/21/2023
4577,Mcbride-Fuentes,Consulting,Small,Mexico,7/29/2024
4578,Wade-Cook,Marketing,Small,Canada,4/22/2023
4579,"Rangel, Parker and Montgomery",Healthcare,Startup,Singapore,8/8/2023
4580,Lee PLC,Finance,Enterprise,India,1/20/2024
4581,Reeves-Martin,Technology,Small,Mexico,9/13/2022
4582,Richardson Group,Logistics,Medium,Canada,5/1/2025
4583,"Navarro, Hansen and Harrison",Marketing,Medium,Mexico,7/17/2024
4584,Johnson PLC,Technology,Small,Japan,6/18/2025
4585,Davenport-Perry,Finance,Medium,Netherlands,3/13/2024
4586,"Lewis, Rice and Smith",Education,Medium,Canada,9/15/2022
4587,Floyd-Day,Education,Medium,Japan,10/15/2023
4588,Scott-Velazquez,Retail,Small,Japan,8/26/2023
4589,"Smith, Decker and Watson",Finance,Small,Canada,5/1/2023
4590,Caldwell and Sons,Finance,Startup,Netherlands,1/21/2023
4591,"Phillips, Ramirez and Wright",Technology,Large,Mexico,12/2/2024
4592,Boyd Inc,Marketing,Medium,South Africa,11/1/2024
4593,"Smith, Solis and Allen",Media,Small,Germany,1/25/2023
4594,"Turner, Lambert and Kim",Technology,Enterprise,USA,11/27/2024
4595,"Foster, Bridges and Foster",Healthcare,Startup,Canada,11/14/2022
4596,Robles-Brown,Education,Large,UK,5/30/2023
4597,"Anderson, Wheeler and Nguyen",Education,Enterprise,India,3/24/2023
4598,"Lewis, Day and Singh",Retail,Large,Singapore,3/27/2023
4599,Williams-Turner,Healthcare,Large,USA,7/4/2023
4600,"Pittman, Phelps and Wise",Education,Small,Australia,8/4/2022
4601,Hart Group,Technology,Startup,UK,4/3/2024
4602,Smith-Schroeder,Healthcare,Medium,UK,5/28/2023
4603,"Mullins, Cruz and Rodriguez",Technology,Small,Germany,8/1/2025
4604,"Myers, Shepherd and Elliott",Media,Startup,South Africa,12/28/2025
4605,Black-Fisher,Media,Large,Germany,2/3/2024
4606,Weber Group,Education,Small,India,7/17/2023
4607,Walker-Lam,Education,Enterprise,UK,7/23/2025
4608,"Stark, Mason and Young",Marketing,Large,Pakistan,11/24/2025
4609,Harris-Mccormick,Media,Large,Pakistan,8/23/2025
4610,Shelton Inc,Logistics,Large,Brazil,11/5/2022
4611,Holloway-Jenkins,Logistics,Large,South Africa,10/22/2023
4612,"Garcia, Hernandez and Poole",Retail,Large,India,3/28/2024
4613,"Moore, Walker and Atkinson",Media,Medium,Canada,3/4/2023
4614,"Bernard, Thompson and Jacobs",Technology,Small,France,6/5/2025
4615,Young-Palmer,Technology,Large,Australia,9/8/2025
4616,Harris-Cook,Manufacturing,Large,Mexico,9/11/2025
4617,Madden-Patel,Healthcare,Small,Singapore,2/17/2025
4618,"Stephens, Perry and Lopez",Consulting,Startup,Germany,1/6/2024
4619,Reese-Graham,Logistics,Medium,South Africa,4/14/2023
4620,"Johnson, Lee and Smith",Education,Startup,Singapore,7/11/2025
4621,Jones Ltd,Retail,Enterprise,France,5/5/2025
4622,Graham Group,Consulting,Enterprise,Japan,8/26/2023
4623,Caldwell-Sanchez,Finance,Startup,UAE,10/10/2022
4624,Franco LLC,Retail,Medium,Brazil,6/7/2024
4625,Miller and Sons,Finance,Startup,India,12/9/2024
4626,Johnson-Reeves,Media,Medium,Canada,2/10/2026
4627,"Jones, Hester and Greene",Finance,Small,Brazil,6/21/2025
4628,Scott and Sons,Finance,Medium,USA,7/14/2025
4629,"Hall, Sexton and Jones",Marketing,Small,Canada,1/3/2024
4630,Adams Group,Marketing,Startup,UK,8/14/2025
4631,Cooley-Smith,Marketing,Small,Brazil,2/3/2025
4632,Boone PLC,Media,Startup,Canada,1/20/2023
4633,Black Ltd,Consulting,Medium,Brazil,12/8/2022
4634,Floyd Inc,Retail,Startup,UK,8/31/2022
4635,"Allen, Dunlap and Smith",Retail,Small,Singapore,7/8/2023
4636,"Adams, Moss and Garrett",Education,Large,Netherlands,6/17/2024
4637,Arias and Sons,Marketing,Large,Brazil,2/25/2024
4638,Novak and Sons,Media,Large,Brazil,11/19/2025
4639,West-Alvarado,Education,Enterprise,Netherlands,5/27/2026
4640,Larson-Wright,Healthcare,Startup,Mexico,3/13/2025
4641,Carlson-Davis,Education,Startup,Japan,8/11/2025
4642,Ryan Inc,Consulting,Medium,Mexico,6/21/2023
4643,"Webb, Brown and Hawkins",Logistics,Large,UAE,5/8/2025
4644,Johnson PLC,Finance,Enterprise,Germany,6/7/2024
4645,"Dalton, Garcia and Ramirez",Marketing,Startup,Mexico,9/22/2022
4646,Olson Inc,Logistics,Small,UAE,5/6/2025
4647,Lopez and Sons,Education,Startup,Brazil,12/1/2023
4648,Scott Group,Media,Large,UK,2/22/2026
4649,"Mitchell, Hooper and Mendez",Finance,Medium,Mexico,3/24/2025
4650,Brennan-Morgan,Retail,Startup,USA,3/25/2024
4651,"Griffin, Reynolds and Campos",Technology,Small,Brazil,8/4/2024
4652,Morris-Ruiz,Finance,Medium,France,3/10/2023
4653,"Wheeler, Medina and Thompson",Consulting,Large,Singapore,11/30/2024
4654,Patterson-Lee,Consulting,Startup,Singapore,10/3/2022
4655,"Harris, Bell and Bullock",Education,Large,Japan,7/23/2022
4656,Norton Group,Healthcare,Medium,Canada,9/21/2024
4657,Mason PLC,Consulting,Large,Germany,11/15/2024
4658,Turner and Sons,Consulting,Large,Canada,7/31/2024
4659,Taylor LLC,Media,Startup,Canada,3/29/2025
4660,Jackson-Bryan,Education,Startup,South Africa,5/19/2026
4661,"Garza, Robinson and Davis",Finance,Medium,UK,7/24/2023
4662,Dunn PLC,Healthcare,Startup,France,8/27/2022
4663,Watson-Chen,Logistics,Large,Germany,7/28/2025
4664,Ayers-Campbell,Technology,Medium,Canada,3/1/2025
4665,Thomas and Sons,Marketing,Large,Netherlands,12/1/2022
4666,Gonzales Group,Retail,Small,Brazil,6/30/2025
4667,Mccarty PLC,Consulting,Small,Japan,1/16/2026
4668,Mcgee-Green,Education,Medium,Japan,4/2/2026
4669,May-Parker,Marketing,Startup,Singapore,12/15/2023
4670,Crawford LLC,Retail,Medium,Canada,6/8/2025
4671,Simmons Ltd,Retail,Large,Japan,2/28/2024
4672,Watson PLC,Logistics,Small,Australia,5/18/2026
4673,Castillo-Li,Logistics,Large,India,1/12/2024
4674,"Harris, Williamson and Ramirez",Logistics,Startup,Mexico,2/11/2023
4675,Garcia Ltd,Manufacturing,Small,Singapore,7/10/2025
4676,Todd PLC,Manufacturing,Enterprise,Australia,4/19/2023
4677,"Wilkinson, Mccormick and Mccoy",Retail,Enterprise,India,11/23/2024
4678,Fleming Ltd,Logistics,Small,USA,11/16/2024
4679,"Mcdaniel, Bryant and Young",Media,Enterprise,Australia,9/14/2025
4680,Rivera LLC,Consulting,Small,Brazil,9/19/2025
4681,Schmidt PLC,Marketing,Small,UK,12/26/2022
4682,Mccormick Inc,Marketing,Small,USA,4/27/2026
4683,Wilson-Murray,Manufacturing,Enterprise,Pakistan,1/8/2023
4684,Morales LLC,Retail,Startup,Germany,1/6/2025
4685,Hanson-Walker,Education,Medium,Singapore,3/28/2024
4686,Martinez-Stevens,Finance,Medium,Pakistan,12/30/2023
4687,Murillo LLC,Finance,Medium,Singapore,4/4/2026
4688,"May, Dawson and Gonzalez",Manufacturing,Small,Japan,3/24/2025
4689,Bridges Inc,Education,Small,Brazil,6/2/2026
4690,"Nelson, Pitts and Nelson",Manufacturing,Startup,Germany,12/16/2025
4691,Green LLC,Finance,Medium,Germany,4/1/2023
4692,Ortiz Group,Education,Medium,Mexico,3/8/2023
4693,"Lynch, Kline and Rojas",Logistics,Medium,Japan,1/20/2026
4694,Garcia-Villa,Retail,Medium,Singapore,11/26/2023
4695,Ware PLC,Marketing,Startup,Germany,12/17/2024
4696,Hahn-Clark,Media,Large,Australia,7/24/2025
4697,Johnston-Rodriguez,Healthcare,Medium,Japan,3/16/2026
4698,Davis Ltd,Retail,Startup,UAE,6/4/2025
4699,Sanders-Cruz,Logistics,Small,France,2/23/2024
4700,Ford Inc,Finance,Large,Mexico,12/13/2025
4701,"Hernandez, Ruiz and Francis",Logistics,Large,South Africa,7/7/2025
4702,Reed Group,Manufacturing,Small,Singapore,11/7/2025
4703,"Griffin, Gray and James",Education,Medium,Japan,11/19/2025
4704,Russell-Bruce,Marketing,Startup,Netherlands,3/7/2025
4705,Evans Ltd,Consulting,Startup,Pakistan,10/14/2023
4706,"Hartman, Payne and Griffith",Manufacturing,Medium,Pakistan,9/25/2023
4707,Evans-Huff,Retail,Medium,Germany,8/14/2022
4708,Holmes LLC,Manufacturing,Large,Netherlands,7/11/2025
4709,Frazier and Sons,Retail,Small,Brazil,10/12/2025
4710,Ramirez Group,Consulting,Startup,Singapore,3/27/2025
4711,"Castro, Morris and Boyle",Technology,Small,UAE,4/27/2025
4712,Hernandez Group,Marketing,Startup,UAE,9/20/2022
4713,"Charles, Parker and Hernandez",Media,Startup,France,8/3/2022
4714,"Lewis, Cruz and Rios",Media,Small,Australia,2/12/2025
4715,Williams PLC,Healthcare,Small,France,8/3/2024
4716,Morris-Anderson,Logistics,Small,UK,9/1/2024
4717,"Cole, Reynolds and Potts",Technology,Medium,Brazil,2/13/2023
4718,Harris Ltd,Media,Startup,Pakistan,11/21/2025
4719,"Mccormick, Atkinson and Baker",Manufacturing,Startup,UAE,4/6/2024
4720,Santos LLC,Logistics,Medium,Netherlands,6/26/2026
4721,Sanchez-King,Technology,Startup,Germany,5/18/2025
4722,Jones-Osborn,Education,Medium,UAE,8/18/2022
4723,Smith LLC,Education,Startup,UAE,1/30/2026
4724,Aguirre Inc,Logistics,Small,India,9/18/2025
4725,Bowers Group,Retail,Startup,Pakistan,5/28/2024
4726,"Sutton, Jones and Newton",Retail,Startup,Netherlands,1/29/2026
4727,Wagner Group,Manufacturing,Medium,UK,4/12/2026
4728,"Moreno, Gray and Sheppard",Technology,Enterprise,Netherlands,12/31/2024
4729,Green Inc,Technology,Startup,France,11/10/2023
4730,Robinson Ltd,Logistics,Small,UK,6/14/2025
4731,Payne LLC,Finance,Medium,India,10/21/2022
4732,"Fuller, Wilson and Powers",Education,Small,Australia,3/21/2024
4733,Kelly Inc,Technology,Large,Brazil,6/30/2024
4734,Braun-Collins,Logistics,Startup,UK,4/25/2026
4735,Ball and Sons,Consulting,Enterprise,UAE,8/9/2022
4736,Martinez-Foley,Healthcare,Small,Mexico,12/2/2023
4737,"Perkins, Smith and Preston",Consulting,Small,USA,6/15/2024
4738,"French, Frederick and Johnson",Marketing,Large,Singapore,8/21/2022
4739,Wilson PLC,Manufacturing,Medium,UK,9/1/2022
4740,Hunter LLC,Technology,Small,Netherlands,10/30/2024
4741,Cook-Mcmillan,Marketing,Medium,Netherlands,6/18/2026
4742,"Sexton, Chapman and Rodriguez",Media,Medium,Netherlands,10/23/2023
4743,Andrews-Martinez,Marketing,Startup,Brazil,1/9/2024
4744,Gonzalez-Miranda,Logistics,Medium,Netherlands,6/16/2023
4745,"Conner, Owens and Smith",Technology,Startup,Singapore,7/17/2024
4746,Ali and Sons,Healthcare,Large,Brazil,7/29/2023
4747,Turner Group,Logistics,Enterprise,India,11/13/2023
4748,"Murphy, Taylor and Terry",Logistics,Small,UK,8/17/2022
4749,"Bell, Ferguson and Singh",Manufacturing,Small,Japan,7/6/2025
4750,Walsh-Hays,Manufacturing,Startup,UK,3/12/2023
4751,Sloan-Smith,Education,Startup,Canada,11/5/2022
4752,"Williams, Martin and Gonzales",Education,Enterprise,UAE,3/16/2023
4753,"Garcia, Jones and Williams",Retail,Startup,Brazil,12/22/2022
4754,Anderson PLC,Finance,Small,Germany,6/27/2023
4755,Caldwell Group,Technology,Large,Singapore,9/18/2023
4756,"Walker, Martin and Baldwin",Technology,Large,South Africa,10/12/2023
4757,Suarez-Johnson,Marketing,Small,Australia,9/17/2024
4758,"Macdonald, Alvarez and Jackson",Technology,Medium,Canada,5/30/2025
4759,Newman Group,Technology,Medium,UAE,9/5/2025
4760,Benjamin Ltd,Finance,Enterprise,Netherlands,1/19/2024
4761,Bishop-Bailey,Media,Medium,India,11/9/2022
4762,Clark-Green,Education,Medium,Singapore,6/16/2023
4763,Lang-Woods,Education,Startup,France,5/16/2025
4764,"Bruce, Castro and Pearson",Healthcare,Startup,India,11/10/2022
4765,Mckinney-Mason,Technology,Medium,Japan,8/28/2025
4766,Jimenez-Stevenson,Finance,Enterprise,Germany,1/12/2025
4767,Fowler-Campbell,Education,Large,South Africa,5/29/2024
4768,Chavez-Thompson,Finance,Enterprise,Singapore,7/15/2024
4769,Mccoy Ltd,Consulting,Small,South Africa,7/18/2025
4770,Myers-Campbell,Media,Large,Netherlands,9/26/2024
4771,Martinez-Hill,Technology,Large,India,1/6/2025
4772,"Gonzales, Gillespie and Frye",Healthcare,Medium,Canada,3/23/2026
4773,"Adams, Munoz and Fisher",Marketing,Small,India,3/21/2023
4774,"Simpson, Rosales and Lewis",Education,Small,Netherlands,12/15/2023
4775,Burns-Mcdonald,Consulting,Large,Germany,11/15/2025
4776,"Lopez, Gibson and Ortiz",Finance,Small,Germany,11/27/2025
4777,Berg Inc,Manufacturing,Enterprise,USA,5/21/2024
4778,Hoffman-Nichols,Logistics,Startup,Mexico,8/18/2024
4779,Pace Ltd,Technology,Medium,UK,5/12/2025
4780,"Wilkerson, Patel and Avery",Technology,Medium,France,9/14/2024
4781,"Rivera, Mcgee and Stevens",Consulting,Medium,France,10/1/2025
4782,Vargas PLC,Finance,Small,Canada,3/5/2024
4783,"Wall, Jordan and Jacobson",Retail,Enterprise,Germany,3/13/2023
4784,Gilbert-Henry,Technology,Medium,USA,7/22/2024
4785,Cruz-Stanley,Retail,Small,Netherlands,1/12/2025
4786,Randall Ltd,Manufacturing,Medium,UAE,8/28/2023
4787,Carter-Wright,Consulting,Small,USA,2/7/2025
4788,Jones Inc,Finance,Small,Australia,6/17/2026
4789,Johnson Group,Finance,Small,India,6/5/2026
4790,"Andrews, Gomez and Barry",Media,Large,UK,12/14/2022
4791,"Pope, Hernandez and Fritz",Logistics,Small,Mexico,6/11/2026
4792,Cabrera-Bradford,Education,Medium,Netherlands,5/2/2025
4793,Thomas and Sons,Education,Small,USA,11/2/2025
4794,Gonzalez-Reynolds,Marketing,Small,India,1/4/2025
4795,"Hill, Flores and Murray",Healthcare,Enterprise,UK,9/24/2025
4796,Vazquez-Stephens,Consulting,Medium,South Africa,3/28/2024
4797,Howard-Cruz,Manufacturing,Enterprise,Singapore,3/25/2023
4798,"Johnson, Owens and Porter",Finance,Startup,Mexico,9/19/2023
4799,"Jones, Parker and Galloway",Logistics,Startup,Mexico,4/27/2024
4800,Coleman PLC,Retail,Large,Australia,9/20/2022
4801,Thomas-Gonzalez,Consulting,Medium,South Africa,5/25/2023
4802,"Porter, Skinner and Gutierrez",Marketing,Startup,Mexico,5/27/2023
4803,"Riley, Brown and Goodman",Consulting,Small,Japan,3/26/2024
4804,"Mendez, Frank and Mcgee",Marketing,Large,Australia,3/4/2023
4805,"Vargas, Simpson and Hanson",Finance,Small,Japan,2/20/2025
4806,"Norman, Pitts and Wells",Healthcare,Medium,Mexico,1/24/2026
4807,Castillo and Sons,Marketing,Small,Germany,7/31/2023
4808,"Ferguson, Donovan and Poole",Finance,Small,Mexico,4/15/2023
4809,Mccarthy and Sons,Finance,Enterprise,Brazil,8/6/2023
4810,"Miller, Farmer and Mason",Healthcare,Startup,Australia,8/5/2025
4811,"Lee, Davis and Jackson",Education,Small,Brazil,3/21/2024
4812,"Logan, Mueller and Rodriguez",Consulting,Large,Singapore,1/19/2023
4813,"Phillips, Young and Brock",Technology,Startup,Germany,5/17/2024
4814,Porter LLC,Technology,Small,Netherlands,11/14/2023
4815,"Flores, Jones and Rogers",Retail,Medium,South Africa,3/20/2023
4816,Nelson-Mason,Retail,Small,Pakistan,5/15/2025
4817,"Zavala, Curry and Hansen",Technology,Small,UAE,11/9/2023
4818,"Watson, Lewis and Page",Manufacturing,Small,Canada,4/18/2024
4819,Dean and Sons,Technology,Medium,India,12/25/2025
4820,Bradshaw PLC,Retail,Medium,UAE,1/19/2025
4821,Hendrix Group,Logistics,Medium,UAE,9/15/2022
4822,Brooks Group,Retail,Startup,Mexico,1/13/2025
4823,Davis-Mccall,Manufacturing,Medium,France,6/27/2023
4824,"Guzman, Mcneil and Huff",Consulting,Enterprise,USA,11/22/2025
4825,Campos-Hawkins,Technology,Small,Australia,12/8/2024
4826,Huerta-Espinoza,Healthcare,Medium,Netherlands,6/14/2023
4827,"Anderson, Thomas and Nelson",Logistics,Medium,Pakistan,11/26/2023
4828,Howard-Hill,Finance,Large,USA,2/20/2026
4829,"Jackson, Gutierrez and Jones",Manufacturing,Enterprise,Canada,9/27/2025
4830,Torres PLC,Retail,Startup,South Africa,5/29/2024
4831,Reese-Grant,Healthcare,Small,South Africa,3/21/2024
4832,Cooper Inc,Marketing,Small,USA,11/4/2022
4833,Gonzalez-Smith,Education,Small,France,12/9/2023
4834,Taylor Inc,Technology,Startup,Canada,7/11/2023
4835,Fernandez-Bell,Education,Large,Netherlands,1/12/2024
4836,Lin Ltd,Manufacturing,Startup,Singapore,6/28/2024
4837,Cruz PLC,Marketing,Small,Singapore,7/16/2022
4838,Johnson LLC,Marketing,Medium,Japan,8/12/2023
4839,Cannon and Sons,Marketing,Startup,Germany,7/18/2025
4840,Frederick-Zamora,Finance,Enterprise,USA,10/9/2024
4841,Turner and Sons,Manufacturing,Large,India,3/16/2024
4842,Crane-Dalton,Consulting,Small,Pakistan,5/24/2026
4843,Branch Inc,Education,Small,France,1/11/2024
4844,Merritt-George,Consulting,Startup,Canada,5/31/2026
4845,"Kelly, Cook and Murray",Healthcare,Medium,Pakistan,9/1/2022
4846,Floyd Ltd,Media,Startup,USA,1/12/2026
4847,Armstrong-Strong,Logistics,Medium,Netherlands,7/13/2025
4848,"Smith, King and Williams",Logistics,Large,India,8/19/2023
4849,Rivera LLC,Consulting,Startup,USA,5/31/2024
4850,Vincent-Castro,Media,Large,Mexico,2/9/2024
4851,Johnson-Burton,Media,Startup,Australia,9/5/2022
4852,"Roberts, Solis and Russell",Technology,Enterprise,South Africa,7/8/2023
4853,"Ferguson, Anderson and Holland",Healthcare,Startup,Australia,7/20/2025
4854,Thomas and Sons,Manufacturing,Medium,Netherlands,10/10/2024
4855,Schmidt Inc,Media,Small,France,4/7/2024
4856,Lewis LLC,Retail,Large,Netherlands,8/2/2023
4857,Bowers Ltd,Logistics,Small,Canada,10/3/2022
4858,"Lewis, Myers and Adams",Retail,Startup,Canada,1/4/2024
4859,"Ryan, Lam and Jacobs",Healthcare,Medium,UAE,4/14/2025
4860,"Hunt, Taylor and Tyler",Media,Small,France,11/20/2023
4861,"Evans, Hansen and Nguyen",Education,Medium,France,1/14/2024
4862,Nelson and Sons,Logistics,Large,India,8/20/2023
4863,Watson-Cobb,Technology,Small,Australia,2/4/2025
4864,"Davenport, Rogers and Oconnor",Technology,Small,Canada,5/28/2023
4865,Marquez PLC,Marketing,Startup,Brazil,1/1/2023
4866,Miller LLC,Finance,Medium,USA,3/26/2025
4867,Martinez and Sons,Media,Small,France,7/17/2024
4868,"Wilson, Green and Rose",Healthcare,Small,Germany,10/30/2022
4869,Bartlett and Sons,Logistics,Startup,Mexico,11/17/2023
4870,Gomez-Estes,Finance,Small,UK,2/9/2024
4871,Soto-Lopez,Healthcare,Enterprise,Canada,4/23/2024
4872,"Guzman, Garrett and Anderson",Consulting,Small,Singapore,2/1/2023
4873,Garcia-Lewis,Media,Medium,Canada,9/16/2024
4874,Martinez-Johnson,Manufacturing,Large,Japan,5/28/2025
4875,Harrison-Little,Manufacturing,Medium,Netherlands,7/5/2023
4876,"Smith, Salazar and Logan",Media,Small,Germany,5/30/2023
4877,Conway-Green,Marketing,Medium,Canada,4/22/2023
4878,Henson LLC,Marketing,Large,Germany,6/15/2026
4879,"Edwards, Burke and Shields",Manufacturing,Startup,UK,9/10/2023
4880,"Lopez, Ball and Nunez",Education,Small,UAE,10/19/2022
4881,Jones Group,Logistics,Startup,India,4/24/2024
4882,Reeves Group,Manufacturing,Small,Japan,1/29/2026
4883,"Valencia, Sherman and Lowe",Education,Small,South Africa,5/12/2023
4884,Durham-Maldonado,Finance,Medium,Brazil,7/13/2022
4885,Booth PLC,Education,Startup,Netherlands,5/22/2025
4886,"Baker, Moore and Davis",Finance,Small,Mexico,2/11/2025
4887,Ramirez Ltd,Healthcare,Medium,UK,6/13/2026
4888,Ware and Sons,Retail,Small,South Africa,9/20/2023
4889,Johnson-Smith,Healthcare,Medium,Netherlands,9/28/2023
4890,Davila Group,Manufacturing,Small,Japan,7/16/2024
4891,Schultz-Jones,Finance,Enterprise,Pakistan,7/15/2024
4892,"Gonzalez, Brown and Rivera",Manufacturing,Small,UAE,4/25/2026
4893,"Randall, Booth and Liu",Media,Medium,South Africa,6/29/2022
4894,"Hoover, Deleon and Huffman",Logistics,Large,India,9/11/2022
4895,Perry-Sutton,Technology,Small,Australia,6/1/2026
4896,Stuart-Walker,Manufacturing,Startup,Germany,11/5/2023
4897,Lewis Inc,Logistics,Medium,France,7/29/2025
4898,Montgomery-Marshall,Education,Small,Pakistan,4/21/2026
4899,Cochran-Bryant,Healthcare,Large,UK,4/10/2026
4900,"Bernard, Martinez and Poole",Education,Enterprise,Canada,9/12/2024
4901,"Wyatt, Ford and Lamb",Technology,Small,UK,4/11/2023
4902,"Tanner, Allen and Robinson",Finance,Small,Mexico,4/10/2026
4903,Baker LLC,Media,Small,India,5/23/2025
4904,"Smith, Small and Mathews",Logistics,Small,Pakistan,1/12/2025
4905,"Shaw, Scott and Anderson",Media,Large,USA,7/3/2022
4906,"Rowe, Figueroa and Brown",Retail,Large,South Africa,3/13/2025
4907,Murphy Ltd,Manufacturing,Small,India,4/2/2026
4908,Brown Inc,Finance,Startup,UAE,10/2/2025
4909,Lewis-Cabrera,Retail,Small,Mexico,6/29/2022
4910,Williams-Hamilton,Consulting,Small,South Africa,4/28/2024
4911,Clark and Sons,Manufacturing,Large,Japan,8/17/2024
4912,"Tate, White and Williamson",Education,Startup,Japan,7/9/2023
4913,Monroe Ltd,Healthcare,Large,Netherlands,12/11/2023
4914,Tyler Ltd,Logistics,Medium,UK,9/21/2024
4915,Irwin-Beck,Technology,Medium,Netherlands,5/14/2023
4916,"Harris, Butler and Hood",Technology,Small,UK,6/16/2026
4917,Pierce-Miller,Education,Medium,Pakistan,7/15/2023
4918,Bradshaw and Sons,Marketing,Medium,Germany,4/11/2024
4919,Andrews Ltd,Technology,Large,Japan,2/11/2023
4920,"Burch, Lee and Livingston",Logistics,Small,Pakistan,12/19/2024
4921,"Andrade, Lewis and Larson",Education,Small,France,1/12/2024
4922,"Williams, Blevins and Austin",Finance,Medium,Japan,5/16/2024
4923,Parker-Williams,Technology,Startup,UK,11/15/2024
4924,"Jenkins, Hunter and Scott",Media,Small,Netherlands,7/23/2024
4925,"Watson, Ross and Collins",Education,Enterprise,Germany,7/31/2023
4926,"Smith, Floyd and Potter",Logistics,Startup,Japan,8/24/2023
4927,"Trevino, Farley and Joseph",Media,Small,Germany,5/28/2023
4928,Walker Inc,Manufacturing,Small,Pakistan,4/22/2025
4929,"Evans, Collins and Meyers",Manufacturing,Medium,Australia,11/15/2024
4930,Davies Ltd,Technology,Startup,India,2/11/2024
4931,"Knight, Hicks and Montes",Media,Medium,UAE,3/9/2025
4932,"Wells, Gibbs and Ortiz",Healthcare,Startup,Netherlands,10/22/2023
4933,Vasquez-Hill,Manufacturing,Startup,Australia,8/10/2022
4934,Cook-Snyder,Healthcare,Medium,UK,8/8/2023
4935,"Davis, Roberts and Duncan",Finance,Small,Netherlands,7/25/2023
4936,"Baxter, Cooper and Andrews",Education,Enterprise,South Africa,4/9/2023
4937,"Ballard, Salinas and Cowan",Retail,Startup,UK,9/3/2022
4938,Adams-Hodge,Logistics,Small,Brazil,8/19/2024
4939,Williams Inc,Education,Startup,UK,11/9/2025
4940,Snyder-Hamilton,Logistics,Small,Mexico,9/13/2022
4941,"Chambers, Riley and Farley",Media,Enterprise,Singapore,11/28/2022
4942,Wallace-Cordova,Finance,Large,Canada,6/8/2024
4943,Harrison-Gibson,Consulting,Startup,USA,6/24/2023
4944,Lawrence PLC,Technology,Medium,Brazil,3/29/2024
4945,Hudson-Hayes,Logistics,Medium,Singapore,10/19/2022
4946,Logan PLC,Logistics,Startup,USA,10/31/2025
4947,Rodriguez-Johnson,Media,Startup,Germany,9/17/2023
4948,"Lucas, Elliott and Sherman",Healthcare,Enterprise,UK,4/28/2023
4949,"Shaw, Benitez and Richards",Education,Enterprise,France,3/1/2024
4950,Carpenter Inc,Consulting,Enterprise,Mexico,6/27/2023
4951,Allen-Arias,Marketing,Large,UAE,12/13/2022
4952,Young Ltd,Technology,Medium,Mexico,1/5/2025
4953,Goodman-Gonzalez,Retail,Small,South Africa,8/16/2025
4954,Avery and Sons,Marketing,Startup,Pakistan,1/31/2026
4955,Long-Marshall,Education,Startup,Mexico,2/24/2023
4956,Jordan Group,Technology,Medium,UAE,5/13/2025
4957,Baker Inc,Logistics,Large,South Africa,11/18/2023
4958,Thomas PLC,Retail,Large,France,8/16/2022
4959,Boyd Ltd,Healthcare,Enterprise,Pakistan,11/19/2024
4960,"Jackson, Chapman and Parks",Consulting,Large,Germany,6/11/2023
4961,Dixon PLC,Healthcare,Enterprise,France,11/22/2022
4962,Reese-Jones,Finance,Startup,Netherlands,12/5/2024
4963,"Zavala, Oliver and Valenzuela",Media,Large,Mexico,7/15/2025
4964,Brooks-Torres,Technology,Medium,UK,3/21/2023
4965,Stone-Thompson,Healthcare,Small,France,8/28/2023
4966,"Vega, Hernandez and Martin",Marketing,Enterprise,Mexico,11/1/2025
4967,Gillespie and Sons,Media,Large,UK,2/16/2026
4968,"White, Davidson and Miranda",Healthcare,Startup,France,8/31/2022
4969,Mooney-Smith,Manufacturing,Startup,Brazil,6/24/2025
4970,Sparks PLC,Finance,Medium,Japan,10/31/2022
4971,Bryant PLC,Education,Medium,France,7/1/2022
4972,Miranda-Watkins,Consulting,Enterprise,Australia,12/21/2024
4973,Moore Group,Finance,Startup,UAE,12/25/2023
4974,Barnett-Mitchell,Media,Startup,USA,8/29/2022
4975,Duncan-Murray,Manufacturing,Small,Mexico,7/11/2024
4976,"Gonzales, Lewis and Peters",Technology,Startup,Singapore,10/4/2023
4977,Walker LLC,Marketing,Startup,Japan,9/19/2023
4978,Ross-Brown,Consulting,Enterprise,Australia,3/30/2025
4979,"Washington, Davis and Davis",Consulting,Small,USA,2/7/2023
4980,"Branch, Simmons and Reed",Finance,Small,Australia,12/19/2025
4981,"Munoz, Williams and Smith",Media,Startup,Canada,12/31/2022
4982,Mcdonald Ltd,Technology,Small,Pakistan,8/1/2024
4983,Ortiz PLC,Logistics,Large,Brazil,3/11/2024
4984,Fritz-Hill,Manufacturing,Medium,UK,2/7/2023
4985,"Adkins, Cole and Adkins",Logistics,Large,Singapore,2/2/2024
4986,"Tapia, Rodgers and Nelson",Marketing,Small,Japan,3/27/2025
4987,Castillo-Scott,Technology,Small,Australia,9/11/2023
4988,Sanchez Group,Technology,Small,Australia,12/18/2025
4989,"Burke, Casey and Graves",Manufacturing,Small,Netherlands,1/7/2026
4990,Jimenez-Sharp,Retail,Large,Germany,10/28/2023
4991,"Young, Scott and Wilson",Logistics,Small,France,8/31/2025
4992,"Nguyen, Gomez and Cole",Healthcare,Medium,Canada,5/23/2026
4993,Phillips-Stewart,Consulting,Startup,Singapore,7/17/2022
4994,"Alvarez, Hayden and Santos",Retail,Medium,Netherlands,10/16/2025
4995,Lee-Huffman,Healthcare,Enterprise,Singapore,3/3/2024
4996,Cunningham-Flores,Media,Medium,Pakistan,4/2/2026
4997,"Lowe, Valdez and Hoover",Manufacturing,Medium,Singapore,12/1/2023
4998,Martinez-Hayes,Media,Enterprise,India,12/18/2025
4999,"Golden, Collins and Wilson",Consulting,Medium,Singapore,12/1/2025
5000,Vasquez PLC,Education,Small,Australia,3/5/2023
5001,"Rich, Reid and Burton",Healthcare,Small,India,10/15/2022
5002,Glass-Campbell,Retail,Medium,Mexico,12/7/2022
5003,Bailey-Graham,Healthcare,Medium,USA,3/3/2026
5004,"Simmons, Mendoza and Cunningham",Healthcare,Small,Japan,7/25/2023
5005,Bell Inc,Manufacturing,Small,Japan,5/31/2026
5006,"Gomez, Wolf and Dixon",Media,Enterprise,France,4/30/2025
5007,Medina-Brown,Logistics,Startup,India,1/16/2026
5008,Lewis-Burns,Education,Small,USA,2/17/2026
5009,Harrison-Austin,Manufacturing,Startup,Canada,11/13/2023
5010,"White, Gutierrez and Brown",Marketing,Large,UAE,1/6/2024
5011,Wallace-Green,Manufacturing,Startup,Mexico,6/6/2024
5012,"Williams, Nielsen and Holmes",Consulting,Medium,UK,6/27/2023
5013,"Hale, Ho and Carrillo",Education,Startup,Australia,12/28/2022
5014,Mitchell-Graham,Technology,Medium,Netherlands,3/2/2025
5015,Woods Group,Marketing,Large,India,8/20/2022
5016,Green-Hoffman,Finance,Small,UAE,8/21/2022
5017,Bender-Brown,Manufacturing,Small,France,11/10/2023
5018,Coleman-Mcdaniel,Healthcare,Small,Germany,11/9/2023
5019,Byrd LLC,Logistics,Small,Brazil,12/1/2022
5020,Martinez-Watson,Technology,Large,Mexico,8/18/2023
5021,Horn PLC,Manufacturing,Small,Netherlands,11/5/2023
5022,"Friedman, Lopez and Jimenez",Manufacturing,Medium,Canada,8/29/2025
5023,Wise-Wheeler,Retail,Startup,UK,9/14/2022
5024,Rocha-Hall,Retail,Startup,Netherlands,8/9/2024
5025,Edwards LLC,Technology,Small,France,3/31/2023
5026,Hardy-Jones,Media,Medium,Brazil,12/5/2023
5027,Morris-Payne,Retail,Small,Netherlands,1/23/2026
5028,Robinson-Cole,Healthcare,Medium,South Africa,6/25/2024
5029,Rice-Marshall,Marketing,Startup,Canada,2/12/2023
5030,"Lambert, Brown and Morales",Finance,Startup,South Africa,1/15/2025
5031,Ellison-Wallace,Education,Large,Germany,5/11/2023
5032,"Taylor, Stuart and Giles",Finance,Large,USA,11/13/2023
5033,Hampton PLC,Finance,Startup,Germany,6/24/2026
5034,"Harris, Robbins and Jones",Education,Medium,India,5/2/2026
5035,Underwood-Contreras,Retail,Small,Netherlands,9/2/2022
5036,"Wilson, Lyons and Wright",Technology,Large,Japan,10/29/2022
5037,"Ballard, Alexander and Porter",Education,Large,Mexico,9/9/2023
5038,Mullins-King,Consulting,Large,UK,10/1/2022
5039,Summers Group,Media,Large,Singapore,3/21/2025
5040,Hall PLC,Marketing,Small,Pakistan,6/30/2023
5041,"Hall, Davis and Jarvis",Logistics,Large,Australia,4/4/2024
5042,Pham PLC,Retail,Small,Australia,1/27/2023
5043,"Baker, Thomas and Wright",Media,Startup,Japan,3/30/2026
5044,Schneider Inc,Education,Small,Netherlands,6/2/2023
5045,"Chavez, Chung and Orozco",Consulting,Enterprise,USA,5/3/2026
5046,"Cantrell, Lambert and Cardenas",Logistics,Large,France,12/27/2022
5047,Watkins LLC,Marketing,Startup,UK,9/29/2023
5048,"Ortega, Williams and Lewis",Marketing,Medium,Netherlands,9/27/2025
5049,"Holland, May and Morales",Retail,Large,Singapore,9/29/2022
5050,Thornton Inc,Education,Small,Netherlands,5/14/2023
5051,Carpenter and Sons,Media,Small,USA,10/13/2023
5052,"Morris, Velasquez and Watson",Technology,Medium,Pakistan,12/1/2025
5053,Guzman Inc,Media,Small,India,5/15/2023
5054,Olsen Inc,Media,Startup,India,5/31/2024
5055,Thomas Inc,Marketing,Medium,Mexico,7/19/2025
5056,"Fleming, Howell and White",Technology,Enterprise,Singapore,1/16/2025
5057,Rodriguez Ltd,Technology,Medium,Japan,9/10/2025
5058,Hill-Perez,Retail,Large,Singapore,8/30/2022
5059,"Baker, Moore and Foster",Logistics,Small,Singapore,8/4/2024
5060,Barber Inc,Manufacturing,Startup,Germany,11/1/2022
5061,Franklin LLC,Finance,Medium,South Africa,3/1/2026
5062,Foster PLC,Finance,Small,Netherlands,1/21/2026
5063,Duke PLC,Marketing,Large,Brazil,2/12/2023
5064,"Mendoza, Cook and Smith",Manufacturing,Startup,Australia,10/6/2025
5065,Williams-Simmons,Logistics,Small,South Africa,12/24/2024
5066,"Nicholson, Atkinson and Roman",Manufacturing,Small,UAE,12/27/2023
5067,Rogers PLC,Retail,Enterprise,Netherlands,1/28/2025
5068,"Adkins, James and White",Media,Startup,Japan,9/3/2024
5069,Smith-Garcia,Marketing,Startup,UK,8/20/2022
5070,Rosales-Price,Technology,Startup,Netherlands,3/8/2025
5071,Smith and Sons,Marketing,Large,UAE,11/30/2025
5072,Harmon-Myers,Finance,Startup,Germany,9/4/2024
5073,"Horn, Harris and Baker",Logistics,Startup,France,11/16/2022
5074,"Elliott, Jones and Branch",Manufacturing,Startup,India,7/14/2024
5075,Turner-Bryant,Logistics,Medium,Australia,10/23/2025
5076,Thomas-Moore,Retail,Startup,Singapore,3/25/2024
5077,Reed-Randall,Marketing,Small,Pakistan,11/8/2023
5078,Cohen-Jones,Education,Small,Pakistan,3/7/2026
5079,Smith Group,Marketing,Medium,Pakistan,7/21/2023
5080,Bird-Perez,Technology,Medium,UK,10/26/2022
5081,Lutz-Williams,Marketing,Small,Netherlands,2/19/2026
5082,Riley-Fox,Consulting,Enterprise,Japan,10/11/2024
5083,Gilbert-Shannon,Retail,Enterprise,Singapore,5/10/2026
5084,Noble-Gilbert,Healthcare,Small,Australia,5/25/2025
5085,Morales-Ferrell,Retail,Large,India,8/9/2023
5086,Kelly Inc,Manufacturing,Medium,UAE,1/14/2026
5087,Reyes-Clarke,Healthcare,Large,Singapore,2/16/2024
5088,"Day, Meyers and Bailey",Manufacturing,Small,Singapore,9/13/2022
5089,Greer-Pena,Manufacturing,Small,Japan,12/7/2025
5090,Vargas-Vaughan,Technology,Small,Mexico,5/28/2025
5091,"Obrien, Ewing and Luna",Technology,Large,Netherlands,4/18/2025
5092,Anderson-Price,Media,Startup,Germany,9/20/2025
5093,Moore-Baker,Finance,Startup,France,1/24/2025
5094,Rojas-Reese,Media,Small,Pakistan,11/28/2024
5095,"Harris, Robbins and Williams",Media,Startup,USA,11/16/2023
5096,Carter-Castillo,Finance,Medium,Mexico,10/26/2024
5097,"Nguyen, Reed and Kim",Education,Startup,Australia,11/6/2024
5098,"Riley, Woodard and Flynn",Healthcare,Small,Netherlands,11/23/2024
5099,Hernandez Ltd,Logistics,Enterprise,Germany,2/27/2023
5100,Hammond-Porter,Media,Small,France,4/3/2023
5101,Foster Group,Marketing,Medium,Brazil,10/10/2025
5102,Harvey PLC,Marketing,Startup,France,3/8/2023
5103,"Avila, Watson and Wong",Manufacturing,Startup,Canada,1/6/2024
5104,Pennington Ltd,Finance,Large,Pakistan,6/8/2024
5105,Wong-Wolf,Manufacturing,Large,Netherlands,6/8/2023
5106,Blair-Erickson,Consulting,Small,Canada,12/29/2025
5107,"Wright, Richardson and Sanchez",Consulting,Enterprise,Germany,9/3/2025
5108,"Wilkinson, Lester and Saunders",Logistics,Enterprise,Mexico,6/14/2023
5109,"Brandt, Hamilton and Mason",Technology,Enterprise,South Africa,5/11/2024
5110,Ray-Jenkins,Technology,Small,France,3/24/2023
5111,Walker Group,Finance,Startup,Japan,12/20/2023
5112,"Johnson, Nichols and Pena",Finance,Medium,USA,5/21/2025
5113,Cox Inc,Media,Medium,Australia,6/18/2024
5114,Banks-Guerra,Consulting,Startup,Canada,9/17/2023
5115,Lewis Group,Media,Large,Japan,1/26/2026
5116,"Madden, Wall and Taylor",Technology,Startup,France,12/29/2023
5117,Guerrero-Hayes,Healthcare,Small,Netherlands,3/11/2025
5118,Dunn-Castillo,Healthcare,Small,Australia,9/4/2022
5119,"Herman, Smith and Benson",Finance,Medium,Brazil,2/5/2025
5120,"Soto, Colon and Schwartz",Manufacturing,Small,Pakistan,2/13/2025
5121,Nunez Ltd,Technology,Large,UAE,5/5/2025
5122,"Shaw, Fisher and Nielsen",Healthcare,Medium,South Africa,4/1/2026
5123,Young-Adams,Technology,Large,Netherlands,10/20/2025
5124,"Parsons, Hale and Duncan",Retail,Enterprise,Mexico,3/31/2024
5125,King LLC,Marketing,Medium,Australia,10/22/2024
5126,Brown-Myers,Consulting,Enterprise,France,5/9/2023
5127,Montes Inc,Media,Startup,Mexico,10/30/2025
5128,Weeks-Levine,Technology,Small,Germany,3/8/2023
5129,Khan Inc,Marketing,Startup,Canada,3/10/2023
5130,Smith Group,Retail,Small,Canada,6/1/2023
5131,Gregory LLC,Media,Large,India,1/7/2026
5132,Anderson-Wright,Technology,Startup,France,8/15/2024
5133,Jones-Clark,Finance,Small,India,3/31/2024
5134,Hawkins-Bruce,Marketing,Medium,South Africa,6/26/2023
5135,Henderson-West,Media,Medium,Brazil,9/6/2024
5136,Lopez Inc,Technology,Small,USA,1/16/2025
5137,Hobbs and Sons,Marketing,Large,USA,10/9/2022
5138,"Parker, Stewart and Roberts",Retail,Startup,France,8/18/2022
5139,Hensley-Ward,Technology,Small,Canada,5/5/2025
5140,Casey LLC,Technology,Medium,Pakistan,10/6/2025
5141,"Tucker, Horton and Ramirez",Technology,Medium,Japan,12/17/2023
5142,Smith and Sons,Logistics,Small,Netherlands,7/25/2023
5143,"Cooper, Knight and Rollins",Finance,Large,UK,12/20/2024
5144,Cunningham-Gilmore,Retail,Small,USA,9/2/2022
5145,"Matthews, Ryan and Cortez",Media,Small,South Africa,6/6/2026
5146,Wood-Fisher,Logistics,Startup,Canada,1/7/2025
5147,Benson Group,Manufacturing,Medium,Singapore,2/20/2024
5148,Medina LLC,Logistics,Medium,Singapore,1/29/2025
5149,Garcia-Simpson,Consulting,Startup,India,7/14/2022
5150,Martinez LLC,Consulting,Small,Australia,3/4/2025
5151,Marquez Group,Technology,Large,Mexico,5/5/2025
5152,Young-Davis,Logistics,Small,Pakistan,7/28/2022
5153,Carey-Stark,Manufacturing,Startup,India,4/16/2024
5154,Reed and Sons,Logistics,Medium,Japan,11/2/2023
5155,Simpson-Miller,Finance,Startup,Singapore,6/3/2026
5156,Brady Inc,Finance,Large,South Africa,9/5/2024
5157,Jensen-Nicholson,Manufacturing,Startup,Pakistan,11/8/2022
5158,"Phillips, Glover and Smith",Logistics,Medium,UK,5/30/2024
5159,Rose-Perez,Marketing,Small,Australia,5/16/2023
5160,Gomez LLC,Finance,Large,South Africa,10/26/2024
5161,"White, Davis and Graham",Finance,Startup,India,12/30/2025
5162,"Ruiz, Martin and Hobbs",Healthcare,Medium,Netherlands,10/30/2025
5163,Chan Inc,Logistics,Medium,Singapore,3/23/2023
5164,West LLC,Finance,Small,Brazil,1/25/2026
5165,"Johnson, Wu and Williams",Retail,Small,USA,2/8/2026
5166,"Mata, Hansen and Nicholson",Logistics,Medium,USA,12/14/2024
5167,"Parker, Dougherty and Gray",Consulting,Enterprise,India,3/13/2023
5168,"Dominguez, Herrera and Rose",Healthcare,Startup,South Africa,3/21/2025
5169,"Trevino, Navarro and Warren",Finance,Startup,Brazil,11/23/2023
5170,"Young, Valenzuela and Jones",Healthcare,Large,South Africa,11/11/2023
5171,"Gonzalez, Williams and Mccullough",Consulting,Startup,UK,8/6/2023
5172,Baker Inc,Manufacturing,Enterprise,UK,11/21/2022
5173,Villanueva LLC,Manufacturing,Medium,Netherlands,9/29/2023
5174,"Ayala, Smith and Nguyen",Logistics,Medium,France,10/1/2025
5175,Weaver-Owens,Consulting,Startup,Netherlands,6/2/2023
5176,Rose-Cole,Education,Startup,Brazil,3/10/2023
5177,Hunt Ltd,Education,Medium,Australia,6/28/2023
5178,Pennington Group,Logistics,Enterprise,Canada,2/29/2024
5179,Hernandez LLC,Technology,Enterprise,UK,7/20/2022
5180,"Santiago, Bentley and Hamilton",Healthcare,Startup,Australia,1/13/2023
5181,French-Brown,Healthcare,Startup,UK,5/17/2026
5182,Berry Group,Manufacturing,Startup,Japan,2/11/2023
5183,Wilcox PLC,Education,Large,France,3/7/2024
5184,Wood-Williams,Media,Small,UAE,11/2/2023
5185,"Riggs, Little and Ward",Finance,Startup,Mexico,1/31/2026
5186,Jones-Garner,Finance,Startup,UK,9/8/2022
5187,Jones and Sons,Finance,Small,Mexico,2/22/2023
5188,"Boyd, Bailey and Graham",Manufacturing,Enterprise,Brazil,5/27/2026
5189,Allen-Rodriguez,Consulting,Small,South Africa,2/25/2024
5190,"White, Wiggins and Evans",Marketing,Startup,South Africa,1/20/2025
5191,Rodriguez Ltd,Education,Small,Australia,11/15/2022
5192,Ferguson Ltd,Education,Small,Brazil,5/19/2023
5193,Davis-Anderson,Media,Startup,France,5/29/2026
5194,Munoz Ltd,Healthcare,Startup,France,3/30/2023
5195,"Ellis, Garcia and Miller",Technology,Medium,Brazil,1/19/2024
5196,Price-Marshall,Logistics,Startup,Japan,10/25/2025
5197,Williams PLC,Healthcare,Startup,Japan,3/23/2025
5198,Atkins-Butler,Consulting,Small,Australia,6/14/2024
5199,Patton-Townsend,Logistics,Large,Australia,1/17/2025
5200,"Cross, Hamilton and Rose",Education,Medium,USA,3/22/2024
5201,Perez-Graham,Consulting,Medium,Brazil,7/13/2023
5202,Mack Ltd,Logistics,Medium,Netherlands,5/31/2023
5203,English Group,Media,Medium,UAE,1/8/2023
5204,Ray LLC,Media,Startup,France,8/11/2024
5205,Marshall-Allen,Retail,Enterprise,USA,1/11/2023
5206,"Dodson, Hill and Martinez",Marketing,Startup,Pakistan,6/1/2023
5207,Hansen-Morrison,Media,Small,India,5/11/2023
5208,"Stark, Carr and Howard",Education,Large,India,8/1/2022
5209,Hardin LLC,Technology,Small,Netherlands,3/18/2024
5210,"Clark, Graham and Rice",Finance,Enterprise,Japan,3/15/2025
5211,"Gonzalez, Schwartz and Hudson",Retail,Small,France,12/8/2025
5212,Martinez LLC,Finance,Large,USA,7/9/2023
5213,Andrews-Davila,Marketing,Large,UAE,4/5/2023
5214,Morgan-Douglas,Logistics,Enterprise,Brazil,6/4/2026
5215,Gonzales LLC,Manufacturing,Enterprise,UAE,7/30/2024
5216,"Rose, Walker and Martin",Media,Large,Pakistan,5/17/2024
5217,Wood PLC,Technology,Medium,France,2/15/2023
5218,Hughes-Dodson,Marketing,Small,Japan,8/15/2025
5219,"Smith, Mercado and Gibson",Finance,Startup,UK,2/12/2026
5220,"Reyes, Wilkins and Cox",Retail,Medium,Pakistan,8/14/2023
5221,Cobb-Wolfe,Media,Enterprise,USA,11/21/2025
5222,Wright-Smith,Education,Medium,UK,10/31/2023
5223,Clark and Sons,Media,Enterprise,Mexico,8/25/2022
5224,Wagner-Edwards,Retail,Large,Brazil,3/14/2023
5225,Arroyo LLC,Retail,Startup,India,9/13/2023
5226,Ferguson Ltd,Manufacturing,Startup,Japan,1/21/2025
5227,Meyer-Mcdowell,Media,Small,Netherlands,6/16/2024
5228,"Wolf, Williams and Gonzalez",Media,Startup,Germany,3/28/2023
5229,"Anderson, Simmons and Rivera",Manufacturing,Medium,India,7/2/2023
5230,Martinez-Whitehead,Consulting,Enterprise,Mexico,5/4/2024
5231,Harris-Miller,Consulting,Large,Brazil,5/9/2026
5232,"Roman, Weaver and Murray",Logistics,Small,South Africa,3/2/2023
5233,"Smith, Nguyen and Dennis",Consulting,Startup,Japan,1/14/2025
5234,Hale-Neal,Healthcare,Small,France,10/3/2024
5235,"Hawkins, Flores and Miller",Media,Small,Australia,12/18/2023
5236,Townsend-Lopez,Technology,Small,Japan,12/13/2024
5237,Wallace PLC,Media,Startup,India,12/4/2023
5238,West Group,Healthcare,Small,Netherlands,5/15/2025
5239,"Rios, Swanson and Ramos",Healthcare,Small,South Africa,12/9/2025
5240,Boone-Solomon,Finance,Enterprise,Singapore,10/18/2025
5241,Williams-Everett,Media,Startup,Mexico,8/13/2023
5242,Sullivan-Smith,Marketing,Startup,India,7/13/2023
5243,Obrien-Murphy,Healthcare,Startup,India,9/9/2022
5244,"Smith, Peterson and Bauer",Technology,Small,India,4/18/2025
5245,Medina and Sons,Manufacturing,Medium,Brazil,5/21/2024
5246,Ross-Turner,Logistics,Medium,South Africa,3/12/2023
5247,"Cross, Riley and Norton",Finance,Small,South Africa,7/22/2022
5248,Johnson-Gross,Manufacturing,Medium,India,3/25/2025
5249,"Hanna, Banks and Glenn",Finance,Small,UK,1/18/2023
5250,Martin-Mosley,Technology,Medium,Netherlands,7/18/2025
5251,"Lane, Scott and Kane",Retail,Startup,Mexico,11/1/2023
5252,Mitchell-Hunt,Media,Small,UK,1/21/2026
5253,Phillips PLC,Education,Large,India,10/9/2025
5254,"Klein, Tyler and Thompson",Marketing,Large,Japan,5/13/2024
5255,Smith Group,Manufacturing,Medium,Canada,7/8/2022
5256,"Waters, Anderson and Clark",Media,Startup,Japan,12/31/2023
5257,Benjamin PLC,Marketing,Startup,Canada,12/28/2023
5258,Ramirez-Martinez,Retail,Enterprise,UK,2/14/2026
5259,"Dawson, Simmons and Herrera",Education,Startup,Japan,7/18/2025
5260,"Reed, Wilson and Jones",Marketing,Startup,Germany,6/21/2026
5261,Farrell-Austin,Marketing,Startup,Australia,9/5/2023
5262,Bass-Ellis,Manufacturing,Small,South Africa,3/16/2026
5263,Jimenez PLC,Consulting,Startup,Pakistan,10/26/2022
5264,Williams-Smith,Education,Small,Singapore,11/19/2024
5265,"Ray, Mann and Murphy",Media,Small,Singapore,7/14/2022
5266,Taylor-Wheeler,Retail,Enterprise,India,8/24/2023
5267,"Smith, Buckley and Patterson",Education,Startup,Germany,12/21/2025
5268,Hernandez-Thompson,Technology,Small,Canada,9/2/2024
5269,White Ltd,Consulting,Medium,Canada,9/20/2022
5270,"Randolph, Hines and Cardenas",Technology,Medium,Netherlands,3/19/2026
5271,Gordon-Ward,Retail,Small,Germany,12/12/2023
5272,Walter-Silva,Manufacturing,Large,Australia,12/28/2023
5273,Russell-Grant,Manufacturing,Startup,UK,8/14/2025
5274,"Gonzales, Romero and Porter",Retail,Large,Australia,6/28/2022
5275,Phillips-Phillips,Finance,Small,France,1/1/2024
5276,Lopez PLC,Retail,Startup,France,7/5/2024
5277,Johnson LLC,Consulting,Large,Canada,3/27/2023
5278,"Powers, Clark and Scott",Healthcare,Medium,Pakistan,4/12/2023
5279,"Hood, Quinn and Hill",Manufacturing,Startup,France,7/7/2022
5280,Schwartz Inc,Logistics,Startup,Brazil,10/14/2025
5281,Murphy-Moore,Consulting,Startup,Canada,1/17/2026
5282,Tran LLC,Consulting,Medium,India,6/22/2026
5283,Rivera-Monroe,Consulting,Startup,South Africa,6/8/2025
5284,Wright-Moore,Marketing,Startup,Netherlands,2/3/2025
5285,Knapp-Ramsey,Consulting,Startup,UAE,11/23/2024
5286,Myers Ltd,Manufacturing,Medium,UAE,4/23/2023
5287,Bryant Ltd,Healthcare,Large,USA,10/10/2025
5288,"Williams, Garrett and Carney",Healthcare,Large,India,1/28/2023
5289,Gonzalez-Lewis,Consulting,Startup,UAE,10/5/2024
5290,Lopez-Rich,Technology,Enterprise,Australia,7/2/2025
5291,Ramirez Inc,Manufacturing,Medium,USA,5/13/2026
5292,Baxter-Whitaker,Manufacturing,Large,Canada,3/1/2024
5293,"Barrett, Horton and Torres",Education,Small,Germany,11/6/2024
5294,"Bradley, Sosa and Armstrong",Media,Small,Japan,7/20/2024
5295,"Taylor, Mata and Hooper",Finance,Large,Germany,2/17/2026
5296,Barnes Group,Finance,Startup,Canada,5/2/2025
5297,"Sanchez, Hardy and Roman",Technology,Small,Pakistan,2/15/2025
5298,Rodriguez Ltd,Finance,Large,Canada,11/3/2025
5299,Alvarado Group,Education,Large,UK,8/31/2022
5300,Greene-Mcmillan,Retail,Enterprise,Japan,8/8/2023
5301,"Stevens, Matthews and Neal",Finance,Medium,Germany,1/27/2026
5302,Franklin-Hernandez,Manufacturing,Startup,UAE,3/13/2025
5303,Adams-Rhodes,Retail,Startup,Singapore,8/10/2022
5304,Robinson LLC,Finance,Small,USA,9/30/2024
5305,"Roberts, Gates and Smith",Manufacturing,Small,Pakistan,5/7/2025
5306,Villanueva PLC,Manufacturing,Startup,Mexico,9/13/2023
5307,Jackson-Ferguson,Consulting,Startup,Netherlands,4/10/2025
5308,Mccarty PLC,Healthcare,Medium,Japan,2/24/2026
5309,Everett-George,Technology,Large,France,2/23/2024
5310,Simmons-Harper,Education,Enterprise,India,11/3/2024
5311,Murphy-Ward,Marketing,Large,Pakistan,6/27/2024
5312,Jones-Rivera,Media,Large,Netherlands,11/7/2024
5313,Swanson-Davis,Finance,Medium,France,1/24/2026
5314,Romero-Lawson,Finance,Enterprise,Pakistan,7/19/2022
5315,Bowman Ltd,Retail,Medium,Singapore,2/26/2026
5316,Whitney Group,Retail,Large,Brazil,12/11/2023
5317,Ford-Howell,Media,Enterprise,Pakistan,7/30/2023
5318,Meyer and Sons,Finance,Enterprise,UAE,6/3/2024
5319,Miranda-Russell,Logistics,Small,Canada,5/15/2023
5320,Smith Ltd,Education,Startup,UK,9/29/2023
5321,Mcclain LLC,Finance,Startup,USA,9/23/2025
5322,"Kim, Salazar and Moore",Healthcare,Startup,Germany,4/25/2024
5323,"Mason, Ellis and Wright",Media,Startup,Netherlands,8/17/2022
5324,Lee-Edwards,Logistics,Startup,Netherlands,3/3/2026
5325,Bell Inc,Education,Small,France,4/18/2024
5326,Decker-Ashley,Finance,Small,Brazil,9/2/2024
5327,Jackson and Sons,Marketing,Medium,USA,10/12/2023
5328,Todd-Atkins,Consulting,Startup,Pakistan,1/1/2025
5329,"Gonzalez, Banks and Fowler",Healthcare,Medium,Canada,9/4/2024
5330,"Richardson, Vargas and Rivas",Marketing,Medium,USA,12/17/2022
5331,Gilbert-Gallagher,Retail,Medium,Canada,2/14/2023
5332,Hernandez-Harris,Retail,Enterprise,Netherlands,12/19/2024
5333,Moss and Sons,Finance,Startup,South Africa,11/21/2025
5334,Nguyen-Williams,Retail,Startup,France,5/23/2023
5335,"Pierce, Cook and Hodges",Healthcare,Small,UAE,12/8/2022
5336,"Bates, Rodriguez and Wagner",Education,Startup,UAE,6/20/2025
5337,"Caldwell, Cook and Carey",Manufacturing,Medium,Canada,10/11/2023
5338,Gross-Davis,Technology,Small,Canada,10/13/2022
5339,Harris Inc,Media,Small,UK,3/23/2023
5340,Vance-Walker,Education,Startup,India,3/14/2024
5341,Hardy-Barnett,Manufacturing,Small,Brazil,6/29/2024
5342,"Hartman, Rivera and Smith",Logistics,Medium,UK,8/10/2022
5343,Taylor Inc,Healthcare,Medium,USA,5/19/2026
5344,Roberson LLC,Marketing,Startup,Japan,8/9/2024
5345,"King, Ortega and Knapp",Manufacturing,Startup,Japan,9/8/2025
5346,Allen LLC,Healthcare,Startup,Japan,10/20/2023
5347,"Nelson, Avila and Noble",Consulting,Startup,Australia,3/6/2026
5348,"Terrell, Anderson and Sweeney",Marketing,Large,UK,12/8/2022
5349,Long Ltd,Retail,Startup,USA,3/30/2024
5350,Barker Ltd,Retail,Medium,Japan,6/19/2025
5351,Gonzalez PLC,Marketing,Large,South Africa,8/7/2024
5352,Shepard LLC,Logistics,Startup,Germany,12/9/2023
5353,Aguilar-Webb,Logistics,Small,South Africa,3/28/2025
5354,"Sims, Wilson and Payne",Logistics,Enterprise,USA,9/1/2022
5355,"Howard, Woods and Grimes",Manufacturing,Large,USA,8/9/2024
5356,"Mathis, Watkins and Graham",Media,Small,Mexico,2/28/2026
5357,"Myers, Graham and Meyer",Manufacturing,Large,Canada,9/16/2024
5358,Knight LLC,Finance,Large,Singapore,4/12/2024
5359,Davis-Smith,Technology,Small,Pakistan,5/28/2026
5360,"Harmon, Woodward and Ross",Marketing,Large,Canada,8/6/2022
5361,Holder LLC,Education,Small,Brazil,3/14/2023
5362,Barajas Inc,Technology,Small,Canada,2/5/2026
5363,Gordon Inc,Consulting,Enterprise,Netherlands,8/31/2025
5364,"Mccoy, Yoder and Cardenas",Manufacturing,Large,Brazil,10/28/2025
5365,Klein-Patterson,Manufacturing,Small,Brazil,10/14/2023
5366,"Walters, Michael and Harris",Healthcare,Startup,Singapore,6/7/2026
5367,"Lopez, Curry and Barber",Technology,Medium,Singapore,7/21/2023
5368,Guerrero-Baker,Healthcare,Medium,Pakistan,9/24/2025
5369,Bishop-Gallagher,Education,Medium,Mexico,8/22/2025
5370,"Hays, Schmidt and Peterson",Healthcare,Enterprise,Australia,3/6/2026
5371,"Scott, Lewis and Jones",Technology,Large,Mexico,5/9/2025
5372,Walker Group,Marketing,Small,Brazil,10/19/2024
5373,"Herman, Martinez and Pena",Consulting,Startup,Germany,11/22/2022
5374,"Smith, Johnson and Morton",Manufacturing,Small,UK,7/8/2024
5375,Zimmerman Ltd,Education,Medium,USA,2/12/2025
5376,Ward Inc,Manufacturing,Medium,Brazil,2/28/2025
5377,Rogers PLC,Finance,Small,UK,7/2/2024
5378,Lopez-Jones,Consulting,Small,Mexico,4/2/2024
5379,"Marshall, Ellis and Reynolds",Media,Small,Japan,7/24/2023
5380,"Mccann, Kirk and Perry",Healthcare,Small,UAE,1/14/2026
5381,Gallegos-Payne,Retail,Small,France,9/12/2022
5382,"Benjamin, Bean and Campos",Technology,Startup,South Africa,5/14/2026
5383,Larsen LLC,Manufacturing,Small,Australia,6/6/2023
5384,"Mullins, Taylor and Smith",Healthcare,Small,France,12/21/2024
5385,"Herring, Compton and Nichols",Education,Medium,USA,8/11/2024
5386,"Collins, Doyle and Smith",Manufacturing,Startup,Singapore,4/18/2025
5387,Taylor-Mcfarland,Media,Large,USA,6/9/2025
5388,Williams Ltd,Consulting,Medium,Germany,2/25/2024
5389,Butler and Sons,Consulting,Medium,Netherlands,10/20/2024
5390,"Ortiz, Castillo and Perez",Manufacturing,Medium,UK,10/4/2024
5391,Harmon-Cherry,Education,Small,Brazil,1/14/2023
5392,Foster-Martin,Consulting,Small,Pakistan,1/6/2024
5393,"Davies, Johnson and Serrano",Consulting,Enterprise,Mexico,5/7/2025
5394,"Wheeler, Holt and Johnson",Media,Large,Mexico,10/23/2025
5395,"Kane, Torres and Smith",Technology,Enterprise,India,11/8/2023
5396,Roberts-Miller,Education,Medium,Netherlands,10/20/2024
5397,Davidson-Jackson,Education,Startup,Brazil,9/11/2025
5398,Turner-Weaver,Marketing,Startup,Netherlands,10/29/2024
5399,Garcia and Sons,Marketing,Medium,India,11/29/2024
5400,Valenzuela Ltd,Consulting,Small,Netherlands,4/12/2023
5401,Carrillo-Andrews,Retail,Small,Pakistan,11/13/2023
5402,Reed-Sexton,Marketing,Large,Japan,4/3/2026
5403,Zimmerman-Turner,Consulting,Small,Singapore,7/16/2024
5404,"Silva, Morton and Hunt",Logistics,Small,India,8/4/2024
5405,"Stone, Rodriguez and Morales",Finance,Large,Singapore,6/27/2022
5406,Byrd Inc,Finance,Large,Canada,4/26/2024
5407,Davis-King,Education,Small,Germany,10/13/2022
5408,Estrada PLC,Retail,Large,Netherlands,5/8/2026
5409,Sanchez-Hutchinson,Media,Large,Brazil,9/16/2023
5410,Tyler Group,Technology,Small,Australia,8/3/2024
5411,Schmidt-Ruiz,Marketing,Startup,UK,9/26/2022
5412,"Welch, Williams and Marshall",Logistics,Startup,Netherlands,9/13/2022
5413,"Turner, Allen and Sanford",Consulting,Small,UK,11/4/2024
5414,"Ford, Lee and Hall",Retail,Small,Netherlands,1/20/2023
5415,Moody Group,Education,Enterprise,Australia,4/15/2023
5416,Johnson-Barrett,Marketing,Large,USA,10/17/2025
5417,Lane-Perry,Retail,Large,Japan,5/30/2025
5418,"Foley, Gross and Bowman",Marketing,Enterprise,USA,2/4/2026
5419,Jones LLC,Technology,Large,France,10/7/2024
5420,"Flores, Washington and Perez",Technology,Small,USA,4/10/2024
5421,"Clayton, Weber and Collins",Media,Startup,Singapore,10/24/2025
5422,"Ford, White and Hall",Finance,Medium,Pakistan,6/10/2026
5423,"Harvey, Norton and Johnson",Healthcare,Small,Canada,5/23/2025
5424,Gardner-Simpson,Healthcare,Small,Australia,11/2/2023
5425,White and Sons,Marketing,Medium,Singapore,11/29/2025
5426,"Carey, Bell and Webb",Media,Enterprise,Singapore,2/8/2023
5427,Frost-Hill,Healthcare,Small,France,10/3/2022
5428,Kim LLC,Education,Large,Singapore,8/19/2025
5429,Reynolds-Mason,Healthcare,Small,Mexico,5/17/2023
5430,Franklin-Kane,Manufacturing,Medium,Mexico,9/19/2022
5431,Myers-Stevens,Consulting,Startup,Germany,4/1/2024
5432,Carter-Cuevas,Media,Large,USA,1/25/2025
5433,Hernandez and Sons,Education,Startup,Japan,11/15/2024
5434,Carpenter Group,Retail,Medium,Japan,10/17/2022
5435,Gordon-Flores,Education,Startup,UK,3/23/2023
5436,Henry-Wilson,Finance,Small,South Africa,11/6/2025
5437,King PLC,Retail,Small,Mexico,5/27/2024
5438,Flores PLC,Logistics,Small,Germany,5/28/2025
5439,Gonzalez-Watson,Consulting,Startup,Canada,4/24/2023
5440,Richardson-Anderson,Consulting,Small,Mexico,11/4/2025
5441,Mclaughlin LLC,Consulting,Medium,Canada,6/28/2024
5442,"Potter, Morris and Mcbride",Consulting,Medium,Canada,2/10/2025
5443,Serrano PLC,Marketing,Startup,Brazil,2/11/2023
5444,"Thompson, Burke and Murphy",Consulting,Medium,USA,1/24/2026
5445,Gamble-Ashley,Consulting,Startup,Singapore,2/8/2026
5446,Ferguson and Sons,Consulting,Small,Canada,1/12/2026
5447,Palmer-Thompson,Media,Small,Australia,12/10/2023
5448,Ryan-Collins,Marketing,Medium,UK,1/29/2025
5449,"Walker, Smith and Cook",Technology,Small,Singapore,11/10/2023
5450,Newman and Sons,Education,Enterprise,France,7/23/2024
5451,Zuniga Inc,Education,Small,USA,9/30/2024
5452,"Arias, Rodriguez and Shaw",Retail,Startup,Pakistan,5/8/2023
5453,Ward and Sons,Media,Small,South Africa,8/13/2023
5454,"Brown, Edwards and Phillips",Manufacturing,Large,Germany,7/27/2024
5455,Morgan Inc,Education,Medium,UAE,8/25/2023
5456,Gill Group,Healthcare,Medium,Germany,7/2/2022
5457,"Freeman, Wilcox and Lopez",Manufacturing,Enterprise,Japan,12/2/2024
5458,Hardin and Sons,Consulting,Enterprise,Netherlands,10/27/2025
5459,Reyes-Armstrong,Consulting,Medium,Netherlands,4/18/2025
5460,"Williams, Price and Schultz",Marketing,Startup,Netherlands,6/28/2024
5461,"Williams, Brewer and Young",Manufacturing,Large,Canada,7/25/2025
5462,Blake Ltd,Healthcare,Startup,UK,7/31/2023
5463,Gray-Adams,Marketing,Medium,France,10/3/2024
5464,Larson-Baker,Retail,Medium,Mexico,8/3/2024
5465,"Andersen, Cooley and Powell",Manufacturing,Large,Singapore,2/19/2023
5466,Howell-Kaiser,Media,Small,Netherlands,6/12/2026
5467,"Hawkins, Li and Wu",Consulting,Medium,South Africa,12/18/2022
5468,"Grant, Wilkins and Scott",Consulting,Enterprise,South Africa,4/10/2023
5469,"Drake, Blankenship and Collins",Finance,Startup,Japan,5/5/2026
5470,Walker-Hartman,Marketing,Small,Australia,8/2/2023
5471,Baker-Barnes,Technology,Medium,India,9/15/2025
5472,"Torres, Burton and Jenkins",Technology,Enterprise,Germany,1/12/2023
5473,Harris-Pearson,Marketing,Startup,India,4/29/2023
5474,Carter Ltd,Media,Startup,Netherlands,5/11/2023
5475,"Walker, Morgan and Meza",Logistics,Startup,Singapore,8/4/2024
5476,"Richardson, Butler and Quinn",Marketing,Startup,UK,8/27/2023
5477,Stewart and Sons,Media,Enterprise,India,4/18/2025
5478,"Pena, Mcgee and Williams",Retail,Medium,Germany,5/14/2026
5479,Miller-Mitchell,Consulting,Medium,South Africa,2/7/2024
5480,Richardson LLC,Healthcare,Small,South Africa,11/11/2022
5481,"White, Jones and Myers",Logistics,Large,Pakistan,1/29/2025
5482,Moore-Rodriguez,Manufacturing,Startup,UAE,12/29/2024
5483,Lindsey-Gregory,Logistics,Small,India,8/18/2024
5484,Newman Ltd,Healthcare,Small,Pakistan,9/23/2025
5485,Smith Group,Finance,Startup,Pakistan,11/18/2023
5486,Doyle-Leon,Consulting,Small,Canada,11/14/2024
5487,"Williams, Murray and Wood",Technology,Small,UAE,2/18/2023
5488,Smith Group,Media,Startup,Australia,6/16/2023
5489,Lane-Key,Marketing,Startup,Brazil,8/12/2024
5490,"Gibson, Koch and Cooper",Marketing,Large,Germany,11/23/2022
5491,Novak-Keith,Technology,Startup,Netherlands,2/17/2024
5492,"Young, Wilson and Brennan",Logistics,Enterprise,France,2/3/2024
5493,Peters and Sons,Consulting,Startup,Singapore,3/22/2023
5494,"English, Fisher and Keller",Education,Large,France,10/30/2024
5495,Ruiz-Mercado,Media,Large,India,8/19/2024
5496,"Butler, Schmidt and Thomas",Retail,Enterprise,Japan,4/21/2026
5497,"Knight, Bailey and Wilson",Healthcare,Large,UAE,7/6/2023
5498,Saunders and Sons,Logistics,Small,India,1/1/2023
5499,Moore Ltd,Manufacturing,Small,UAE,4/3/2024
5500,Lynch LLC,Finance,Small,Germany,6/17/2023
5501,"Garcia, West and Powell",Marketing,Startup,Singapore,2/15/2025
5502,Welch Inc,Logistics,Startup,Japan,12/24/2023
5503,Fisher PLC,Finance,Large,Singapore,9/21/2025
5504,Waters Inc,Healthcare,Medium,Germany,11/13/2022
5505,"Lowe, Banks and Moody",Marketing,Medium,Australia,2/10/2026
5506,"Gutierrez, Roberts and Delacruz",Marketing,Enterprise,Pakistan,4/10/2023
5507,Kennedy-Hughes,Education,Medium,Japan,12/18/2022
5508,Cunningham-Smith,Logistics,Medium,UAE,7/4/2025
5509,Adams-Jones,Consulting,Large,USA,8/21/2022
5510,Murphy PLC,Technology,Startup,USA,3/9/2026
5511,Elliott-Martin,Technology,Small,South Africa,11/25/2024
5512,Harris LLC,Retail,Enterprise,Pakistan,11/21/2025
5513,"Holland, Johnson and Hernandez",Manufacturing,Enterprise,Brazil,9/1/2023
5514,"Lewis, Martinez and Smith",Finance,Large,India,5/5/2026
5515,Richardson PLC,Logistics,Small,UAE,5/25/2024
5516,Miller LLC,Media,Large,Brazil,8/21/2022
5517,Gonzalez-Krause,Manufacturing,Startup,UK,8/12/2024
5518,"Bailey, Rodriguez and Mccann",Education,Startup,Singapore,7/17/2023
5519,Shepherd LLC,Marketing,Small,Mexico,1/21/2023
5520,Barron Inc,Consulting,Small,France,4/27/2024
5521,Jones Ltd,Logistics,Small,UK,8/7/2025
5522,"Medina, Williams and Burgess",Manufacturing,Small,Netherlands,7/31/2024
5523,Adams Group,Manufacturing,Startup,France,12/17/2023
5524,Warner PLC,Consulting,Small,Singapore,6/2/2023
5525,King LLC,Retail,Large,USA,9/12/2025
5526,"Tyler, Walters and Thomas",Finance,Medium,Japan,3/3/2023
5527,Morales-Vincent,Finance,Startup,Brazil,6/28/2022
5528,Walker Group,Manufacturing,Small,Germany,12/20/2023
5529,"Cuevas, Cooper and Gonzalez",Healthcare,Medium,Australia,5/16/2024
5530,"Baker, Wyatt and Black",Manufacturing,Small,Canada,11/14/2025
5531,Riggs-Silva,Manufacturing,Small,South Africa,4/7/2026
5532,Williams PLC,Consulting,Medium,India,12/31/2022
5533,"Rodriguez, Johnson and Andrews",Marketing,Enterprise,Pakistan,9/30/2023
5534,"Wolfe, Wright and Gordon",Consulting,Startup,USA,8/26/2022
5535,Day and Sons,Logistics,Small,South Africa,4/17/2023
5536,Ross LLC,Manufacturing,Small,Germany,10/27/2024
5537,Fischer-Sullivan,Finance,Medium,Brazil,12/31/2022
5538,Martin PLC,Media,Startup,Germany,8/6/2023
5539,Jefferson Group,Finance,Startup,South Africa,2/28/2023
5540,"Alexander, Thompson and Collins",Technology,Small,France,6/26/2025
5541,Fleming LLC,Retail,Enterprise,Japan,9/8/2024
5542,Perry-Ramirez,Education,Medium,Mexico,8/26/2024
5543,Porter LLC,Logistics,Medium,Mexico,6/20/2025
5544,"Russo, Sanchez and Church",Logistics,Large,Germany,1/28/2023
5545,Dominguez-Wade,Retail,Startup,UAE,9/2/2022
5546,"Barnes, Brown and Long",Media,Large,India,2/12/2026
5547,"Hayes, Ramos and Mendoza",Education,Medium,South Africa,10/28/2025
5548,Martinez Inc,Marketing,Small,Canada,11/21/2024
5549,"Anderson, Martinez and Gibson",Manufacturing,Large,USA,6/1/2023
5550,Johnson and Sons,Education,Large,UAE,10/18/2023
5551,Smith Ltd,Media,Large,USA,1/1/2024
5552,Key-Wagner,Healthcare,Startup,Australia,6/4/2024
5553,Martinez Group,Technology,Enterprise,Netherlands,4/29/2024
5554,Atkins-French,Education,Enterprise,Netherlands,2/22/2025
5555,"Miles, Ortiz and Martin",Education,Small,Canada,1/18/2024
5556,"Cherry, Avila and Villa",Technology,Startup,Germany,10/1/2023
5557,Crosby LLC,Manufacturing,Startup,Australia,10/25/2022
5558,Jordan Group,Education,Enterprise,France,10/14/2022
5559,Robinson-Cardenas,Technology,Medium,Brazil,4/19/2023
5560,Sullivan-Copeland,Technology,Small,Australia,7/19/2023
5561,Carlson-Miller,Technology,Small,UK,9/21/2024
5562,Roberson-Torres,Consulting,Small,France,5/14/2026
5563,Rose Group,Media,Medium,Canada,11/5/2023
5564,Tapia-Gilbert,Consulting,Small,India,2/2/2023
5565,"Myers, White and Austin",Healthcare,Enterprise,UK,1/24/2025
5566,"Shepherd, Jones and Hall",Marketing,Medium,USA,8/20/2023
5567,Morris and Sons,Consulting,Large,Japan,2/3/2026
5568,Briggs LLC,Consulting,Small,Pakistan,7/25/2022
5569,Marquez-Logan,Media,Startup,Pakistan,5/18/2023
5570,Knox-Brown,Marketing,Small,UK,4/19/2025
5571,Smith-Thomas,Retail,Small,South Africa,3/4/2026
5572,Thompson-Jackson,Technology,Startup,India,4/8/2024
5573,Sandoval Ltd,Logistics,Enterprise,UAE,8/12/2022
5574,"Wells, Griffin and Clark",Marketing,Small,Pakistan,10/28/2023
5575,Snyder Inc,Healthcare,Startup,UK,5/10/2024
5576,Walsh-Jennings,Manufacturing,Startup,Netherlands,2/28/2026
5577,"Valencia, Daniels and Zuniga",Healthcare,Small,South Africa,2/25/2023
5578,Hill-Blankenship,Technology,Enterprise,Canada,5/3/2025
5579,Cox PLC,Marketing,Small,South Africa,12/23/2022
5580,Schneider-Freeman,Healthcare,Small,Singapore,2/18/2026
5581,"Burke, Davis and Moore",Healthcare,Medium,India,12/3/2022
5582,James PLC,Retail,Small,India,4/3/2023
5583,Smith-Chase,Retail,Startup,UAE,8/2/2024
5584,Franco-Hansen,Marketing,Startup,France,8/11/2022
5585,Burgess Ltd,Technology,Small,Germany,6/22/2023
5586,"Lopez, Graham and Kim",Consulting,Startup,Pakistan,7/31/2025
5587,Roberts Ltd,Finance,Startup,Japan,7/12/2022
5588,Baker-Blake,Education,Large,Germany,9/28/2024
5589,Bennett-Morse,Logistics,Startup,Germany,8/11/2022
5590,Austin Inc,Education,Large,Mexico,4/20/2024
5591,Lawson Inc,Media,Large,Japan,7/1/2024
5592,Peterson PLC,Retail,Small,Mexico,1/10/2023
5593,Richards-Miller,Marketing,Small,Canada,2/18/2026
5594,Nunez-Jenkins,Education,Startup,South Africa,3/19/2026
5595,Mclaughlin Ltd,Technology,Medium,Netherlands,6/26/2025
5596,Mata-Thomas,Logistics,Medium,USA,10/31/2023
5597,Cooper-Macias,Education,Medium,Germany,8/30/2023
5598,"Carter, Jones and Evans",Logistics,Startup,India,3/24/2024
5599,Little-Gonzalez,Manufacturing,Enterprise,Mexico,11/5/2025
5600,"Nelson, Lee and Jordan",Technology,Startup,UAE,10/9/2025
5601,Young-Brown,Finance,Small,UAE,11/13/2023
5602,Bowman-Clark,Healthcare,Small,Mexico,11/18/2022
5603,Lewis-Jones,Logistics,Startup,Singapore,10/11/2023
5604,Glass PLC,Technology,Small,Netherlands,11/5/2025
5605,"Garcia, Young and Nolan",Logistics,Large,USA,3/17/2025
5606,Burch-Rojas,Logistics,Large,France,12/1/2025
5607,"Huffman, Rodriguez and Rojas",Consulting,Large,India,9/13/2022
5608,Bryant-Howard,Consulting,Small,South Africa,11/29/2023
5609,Rowe-Knapp,Technology,Medium,India,12/16/2025
5610,Vance Inc,Consulting,Startup,Singapore,11/17/2025
5611,"Williams, Evans and Keller",Media,Small,Australia,6/19/2024
5612,Barnes-Olson,Finance,Startup,Brazil,5/4/2026
5613,Kramer and Sons,Marketing,Small,Singapore,8/13/2024
5614,Wood and Sons,Technology,Small,Germany,9/22/2022
5615,Richardson Group,Technology,Small,UK,3/12/2024
5616,"Curry, Ramirez and Jackson",Media,Medium,Mexico,4/16/2026
5617,Collins and Sons,Retail,Enterprise,South Africa,3/25/2024
5618,Welch Group,Retail,Small,UAE,12/1/2022
5619,"Brown, Bailey and Robinson",Consulting,Enterprise,Netherlands,9/1/2023
5620,"Meyer, Richards and Douglas",Marketing,Large,Mexico,2/17/2025
5621,Campbell-Jimenez,Consulting,Small,South Africa,7/31/2023
5622,Gutierrez LLC,Manufacturing,Medium,Singapore,7/2/2025
5623,"Cooper, Mckee and Jackson",Manufacturing,Startup,Germany,8/20/2024
5624,Wang and Sons,Healthcare,Large,Pakistan,6/26/2024
5625,Daniels and Sons,Manufacturing,Medium,South Africa,9/11/2023
5626,"Hoffman, Smith and Jones",Retail,Enterprise,USA,7/9/2022
5627,Banks PLC,Finance,Medium,India,11/30/2025
5628,"Anderson, Melendez and Woods",Manufacturing,Large,Mexico,12/27/2022
5629,"Allen, Franklin and Flores",Consulting,Large,Australia,5/6/2026
5630,Fisher-Osborn,Logistics,Small,South Africa,8/19/2025
5631,Orr-Schroeder,Technology,Small,Mexico,2/26/2026
5632,"Woods, Fitzpatrick and Shaw",Finance,Small,USA,9/7/2023
5633,"Riley, Marsh and Rogers",Finance,Small,Netherlands,8/4/2025
5634,White-Miller,Consulting,Startup,Germany,8/20/2024
5635,Jackson LLC,Technology,Large,Mexico,10/2/2023
5636,"Anderson, Olson and Burton",Retail,Small,Netherlands,9/14/2024
5637,Ford Inc,Finance,Enterprise,Japan,5/10/2026
5638,Erickson Inc,Healthcare,Large,France,1/4/2025
5639,Collier Ltd,Consulting,Medium,Brazil,1/20/2024
5640,Cardenas Inc,Finance,Enterprise,Pakistan,1/31/2024
5641,Rogers Group,Marketing,Small,Netherlands,11/23/2023
5642,"Turner, Ray and Franco",Technology,Large,Germany,9/8/2023
5643,Hutchinson PLC,Manufacturing,Small,UK,2/7/2025
5644,Richard Ltd,Finance,Small,Canada,12/20/2022
5645,"Miller, Wright and Miranda",Consulting,Small,Germany,8/29/2024
5646,Johnson and Sons,Manufacturing,Small,Brazil,9/3/2025
5647,Hardy-Hardy,Healthcare,Medium,Singapore,9/16/2023
5648,"Turner, Jones and Bentley",Manufacturing,Small,Japan,5/28/2024
5649,"Paul, Atkins and Lopez",Marketing,Small,South Africa,5/25/2024
5650,Rodriguez PLC,Retail,Enterprise,Germany,6/27/2023
5651,Daniels-Huber,Finance,Medium,South Africa,6/15/2023
5652,Rios Inc,Education,Small,Singapore,1/12/2023
5653,Kelly and Sons,Education,Medium,France,1/2/2026
5654,Richardson-King,Manufacturing,Large,South Africa,1/22/2024
5655,Rivers-Rojas,Media,Enterprise,India,12/29/2022
5656,Small-Huff,Technology,Small,UAE,9/4/2023
5657,Sweeney LLC,Education,Startup,Canada,7/4/2023
5658,Martin Ltd,Media,Small,France,8/12/2023
5659,"Mcclain, Kelly and Brown",Education,Small,Brazil,3/21/2025
5660,Harris-Williamson,Media,Large,Singapore,9/24/2025
5661,"Thompson, Rojas and Collins",Technology,Small,UAE,3/9/2026
5662,"Foster, Mitchell and Black",Logistics,Enterprise,Mexico,1/23/2026
5663,Park Inc,Education,Small,Japan,3/31/2023
5664,"Fletcher, Meyer and Ramos",Marketing,Enterprise,South Africa,7/27/2024
5665,Holmes-Bowen,Finance,Startup,UK,9/16/2024
5666,Figueroa Group,Media,Large,USA,11/7/2024
5667,Mcmillan-Carlson,Finance,Enterprise,Canada,5/21/2025
5668,King-Kaufman,Consulting,Enterprise,Japan,12/31/2022
5669,Bolton-White,Consulting,Startup,Australia,8/4/2024
5670,Mcintyre and Sons,Technology,Startup,France,3/16/2026
5671,Williams-Ryan,Media,Medium,USA,6/28/2024
5672,Lucero-Green,Healthcare,Startup,USA,10/28/2023
5673,"Mullins, Hoffman and Nelson",Consulting,Startup,Brazil,1/5/2024
5674,"Jimenez, Jones and Powers",Technology,Startup,Germany,4/23/2026
5675,Hill-Graves,Consulting,Small,Mexico,8/21/2023
5676,Carter-Ashley,Consulting,Small,Netherlands,8/29/2022
5677,"Glass, Burnett and Hawkins",Healthcare,Startup,Germany,1/26/2026
5678,"Moore, Brown and Bean",Education,Startup,Netherlands,5/10/2024
5679,Thompson-Johnson,Manufacturing,Small,Australia,12/6/2022
5680,Burns-Sanchez,Logistics,Medium,Australia,8/22/2025
5681,Dudley Ltd,Consulting,Startup,Singapore,10/7/2024
5682,Burns and Sons,Consulting,Small,Japan,3/22/2024
5683,Jimenez Ltd,Marketing,Enterprise,Australia,9/19/2025
5684,Adams-Rodriguez,Logistics,Enterprise,USA,1/26/2025
5685,Ingram-Zhang,Healthcare,Enterprise,Singapore,1/4/2025
5686,Tate Inc,Finance,Large,UAE,2/21/2024
5687,Rose-Reed,Media,Small,Brazil,4/5/2026
5688,Miller-Williams,Consulting,Medium,India,6/6/2026
5689,Lam-Anderson,Manufacturing,Small,India,1/17/2025
5690,Lopez Ltd,Media,Medium,Brazil,3/7/2025
5691,Riley Ltd,Logistics,Small,India,11/29/2025
5692,"Taylor, Kerr and Waters",Media,Medium,Canada,7/9/2025
5693,Williams Group,Education,Small,Canada,9/26/2022
5694,Thomas Ltd,Consulting,Startup,Australia,4/12/2025
5695,Hughes-Simpson,Media,Large,India,11/7/2025
5696,King-Stephens,Finance,Startup,UK,6/30/2024
5697,Smith Group,Finance,Small,South Africa,4/18/2026
5698,Ross-Morris,Consulting,Startup,Germany,11/30/2024
5699,Williams-Malone,Retail,Small,Japan,5/25/2024
5700,"Wilson, Chang and Camacho",Finance,Startup,Mexico,8/31/2024
5701,Roman Ltd,Media,Enterprise,UK,1/7/2026
5702,Murray and Sons,Technology,Small,India,12/31/2025
5703,Thomas Group,Finance,Small,India,11/15/2023
5704,Carpenter Ltd,Logistics,Small,Germany,4/25/2025
5705,Collins-Davis,Retail,Medium,South Africa,2/28/2023
5706,Morrison-Sanchez,Media,Large,India,4/13/2025
5707,"Gonzalez, Gutierrez and Good",Healthcare,Medium,France,3/4/2026
5708,"Bond, Palmer and Flores",Marketing,Medium,USA,5/20/2026
5709,Martin-Johnson,Healthcare,Enterprise,Singapore,11/6/2022
5710,Wright LLC,Education,Large,Germany,3/28/2024
5711,Chavez Group,Marketing,Medium,India,10/1/2025
5712,"Cross, Adams and Lambert",Education,Startup,South Africa,7/28/2025
5713,Howard-Gregory,Marketing,Medium,Netherlands,5/28/2025
5714,Thompson-Crawford,Marketing,Small,Canada,3/30/2024
5715,Jones and Sons,Technology,Medium,Canada,4/4/2024
5716,Freeman-Fitzgerald,Manufacturing,Large,USA,1/23/2024
5717,Buchanan-Le,Logistics,Medium,Canada,6/28/2022
5718,"Johnson, Knight and Mcneil",Healthcare,Large,Singapore,11/25/2025
5719,"Harper, Solomon and Delacruz",Finance,Startup,Japan,12/1/2023
5720,"Webb, Sharp and Miller",Media,Startup,Pakistan,6/28/2022
5721,Scott-Thomas,Retail,Small,Brazil,4/4/2024
5722,Strickland and Sons,Logistics,Enterprise,Pakistan,9/30/2022
5723,Lang Group,Education,Large,Pakistan,9/22/2023
5724,Acevedo-Butler,Technology,Medium,Netherlands,8/13/2022
5725,Wells Ltd,Education,Medium,USA,5/10/2024
5726,Holt-Torres,Manufacturing,Medium,USA,3/2/2023
5727,Weaver Ltd,Retail,Enterprise,Mexico,5/6/2026
5728,Maddox Inc,Technology,Large,Singapore,5/10/2025
5729,Smith-Holland,Education,Medium,Germany,7/20/2024
5730,Adams LLC,Manufacturing,Medium,Australia,5/25/2025
5731,Montgomery Group,Media,Startup,Pakistan,6/16/2024
5732,Freeman-Davis,Media,Medium,South Africa,12/7/2024
5733,Murphy-Dunlap,Education,Small,Canada,8/21/2025
5734,"Stewart, Johnson and Kim",Logistics,Startup,South Africa,4/14/2024
5735,Graves PLC,Retail,Large,UK,8/11/2023
5736,"Gutierrez, Hutchinson and Marquez",Consulting,Small,Australia,2/26/2025
5737,Larson-Pacheco,Logistics,Enterprise,Singapore,5/12/2024
5738,"Tran, Hall and Smith",Media,Small,Germany,8/7/2024
5739,Martin-Barrett,Retail,Small,Mexico,6/15/2026
5740,"Hawkins, Brown and Sullivan",Manufacturing,Small,Canada,5/8/2026
5741,Neal Ltd,Technology,Startup,India,9/24/2022
5742,"Page, Thompson and Kennedy",Marketing,Small,Germany,1/11/2023
5743,"Turner, Scott and Potter",Education,Small,Pakistan,6/19/2026
5744,"Meyer, Gates and Evans",Healthcare,Startup,Pakistan,2/26/2025
5745,Hayes Group,Retail,Small,India,6/5/2026
5746,"Romero, Huff and Hall",Finance,Startup,Singapore,2/22/2025
5747,Norman Ltd,Manufacturing,Medium,UAE,9/6/2025
5748,Miller and Sons,Consulting,Startup,Germany,9/10/2023
5749,Lopez Group,Marketing,Medium,India,11/20/2022
5750,Mathews-Jones,Finance,Large,Singapore,6/22/2024
5751,Colon-Hodges,Consulting,Small,Singapore,6/4/2025
5752,"Gonzalez, Gates and Thompson",Healthcare,Enterprise,Netherlands,5/27/2025
5753,"Bennett, Hughes and Johnson",Media,Medium,Mexico,10/20/2023
5754,Macias-Porter,Logistics,Medium,USA,5/5/2026
5755,"Nicholson, Perez and Prince",Education,Startup,Germany,7/21/2024
5756,Quinn Inc,Technology,Large,Canada,11/30/2025
5757,"Harris, Travis and Grimes",Consulting,Large,UAE,7/15/2023
5758,Porter-Russell,Marketing,Small,France,2/11/2024
5759,Miller-Scott,Retail,Startup,UK,11/29/2025
5760,Perez Ltd,Media,Small,Germany,3/29/2023
5761,"Willis, Wheeler and White",Retail,Medium,Australia,7/31/2022
5762,Sloan Ltd,Marketing,Small,Singapore,11/7/2022
5763,"Dillon, Campbell and Barrett",Retail,Medium,USA,1/27/2023
5764,Harmon-Taylor,Consulting,Startup,India,3/19/2024
5765,Nguyen and Sons,Manufacturing,Large,Pakistan,12/19/2024
5766,Vasquez Ltd,Retail,Small,India,5/10/2026
5767,Chapman-Cruz,Logistics,Startup,India,5/27/2024
5768,"Duncan, Mcgee and Cohen",Healthcare,Medium,UAE,12/23/2023
5769,Jenkins Group,Technology,Startup,South Africa,4/27/2025
5770,Hill-Tucker,Consulting,Startup,Germany,12/12/2023
5771,Green-Townsend,Finance,Small,Japan,11/26/2023
5772,Holmes-Mendez,Marketing,Small,India,8/5/2022
5773,Terrell-Evans,Media,Enterprise,UAE,3/30/2024
5774,Mcgrath Ltd,Consulting,Large,Netherlands,6/10/2024
5775,Dixon Group,Manufacturing,Small,France,5/13/2024
5776,Clark Ltd,Media,Startup,Canada,2/26/2024
5777,Johnston Inc,Logistics,Small,Netherlands,1/25/2026
5778,Patel Group,Marketing,Medium,France,3/2/2024
5779,"Perez, Williams and Manning",Media,Small,Germany,8/14/2023
5780,Wood-Herrera,Retail,Startup,Pakistan,9/21/2023
5781,"Mack, Perry and Davis",Consulting,Small,Netherlands,12/2/2025
5782,Johnston LLC,Healthcare,Large,France,3/2/2023
5783,"Miller, Gray and Martin",Marketing,Small,UAE,1/29/2024
5784,Lewis-Campbell,Education,Large,UAE,2/4/2026
5785,Rodriguez Group,Logistics,Small,UK,2/16/2023
5786,Herrera and Sons,Technology,Startup,South Africa,3/25/2024
5787,"Hartman, Villegas and Smith",Marketing,Small,Singapore,5/13/2026
5788,Charles LLC,Manufacturing,Small,Netherlands,8/17/2025
5789,Heath-Banks,Consulting,Startup,Australia,9/26/2022
5790,Ward-Reed,Retail,Startup,Australia,3/31/2024
5791,Walter PLC,Technology,Startup,Germany,8/5/2022
5792,Hays Ltd,Technology,Startup,Brazil,7/15/2024
5793,Rodriguez-Williamson,Logistics,Small,South Africa,3/27/2024
5794,Brown Ltd,Media,Enterprise,Singapore,3/21/2025
5795,Powell Group,Manufacturing,Small,UK,10/15/2025
5796,"Mayo, Kemp and Cardenas",Media,Medium,USA,1/31/2023
5797,Jackson Ltd,Retail,Small,Mexico,12/24/2024
5798,"Lewis, Miles and Myers",Technology,Small,India,2/21/2023
5799,Clark-Wong,Manufacturing,Startup,Netherlands,5/29/2023
5800,"Park, Robinson and Cortez",Manufacturing,Small,Netherlands,2/16/2025
5801,Nelson-Bright,Finance,Small,France,3/23/2024
5802,"Lambert, Noble and Barnes",Consulting,Startup,Japan,11/26/2025
5803,Stevens-Ramirez,Technology,Large,Singapore,11/20/2024
5804,Smith Group,Technology,Small,Netherlands,1/26/2024
5805,Fernandez-Thomas,Manufacturing,Small,India,2/21/2024
5806,Chambers-Silva,Media,Startup,USA,9/22/2024
5807,Stevens Inc,Technology,Medium,Pakistan,10/8/2023
5808,Harris-Smith,Manufacturing,Large,UK,6/11/2025
5809,"Klein, Long and Martinez",Technology,Small,India,9/5/2022
5810,"Cain, Oconnell and Preston",Manufacturing,Startup,Mexico,8/2/2024
5811,Santos and Sons,Finance,Small,UK,5/10/2025
5812,Harrell LLC,Consulting,Startup,Japan,3/23/2026
5813,"Leon, Glover and Benson",Manufacturing,Medium,UK,12/4/2023
5814,Gutierrez Inc,Technology,Medium,Singapore,12/14/2023
5815,Perez LLC,Retail,Startup,UAE,12/9/2023
5816,Wilson-Singh,Consulting,Startup,South Africa,2/29/2024
5817,Sheppard Ltd,Finance,Medium,Canada,2/23/2025
5818,Snyder Group,Manufacturing,Small,Japan,5/4/2023
5819,Hartman Ltd,Retail,Startup,Germany,4/5/2024
5820,Jones Inc,Manufacturing,Large,Australia,2/7/2025
5821,Wallace-Porter,Media,Small,Japan,2/1/2024
5822,Potts Group,Technology,Small,UK,6/16/2025
5823,"Weber, Weaver and Lozano",Marketing,Startup,Mexico,9/18/2025
5824,Fritz LLC,Logistics,Medium,Singapore,11/26/2023
5825,"Brown, Pope and Moore",Healthcare,Small,Japan,5/14/2026
5826,Rodriguez-Jackson,Media,Enterprise,Singapore,10/22/2025
5827,Rodriguez Group,Retail,Medium,India,3/14/2023
5828,"Torres, Dixon and Hall",Media,Startup,India,10/2/2023
5829,Kelley Inc,Education,Small,Netherlands,10/23/2025
5830,Wise Inc,Manufacturing,Small,France,4/20/2024
5831,"Boyd, Clayton and Morris",Manufacturing,Small,UK,9/10/2022
5832,Wilson Ltd,Healthcare,Large,Canada,2/4/2026
5833,"Martin, Molina and Hester",Healthcare,Medium,Netherlands,12/6/2022
5834,Mejia Group,Education,Startup,Netherlands,4/20/2025
5835,"Levy, Haynes and Guerrero",Technology,Medium,Germany,10/9/2024
5836,Johnson LLC,Logistics,Startup,Japan,8/9/2025
5837,"Scott, Carney and Wilkinson",Marketing,Large,Netherlands,11/11/2025
5838,Hall-Johnson,Marketing,Medium,South Africa,1/9/2025
5839,Burns-Dunn,Finance,Small,Germany,4/23/2023
5840,Perez-Taylor,Finance,Small,Brazil,3/10/2024
5841,Sanchez PLC,Technology,Large,Pakistan,6/12/2024
5842,Clark-Sheppard,Finance,Large,Pakistan,8/22/2025
5843,"Shaw, Brown and Owen",Finance,Small,South Africa,1/7/2023
5844,Jones-Francis,Education,Small,France,11/27/2023
5845,Riggs PLC,Education,Medium,South Africa,9/29/2022
5846,"Larson, Nguyen and Avila",Finance,Startup,Australia,7/18/2022
5847,Owens LLC,Media,Startup,Pakistan,4/21/2026
5848,Green and Sons,Consulting,Startup,Netherlands,5/28/2023
5849,"Johnson, Patton and Phillips",Consulting,Startup,USA,1/16/2023
5850,Garcia-Trujillo,Technology,Small,France,6/29/2025
5851,Mason-Mendez,Marketing,Enterprise,Germany,8/2/2023
5852,Lawrence Group,Healthcare,Medium,Germany,12/24/2024
5853,"Benton, Jackson and Parker",Technology,Startup,Brazil,1/21/2023
5854,Morgan-Patton,Finance,Small,Canada,2/7/2025
5855,Clark Ltd,Education,Small,Singapore,11/13/2023
5856,"Morton, Herman and Eaton",Manufacturing,Startup,USA,1/8/2023
5857,Smith LLC,Media,Enterprise,Japan,5/11/2026
5858,Rodriguez LLC,Retail,Small,Netherlands,8/12/2023
5859,Madden-Wheeler,Education,Enterprise,Australia,1/27/2024
5860,"Black, Garcia and King",Consulting,Small,India,12/25/2023
5861,Richards-Mcpherson,Education,Medium,France,12/11/2024
5862,Butler-Campbell,Media,Startup,Netherlands,2/23/2024
5863,"Arnold, Buckley and Wyatt",Healthcare,Small,Pakistan,12/23/2025
5864,Davidson Group,Finance,Startup,UAE,1/28/2026
5865,Chan-Rich,Manufacturing,Large,Brazil,6/18/2024
5866,"Johnson, Russell and Cox",Consulting,Large,Brazil,9/21/2025
5867,"Clark, Thompson and Stephens",Consulting,Large,Canada,10/5/2024
5868,"Daniels, Patel and Melton",Logistics,Medium,Brazil,1/30/2025
5869,Wilson-Robinson,Marketing,Large,South Africa,12/15/2023
5870,Rollins Ltd,Healthcare,Startup,Germany,7/4/2022
5871,Grant Group,Consulting,Small,Brazil,9/11/2025
5872,Bean Group,Marketing,Medium,UAE,2/6/2025
5873,"Mason, Ramos and Hudson",Consulting,Medium,France,2/7/2024
5874,Griffin and Sons,Finance,Medium,UK,8/23/2024
5875,Nguyen LLC,Marketing,Startup,Australia,7/4/2022
5876,Fuentes Inc,Media,Startup,Netherlands,7/16/2025
5877,"Griffith, Gray and Calderon",Logistics,Enterprise,UK,12/11/2023
5878,Klein-Reyes,Finance,Medium,Japan,9/16/2024
5879,"Jensen, Caldwell and Hill",Media,Startup,France,10/11/2023
5880,Palmer-Santana,Manufacturing,Large,UK,10/27/2024
5881,Peters-Bailey,Healthcare,Enterprise,Australia,3/11/2026
5882,Miller-Phillips,Healthcare,Startup,Mexico,3/1/2023
5883,"Simpson, Hardin and Vazquez",Retail,Large,Singapore,12/27/2023
5884,Mitchell LLC,Retail,Enterprise,France,11/14/2023
5885,Rivers PLC,Marketing,Enterprise,Japan,6/4/2025
5886,"Evans, Jones and Byrd",Healthcare,Enterprise,UAE,12/1/2024
5887,Garcia-Castillo,Marketing,Small,UK,10/20/2023
5888,"Massey, Esparza and Harris",Retail,Small,Australia,8/5/2025
5889,White-Hickman,Manufacturing,Startup,Pakistan,2/2/2026
5890,"Randolph, Cross and Cross",Consulting,Startup,India,1/22/2023
5891,"Rivas, Randolph and Johnson",Media,Small,Australia,7/8/2023
5892,Fitzgerald LLC,Education,Small,Japan,11/5/2022
5893,Patel-Hernandez,Marketing,Startup,Netherlands,5/20/2023
5894,"Galvan, Graham and Murphy",Manufacturing,Small,Canada,12/10/2023
5895,"Mayo, Myers and Meadows",Media,Startup,Netherlands,12/30/2025
5896,Wolf-Ayala,Healthcare,Large,India,12/24/2024
5897,Jackson-Hernandez,Consulting,Small,Pakistan,7/19/2024
5898,"Davis, Cordova and Frey",Media,Medium,USA,12/29/2025
5899,"Stevens, Mclaughlin and Carter",Logistics,Small,Netherlands,11/11/2022
5900,"Jenkins, Boone and Chambers",Retail,Startup,UAE,12/11/2025
5901,"Cruz, Duke and Munoz",Media,Enterprise,Germany,2/14/2025
5902,Sanders-Ramirez,Education,Small,Pakistan,9/8/2023
5903,"Harrison, Gonzalez and Thomas",Manufacturing,Small,Netherlands,12/20/2024
5904,"Smith, Ward and Mann",Consulting,Startup,Singapore,8/23/2025
5905,Petersen-Hall,Finance,Small,India,6/28/2022
5906,Wade-Knox,Media,Startup,Japan,12/23/2022
5907,Martinez-Reyes,Technology,Small,South Africa,4/15/2024
5908,Snyder Inc,Education,Small,Singapore,12/8/2025
5909,Rodriguez LLC,Education,Large,India,11/13/2024
5910,Peters LLC,Technology,Medium,Canada,9/5/2024
5911,"Wells, Fleming and Maldonado",Logistics,Startup,USA,9/14/2025
5912,Newton-Allen,Finance,Startup,Germany,3/2/2023
5913,Guerrero-Smith,Retail,Small,Mexico,11/12/2022
5914,Gomez Inc,Manufacturing,Startup,Canada,3/27/2026
5915,Gonzalez-Lewis,Consulting,Startup,Pakistan,12/29/2023
5916,Woodward-Santos,Manufacturing,Large,Singapore,3/19/2026
5917,Garcia-Ray,Finance,Startup,India,5/31/2025
5918,"Callahan, Espinoza and Kennedy",Manufacturing,Large,Pakistan,2/1/2025
5919,Avila Ltd,Technology,Startup,Brazil,2/26/2025
5920,"Russell, Cruz and Hamilton",Education,Enterprise,Australia,10/5/2022
5921,Scott-Nelson,Manufacturing,Medium,USA,2/3/2023
5922,"Green, Wells and Curry",Marketing,Medium,Japan,6/28/2022
5923,Cook and Sons,Media,Startup,South Africa,8/22/2023
5924,"Marquez, Villarreal and Thomas",Finance,Large,South Africa,4/28/2025
5925,Burns and Sons,Logistics,Large,Mexico,10/23/2025
5926,Reese-Roberson,Marketing,Medium,UAE,8/25/2024
5927,Baker-Hernandez,Technology,Small,Australia,10/28/2024
5928,Riley LLC,Healthcare,Medium,Mexico,10/22/2024
5929,Ramos Inc,Technology,Startup,South Africa,9/7/2025
5930,"Murphy, Mendez and Burke",Logistics,Medium,Singapore,5/27/2024
5931,Snyder-Roberts,Logistics,Large,USA,8/7/2022
5932,Knox Group,Marketing,Small,USA,1/16/2026
5933,Reilly-Acosta,Media,Startup,Pakistan,5/21/2025
5934,Sanders LLC,Finance,Small,Australia,10/27/2022
5935,"Booth, James and Matthews",Retail,Medium,Pakistan,12/7/2023
5936,"Ward, Hester and Hill",Education,Startup,Pakistan,7/14/2024
5937,Cook-Brown,Marketing,Startup,Netherlands,6/14/2023
5938,Lee-Mendoza,Logistics,Startup,Brazil,12/2/2023
5939,"Zamora, Mejia and Mitchell",Healthcare,Large,Japan,1/11/2026
5940,Owen-Anderson,Consulting,Startup,Pakistan,9/9/2024
5941,"Hunt, Oliver and Richmond",Logistics,Medium,Singapore,11/24/2022
5942,Martinez Inc,Media,Small,Netherlands,5/1/2026
5943,Moses-Underwood,Media,Large,India,1/28/2026
5944,Herrera and Sons,Logistics,Enterprise,India,5/12/2023
5945,Patterson PLC,Media,Startup,Singapore,5/21/2025
5946,Martin LLC,Marketing,Small,Germany,5/19/2026
5947,Aguilar-Richards,Logistics,Large,UAE,3/16/2024
5948,Peterson and Sons,Logistics,Small,Mexico,8/22/2023
5949,"Potter, Moore and Munoz",Finance,Startup,Canada,11/10/2024
5950,Bautista-Franklin,Education,Large,Brazil,2/8/2025
5951,"Foster, Johnson and Johnson",Healthcare,Enterprise,UAE,6/24/2025
5952,"King, Humphrey and Garcia",Media,Medium,Singapore,2/22/2023
5953,"Miles, Glover and Grant",Finance,Small,UK,4/26/2026
5954,"Benitez, Shaw and Ward",Retail,Small,Japan,6/8/2025
5955,Wise and Sons,Retail,Startup,South Africa,6/5/2024
5956,Guerrero PLC,Manufacturing,Large,Netherlands,4/8/2023
5957,Rogers-Thompson,Marketing,Large,Canada,10/6/2022
5958,Marshall LLC,Marketing,Large,South Africa,12/17/2022
5959,"Simmons, Bernard and Davis",Technology,Startup,Germany,11/22/2023
5960,Lowe-Norman,Healthcare,Medium,France,1/3/2025
5961,Garcia-Copeland,Logistics,Startup,Canada,3/6/2026
5962,Taylor-Ochoa,Media,Small,South Africa,8/2/2025
5963,Sims-Morris,Healthcare,Large,Netherlands,1/14/2025
5964,"Brown, Dickson and Hanna",Manufacturing,Startup,USA,12/16/2024
5965,Ryan-May,Technology,Medium,Singapore,9/3/2025
5966,"Robinson, Harris and Jones",Finance,Medium,Brazil,12/9/2023
5967,"Rodriguez, Daniel and Sullivan",Healthcare,Enterprise,France,7/14/2024
5968,Lewis-Best,Finance,Large,UAE,7/6/2024
5969,Wilson-Adams,Retail,Large,Netherlands,8/8/2022
5970,"Thomas, Ramos and Brooks",Media,Small,Mexico,5/3/2026
5971,Holder LLC,Manufacturing,Startup,Mexico,5/31/2023
5972,"Lloyd, Holt and Smith",Logistics,Small,Netherlands,2/25/2023
5973,"Fletcher, Marshall and Erickson",Media,Small,France,4/21/2024
5974,Hernandez-Ramsey,Education,Medium,Mexico,5/12/2025
5975,Davis-Abbott,Marketing,Medium,Brazil,8/31/2022
5976,Khan-Maldonado,Manufacturing,Small,Singapore,7/18/2022
5977,Robinson PLC,Healthcare,Small,UAE,9/11/2023
5978,Thompson-Hunter,Media,Startup,Japan,1/23/2024
5979,Mcmahon Ltd,Consulting,Medium,South Africa,3/15/2023
5980,Williams LLC,Marketing,Medium,Mexico,12/12/2023
5981,"Brown, Stevens and Taylor",Marketing,Medium,Singapore,3/26/2024
5982,Lopez-Valdez,Consulting,Small,Australia,1/29/2025
5983,Lynch-Garcia,Technology,Small,UK,1/7/2025
5984,"Williams, Ray and Kemp",Technology,Large,Germany,3/15/2025
5985,Briggs Inc,Consulting,Large,Germany,3/8/2023
5986,"Brown, Fitzpatrick and Cook",Education,Small,USA,1/9/2026
5987,"Miller, Walker and Olson",Retail,Medium,UK,8/28/2025
5988,Jones Group,Consulting,Small,UK,8/30/2025
5989,Andrews Ltd,Retail,Medium,South Africa,5/9/2023
5990,Villanueva Inc,Media,Large,Japan,11/7/2022
5991,"Turner, Rodriguez and Monroe",Education,Medium,USA,12/31/2024
5992,"Gomez, Turner and Barrera",Manufacturing,Small,South Africa,5/19/2024
5993,Gonzalez PLC,Retail,Small,UAE,10/11/2022
5994,Jones and Sons,Marketing,Medium,Brazil,1/28/2026
5995,Bryant PLC,Media,Medium,USA,8/28/2022
5996,"Anderson, Perkins and Ashley",Marketing,Medium,UAE,7/19/2023
5997,Jones LLC,Education,Medium,USA,2/28/2024
5998,"Cervantes, Jensen and Hunter",Retail,Startup,Canada,10/9/2024
5999,Pratt-Thornton,Finance,Enterprise,Canada,5/25/2025
6000,Warner-Rodriguez,Education,Large,Japan,11/9/2025
