account_id,customer_id,active_users,last_login
1,1001,22,2026-06-11
2,1002,322,2026-05-20
3,1003,289,2026-06-01
4,1004,481,2026-05-29
5,1005,207,2026-04-28
6,1006,399,2026-05-24
7,1007,371,2026-06-19
8,1008,136,2026-06-12
9,1009,481,2026-06-09
10,1010,128,2026-06-16
11,1011,380,2026-06-26
12,1012,8,2026-05-12
13,1013,330,2026-05-05
14,1014,219,2026-06-11
15,1015,419,2026-06-17
16,1016,9,2026-06-05
17,1017,438,2026-05-02
18,1018,183,2026-05-21
19,1019,307,2026-06-09
20,1020,68,2026-05-18
21,1021,181,2026-05-11
22,1022,22,2026-06-07
23,1023,211,2026-06-23
24,1024,26,2026-06-17
25,1025,77,2026-05-23
26,1026,106,2026-06-05
27,1027,291,2026-05-26
28,1028,442,2026-05-29
29,1029,236,2026-05-17
30,1030,278,2026-05-30
31,1031,113,2026-05-27
32,1032,221,2026-06-06
33,1033,113,2026-05-01
34,1034,31,2026-06-01
35,1035,351,2026-05-10
36,1036,299,2026-06-08
37,1037,197,2026-05-25
38,1038,23,2026-06-24
39,1039,43,2026-06-06
40,1040,133,2026-05-23
41,1041,230,2026-05-04
42,1042,394,2026-06-16
43,1043,327,2026-05-26
44,1044,76,2026-06-15
45,1045,126,2026-05-16
46,1046,169,2026-06-05
47,1047,339,2026-05-08
48,1048,44,2026-06-14
49,1049,255,2026-05-23
50,1050,369,2026-05-02
51,1051,394,2026-05-31
52,1052,6,2026-05-14
53,1053,251,2026-05-08
54,1054,249,2026-06-08
55,1055,400,2026-06-22
56,1056,496,2026-05-27
57,1057,274,2026-05-18
58,1058,55,2026-05-26
59,1059,404,2026-05-28
60,1060,322,2026-05-07
61,1061,408,2026-06-05
62,1062,154,2026-05-09
63,1063,106,2026-06-19
64,1064,451,2026-05-21
65,1065,106,2026-05-06
66,1066,307,2026-06-01
67,1067,70,2026-05-31
68,1068,283,2026-06-10
69,1069,8,2026-05-18
70,1070,383,2026-06-20
71,1071,114,2026-05-31
72,1072,406,2026-06-16
73,1073,291,2026-05-20
74,1074,371,2026-05-18
75,1075,213,2026-05-05
76,1076,404,2026-06-11
77,1077,492,2026-06-14
78,1078,224,2026-06-11
79,1079,188,2026-05-12
80,1080,40,2026-06-19
81,1081,103,2026-05-07
82,1082,185,2026-04-30
83,1083,175,2026-04-30
84,1084,32,2026-05-24
85,1085,329,2026-05-05
86,1086,28,2026-05-08
87,1087,172,2026-06-19
88,1088,28,2026-05-16
89,1089,377,2026-06-11
90,1090,253,2026-04-29
91,1091,412,2026-05-31
92,1092,463,2026-04-30
93,1093,250,2026-06-15
94,1094,304,2026-06-12
95,1095,111,2026-04-30
96,1096,247,2026-05-28
97,1097,358,2026-05-23
98,1098,300,2026-06-18
99,1099,161,2026-06-26
100,1100,271,2026-06-13
101,1101,412,2026-05-31
102,1102,353,2026-06-17
103,1103,178,2026-06-22
104,1104,482,2026-05-18
105,1105,430,2026-05-31
106,1106,110,2026-06-23
107,1107,200,2026-05-09
108,1108,295,2026-06-16
109,1109,266,2026-05-26
110,1110,382,2026-06-08
111,1111,454,2026-06-05
112,1112,142,2026-05-05
113,1113,485,2026-05-11
114,1114,42,2026-06-18
115,1115,139,2026-06-08
116,1116,44,2026-06-07
117,1117,306,2026-06-07
118,1118,126,2026-05-07
119,1119,454,2026-05-29
120,1120,170,2026-06-04
121,1121,123,2026-05-09
122,1122,229,2026-04-28
123,1123,231,2026-05-11
124,1124,26,2026-05-14
125,1125,192,2026-06-25
126,1126,46,2026-05-18
127,1127,170,2026-06-07
128,1128,276,2026-06-17
129,1129,433,2026-05-26
130,1130,82,2026-05-04
131,1131,463,2026-05-15
132,1132,381,2026-05-28
133,1133,180,2026-06-08
134,1134,334,2026-05-11
135,1135,336,2026-06-09
136,1136,312,2026-06-18
137,1137,31,2026-05-06
138,1138,378,2026-06-13
139,1139,294,2026-05-09
140,1140,139,2026-05-10
141,1141,235,2026-05-31
142,1142,111,2026-05-26
143,1143,159,2026-06-14
144,1144,234,2026-05-01
145,1145,43,2026-06-18
146,1146,282,2026-04-29
147,1147,236,2026-06-26
148,1148,443,2026-05-13
149,1149,86,2026-06-05
150,1150,217,2026-06-05
151,1151,203,2026-06-05
152,1152,5,2026-05-19
153,1153,390,2026-04-29
154,1154,468,2026-04-29
155,1155,391,2026-05-16
156,1156,134,2026-04-30
157,1157,61,2026-06-10
158,1158,363,2026-06-08
159,1159,149,2026-05-02
160,1160,220,2026-06-04
161,1161,30,2026-06-04
162,1162,394,2026-05-31
163,1163,368,2026-06-09
164,1164,400,2026-05-31
165,1165,347,2026-06-13
166,1166,371,2026-04-30
167,1167,170,2026-06-17
168,1168,178,2026-06-23
169,1169,28,2026-05-28
170,1170,251,2026-05-09
171,1171,278,2026-04-30
172,1172,138,2026-04-29
173,1173,255,2026-05-09
174,1174,110,2026-05-24
175,1175,144,2026-06-25
176,1176,389,2026-06-16
177,1177,88,2026-05-18
178,1178,92,2026-05-14
179,1179,406,2026-05-04
180,1180,345,2026-05-21
181,1181,341,2026-05-05
182,1182,192,2026-06-21
183,1183,444,2026-05-30
184,1184,60,2026-06-11
185,1185,419,2026-05-30
186,1186,47,2026-05-27
187,1187,55,2026-05-05
188,1188,134,2026-04-30
189,1189,330,2026-04-29
190,1190,159,2026-06-01
191,1191,25,2026-05-12
192,1192,357,2026-05-07
193,1193,273,2026-05-14
194,1194,316,2026-05-08
195,1195,262,2026-05-16
196,1196,479,2026-06-14
197,1197,147,2026-05-12
198,1198,312,2026-06-07
199,1199,19,2026-06-06
200,1200,211,2026-06-07
201,1201,46,2026-06-09
202,1202,298,2026-05-06
203,1203,152,2026-06-04
204,1204,21,2026-05-08
205,1205,32,2026-06-02
206,1206,217,2026-06-17
207,1207,374,2026-06-01
208,1208,351,2026-05-19
209,1209,42,2026-05-16
210,1210,396,2026-06-21
211,1211,60,2026-06-15
212,1212,347,2026-06-25
213,1213,26,2026-05-23
214,1214,344,2026-05-22
215,1215,265,2026-05-24
216,1216,39,2026-06-21
217,1217,470,2026-04-30
218,1218,493,2026-05-11
219,1219,392,2026-05-04
220,1220,247,2026-06-16
221,1221,288,2026-05-16
222,1222,294,2026-05-11
223,1223,342,2026-06-01
224,1224,389,2026-05-31
225,1225,450,2026-06-12
226,1226,23,2026-06-14
227,1227,63,2026-05-27
228,1228,267,2026-06-02
229,1229,429,2026-05-08
230,1230,464,2026-06-14
231,1231,130,2026-05-31
232,1232,497,2026-05-16
233,1233,269,2026-05-18
234,1234,392,2026-05-12
235,1235,299,2026-05-21
236,1236,289,2026-06-13
237,1237,62,2026-05-15
238,1238,475,2026-05-25
239,1239,371,2026-05-10
240,1240,182,2026-05-20
241,1241,136,2026-06-08
242,1242,203,2026-05-23
243,1243,357,2026-05-27
244,1244,356,2026-06-01
245,1245,165,2026-05-29
246,1246,227,2026-06-15
247,1247,484,2026-05-18
248,1248,3,2026-04-29
249,1249,36,2026-05-03
250,1250,300,2026-06-25
251,1251,434,2026-05-02
252,1252,267,2026-05-31
253,1253,349,2026-05-27
254,1254,276,2026-05-22
255,1255,12,2026-05-24
256,1256,239,2026-06-12
257,1257,434,2026-05-31
258,1258,471,2026-05-15
259,1259,42,2026-06-01
260,1260,340,2026-06-01
261,1261,40,2026-06-02
262,1262,493,2026-05-08
263,1263,487,2026-05-26
264,1264,158,2026-05-09
265,1265,260,2026-05-13
266,1266,149,2026-05-24
267,1267,138,2026-05-12
268,1268,319,2026-05-20
269,1269,485,2026-06-14
270,1270,106,2026-05-19
271,1271,361,2026-06-19
272,1272,141,2026-05-04
273,1273,87,2026-05-13
274,1274,383,2026-05-04
275,1275,169,2026-06-16
276,1276,384,2026-06-18
277,1277,448,2026-06-16
278,1278,310,2026-06-18
279,1279,22,2026-05-10
280,1280,125,2026-05-15
281,1281,260,2026-05-24
282,1282,439,2026-06-12
283,1283,405,2026-05-04
284,1284,415,2026-06-25
285,1285,418,2026-06-22
286,1286,74,2026-06-15
287,1287,435,2026-06-07
288,1288,477,2026-05-19
289,1289,315,2026-05-24
290,1290,247,2026-05-04
291,1291,269,2026-06-26
292,1292,435,2026-06-01
293,1293,10,2026-05-22
294,1294,426,2026-06-04
295,1295,355,2026-04-28
296,1296,16,2026-06-05
297,1297,310,2026-06-16
298,1298,221,2026-05-16
299,1299,18,2026-06-22
300,1300,43,2026-05-11
301,1301,419,2026-06-02
302,1302,155,2026-06-23
303,1303,239,2026-05-25
304,1304,209,2026-06-09
305,1305,217,2026-06-11
306,1306,206,2026-05-31
307,1307,489,2026-05-09
308,1308,340,2026-06-09
309,1309,489,2026-06-08
310,1310,271,2026-06-17
311,1311,346,2026-05-10
312,1312,467,2026-06-24
313,1313,32,2026-06-10
314,1314,59,2026-06-20
315,1315,483,2026-05-30
316,1316,323,2026-05-06
317,1317,322,2026-05-10
318,1318,100,2026-05-02
319,1319,370,2026-06-25
320,1320,124,2026-05-23
321,1321,168,2026-04-28
322,1322,172,2026-05-09
323,1323,386,2026-05-13
324,1324,271,2026-06-26
325,1325,497,2026-05-11
326,1326,462,2026-05-08
327,1327,54,2026-06-12
328,1328,412,2026-04-29
329,1329,423,2026-06-08
330,1330,466,2026-06-10
331,1331,214,2026-06-02
332,1332,236,2026-06-19
333,1333,233,2026-05-17
334,1334,179,2026-05-18
335,1335,401,2026-05-14
336,1336,270,2026-05-21
337,1337,326,2026-06-17
338,1338,34,2026-06-10
339,1339,344,2026-05-03
340,1340,198,2026-06-14
341,1341,152,2026-05-23
342,1342,489,2026-06-12
343,1343,488,2026-06-26
344,1344,409,2026-06-20
345,1345,499,2026-05-01
346,1346,78,2026-06-02
347,1347,388,2026-06-04
348,1348,412,2026-05-03
349,1349,485,2026-06-12
350,1350,413,2026-06-07
351,1351,67,2026-05-29
352,1352,311,2026-05-02
353,1353,132,2026-05-12
354,1354,475,2026-06-09
355,1355,349,2026-06-02
356,1356,356,2026-05-14
357,1357,222,2026-06-03
358,1358,286,2026-05-15
359,1359,248,2026-06-24
360,1360,13,2026-05-30
361,1361,54,2026-06-12
362,1362,97,2026-05-15
363,1363,162,2026-05-07
364,1364,267,2026-05-07
365,1365,91,2026-05-19
366,1366,46,2026-06-18
367,1367,4,2026-06-03
368,1368,407,2026-04-28
369,1369,146,2026-05-13
370,1370,254,2026-06-10
371,1371,329,2026-05-08
372,1372,13,2026-06-04
373,1373,240,2026-05-20
374,1374,71,2026-05-07
375,1375,383,2026-06-09
376,1376,146,2026-06-16
377,1377,356,2026-04-28
378,1378,279,2026-06-04
379,1379,250,2026-05-12
380,1380,395,2026-06-24
381,1381,496,2026-05-24
382,1382,478,2026-05-18
383,1383,355,2026-06-25
384,1384,46,2026-06-23
385,1385,403,2026-06-07
386,1386,48,2026-06-05
387,1387,139,2026-05-28
388,1388,31,2026-05-07
389,1389,380,2026-06-24
390,1390,303,2026-06-01
391,1391,489,2026-06-22
392,1392,73,2026-06-25
393,1393,489,2026-06-02
394,1394,17,2026-06-24
395,1395,313,2026-05-24
396,1396,268,2026-05-30
397,1397,123,2026-06-01
398,1398,205,2026-06-25
399,1399,289,2026-05-11
400,1400,243,2026-06-11
401,1401,330,2026-04-29
402,1402,216,2026-05-28
403,1403,271,2026-06-24
404,1404,77,2026-05-24
405,1405,105,2026-06-25
406,1406,281,2026-06-15
407,1407,463,2026-06-06
408,1408,251,2026-05-06
409,1409,429,2026-06-09
410,1410,71,2026-04-30
411,1411,235,2026-06-19
412,1412,156,2026-06-15
413,1413,187,2026-05-25
414,1414,466,2026-06-13
415,1415,141,2026-05-27
416,1416,202,2026-05-18
417,1417,491,2026-06-04
418,1418,152,2026-06-12
419,1419,302,2026-06-03
420,1420,429,2026-05-21
421,1421,362,2026-05-25
422,1422,342,2026-05-21
423,1423,322,2026-06-26
424,1424,269,2026-06-05
425,1425,281,2026-05-23
426,1426,340,2026-05-03
427,1427,188,2026-05-30
428,1428,283,2026-06-07
429,1429,41,2026-05-30
430,1430,123,2026-05-18
431,1431,239,2026-05-17
432,1432,305,2026-05-11
433,1433,265,2026-06-18
434,1434,143,2026-06-23
435,1435,29,2026-06-20
436,1436,469,2026-06-21
437,1437,175,2026-06-18
438,1438,158,2026-05-23
439,1439,65,2026-06-03
440,1440,129,2026-06-05
441,1441,17,2026-05-19
442,1442,371,2026-06-22
443,1443,305,2026-04-28
444,1444,336,2026-06-08
445,1445,216,2026-04-28
446,1446,46,2026-05-10
447,1447,43,2026-05-12
448,1448,120,2026-06-08
449,1449,222,2026-05-13
450,1450,242,2026-05-03
451,1451,187,2026-06-07
452,1452,258,2026-06-19
453,1453,214,2026-06-04
454,1454,135,2026-06-07
455,1455,280,2026-05-28
456,1456,170,2026-06-08
457,1457,386,2026-06-16
458,1458,310,2026-05-28
459,1459,249,2026-06-13
460,1460,492,2026-05-19
461,1461,367,2026-05-04
462,1462,314,2026-06-17
463,1463,22,2026-06-24
464,1464,453,2026-06-04
465,1465,287,2026-05-18
466,1466,467,2026-05-15
467,1467,1,2026-05-18
468,1468,277,2026-06-01
469,1469,437,2026-05-19
470,1470,401,2026-06-26
471,1471,294,2026-05-04
472,1472,52,2026-06-13
473,1473,404,2026-04-28
474,1474,473,2026-04-29
475,1475,289,2026-06-22
476,1476,208,2026-05-03
477,1477,10,2026-06-04
478,1478,392,2026-05-28
479,1479,150,2026-05-04
480,1480,63,2026-06-10
481,1481,225,2026-05-30
482,1482,374,2026-06-10
483,1483,63,2026-06-18
484,1484,282,2026-06-10
485,1485,187,2026-05-16
486,1486,317,2026-06-26
487,1487,159,2026-05-30
488,1488,313,2026-05-10
489,1489,408,2026-05-21
490,1490,49,2026-06-11
491,1491,53,2026-06-14
492,1492,428,2026-05-25
493,1493,379,2026-06-06
494,1494,11,2026-05-05
495,1495,48,2026-06-14
496,1496,118,2026-05-10
497,1497,172,2026-06-15
498,1498,197,2026-06-14
499,1499,52,2026-06-20
500,1500,63,2026-05-22
501,1501,205,2026-05-31
502,1502,182,2026-06-17
503,1503,241,2026-05-21
504,1504,375,2026-05-01
505,1505,283,2026-05-15
506,1506,295,2026-05-05
507,1507,297,2026-05-08
508,1508,120,2026-06-09
509,1509,358,2026-05-18
510,1510,162,2026-05-23
511,1511,105,2026-06-21
512,1512,210,2026-05-05
513,1513,19,2026-06-12
514,1514,352,2026-05-23
515,1515,456,2026-05-08
516,1516,30,2026-06-10
517,1517,40,2026-06-13
518,1518,287,2026-05-22
519,1519,133,2026-06-14
520,1520,104,2026-06-13
521,1521,14,2026-05-24
522,1522,195,2026-05-14
523,1523,58,2026-05-03
524,1524,232,2026-05-25
525,1525,256,2026-05-30
526,1526,303,2026-05-14
527,1527,124,2026-05-19
528,1528,235,2026-05-12
529,1529,494,2026-06-11
530,1530,242,2026-06-20
531,1531,251,2026-05-03
532,1532,19,2026-05-16
533,1533,165,2026-05-01
534,1534,187,2026-06-01
535,1535,95,2026-05-29
536,1536,460,2026-06-25
537,1537,360,2026-06-14
538,1538,481,2026-06-02
539,1539,125,2026-05-24
540,1540,155,2026-04-29
541,1541,460,2026-06-05
542,1542,174,2026-06-07
543,1543,418,2026-06-13
544,1544,421,2026-05-22
545,1545,164,2026-06-01
546,1546,54,2026-05-31
547,1547,391,2026-05-01
548,1548,93,2026-06-10
549,1549,402,2026-06-23
550,1550,497,2026-05-20
551,1551,32,2026-05-21
552,1552,172,2026-05-19
553,1553,457,2026-06-19
554,1554,446,2026-05-16
555,1555,101,2026-06-08
556,1556,326,2026-06-10
557,1557,292,2026-06-11
558,1558,364,2026-06-23
559,1559,281,2026-05-22
560,1560,392,2026-05-17
561,1561,49,2026-05-22
562,1562,284,2026-06-04
563,1563,456,2026-06-04
564,1564,375,2026-06-05
565,1565,178,2026-05-31
566,1566,220,2026-06-21
567,1567,120,2026-05-29
568,1568,420,2026-05-12
569,1569,355,2026-06-26
570,1570,189,2026-06-05
571,1571,335,2026-05-08
572,1572,368,2026-05-29
573,1573,488,2026-06-09
574,1574,409,2026-05-23
575,1575,362,2026-06-10
576,1576,50,2026-04-29
577,1577,464,2026-06-06
578,1578,145,2026-05-06
579,1579,29,2026-05-10
580,1580,490,2026-06-25
581,1581,392,2026-05-12
582,1582,290,2026-06-04
583,1583,59,2026-05-02
584,1584,78,2026-05-09
585,1585,426,2026-05-13
586,1586,86,2026-05-19
587,1587,444,2026-05-16
588,1588,431,2026-05-02
589,1589,309,2026-05-29
590,1590,498,2026-05-08
591,1591,9,2026-05-22
592,1592,255,2026-05-15
593,1593,399,2026-06-18
594,1594,297,2026-05-27
595,1595,99,2026-05-22
596,1596,477,2026-05-11
597,1597,188,2026-05-25
598,1598,218,2026-05-16
599,1599,424,2026-06-21
600,1600,52,2026-06-08
601,1601,359,2026-06-13
602,1602,401,2026-05-18
603,1603,493,2026-05-24
604,1604,350,2026-06-09
605,1605,244,2026-06-22
606,1606,358,2026-05-02
607,1607,188,2026-05-10
608,1608,479,2026-05-31
609,1609,261,2026-05-16
610,1610,302,2026-05-09
611,1611,124,2026-06-19
612,1612,92,2026-05-11
613,1613,184,2026-06-22
614,1614,56,2026-04-30
615,1615,64,2026-05-27
616,1616,317,2026-05-30
617,1617,493,2026-06-20
618,1618,253,2026-05-08
619,1619,350,2026-05-22
620,1620,373,2026-06-16
621,1621,152,2026-04-30
622,1622,119,2026-06-21
623,1623,445,2026-06-17
624,1624,433,2026-06-23
625,1625,25,2026-05-08
626,1626,319,2026-05-01
627,1627,76,2026-05-03
628,1628,485,2026-05-07
629,1629,383,2026-06-24
630,1630,171,2026-05-06
631,1631,222,2026-06-17
632,1632,67,2026-06-18
633,1633,146,2026-05-21
634,1634,363,2026-05-20
635,1635,293,2026-06-05
636,1636,197,2026-05-27
637,1637,228,2026-05-19
638,1638,343,2026-05-26
639,1639,84,2026-05-08
640,1640,494,2026-05-03
641,1641,377,2026-06-25
642,1642,70,2026-06-15
643,1643,403,2026-05-16
644,1644,371,2026-06-22
645,1645,383,2026-06-25
646,1646,440,2026-05-05
647,1647,129,2026-06-24
648,1648,205,2026-05-12
649,1649,480,2026-05-08
650,1650,22,2026-05-04
651,1651,450,2026-06-21
652,1652,12,2026-06-20
653,1653,399,2026-04-28
654,1654,186,2026-05-27
655,1655,282,2026-05-18
656,1656,151,2026-05-15
657,1657,106,2026-04-29
658,1658,467,2026-06-12
659,1659,162,2026-06-15
660,1660,46,2026-05-29
661,1661,370,2026-06-01
662,1662,346,2026-05-23
663,1663,322,2026-06-10
664,1664,407,2026-05-11
665,1665,101,2026-06-06
666,1666,214,2026-05-13
667,1667,110,2026-04-30
668,1668,422,2026-06-15
669,1669,47,2026-05-30
670,1670,14,2026-06-12
671,1671,166,2026-06-08
672,1672,308,2026-05-07
673,1673,482,2026-06-11
674,1674,8,2026-05-22
675,1675,404,2026-05-07
676,1676,174,2026-06-14
677,1677,78,2026-05-03
678,1678,233,2026-04-28
679,1679,177,2026-05-01
680,1680,195,2026-06-18
681,1681,485,2026-06-05
682,1682,105,2026-06-01
683,1683,147,2026-06-12
684,1684,356,2026-05-05
685,1685,234,2026-06-01
686,1686,377,2026-06-01
687,1687,5,2026-06-05
688,1688,87,2026-05-08
689,1689,202,2026-05-05
690,1690,296,2026-06-04
691,1691,430,2026-06-03
692,1692,55,2026-05-13
693,1693,365,2026-06-10
694,1694,487,2026-05-20
695,1695,166,2026-06-01
696,1696,102,2026-05-22
697,1697,404,2026-05-16
698,1698,492,2026-05-30
699,1699,332,2026-06-10
700,1700,207,2026-05-18
701,1701,428,2026-06-01
702,1702,51,2026-05-20
703,1703,334,2026-05-15
704,1704,307,2026-06-18
705,1705,341,2026-06-06
706,1706,325,2026-06-20
707,1707,79,2026-06-18
708,1708,54,2026-05-21
709,1709,35,2026-05-18
710,1710,60,2026-06-26
711,1711,450,2026-05-13
712,1712,358,2026-06-17
713,1713,303,2026-05-23
714,1714,428,2026-06-05
715,1715,134,2026-05-12
716,1716,259,2026-06-24
717,1717,178,2026-05-11
718,1718,143,2026-05-17
719,1719,348,2026-05-04
720,1720,290,2026-06-23
721,1721,387,2026-06-11
722,1722,496,2026-04-30
723,1723,499,2026-06-10
724,1724,395,2026-06-19
725,1725,154,2026-05-05
726,1726,402,2026-05-29
727,1727,344,2026-04-29
728,1728,134,2026-06-17
729,1729,75,2026-05-07
730,1730,127,2026-06-25
731,1731,33,2026-05-29
732,1732,334,2026-05-05
733,1733,58,2026-04-28
734,1734,291,2026-04-29
735,1735,471,2026-05-12
736,1736,369,2026-05-23
737,1737,128,2026-06-22
738,1738,464,2026-06-25
739,1739,475,2026-06-08
740,1740,374,2026-05-14
741,1741,364,2026-06-06
742,1742,315,2026-06-21
743,1743,4,2026-05-30
744,1744,414,2026-05-28
745,1745,18,2026-05-31
746,1746,209,2026-05-20
747,1747,314,2026-05-05
748,1748,250,2026-06-14
749,1749,80,2026-05-22
750,1750,389,2026-05-06
751,1751,259,2026-06-08
752,1752,129,2026-05-15
753,1753,157,2026-06-07
754,1754,289,2026-06-22
755,1755,375,2026-06-16
756,1756,411,2026-05-22
757,1757,313,2026-06-11
758,1758,481,2026-04-29
759,1759,225,2026-05-05
760,1760,397,2026-06-13
761,1761,234,2026-06-26
762,1762,308,2026-05-23
763,1763,412,2026-05-02
764,1764,59,2026-06-02
765,1765,404,2026-06-14
766,1766,236,2026-06-05
767,1767,494,2026-06-21
768,1768,269,2026-05-08
769,1769,318,2026-05-03
770,1770,369,2026-06-11
771,1771,272,2026-06-05
772,1772,312,2026-05-08
773,1773,389,2026-05-05
774,1774,364,2026-06-16
775,1775,26,2026-06-16
776,1776,298,2026-06-13
777,1777,115,2026-05-16
778,1778,76,2026-06-18
779,1779,119,2026-06-21
780,1780,171,2026-05-19
781,1781,459,2026-06-16
782,1782,141,2026-05-15
783,1783,115,2026-05-03
784,1784,50,2026-05-09
785,1785,497,2026-06-05
786,1786,296,2026-06-16
787,1787,229,2026-05-01
788,1788,185,2026-05-03
789,1789,66,2026-04-28
790,1790,105,2026-05-01
791,1791,11,2026-06-12
792,1792,248,2026-05-05
793,1793,463,2026-05-24
794,1794,476,2026-05-07
795,1795,267,2026-06-03
796,1796,47,2026-04-29
797,1797,421,2026-05-15
798,1798,153,2026-06-22
799,1799,267,2026-06-26
800,1800,260,2026-05-29
801,1801,268,2026-05-15
802,1802,285,2026-05-23
803,1803,289,2026-05-19
804,1804,441,2026-05-30
805,1805,205,2026-05-01
806,1806,488,2026-05-18
807,1807,303,2026-05-25
808,1808,109,2026-05-22
809,1809,452,2026-06-15
810,1810,94,2026-05-02
811,1811,344,2026-05-27
812,1812,66,2026-06-11
813,1813,328,2026-05-22
814,1814,165,2026-05-29
815,1815,239,2026-06-15
816,1816,44,2026-06-14
817,1817,375,2026-06-11
818,1818,190,2026-06-05
819,1819,435,2026-05-23
820,1820,474,2026-05-30
821,1821,429,2026-06-16
822,1822,74,2026-05-27
823,1823,324,2026-06-14
824,1824,234,2026-05-16
825,1825,160,2026-06-14
826,1826,301,2026-06-26
827,1827,159,2026-05-16
828,1828,294,2026-05-28
829,1829,48,2026-04-30
830,1830,462,2026-06-26
831,1831,187,2026-05-23
832,1832,270,2026-05-11
833,1833,410,2026-06-15
834,1834,368,2026-05-16
835,1835,132,2026-06-02
836,1836,160,2026-05-16
837,1837,324,2026-06-25
838,1838,8,2026-06-24
839,1839,57,2026-06-12
840,1840,79,2026-05-14
841,1841,341,2026-06-19
842,1842,132,2026-04-28
843,1843,313,2026-06-16
844,1844,479,2026-05-05
845,1845,39,2026-05-21
846,1846,476,2026-06-16
847,1847,4,2026-05-02
848,1848,293,2026-05-15
849,1849,186,2026-06-14
850,1850,410,2026-06-19
851,1851,475,2026-05-18
852,1852,184,2026-05-20
853,1853,459,2026-06-08
854,1854,20,2026-06-14
855,1855,326,2026-05-24
856,1856,42,2026-05-20
857,1857,119,2026-06-03
858,1858,303,2026-05-10
859,1859,13,2026-05-13
860,1860,61,2026-06-05
861,1861,455,2026-06-06
862,1862,333,2026-05-25
863,1863,481,2026-05-15
864,1864,431,2026-05-12
865,1865,13,2026-05-12
866,1866,283,2026-05-06
867,1867,176,2026-06-07
868,1868,65,2026-06-07
869,1869,314,2026-05-15
870,1870,125,2026-05-22
871,1871,37,2026-06-05
872,1872,347,2026-06-08
873,1873,492,2026-05-23
874,1874,191,2026-05-09
875,1875,21,2026-06-06
876,1876,267,2026-06-06
877,1877,363,2026-06-04
878,1878,155,2026-05-24
879,1879,257,2026-06-22
880,1880,220,2026-05-25
881,1881,440,2026-06-08
882,1882,225,2026-06-08
883,1883,206,2026-05-13
884,1884,170,2026-05-20
885,1885,451,2026-05-02
886,1886,175,2026-05-10
887,1887,175,2026-06-17
888,1888,260,2026-05-11
889,1889,150,2026-06-08
890,1890,132,2026-05-24
891,1891,301,2026-05-31
892,1892,412,2026-06-09
893,1893,429,2026-04-29
894,1894,172,2026-06-21
895,1895,115,2026-05-12
896,1896,251,2026-06-15
897,1897,290,2026-06-16
898,1898,283,2026-06-13
899,1899,359,2026-04-30
900,1900,478,2026-06-09
901,1901,441,2026-05-16
902,1902,406,2026-05-27
903,1903,267,2026-05-28
904,1904,10,2026-05-16
905,1905,364,2026-05-03
906,1906,54,2026-06-11
907,1907,396,2026-04-28
908,1908,127,2026-06-10
909,1909,152,2026-05-15
910,1910,153,2026-06-05
911,1911,28,2026-04-30
912,1912,276,2026-06-17
913,1913,90,2026-04-29
914,1914,430,2026-05-16
915,1915,390,2026-05-29
916,1916,435,2026-06-13
917,1917,481,2026-05-17
918,1918,351,2026-05-30
919,1919,191,2026-05-04
920,1920,213,2026-06-08
921,1921,180,2026-05-18
922,1922,362,2026-05-09
923,1923,55,2026-05-20
924,1924,392,2026-06-04
925,1925,311,2026-05-23
926,1926,242,2026-06-23
927,1927,395,2026-06-20
928,1928,77,2026-05-27
929,1929,320,2026-05-28
930,1930,12,2026-04-29
931,1931,429,2026-06-26
932,1932,47,2026-05-01
933,1933,368,2026-05-13
934,1934,72,2026-06-14
935,1935,59,2026-06-26
936,1936,161,2026-06-15
937,1937,473,2026-06-21
938,1938,276,2026-05-24
939,1939,131,2026-05-17
940,1940,343,2026-06-09
941,1941,490,2026-05-12
942,1942,423,2026-05-16
943,1943,244,2026-06-06
944,1944,342,2026-05-30
945,1945,441,2026-06-11
946,1946,384,2026-05-24
947,1947,394,2026-05-11
948,1948,303,2026-06-05
949,1949,184,2026-06-13
950,1950,365,2026-05-04
951,1951,264,2026-05-01
952,1952,285,2026-06-10
953,1953,362,2026-06-05
954,1954,131,2026-06-21
955,1955,339,2026-05-13
956,1956,160,2026-06-04
957,1957,344,2026-05-26
958,1958,71,2026-05-17
959,1959,471,2026-04-30
960,1960,351,2026-06-10
961,1961,382,2026-05-16
962,1962,357,2026-06-09
963,1963,40,2026-06-11
964,1964,349,2026-05-15
965,1965,367,2026-06-21
966,1966,186,2026-05-15
967,1967,149,2026-06-22
968,1968,23,2026-05-04
969,1969,94,2026-06-13
970,1970,83,2026-06-08
971,1971,365,2026-05-03
972,1972,288,2026-06-26
973,1973,74,2026-05-02
974,1974,375,2026-06-26
975,1975,282,2026-05-06
976,1976,493,2026-05-21
977,1977,232,2026-06-05
978,1978,241,2026-06-08
979,1979,68,2026-06-15
980,1980,433,2026-06-05
981,1981,364,2026-05-09
982,1982,354,2026-06-16
983,1983,240,2026-06-16
984,1984,107,2026-06-10
985,1985,473,2026-05-01
986,1986,426,2026-05-31
987,1987,33,2026-05-17
988,1988,433,2026-05-02
989,1989,90,2026-05-11
990,1990,392,2026-05-27
991,1991,487,2026-05-11
992,1992,412,2026-06-04
993,1993,70,2026-05-08
994,1994,375,2026-05-28
995,1995,386,2026-06-01
996,1996,473,2026-06-01
997,1997,134,2026-05-16
998,1998,210,2026-05-05
999,1999,121,2026-05-06
1000,2000,45,2026-05-22
1001,2001,372,2026-06-21
1002,2002,393,2026-05-27
1003,2003,393,2026-06-23
1004,2004,366,2026-05-30
1005,2005,415,2026-05-07
1006,2006,219,2026-05-24
1007,2007,465,2026-05-20
1008,2008,34,2026-06-07
1009,2009,108,2026-06-21
1010,2010,154,2026-05-15
1011,2011,221,2026-06-20
1012,2012,320,2026-04-30
1013,2013,137,2026-06-23
1014,2014,200,2026-05-06
1015,2015,344,2026-06-17
1016,2016,44,2026-05-30
1017,2017,112,2026-05-20
1018,2018,350,2026-06-10
1019,2019,363,2026-06-11
1020,2020,219,2026-06-07
1021,2021,483,2026-06-04
1022,2022,149,2026-06-11
1023,2023,137,2026-06-09
1024,2024,44,2026-06-26
1025,2025,473,2026-06-04
1026,2026,327,2026-06-20
1027,2027,387,2026-06-10
1028,2028,476,2026-06-24
1029,2029,471,2026-06-23
1030,2030,391,2026-05-11
1031,2031,364,2026-06-13
1032,2032,342,2026-06-08
1033,2033,2,2026-05-04
1034,2034,23,2026-06-01
1035,2035,340,2026-05-22
1036,2036,202,2026-06-12
1037,2037,304,2026-05-19
1038,2038,420,2026-05-12
1039,2039,21,2026-05-02
1040,2040,407,2026-05-25
1041,2041,185,2026-05-28
1042,2042,304,2026-05-16
1043,2043,459,2026-05-21
1044,2044,375,2026-06-12
1045,2045,130,2026-05-08
1046,2046,303,2026-06-05
1047,2047,18,2026-06-04
1048,2048,471,2026-05-01
1049,2049,428,2026-06-07
1050,2050,342,2026-05-27
1051,2051,336,2026-06-14
1052,2052,377,2026-05-16
1053,2053,78,2026-06-01
1054,2054,403,2026-06-23
1055,2055,114,2026-05-29
1056,2056,225,2026-04-28
1057,2057,98,2026-05-04
1058,2058,350,2026-05-01
1059,2059,45,2026-06-03
1060,2060,441,2026-06-11
1061,2061,308,2026-06-24
1062,2062,31,2026-05-21
1063,2063,437,2026-05-23
1064,2064,267,2026-05-05
1065,2065,479,2026-05-25
1066,2066,9,2026-04-29
1067,2067,355,2026-06-10
1068,2068,325,2026-06-06
1069,2069,328,2026-04-28
1070,2070,367,2026-06-01
1071,2071,307,2026-06-26
1072,2072,379,2026-06-09
1073,2073,8,2026-05-21
1074,2074,47,2026-06-13
1075,2075,89,2026-05-16
1076,2076,37,2026-05-01
1077,2077,391,2026-05-29
1078,2078,311,2026-06-16
1079,2079,309,2026-04-29
1080,2080,83,2026-06-03
1081,2081,15,2026-06-15
1082,2082,244,2026-05-18
1083,2083,219,2026-06-05
1084,2084,485,2026-05-06
1085,2085,63,2026-06-09
1086,2086,393,2026-06-18
1087,2087,261,2026-05-04
1088,2088,157,2026-05-11
1089,2089,348,2026-06-02
1090,2090,320,2026-06-19
1091,2091,213,2026-05-25
1092,2092,428,2026-06-03
1093,2093,369,2026-05-15
1094,2094,354,2026-05-26
1095,2095,462,2026-05-15
1096,2096,368,2026-05-12
1097,2097,207,2026-06-10
1098,2098,233,2026-04-30
1099,2099,271,2026-05-06
1100,2100,420,2026-06-18
1101,2101,13,2026-05-24
1102,2102,314,2026-06-17
1103,2103,343,2026-04-28
1104,2104,325,2026-06-17
1105,2105,326,2026-05-05
1106,2106,361,2026-05-28
1107,2107,363,2026-05-19
1108,2108,383,2026-06-24
1109,2109,11,2026-05-18
1110,2110,128,2026-06-18
1111,2111,224,2026-06-15
1112,2112,336,2026-05-30
1113,2113,383,2026-06-24
1114,2114,160,2026-05-01
1115,2115,237,2026-06-17
1116,2116,232,2026-05-27
1117,2117,273,2026-05-26
1118,2118,100,2026-06-13
1119,2119,40,2026-05-19
1120,2120,132,2026-05-07
1121,2121,35,2026-05-18
1122,2122,141,2026-06-19
1123,2123,114,2026-06-13
1124,2124,295,2026-05-01
1125,2125,196,2026-06-07
1126,2126,286,2026-06-13
1127,2127,232,2026-05-02
1128,2128,376,2026-05-11
1129,2129,258,2026-05-22
1130,2130,335,2026-06-07
1131,2131,10,2026-05-24
1132,2132,412,2026-05-23
1133,2133,404,2026-05-20
1134,2134,397,2026-06-15
1135,2135,354,2026-04-28
1136,2136,261,2026-05-23
1137,2137,180,2026-06-21
1138,2138,495,2026-06-26
1139,2139,42,2026-05-16
1140,2140,22,2026-05-20
1141,2141,479,2026-05-24
1142,2142,225,2026-04-30
1143,2143,232,2026-05-13
1144,2144,79,2026-05-04
1145,2145,356,2026-05-31
1146,2146,165,2026-05-07
1147,2147,328,2026-06-16
1148,2148,127,2026-06-23
1149,2149,111,2026-06-22
1150,2150,153,2026-06-24
1151,2151,174,2026-06-20
1152,2152,426,2026-06-12
1153,2153,318,2026-05-20
1154,2154,96,2026-06-22
1155,2155,297,2026-05-15
1156,2156,211,2026-06-21
1157,2157,348,2026-06-23
1158,2158,115,2026-05-07
1159,2159,117,2026-06-04
1160,2160,7,2026-06-11
1161,2161,440,2026-06-16
1162,2162,383,2026-05-24
1163,2163,22,2026-06-01
1164,2164,246,2026-05-02
1165,2165,213,2026-06-12
1166,2166,331,2026-05-03
1167,2167,460,2026-05-10
1168,2168,73,2026-05-19
1169,2169,435,2026-05-19
1170,2170,373,2026-05-30
1171,2171,329,2026-06-11
1172,2172,33,2026-05-23
1173,2173,226,2026-05-24
1174,2174,9,2026-06-16
1175,2175,499,2026-05-18
1176,2176,62,2026-05-26
1177,2177,489,2026-06-08
1178,2178,127,2026-05-13
1179,2179,410,2026-05-10
1180,2180,213,2026-05-15
1181,2181,416,2026-05-14
1182,2182,235,2026-05-24
1183,2183,48,2026-05-18
1184,2184,347,2026-06-25
1185,2185,245,2026-05-24
1186,2186,164,2026-06-08
1187,2187,154,2026-05-22
1188,2188,290,2026-05-07
1189,2189,149,2026-06-04
1190,2190,185,2026-05-11
1191,2191,305,2026-05-26
1192,2192,431,2026-05-21
1193,2193,364,2026-05-01
1194,2194,79,2026-06-06
1195,2195,233,2026-06-07
1196,2196,252,2026-06-11
1197,2197,155,2026-05-07
1198,2198,403,2026-05-17
1199,2199,327,2026-06-14
1200,2200,62,2026-06-09
1201,2201,483,2026-06-23
1202,2202,122,2026-05-24
1203,2203,348,2026-05-09
1204,2204,163,2026-06-23
1205,2205,154,2026-05-30
1206,2206,346,2026-04-30
1207,2207,391,2026-05-01
1208,2208,15,2026-05-25
1209,2209,113,2026-05-13
1210,2210,159,2026-05-15
1211,2211,269,2026-05-11
1212,2212,36,2026-05-04
1213,2213,252,2026-06-03
1214,2214,294,2026-06-20
1215,2215,420,2026-06-06
1216,2216,109,2026-05-25
1217,2217,264,2026-05-24
1218,2218,330,2026-05-23
1219,2219,92,2026-06-13
1220,2220,200,2026-06-20
1221,2221,138,2026-06-09
1222,2222,82,2026-05-31
1223,2223,18,2026-05-17
1224,2224,309,2026-04-29
1225,2225,140,2026-06-01
1226,2226,322,2026-06-25
1227,2227,195,2026-05-30
1228,2228,68,2026-05-06
1229,2229,127,2026-06-22
1230,2230,304,2026-05-08
1231,2231,422,2026-05-13
1232,2232,403,2026-06-06
1233,2233,237,2026-05-18
1234,2234,20,2026-06-03
1235,2235,345,2026-05-16
1236,2236,471,2026-06-13
1237,2237,108,2026-06-04
1238,2238,33,2026-06-21
1239,2239,215,2026-05-04
1240,2240,330,2026-05-24
1241,2241,413,2026-06-09
1242,2242,363,2026-05-13
1243,2243,490,2026-06-25
1244,2244,55,2026-06-10
1245,2245,148,2026-06-24
1246,2246,353,2026-06-26
1247,2247,70,2026-06-22
1248,2248,335,2026-05-29
1249,2249,240,2026-05-21
1250,2250,237,2026-06-03
1251,2251,499,2026-06-09
1252,2252,184,2026-05-19
1253,2253,341,2026-05-13
1254,2254,207,2026-05-30
1255,2255,48,2026-06-22
1256,2256,179,2026-05-10
1257,2257,38,2026-06-01
1258,2258,284,2026-06-19
1259,2259,192,2026-06-10
1260,2260,447,2026-06-20
1261,2261,70,2026-05-23
1262,2262,266,2026-06-13
1263,2263,135,2026-06-08
1264,2264,207,2026-05-16
1265,2265,225,2026-05-30
1266,2266,119,2026-05-10
1267,2267,371,2026-05-09
1268,2268,177,2026-05-24
1269,2269,349,2026-05-11
1270,2270,52,2026-06-14
1271,2271,428,2026-06-13
1272,2272,394,2026-06-09
1273,2273,447,2026-05-13
1274,2274,109,2026-05-16
1275,2275,318,2026-06-17
1276,2276,263,2026-06-06
1277,2277,120,2026-05-21
1278,2278,359,2026-06-03
1279,2279,20,2026-05-03
1280,2280,285,2026-06-14
1281,2281,41,2026-06-02
1282,2282,283,2026-05-17
1283,2283,187,2026-06-25
1284,2284,202,2026-05-10
1285,2285,135,2026-05-30
1286,2286,250,2026-06-06
1287,2287,268,2026-05-12
1288,2288,175,2026-06-13
1289,2289,441,2026-05-14
1290,2290,376,2026-05-28
1291,2291,264,2026-05-20
1292,2292,222,2026-05-13
1293,2293,28,2026-06-09
1294,2294,272,2026-06-02
1295,2295,100,2026-05-06
1296,2296,21,2026-05-22
1297,2297,385,2026-06-26
1298,2298,410,2026-05-27
1299,2299,212,2026-05-12
1300,2300,117,2026-05-30
1301,2301,209,2026-05-31
1302,2302,38,2026-05-13
1303,2303,271,2026-06-10
1304,2304,234,2026-06-12
1305,2305,386,2026-05-09
1306,2306,186,2026-06-01
1307,2307,270,2026-06-24
1308,2308,454,2026-05-04
1309,2309,480,2026-05-22
1310,2310,336,2026-05-18
1311,2311,197,2026-06-21
1312,2312,116,2026-06-26
1313,2313,96,2026-06-11
1314,2314,250,2026-06-17
1315,2315,355,2026-05-26
1316,2316,122,2026-05-03
1317,2317,244,2026-06-19
1318,2318,485,2026-05-07
1319,2319,223,2026-06-22
1320,2320,313,2026-05-16
1321,2321,358,2026-05-30
1322,2322,398,2026-06-25
1323,2323,321,2026-05-30
1324,2324,358,2026-05-23
1325,2325,341,2026-06-22
1326,2326,300,2026-05-30
1327,2327,262,2026-05-19
1328,2328,342,2026-05-24
1329,2329,254,2026-05-19
1330,2330,385,2026-05-03
1331,2331,73,2026-05-26
1332,2332,167,2026-05-23
1333,2333,394,2026-05-12
1334,2334,451,2026-05-30
1335,2335,50,2026-06-03
1336,2336,342,2026-05-05
1337,2337,190,2026-06-25
1338,2338,192,2026-05-28
1339,2339,257,2026-05-07
1340,2340,495,2026-05-23
1341,2341,86,2026-05-31
1342,2342,299,2026-06-02
1343,2343,366,2026-06-15
1344,2344,372,2026-05-22
1345,2345,103,2026-06-02
1346,2346,486,2026-06-10
1347,2347,290,2026-05-25
1348,2348,229,2026-06-06
1349,2349,334,2026-05-23
1350,2350,476,2026-05-29
1351,2351,28,2026-05-03
1352,2352,292,2026-06-09
1353,2353,7,2026-06-09
1354,2354,193,2026-05-14
1355,2355,231,2026-06-19
1356,2356,151,2026-05-09
1357,2357,420,2026-06-16
1358,2358,1,2026-05-06
1359,2359,339,2026-05-08
1360,2360,368,2026-06-14
1361,2361,32,2026-06-03
1362,2362,470,2026-05-25
1363,2363,450,2026-05-28
1364,2364,337,2026-06-19
1365,2365,457,2026-05-20
1366,2366,139,2026-06-08
1367,2367,395,2026-05-23
1368,2368,388,2026-06-16
1369,2369,34,2026-04-29
1370,2370,193,2026-06-25
1371,2371,262,2026-05-11
1372,2372,244,2026-05-26
1373,2373,239,2026-06-22
1374,2374,252,2026-06-01
1375,2375,106,2026-05-01
1376,2376,244,2026-05-10
1377,2377,378,2026-06-19
1378,2378,51,2026-05-10
1379,2379,180,2026-05-14
1380,2380,155,2026-05-26
1381,2381,478,2026-06-13
1382,2382,292,2026-05-17
1383,2383,165,2026-05-25
1384,2384,304,2026-05-08
1385,2385,354,2026-06-14
1386,2386,98,2026-06-14
1387,2387,496,2026-05-09
1388,2388,496,2026-06-18
1389,2389,104,2026-06-12
1390,2390,440,2026-06-19
1391,2391,428,2026-06-09
1392,2392,262,2026-05-31
1393,2393,497,2026-06-16
1394,2394,195,2026-05-30
1395,2395,431,2026-05-24
1396,2396,351,2026-06-12
1397,2397,116,2026-05-04
1398,2398,399,2026-06-04
1399,2399,310,2026-06-05
1400,2400,205,2026-06-16
1401,2401,404,2026-06-25
1402,2402,439,2026-05-04
1403,2403,325,2026-06-13
1404,2404,312,2026-05-09
1405,2405,57,2026-05-21
1406,2406,479,2026-06-07
1407,2407,405,2026-06-19
1408,2408,178,2026-06-07
1409,2409,270,2026-06-19
1410,2410,345,2026-06-02
1411,2411,275,2026-06-24
1412,2412,272,2026-05-26
1413,2413,31,2026-06-03
1414,2414,141,2026-06-25
1415,2415,459,2026-06-05
1416,2416,365,2026-06-16
1417,2417,386,2026-06-03
1418,2418,168,2026-06-22
1419,2419,410,2026-06-18
1420,2420,466,2026-05-25
1421,2421,179,2026-05-02
1422,2422,328,2026-05-24
1423,2423,5,2026-06-16
1424,2424,42,2026-05-26
1425,2425,20,2026-05-13
1426,2426,339,2026-05-29
1427,2427,307,2026-05-07
1428,2428,357,2026-04-28
1429,2429,86,2026-06-10
1430,2430,256,2026-05-04
1431,2431,160,2026-06-09
1432,2432,334,2026-05-02
1433,2433,51,2026-05-30
1434,2434,250,2026-06-04
1435,2435,202,2026-05-07
1436,2436,499,2026-06-23
1437,2437,414,2026-05-01
1438,2438,76,2026-05-06
1439,2439,487,2026-06-05
1440,2440,299,2026-05-17
1441,2441,414,2026-04-29
1442,2442,173,2026-05-30
1443,2443,373,2026-06-12
1444,2444,432,2026-04-29
1445,2445,171,2026-06-24
1446,2446,7,2026-05-05
1447,2447,219,2026-06-20
1448,2448,229,2026-06-01
1449,2449,254,2026-05-06
1450,2450,136,2026-05-30
1451,2451,85,2026-05-21
1452,2452,183,2026-05-06
1453,2453,50,2026-05-30
1454,2454,174,2026-06-12
1455,2455,333,2026-06-04
1456,2456,26,2026-06-10
1457,2457,90,2026-05-19
1458,2458,141,2026-06-19
1459,2459,222,2026-05-24
1460,2460,390,2026-06-03
1461,2461,422,2026-05-05
1462,2462,266,2026-05-30
1463,2463,260,2026-05-20
1464,2464,183,2026-06-19
1465,2465,270,2026-06-21
1466,2466,46,2026-06-04
1467,2467,81,2026-06-24
1468,2468,315,2026-05-22
1469,2469,18,2026-06-26
1470,2470,92,2026-06-17
1471,2471,162,2026-05-11
1472,2472,429,2026-05-21
1473,2473,164,2026-05-07
1474,2474,404,2026-06-10
1475,2475,461,2026-04-29
1476,2476,24,2026-06-21
1477,2477,114,2026-05-04
1478,2478,448,2026-06-21
1479,2479,108,2026-05-05
1480,2480,85,2026-05-21
1481,2481,386,2026-05-03
1482,2482,290,2026-05-28
1483,2483,47,2026-05-06
1484,2484,145,2026-05-15
1485,2485,98,2026-05-06
1486,2486,4,2026-05-05
1487,2487,376,2026-06-01
1488,2488,366,2026-06-14
1489,2489,97,2026-05-28
1490,2490,463,2026-06-08
1491,2491,239,2026-05-05
1492,2492,381,2026-06-02
1493,2493,79,2026-06-24
1494,2494,286,2026-05-16
1495,2495,209,2026-06-15
1496,2496,180,2026-05-25
1497,2497,265,2026-04-30
1498,2498,15,2026-05-25
1499,2499,225,2026-05-04
1500,2500,426,2026-06-20
1501,2501,81,2026-05-25
1502,2502,317,2026-05-31
1503,2503,91,2026-05-16
1504,2504,434,2026-06-21
1505,2505,376,2026-05-27
1506,2506,389,2026-06-03
1507,2507,246,2026-05-29
1508,2508,446,2026-05-14
1509,2509,130,2026-05-25
1510,2510,61,2026-05-01
1511,2511,184,2026-06-05
1512,2512,375,2026-06-25
1513,2513,117,2026-05-13
1514,2514,268,2026-05-05
1515,2515,202,2026-06-06
1516,2516,303,2026-05-13
1517,2517,155,2026-06-15
1518,2518,257,2026-05-09
1519,2519,375,2026-05-06
1520,2520,71,2026-05-28
1521,2521,100,2026-05-17
1522,2522,421,2026-05-21
1523,2523,127,2026-05-06
1524,2524,10,2026-06-26
1525,2525,143,2026-05-24
1526,2526,204,2026-05-05
1527,2527,162,2026-05-12
1528,2528,421,2026-05-02
1529,2529,161,2026-06-13
1530,2530,350,2026-05-30
1531,2531,144,2026-06-23
1532,2532,84,2026-06-05
1533,2533,355,2026-06-22
1534,2534,20,2026-05-02
1535,2535,10,2026-06-18
1536,2536,352,2026-05-04
1537,2537,496,2026-06-02
1538,2538,108,2026-04-29
1539,2539,208,2026-06-20
1540,2540,74,2026-06-20
1541,2541,127,2026-05-25
1542,2542,323,2026-05-28
1543,2543,393,2026-06-23
1544,2544,359,2026-06-19
1545,2545,62,2026-06-11
1546,2546,285,2026-06-05
1547,2547,486,2026-04-30
1548,2548,4,2026-05-20
1549,2549,322,2026-05-27
1550,2550,86,2026-06-10
1551,2551,423,2026-06-22
1552,2552,1,2026-05-11
1553,2553,110,2026-05-14
1554,2554,393,2026-05-19
1555,2555,213,2026-06-15
1556,2556,116,2026-05-10
1557,2557,233,2026-06-17
1558,2558,177,2026-06-15
1559,2559,267,2026-06-12
1560,2560,332,2026-06-14
1561,2561,397,2026-06-07
1562,2562,168,2026-06-07
1563,2563,198,2026-05-01
1564,2564,196,2026-06-17
1565,2565,104,2026-05-20
1566,2566,401,2026-06-08
1567,2567,415,2026-06-24
1568,2568,91,2026-05-22
1569,2569,242,2026-06-17
1570,2570,344,2026-04-30
1571,2571,162,2026-05-23
1572,2572,92,2026-05-29
1573,2573,123,2026-06-26
1574,2574,245,2026-05-26
1575,2575,281,2026-05-07
1576,2576,227,2026-05-22
1577,2577,266,2026-05-19
1578,2578,440,2026-06-07
1579,2579,190,2026-05-11
1580,2580,319,2026-05-25
1581,2581,348,2026-05-28
1582,2582,35,2026-05-03
1583,2583,203,2026-06-08
1584,2584,17,2026-05-18
1585,2585,33,2026-04-30
1586,2586,65,2026-05-07
1587,2587,163,2026-05-07
1588,2588,337,2026-05-27
1589,2589,212,2026-05-10
1590,2590,457,2026-05-27
1591,2591,409,2026-05-01
1592,2592,192,2026-05-20
1593,2593,99,2026-06-01
1594,2594,81,2026-05-22
1595,2595,418,2026-06-20
1596,2596,295,2026-05-29
1597,2597,232,2026-05-16
1598,2598,225,2026-04-29
1599,2599,463,2026-06-24
1600,2600,162,2026-05-22
1601,2601,195,2026-06-23
1602,2602,182,2026-05-12
1603,2603,56,2026-05-12
1604,2604,175,2026-06-18
1605,2605,54,2026-05-05
1606,2606,358,2026-06-25
1607,2607,406,2026-06-08
1608,2608,140,2026-06-17
1609,2609,420,2026-05-26
1610,2610,147,2026-05-18
1611,2611,199,2026-06-14
1612,2612,71,2026-05-13
1613,2613,155,2026-05-06
1614,2614,351,2026-05-21
1615,2615,225,2026-06-23
1616,2616,328,2026-05-01
1617,2617,55,2026-05-24
1618,2618,494,2026-06-07
1619,2619,165,2026-05-12
1620,2620,453,2026-05-16
1621,2621,344,2026-05-13
1622,2622,459,2026-05-20
1623,2623,369,2026-05-29
1624,2624,383,2026-05-12
1625,2625,135,2026-05-11
1626,2626,158,2026-06-08
1627,2627,460,2026-04-28
1628,2628,129,2026-06-26
1629,2629,57,2026-06-12
1630,2630,151,2026-06-02
1631,2631,412,2026-05-26
1632,2632,274,2026-06-10
1633,2633,283,2026-05-19
1634,2634,262,2026-06-05
1635,2635,112,2026-05-03
1636,2636,200,2026-05-27
1637,2637,494,2026-06-09
1638,2638,482,2026-06-08
1639,2639,170,2026-05-11
1640,2640,444,2026-06-26
1641,2641,439,2026-06-20
1642,2642,100,2026-05-06
1643,2643,104,2026-06-23
1644,2644,159,2026-06-22
1645,2645,371,2026-06-10
1646,2646,190,2026-05-14
1647,2647,4,2026-06-17
1648,2648,164,2026-06-12
1649,2649,105,2026-06-07
1650,2650,241,2026-04-29
1651,2651,464,2026-05-14
1652,2652,433,2026-06-22
1653,2653,117,2026-05-13
1654,2654,158,2026-06-12
1655,2655,28,2026-05-29
1656,2656,111,2026-06-13
1657,2657,34,2026-06-05
1658,2658,71,2026-05-05
1659,2659,7,2026-05-07
1660,2660,437,2026-05-24
1661,2661,439,2026-06-02
1662,2662,98,2026-05-08
1663,2663,476,2026-06-21
1664,2664,130,2026-05-01
1665,2665,234,2026-06-07
1666,2666,456,2026-05-10
1667,2667,259,2026-05-15
1668,2668,194,2026-04-29
1669,2669,230,2026-05-01
1670,2670,139,2026-04-29
1671,2671,330,2026-06-23
1672,2672,68,2026-06-10
1673,2673,21,2026-06-15
1674,2674,188,2026-05-04
1675,2675,381,2026-05-17
1676,2676,78,2026-05-12
1677,2677,7,2026-06-02
1678,2678,35,2026-06-15
1679,2679,122,2026-06-04
1680,2680,211,2026-05-05
1681,2681,142,2026-06-06
1682,2682,496,2026-06-01
1683,2683,494,2026-05-13
1684,2684,243,2026-06-24
1685,2685,93,2026-06-11
1686,2686,318,2026-06-03
1687,2687,203,2026-05-10
1688,2688,405,2026-05-07
1689,2689,273,2026-06-22
1690,2690,101,2026-05-05
1691,2691,337,2026-06-12
1692,2692,261,2026-06-21
1693,2693,166,2026-06-24
1694,2694,350,2026-06-03
1695,2695,448,2026-04-28
1696,2696,479,2026-06-06
1697,2697,90,2026-05-25
1698,2698,73,2026-05-18
1699,2699,129,2026-05-08
1700,2700,127,2026-05-21
1701,2701,148,2026-05-06
1702,2702,31,2026-05-20
1703,2703,479,2026-05-07
1704,2704,179,2026-05-11
1705,2705,332,2026-05-19
1706,2706,223,2026-05-29
1707,2707,456,2026-05-22
1708,2708,1,2026-05-27
1709,2709,92,2026-06-11
1710,2710,117,2026-05-21
1711,2711,193,2026-05-20
1712,2712,205,2026-06-15
1713,2713,213,2026-06-14
1714,2714,489,2026-05-10
1715,2715,115,2026-06-23
1716,2716,394,2026-05-09
1717,2717,435,2026-05-11
1718,2718,360,2026-05-12
1719,2719,316,2026-05-10
1720,2720,95,2026-06-19
1721,2721,244,2026-05-06
1722,2722,86,2026-06-07
1723,2723,350,2026-05-07
1724,2724,160,2026-05-05
1725,2725,365,2026-05-21
1726,2726,467,2026-05-07
1727,2727,269,2026-05-30
1728,2728,97,2026-05-02
1729,2729,246,2026-06-03
1730,2730,119,2026-05-28
1731,2731,326,2026-06-05
1732,2732,401,2026-06-22
1733,2733,230,2026-05-19
1734,2734,117,2026-06-03
1735,2735,123,2026-05-08
1736,2736,332,2026-05-27
1737,2737,159,2026-05-18
1738,2738,212,2026-05-27
1739,2739,264,2026-06-15
1740,2740,207,2026-06-11
1741,2741,226,2026-05-08
1742,2742,402,2026-06-11
1743,2743,479,2026-05-03
1744,2744,498,2026-04-28
1745,2745,432,2026-06-03
1746,2746,138,2026-04-30
1747,2747,36,2026-05-21
1748,2748,37,2026-05-10
1749,2749,258,2026-06-02
1750,2750,467,2026-05-07
1751,2751,276,2026-05-07
1752,2752,124,2026-06-22
1753,2753,427,2026-05-07
1754,2754,303,2026-05-16
1755,2755,188,2026-05-02
1756,2756,356,2026-05-05
1757,2757,465,2026-06-26
1758,2758,291,2026-05-22
1759,2759,332,2026-06-03
1760,2760,305,2026-05-01
1761,2761,498,2026-06-08
1762,2762,429,2026-05-12
1763,2763,473,2026-05-13
1764,2764,101,2026-06-12
1765,2765,377,2026-06-16
1766,2766,282,2026-06-10
1767,2767,394,2026-05-20
1768,2768,348,2026-06-19
1769,2769,62,2026-06-14
1770,2770,493,2026-05-22
1771,2771,345,2026-05-25
1772,2772,184,2026-05-31
1773,2773,442,2026-06-13
1774,2774,337,2026-05-06
1775,2775,408,2026-06-01
1776,2776,332,2026-05-22
1777,2777,301,2026-06-14
1778,2778,226,2026-06-21
1779,2779,323,2026-06-23
1780,2780,345,2026-06-13
1781,2781,110,2026-05-08
1782,2782,5,2026-05-05
1783,2783,132,2026-05-09
1784,2784,275,2026-06-23
1785,2785,435,2026-05-27
1786,2786,227,2026-05-15
1787,2787,18,2026-05-04
1788,2788,170,2026-04-28
1789,2789,492,2026-05-23
1790,2790,6,2026-06-09
1791,2791,60,2026-06-02
1792,2792,76,2026-05-27
1793,2793,311,2026-06-24
1794,2794,425,2026-05-22
1795,2795,244,2026-06-08
1796,2796,391,2026-06-15
1797,2797,18,2026-05-14
1798,2798,375,2026-06-01
1799,2799,411,2026-06-03
1800,2800,201,2026-05-22
1801,2801,35,2026-06-20
1802,2802,447,2026-05-18
1803,2803,462,2026-05-14
1804,2804,171,2026-06-06
1805,2805,389,2026-05-29
1806,2806,460,2026-05-01
1807,2807,333,2026-06-17
1808,2808,374,2026-05-25
1809,2809,498,2026-06-24
1810,2810,281,2026-05-31
1811,2811,163,2026-06-01
1812,2812,457,2026-06-20
1813,2813,474,2026-04-28
1814,2814,337,2026-06-09
1815,2815,110,2026-06-23
1816,2816,401,2026-06-07
1817,2817,65,2026-05-07
1818,2818,92,2026-05-27
1819,2819,158,2026-06-16
1820,2820,308,2026-06-11
1821,2821,464,2026-04-28
1822,2822,227,2026-04-28
1823,2823,48,2026-05-29
1824,2824,27,2026-06-20
1825,2825,352,2026-06-19
1826,2826,365,2026-06-13
1827,2827,295,2026-05-09
1828,2828,21,2026-06-13
1829,2829,467,2026-06-15
1830,2830,499,2026-06-24
1831,2831,101,2026-06-21
1832,2832,440,2026-06-16
1833,2833,172,2026-04-28
1834,2834,365,2026-06-23
1835,2835,46,2026-06-04
1836,2836,497,2026-06-26
1837,2837,88,2026-04-28
1838,2838,90,2026-05-29
1839,2839,165,2026-06-01
1840,2840,357,2026-06-12
1841,2841,49,2026-06-04
1842,2842,103,2026-06-22
1843,2843,477,2026-06-25
1844,2844,393,2026-05-08
1845,2845,48,2026-06-02
1846,2846,343,2026-06-19
1847,2847,134,2026-05-09
1848,2848,42,2026-06-01
1849,2849,227,2026-05-02
1850,2850,415,2026-05-05
1851,2851,184,2026-05-23
1852,2852,38,2026-05-21
1853,2853,115,2026-04-29
1854,2854,168,2026-05-20
1855,2855,272,2026-06-07
1856,2856,461,2026-05-25
1857,2857,331,2026-06-26
1858,2858,168,2026-05-06
1859,2859,481,2026-06-03
1860,2860,327,2026-05-27
1861,2861,303,2026-06-24
1862,2862,216,2026-04-29
1863,2863,94,2026-06-06
1864,2864,335,2026-05-21
1865,2865,118,2026-06-19
1866,2866,211,2026-05-08
1867,2867,459,2026-05-27
1868,2868,261,2026-05-28
1869,2869,121,2026-05-31
1870,2870,1,2026-06-06
1871,2871,280,2026-05-20
1872,2872,344,2026-06-11
1873,2873,421,2026-06-11
1874,2874,439,2026-06-11
1875,2875,375,2026-05-06
1876,2876,346,2026-05-29
1877,2877,303,2026-05-02
1878,2878,230,2026-05-23
1879,2879,143,2026-06-10
1880,2880,39,2026-06-03
1881,2881,106,2026-05-25
1882,2882,251,2026-06-14
1883,2883,145,2026-05-30
1884,2884,291,2026-06-05
1885,2885,429,2026-06-20
1886,2886,167,2026-06-19
1887,2887,219,2026-06-04
1888,2888,247,2026-05-31
1889,2889,493,2026-06-24
1890,2890,71,2026-05-31
1891,2891,54,2026-05-06
1892,2892,245,2026-06-14
1893,2893,217,2026-06-03
1894,2894,98,2026-06-06
1895,2895,383,2026-05-31
1896,2896,162,2026-04-28
1897,2897,397,2026-05-30
1898,2898,184,2026-05-27
1899,2899,117,2026-05-04
1900,2900,164,2026-05-08
1901,2901,451,2026-06-18
1902,2902,362,2026-05-15
1903,2903,360,2026-05-29
1904,2904,355,2026-05-05
1905,2905,356,2026-05-06
1906,2906,288,2026-05-07
1907,2907,291,2026-06-13
1908,2908,241,2026-05-30
1909,2909,101,2026-06-12
1910,2910,386,2026-05-21
1911,2911,155,2026-05-09
1912,2912,187,2026-05-29
1913,2913,145,2026-05-01
1914,2914,262,2026-05-18
1915,2915,17,2026-05-17
1916,2916,246,2026-06-16
1917,2917,327,2026-04-30
1918,2918,216,2026-06-15
1919,2919,423,2026-06-09
1920,2920,36,2026-06-18
1921,2921,232,2026-06-03
1922,2922,134,2026-06-01
1923,2923,428,2026-06-15
1924,2924,103,2026-06-11
1925,2925,127,2026-06-14
1926,2926,258,2026-05-02
1927,2927,61,2026-04-29
1928,2928,225,2026-05-04
1929,2929,436,2026-06-15
1930,2930,109,2026-06-11
1931,2931,352,2026-06-07
1932,2932,451,2026-06-20
1933,2933,443,2026-05-29
1934,2934,398,2026-06-08
1935,2935,298,2026-06-10
1936,2936,401,2026-05-20
1937,2937,327,2026-06-20
1938,2938,187,2026-06-14
1939,2939,451,2026-05-04
1940,2940,17,2026-05-30
1941,2941,115,2026-06-03
1942,2942,96,2026-06-08
1943,2943,242,2026-05-19
1944,2944,454,2026-06-18
1945,2945,284,2026-05-29
1946,2946,8,2026-05-05
1947,2947,99,2026-06-08
1948,2948,7,2026-05-15
1949,2949,122,2026-05-17
1950,2950,267,2026-05-14
1951,2951,77,2026-05-10
1952,2952,274,2026-06-16
1953,2953,387,2026-05-08
1954,2954,43,2026-06-14
1955,2955,186,2026-06-08
1956,2956,309,2026-05-17
1957,2957,51,2026-06-12
1958,2958,116,2026-05-30
1959,2959,289,2026-05-05
1960,2960,83,2026-05-02
1961,2961,11,2026-06-24
1962,2962,291,2026-04-29
1963,2963,98,2026-05-04
1964,2964,448,2026-06-13
1965,2965,87,2026-06-06
1966,2966,333,2026-06-08
1967,2967,268,2026-06-12
1968,2968,482,2026-05-13
1969,2969,78,2026-06-05
1970,2970,309,2026-05-15
1971,2971,90,2026-06-21
1972,2972,417,2026-05-29
1973,2973,320,2026-06-01
1974,2974,239,2026-05-06
1975,2975,474,2026-05-23
1976,2976,475,2026-05-30
1977,2977,1,2026-05-10
1978,2978,301,2026-06-13
1979,2979,346,2026-05-21
1980,2980,112,2026-06-20
1981,2981,306,2026-05-31
1982,2982,380,2026-05-12
1983,2983,392,2026-05-06
1984,2984,442,2026-05-24
1985,2985,12,2026-05-16
1986,2986,330,2026-05-20
1987,2987,336,2026-06-21
1988,2988,213,2026-06-15
1989,2989,244,2026-05-28
1990,2990,417,2026-06-12
1991,2991,198,2026-05-04
1992,2992,298,2026-05-20
1993,2993,313,2026-05-14
1994,2994,186,2026-05-19
1995,2995,124,2026-05-26
1996,2996,303,2026-05-24
1997,2997,82,2026-06-15
1998,2998,422,2026-06-21
1999,2999,31,2026-04-28
2000,3000,345,2026-04-30
2001,3001,229,2026-05-27
2002,3002,359,2026-06-22
2003,3003,79,2026-05-08
2004,3004,470,2026-05-10
2005,3005,265,2026-06-11
2006,3006,184,2026-06-06
2007,3007,316,2026-05-06
2008,3008,151,2026-05-12
2009,3009,403,2026-06-02
2010,3010,35,2026-05-31
2011,3011,387,2026-05-21
2012,3012,373,2026-05-05
2013,3013,178,2026-06-12
2014,3014,349,2026-06-22
2015,3015,272,2026-05-02
2016,3016,325,2026-06-13
2017,3017,325,2026-05-01
2018,3018,407,2026-05-26
2019,3019,72,2026-06-12
2020,3020,55,2026-06-20
2021,3021,346,2026-06-06
2022,3022,395,2026-05-27
2023,3023,425,2026-06-11
2024,3024,412,2026-05-31
2025,3025,248,2026-05-22
2026,3026,235,2026-05-15
2027,3027,168,2026-05-03
2028,3028,466,2026-06-16
2029,3029,89,2026-05-23
2030,3030,471,2026-06-12
2031,3031,133,2026-06-26
2032,3032,276,2026-05-16
2033,3033,57,2026-06-23
2034,3034,461,2026-06-20
2035,3035,491,2026-06-20
2036,3036,37,2026-06-04
2037,3037,373,2026-06-22
2038,3038,493,2026-05-29
2039,3039,199,2026-05-29
2040,3040,77,2026-06-08
2041,3041,50,2026-05-30
2042,3042,110,2026-06-12
2043,3043,327,2026-05-20
2044,3044,165,2026-05-10
2045,3045,455,2026-06-08
2046,3046,482,2026-06-20
2047,3047,26,2026-06-07
2048,3048,318,2026-05-26
2049,3049,42,2026-06-14
2050,3050,293,2026-05-18
2051,3051,361,2026-05-04
2052,3052,178,2026-05-24
2053,3053,192,2026-06-17
2054,3054,147,2026-06-06
2055,3055,6,2026-05-03
2056,3056,295,2026-06-21
2057,3057,357,2026-05-03
2058,3058,306,2026-06-23
2059,3059,53,2026-05-16
2060,3060,18,2026-06-11
2061,3061,312,2026-06-21
2062,3062,295,2026-06-19
2063,3063,185,2026-06-05
2064,3064,480,2026-06-14
2065,3065,185,2026-05-21
2066,3066,117,2026-05-10
2067,3067,433,2026-06-20
2068,3068,434,2026-05-06
2069,3069,370,2026-06-08
2070,3070,394,2026-06-09
2071,3071,267,2026-06-26
2072,3072,187,2026-06-05
2073,3073,287,2026-05-05
2074,3074,322,2026-04-30
2075,3075,88,2026-06-01
2076,3076,419,2026-06-21
2077,3077,259,2026-05-01
2078,3078,78,2026-06-26
2079,3079,288,2026-06-18
2080,3080,131,2026-06-05
2081,3081,104,2026-05-18
2082,3082,406,2026-06-17
2083,3083,499,2026-05-22
2084,3084,426,2026-06-10
2085,3085,173,2026-06-16
2086,3086,57,2026-05-20
2087,3087,133,2026-05-02
2088,3088,21,2026-05-03
2089,3089,400,2026-05-24
2090,3090,48,2026-05-22
2091,3091,430,2026-05-20
2092,3092,369,2026-05-28
2093,3093,161,2026-05-19
2094,3094,340,2026-06-23
2095,3095,479,2026-05-12
2096,3096,296,2026-06-12
2097,3097,416,2026-05-23
2098,3098,239,2026-04-30
2099,3099,33,2026-06-24
2100,3100,429,2026-05-15
2101,3101,48,2026-05-05
2102,3102,239,2026-05-12
2103,3103,160,2026-05-02
2104,3104,324,2026-04-28
2105,3105,499,2026-05-21
2106,3106,316,2026-06-21
2107,3107,266,2026-05-14
2108,3108,493,2026-06-14
2109,3109,399,2026-05-26
2110,3110,294,2026-06-14
2111,3111,488,2026-05-20
2112,3112,402,2026-06-01
2113,3113,137,2026-06-12
2114,3114,299,2026-05-01
2115,3115,292,2026-06-26
2116,3116,434,2026-05-08
2117,3117,277,2026-06-04
2118,3118,275,2026-06-02
2119,3119,417,2026-06-25
2120,3120,363,2026-05-14
2121,3121,251,2026-06-05
2122,3122,455,2026-05-04
2123,3123,60,2026-06-07
2124,3124,402,2026-04-29
2125,3125,57,2026-05-10
2126,3126,208,2026-06-23
2127,3127,462,2026-05-31
2128,3128,152,2026-05-18
2129,3129,416,2026-04-30
2130,3130,11,2026-06-20
2131,3131,123,2026-05-08
2132,3132,181,2026-06-16
2133,3133,495,2026-06-12
2134,3134,436,2026-06-05
2135,3135,9,2026-06-10
2136,3136,237,2026-06-11
2137,3137,257,2026-05-03
2138,3138,145,2026-06-11
2139,3139,362,2026-05-29
2140,3140,36,2026-05-25
2141,3141,111,2026-05-05
2142,3142,282,2026-06-06
2143,3143,398,2026-04-28
2144,3144,178,2026-05-22
2145,3145,437,2026-05-26
2146,3146,197,2026-06-14
2147,3147,197,2026-05-22
2148,3148,350,2026-05-17
2149,3149,277,2026-05-29
2150,3150,149,2026-05-14
2151,3151,18,2026-06-04
2152,3152,272,2026-05-11
2153,3153,323,2026-06-01
2154,3154,188,2026-06-01
2155,3155,114,2026-05-10
2156,3156,326,2026-06-21
2157,3157,3,2026-06-15
2158,3158,158,2026-06-25
2159,3159,50,2026-06-19
2160,3160,494,2026-05-15
2161,3161,173,2026-06-06
2162,3162,447,2026-06-18
2163,3163,45,2026-05-03
2164,3164,415,2026-05-22
2165,3165,453,2026-05-31
2166,3166,392,2026-05-15
2167,3167,448,2026-06-12
2168,3168,392,2026-05-29
2169,3169,300,2026-05-13
2170,3170,38,2026-05-13
2171,3171,165,2026-04-30
2172,3172,22,2026-06-23
2173,3173,31,2026-06-08
2174,3174,123,2026-05-07
2175,3175,469,2026-05-21
2176,3176,170,2026-06-25
2177,3177,429,2026-06-18
2178,3178,47,2026-05-18
2179,3179,68,2026-05-05
2180,3180,125,2026-05-29
2181,3181,64,2026-05-24
2182,3182,418,2026-05-10
2183,3183,382,2026-05-14
2184,3184,118,2026-05-30
2185,3185,199,2026-06-17
2186,3186,320,2026-05-08
2187,3187,280,2026-05-20
2188,3188,224,2026-05-07
2189,3189,177,2026-05-04
2190,3190,294,2026-05-23
2191,3191,277,2026-05-26
2192,3192,5,2026-05-13
2193,3193,410,2026-04-30
2194,3194,29,2026-05-03
2195,3195,261,2026-05-09
2196,3196,76,2026-06-04
2197,3197,138,2026-05-12
2198,3198,172,2026-05-24
2199,3199,212,2026-06-12
2200,3200,179,2026-06-10
2201,3201,287,2026-06-10
2202,3202,49,2026-06-01
2203,3203,230,2026-06-13
2204,3204,437,2026-05-23
2205,3205,149,2026-06-15
2206,3206,10,2026-05-16
2207,3207,377,2026-06-08
2208,3208,365,2026-05-09
2209,3209,315,2026-05-14
2210,3210,42,2026-05-26
2211,3211,326,2026-06-21
2212,3212,346,2026-06-10
2213,3213,1,2026-05-31
2214,3214,132,2026-05-27
2215,3215,442,2026-05-21
2216,3216,45,2026-06-20
2217,3217,283,2026-06-05
2218,3218,132,2026-05-22
2219,3219,298,2026-05-16
2220,3220,438,2026-05-21
2221,3221,183,2026-05-10
2222,3222,236,2026-06-26
2223,3223,97,2026-06-17
2224,3224,323,2026-06-17
2225,3225,454,2026-06-04
2226,3226,268,2026-06-10
2227,3227,232,2026-06-07
2228,3228,142,2026-05-22
2229,3229,450,2026-06-13
2230,3230,318,2026-04-30
2231,3231,61,2026-05-24
2232,3232,293,2026-05-05
2233,3233,339,2026-06-17
2234,3234,183,2026-06-24
2235,3235,97,2026-06-10
2236,3236,441,2026-05-10
2237,3237,16,2026-06-03
2238,3238,333,2026-06-04
2239,3239,450,2026-04-28
2240,3240,233,2026-06-09
2241,3241,178,2026-06-17
2242,3242,303,2026-05-15
2243,3243,343,2026-06-20
2244,3244,386,2026-05-30
2245,3245,174,2026-06-22
2246,3246,257,2026-05-30
2247,3247,468,2026-06-13
2248,3248,415,2026-06-02
2249,3249,57,2026-05-05
2250,3250,466,2026-04-29
2251,3251,238,2026-04-30
2252,3252,467,2026-04-29
2253,3253,299,2026-06-05
2254,3254,443,2026-05-03
2255,3255,2,2026-05-29
2256,3256,293,2026-06-16
2257,3257,285,2026-06-24
2258,3258,485,2026-06-23
2259,3259,227,2026-06-03
2260,3260,196,2026-05-31
2261,3261,304,2026-05-11
2262,3262,212,2026-05-18
2263,3263,70,2026-06-11
2264,3264,48,2026-06-16
2265,3265,44,2026-05-18
2266,3266,343,2026-06-26
2267,3267,322,2026-06-25
2268,3268,216,2026-05-06
2269,3269,322,2026-05-04
2270,3270,449,2026-05-21
2271,3271,429,2026-04-30
2272,3272,108,2026-05-01
2273,3273,37,2026-05-25
2274,3274,438,2026-05-12
2275,3275,130,2026-06-05
2276,3276,172,2026-05-19
2277,3277,266,2026-05-08
2278,3278,405,2026-05-31
2279,3279,23,2026-06-08
2280,3280,412,2026-05-08
2281,3281,211,2026-05-10
2282,3282,335,2026-05-31
2283,3283,497,2026-05-06
2284,3284,190,2026-05-05
2285,3285,339,2026-05-05
2286,3286,173,2026-06-05
2287,3287,436,2026-06-02
2288,3288,233,2026-05-03
2289,3289,267,2026-05-14
2290,3290,225,2026-05-12
2291,3291,344,2026-06-05
2292,3292,421,2026-05-27
2293,3293,123,2026-05-04
2294,3294,45,2026-06-09
2295,3295,478,2026-05-21
2296,3296,251,2026-05-21
2297,3297,68,2026-05-01
2298,3298,327,2026-06-07
2299,3299,471,2026-05-05
2300,3300,473,2026-06-12
2301,3301,352,2026-04-28
2302,3302,109,2026-06-06
2303,3303,277,2026-05-10
2304,3304,433,2026-06-07
2305,3305,74,2026-05-17
2306,3306,135,2026-05-28
2307,3307,239,2026-05-11
2308,3308,430,2026-05-13
2309,3309,193,2026-05-05
2310,3310,373,2026-05-06
2311,3311,348,2026-05-25
2312,3312,467,2026-05-02
2313,3313,276,2026-05-28
2314,3314,497,2026-06-24
2315,3315,387,2026-06-01
2316,3316,142,2026-05-27
2317,3317,7,2026-06-15
2318,3318,467,2026-05-28
2319,3319,253,2026-06-24
2320,3320,115,2026-05-19
2321,3321,310,2026-04-30
2322,3322,215,2026-06-06
2323,3323,305,2026-05-06
2324,3324,348,2026-05-09
2325,3325,323,2026-06-04
2326,3326,434,2026-05-15
2327,3327,336,2026-04-30
2328,3328,471,2026-06-22
2329,3329,184,2026-05-30
2330,3330,105,2026-06-01
2331,3331,20,2026-05-27
2332,3332,22,2026-05-03
2333,3333,19,2026-05-17
2334,3334,434,2026-06-02
2335,3335,464,2026-05-07
2336,3336,226,2026-06-23
2337,3337,31,2026-05-10
2338,3338,40,2026-05-16
2339,3339,389,2026-05-21
2340,3340,39,2026-05-12
2341,3341,137,2026-05-08
2342,3342,388,2026-06-19
2343,3343,332,2026-05-31
2344,3344,364,2026-05-25
2345,3345,180,2026-06-03
2346,3346,111,2026-06-13
2347,3347,258,2026-05-21
2348,3348,86,2026-06-09
2349,3349,45,2026-06-09
2350,3350,216,2026-04-30
2351,3351,463,2026-06-22
2352,3352,318,2026-06-11
2353,3353,59,2026-06-10
2354,3354,195,2026-05-26
2355,3355,483,2026-05-19
2356,3356,454,2026-05-04
2357,3357,330,2026-06-10
2358,3358,403,2026-05-18
2359,3359,459,2026-05-09
2360,3360,38,2026-05-03
2361,3361,133,2026-06-05
2362,3362,380,2026-06-09
2363,3363,54,2026-06-16
2364,3364,492,2026-05-13
2365,3365,385,2026-05-12
2366,3366,99,2026-05-01
2367,3367,469,2026-06-13
2368,3368,104,2026-06-08
2369,3369,313,2026-06-14
2370,3370,155,2026-05-29
2371,3371,34,2026-06-24
2372,3372,455,2026-05-21
2373,3373,57,2026-05-08
2374,3374,94,2026-05-07
2375,3375,162,2026-05-19
2376,3376,110,2026-05-03
2377,3377,28,2026-06-16
2378,3378,325,2026-05-24
2379,3379,389,2026-05-31
2380,3380,268,2026-05-28
2381,3381,498,2026-05-29
2382,3382,139,2026-05-25
2383,3383,59,2026-05-15
2384,3384,260,2026-06-25
2385,3385,67,2026-05-23
2386,3386,191,2026-05-12
2387,3387,368,2026-06-01
2388,3388,323,2026-05-31
2389,3389,450,2026-06-08
2390,3390,234,2026-06-01
2391,3391,388,2026-06-18
2392,3392,71,2026-05-05
2393,3393,480,2026-05-15
2394,3394,32,2026-06-24
2395,3395,46,2026-05-24
2396,3396,1,2026-05-08
2397,3397,175,2026-06-25
2398,3398,71,2026-06-11
2399,3399,367,2026-05-25
2400,3400,418,2026-06-17
2401,3401,308,2026-05-10
2402,3402,435,2026-06-22
2403,3403,49,2026-05-11
2404,3404,113,2026-05-22
2405,3405,340,2026-06-03
2406,3406,391,2026-05-04
2407,3407,196,2026-06-15
2408,3408,43,2026-04-28
2409,3409,208,2026-05-04
2410,3410,17,2026-06-06
2411,3411,264,2026-05-30
2412,3412,321,2026-05-03
2413,3413,139,2026-05-10
2414,3414,364,2026-04-30
2415,3415,397,2026-04-30
2416,3416,240,2026-05-28
2417,3417,154,2026-06-15
2418,3418,256,2026-05-27
2419,3419,262,2026-06-25
2420,3420,363,2026-05-06
2421,3421,229,2026-06-02
2422,3422,36,2026-05-24
2423,3423,83,2026-05-29
2424,3424,32,2026-05-19
2425,3425,63,2026-05-11
2426,3426,494,2026-06-17
2427,3427,370,2026-06-06
2428,3428,139,2026-06-09
2429,3429,485,2026-05-27
2430,3430,167,2026-05-29
2431,3431,472,2026-06-04
2432,3432,439,2026-06-11
2433,3433,168,2026-05-10
2434,3434,207,2026-05-08
2435,3435,213,2026-05-07
2436,3436,72,2026-06-07
2437,3437,483,2026-05-06
2438,3438,470,2026-06-12
2439,3439,164,2026-06-21
2440,3440,137,2026-05-04
2441,3441,259,2026-05-20
2442,3442,454,2026-05-16
2443,3443,256,2026-06-21
2444,3444,32,2026-06-22
2445,3445,420,2026-06-04
2446,3446,392,2026-06-06
2447,3447,193,2026-05-16
2448,3448,435,2026-05-10
2449,3449,483,2026-05-11
2450,3450,466,2026-05-30
2451,3451,304,2026-06-21
2452,3452,495,2026-06-11
2453,3453,211,2026-05-01
2454,3454,325,2026-06-04
2455,3455,239,2026-05-08
2456,3456,132,2026-05-24
2457,3457,264,2026-06-10
2458,3458,479,2026-05-12
2459,3459,351,2026-06-09
2460,3460,119,2026-06-21
2461,3461,386,2026-06-04
2462,3462,41,2026-05-13
2463,3463,176,2026-05-13
2464,3464,420,2026-06-02
2465,3465,435,2026-05-27
2466,3466,239,2026-06-08
2467,3467,36,2026-05-13
2468,3468,157,2026-06-08
2469,3469,449,2026-06-20
2470,3470,423,2026-06-14
2471,3471,216,2026-05-05
2472,3472,253,2026-06-24
2473,3473,106,2026-05-23
2474,3474,248,2026-06-10
2475,3475,346,2026-04-30
2476,3476,206,2026-05-01
2477,3477,409,2026-05-27
2478,3478,150,2026-06-04
2479,3479,170,2026-05-18
2480,3480,284,2026-05-26
2481,3481,325,2026-05-26
2482,3482,338,2026-06-15
2483,3483,228,2026-06-15
2484,3484,92,2026-05-18
2485,3485,5,2026-05-15
2486,3486,446,2026-05-11
2487,3487,348,2026-05-23
2488,3488,368,2026-06-04
2489,3489,304,2026-06-16
2490,3490,393,2026-05-28
2491,3491,94,2026-05-30
2492,3492,257,2026-06-01
2493,3493,288,2026-06-23
2494,3494,9,2026-06-11
2495,3495,178,2026-06-22
2496,3496,146,2026-05-13
2497,3497,86,2026-06-16
2498,3498,304,2026-06-04
2499,3499,187,2026-06-21
2500,3500,398,2026-05-21
2501,3501,457,2026-06-23
2502,3502,343,2026-05-14
2503,3503,366,2026-05-31
2504,3504,492,2026-05-11
2505,3505,127,2026-05-15
2506,3506,59,2026-06-22
2507,3507,219,2026-06-26
2508,3508,287,2026-05-29
2509,3509,445,2026-06-26
2510,3510,275,2026-05-08
2511,3511,229,2026-05-18
2512,3512,21,2026-06-09
2513,3513,355,2026-06-20
2514,3514,347,2026-06-10
2515,3515,65,2026-05-21
2516,3516,231,2026-04-29
2517,3517,72,2026-04-28
2518,3518,54,2026-06-07
2519,3519,204,2026-05-14
2520,3520,441,2026-06-24
2521,3521,324,2026-05-29
2522,3522,387,2026-06-05
2523,3523,339,2026-04-28
2524,3524,149,2026-05-23
2525,3525,93,2026-06-10
2526,3526,129,2026-05-02
2527,3527,169,2026-06-22
2528,3528,231,2026-05-28
2529,3529,287,2026-05-23
2530,3530,255,2026-05-26
2531,3531,244,2026-06-10
2532,3532,495,2026-05-20
2533,3533,233,2026-05-16
2534,3534,363,2026-05-09
2535,3535,343,2026-05-12
2536,3536,426,2026-05-09
2537,3537,269,2026-05-27
2538,3538,14,2026-05-16
2539,3539,260,2026-05-01
2540,3540,433,2026-06-20
2541,3541,16,2026-05-09
2542,3542,383,2026-04-30
2543,3543,314,2026-06-10
2544,3544,353,2026-05-15
2545,3545,102,2026-05-04
2546,3546,327,2026-06-03
2547,3547,91,2026-06-22
2548,3548,239,2026-05-19
2549,3549,38,2026-06-09
2550,3550,255,2026-05-28
2551,3551,355,2026-06-07
2552,3552,259,2026-05-05
2553,3553,290,2026-06-20
2554,3554,13,2026-06-07
2555,3555,271,2026-06-08
2556,3556,435,2026-05-02
2557,3557,139,2026-06-26
2558,3558,236,2026-05-15
2559,3559,339,2026-04-30
2560,3560,373,2026-06-19
2561,3561,109,2026-06-07
2562,3562,378,2026-06-16
2563,3563,409,2026-05-04
2564,3564,481,2026-05-03
2565,3565,125,2026-04-29
2566,3566,320,2026-06-19
2567,3567,105,2026-06-18
2568,3568,398,2026-05-29
2569,3569,74,2026-06-04
2570,3570,180,2026-06-01
2571,3571,17,2026-05-07
2572,3572,255,2026-06-18
2573,3573,191,2026-05-09
2574,3574,208,2026-06-01
2575,3575,127,2026-05-11
2576,3576,37,2026-06-02
2577,3577,291,2026-05-27
2578,3578,453,2026-06-05
2579,3579,95,2026-06-10
2580,3580,369,2026-05-18
2581,3581,394,2026-05-24
2582,3582,188,2026-06-16
2583,3583,311,2026-05-26
2584,3584,189,2026-05-20
2585,3585,143,2026-06-03
2586,3586,55,2026-05-01
2587,3587,127,2026-05-29
2588,3588,367,2026-06-04
2589,3589,230,2026-05-14
2590,3590,132,2026-05-21
2591,3591,101,2026-06-10
2592,3592,75,2026-06-04
2593,3593,322,2026-05-31
2594,3594,395,2026-06-05
2595,3595,219,2026-06-22
2596,3596,29,2026-05-19
2597,3597,428,2026-05-22
2598,3598,69,2026-05-28
2599,3599,8,2026-06-08
2600,3600,412,2026-05-22
2601,3601,93,2026-06-19
2602,3602,334,2026-05-18
2603,3603,321,2026-05-29
2604,3604,210,2026-05-13
2605,3605,382,2026-06-06
2606,3606,106,2026-05-28
2607,3607,398,2026-05-28
2608,3608,355,2026-05-21
2609,3609,122,2026-05-06
2610,3610,342,2026-05-09
2611,3611,363,2026-06-11
2612,3612,4,2026-05-22
2613,3613,14,2026-06-22
2614,3614,297,2026-05-31
2615,3615,311,2026-06-26
2616,3616,118,2026-05-07
2617,3617,360,2026-06-08
2618,3618,392,2026-05-23
2619,3619,86,2026-05-01
2620,3620,184,2026-06-25
2621,3621,314,2026-06-19
2622,3622,233,2026-06-02
2623,3623,1,2026-06-18
2624,3624,337,2026-05-15
2625,3625,386,2026-05-10
2626,3626,92,2026-05-05
2627,3627,468,2026-04-29
2628,3628,75,2026-06-13
2629,3629,274,2026-06-26
2630,3630,11,2026-04-29
2631,3631,234,2026-05-19
2632,3632,104,2026-05-30
2633,3633,395,2026-05-24
2634,3634,466,2026-04-30
2635,3635,322,2026-06-19
2636,3636,360,2026-05-29
2637,3637,83,2026-05-10
2638,3638,170,2026-05-09
2639,3639,136,2026-06-19
2640,3640,488,2026-06-01
2641,3641,320,2026-04-28
2642,3642,259,2026-06-19
2643,3643,43,2026-06-02
2644,3644,481,2026-06-20
2645,3645,132,2026-06-22
2646,3646,293,2026-05-09
2647,3647,269,2026-06-06
2648,3648,483,2026-06-04
2649,3649,483,2026-05-16
2650,3650,338,2026-06-23
2651,3651,112,2026-06-23
2652,3652,361,2026-05-29
2653,3653,26,2026-06-22
2654,3654,276,2026-05-21
2655,3655,199,2026-06-16
2656,3656,123,2026-05-23
2657,3657,251,2026-04-30
2658,3658,460,2026-06-02
2659,3659,351,2026-05-27
2660,3660,30,2026-06-22
2661,3661,362,2026-06-12
2662,3662,63,2026-04-28
2663,3663,429,2026-05-01
2664,3664,120,2026-06-19
2665,3665,262,2026-06-01
2666,3666,278,2026-06-14
2667,3667,296,2026-06-08
2668,3668,197,2026-05-16
2669,3669,52,2026-04-30
2670,3670,116,2026-06-04
2671,3671,389,2026-06-20
2672,3672,118,2026-06-14
2673,3673,468,2026-06-08
2674,3674,415,2026-06-26
2675,3675,101,2026-06-24
2676,3676,180,2026-05-04
2677,3677,101,2026-05-12
2678,3678,323,2026-05-01
2679,3679,255,2026-05-13
2680,3680,64,2026-06-15
2681,3681,52,2026-05-01
2682,3682,417,2026-05-04
2683,3683,413,2026-06-15
2684,3684,83,2026-05-03
2685,3685,471,2026-06-20
2686,3686,68,2026-05-22
2687,3687,316,2026-06-02
2688,3688,197,2026-05-04
2689,3689,144,2026-05-05
2690,3690,403,2026-06-07
2691,3691,23,2026-06-01
2692,3692,92,2026-05-26
2693,3693,226,2026-06-26
2694,3694,477,2026-05-06
2695,3695,463,2026-06-18
2696,3696,168,2026-06-24
2697,3697,52,2026-05-13
2698,3698,312,2026-06-02
2699,3699,176,2026-06-01
2700,3700,26,2026-05-03
2701,3701,327,2026-05-21
2702,3702,149,2026-06-03
2703,3703,7,2026-05-25
2704,3704,79,2026-05-29
2705,3705,282,2026-06-23
2706,3706,66,2026-06-14
2707,3707,183,2026-05-28
2708,3708,46,2026-05-10
2709,3709,436,2026-05-16
2710,3710,404,2026-05-01
2711,3711,14,2026-06-13
2712,3712,258,2026-06-04
2713,3713,400,2026-04-30
2714,3714,45,2026-06-11
2715,3715,37,2026-05-19
2716,3716,1,2026-06-24
2717,3717,72,2026-05-12
2718,3718,210,2026-06-07
2719,3719,270,2026-06-04
2720,3720,498,2026-05-21
2721,3721,405,2026-05-27
2722,3722,222,2026-05-01
2723,3723,450,2026-05-26
2724,3724,129,2026-06-14
2725,3725,177,2026-06-24
2726,3726,307,2026-05-18
2727,3727,331,2026-05-29
2728,3728,479,2026-05-04
2729,3729,391,2026-06-07
2730,3730,22,2026-06-21
2731,3731,157,2026-05-09
2732,3732,133,2026-06-19
2733,3733,152,2026-05-17
2734,3734,227,2026-06-04
2735,3735,449,2026-06-16
2736,3736,23,2026-05-11
2737,3737,33,2026-05-20
2738,3738,19,2026-05-10
2739,3739,178,2026-06-07
2740,3740,173,2026-06-09
2741,3741,97,2026-04-30
2742,3742,284,2026-06-02
2743,3743,97,2026-04-29
2744,3744,131,2026-06-11
2745,3745,373,2026-06-22
2746,3746,299,2026-06-18
2747,3747,293,2026-06-25
2748,3748,435,2026-05-02
2749,3749,196,2026-06-14
2750,3750,337,2026-06-21
2751,3751,391,2026-05-02
2752,3752,439,2026-05-04
2753,3753,51,2026-06-09
2754,3754,434,2026-05-28
2755,3755,211,2026-05-18
2756,3756,217,2026-05-12
2757,3757,232,2026-05-26
2758,3758,145,2026-05-30
2759,3759,460,2026-06-09
2760,3760,283,2026-06-23
2761,3761,437,2026-05-29
2762,3762,494,2026-06-03
2763,3763,256,2026-05-16
2764,3764,114,2026-06-11
2765,3765,266,2026-05-21
2766,3766,437,2026-06-10
2767,3767,416,2026-05-19
2768,3768,149,2026-05-29
2769,3769,388,2026-06-24
2770,3770,439,2026-05-09
2771,3771,410,2026-06-10
2772,3772,466,2026-06-16
2773,3773,188,2026-06-26
2774,3774,184,2026-05-14
2775,3775,293,2026-06-23
2776,3776,43,2026-05-11
2777,3777,261,2026-05-29
2778,3778,254,2026-06-04
2779,3779,351,2026-05-29
2780,3780,260,2026-04-28
2781,3781,266,2026-06-03
2782,3782,96,2026-05-26
2783,3783,405,2026-06-09
2784,3784,198,2026-06-24
2785,3785,350,2026-05-18
2786,3786,293,2026-06-09
2787,3787,265,2026-06-08
2788,3788,105,2026-06-24
2789,3789,71,2026-06-17
2790,3790,35,2026-06-04
2791,3791,62,2026-05-19
2792,3792,228,2026-05-14
2793,3793,226,2026-05-04
2794,3794,231,2026-05-10
2795,3795,242,2026-06-15
2796,3796,103,2026-05-30
2797,3797,249,2026-05-03
2798,3798,362,2026-04-28
2799,3799,254,2026-06-25
2800,3800,436,2026-05-21
2801,3801,66,2026-05-08
2802,3802,233,2026-06-15
2803,3803,196,2026-05-12
2804,3804,101,2026-05-10
2805,3805,180,2026-06-12
2806,3806,403,2026-06-12
2807,3807,143,2026-06-01
2808,3808,431,2026-05-10
2809,3809,180,2026-04-29
2810,3810,333,2026-05-20
2811,3811,372,2026-06-17
2812,3812,82,2026-05-16
2813,3813,452,2026-05-07
2814,3814,346,2026-06-15
2815,3815,278,2026-05-15
2816,3816,160,2026-06-02
2817,3817,287,2026-06-05
2818,3818,12,2026-05-17
2819,3819,168,2026-05-24
2820,3820,456,2026-05-21
2821,3821,170,2026-06-03
2822,3822,407,2026-05-01
2823,3823,177,2026-05-09
2824,3824,305,2026-05-13
2825,3825,4,2026-05-03
2826,3826,177,2026-05-13
2827,3827,71,2026-05-15
2828,3828,227,2026-06-05
2829,3829,374,2026-05-26
2830,3830,308,2026-05-08
2831,3831,477,2026-06-04
2832,3832,361,2026-06-20
2833,3833,111,2026-05-25
2834,3834,257,2026-05-21
2835,3835,195,2026-06-08
2836,3836,418,2026-05-23
2837,3837,444,2026-05-14
2838,3838,306,2026-05-29
2839,3839,289,2026-05-05
2840,3840,294,2026-06-08
2841,3841,200,2026-06-26
2842,3842,53,2026-06-17
2843,3843,423,2026-06-20
2844,3844,237,2026-06-01
2845,3845,319,2026-04-29
2846,3846,167,2026-06-22
2847,3847,464,2026-05-18
2848,3848,231,2026-06-07
2849,3849,240,2026-05-21
2850,3850,214,2026-05-31
2851,3851,304,2026-06-16
2852,3852,119,2026-05-24
2853,3853,361,2026-05-12
2854,3854,238,2026-06-01
2855,3855,371,2026-05-19
2856,3856,220,2026-06-14
2857,3857,169,2026-05-08
2858,3858,148,2026-04-30
2859,3859,373,2026-06-24
2860,3860,172,2026-06-25
2861,3861,407,2026-06-20
2862,3862,104,2026-05-10
2863,3863,139,2026-05-29
2864,3864,123,2026-06-04
2865,3865,393,2026-05-04
2866,3866,84,2026-06-26
2867,3867,89,2026-05-04
2868,3868,362,2026-06-25
2869,3869,348,2026-04-29
2870,3870,38,2026-05-25
2871,3871,450,2026-06-21
2872,3872,483,2026-05-16
2873,3873,142,2026-06-22
2874,3874,123,2026-05-10
2875,3875,445,2026-06-22
2876,3876,341,2026-06-21
2877,3877,401,2026-06-08
2878,3878,53,2026-06-07
2879,3879,315,2026-06-12
2880,3880,468,2026-05-16
2881,3881,202,2026-05-03
2882,3882,60,2026-05-17
2883,3883,8,2026-05-08
2884,3884,325,2026-05-25
2885,3885,45,2026-05-13
2886,3886,353,2026-05-25
2887,3887,304,2026-05-08
2888,3888,7,2026-06-07
2889,3889,340,2026-06-17
2890,3890,173,2026-05-12
2891,3891,70,2026-05-02
2892,3892,242,2026-06-26
2893,3893,210,2026-05-13
2894,3894,483,2026-06-16
2895,3895,222,2026-04-28
2896,3896,258,2026-06-25
2897,3897,206,2026-05-03
2898,3898,236,2026-05-30
2899,3899,474,2026-05-22
2900,3900,12,2026-05-05
2901,3901,252,2026-06-19
2902,3902,433,2026-06-18
2903,3903,45,2026-06-01
2904,3904,21,2026-06-20
2905,3905,47,2026-05-16
2906,3906,281,2026-06-17
2907,3907,191,2026-06-21
2908,3908,369,2026-06-22
2909,3909,201,2026-05-22
2910,3910,384,2026-06-04
2911,3911,380,2026-06-06
2912,3912,279,2026-06-22
2913,3913,367,2026-06-18
2914,3914,76,2026-06-18
2915,3915,299,2026-05-07
2916,3916,353,2026-06-24
2917,3917,472,2026-06-06
2918,3918,41,2026-05-03
2919,3919,196,2026-05-04
2920,3920,411,2026-06-05
2921,3921,311,2026-05-07
2922,3922,73,2026-05-12
2923,3923,417,2026-05-01
2924,3924,27,2026-05-05
2925,3925,160,2026-06-24
2926,3926,167,2026-05-16
2927,3927,123,2026-06-11
2928,3928,251,2026-06-18
2929,3929,267,2026-05-15
2930,3930,176,2026-06-12
2931,3931,374,2026-05-05
2932,3932,218,2026-06-16
2933,3933,285,2026-04-30
2934,3934,165,2026-06-05
2935,3935,459,2026-05-08
2936,3936,168,2026-05-04
2937,3937,393,2026-06-08
2938,3938,333,2026-06-25
2939,3939,434,2026-05-24
2940,3940,82,2026-06-14
2941,3941,189,2026-05-14
2942,3942,22,2026-05-24
2943,3943,49,2026-06-22
2944,3944,146,2026-06-05
2945,3945,295,2026-06-10
2946,3946,223,2026-05-13
2947,3947,420,2026-05-13
2948,3948,55,2026-05-24
2949,3949,246,2026-05-29
2950,3950,322,2026-05-26
2951,3951,487,2026-06-10
2952,3952,342,2026-06-18
2953,3953,457,2026-05-03
2954,3954,303,2026-05-01
2955,3955,312,2026-06-01
2956,3956,280,2026-05-07
2957,3957,91,2026-05-24
2958,3958,55,2026-06-21
2959,3959,297,2026-05-24
2960,3960,60,2026-05-05
2961,3961,369,2026-05-23
2962,3962,240,2026-05-17
2963,3963,356,2026-06-01
2964,3964,195,2026-05-09
2965,3965,465,2026-05-15
2966,3966,184,2026-06-14
2967,3967,357,2026-05-24
2968,3968,57,2026-05-26
2969,3969,306,2026-05-29
2970,3970,457,2026-05-11
2971,3971,170,2026-06-02
2972,3972,367,2026-05-04
2973,3973,289,2026-05-16
2974,3974,128,2026-06-16
2975,3975,70,2026-05-11
2976,3976,223,2026-05-30
2977,3977,355,2026-05-06
2978,3978,385,2026-06-12
2979,3979,99,2026-04-30
2980,3980,367,2026-06-15
2981,3981,119,2026-05-03
2982,3982,456,2026-05-11
2983,3983,225,2026-05-03
2984,3984,157,2026-05-21
2985,3985,380,2026-05-27
2986,3986,11,2026-06-17
2987,3987,11,2026-05-31
2988,3988,107,2026-06-16
2989,3989,118,2026-05-14
2990,3990,121,2026-05-14
2991,3991,154,2026-06-24
2992,3992,18,2026-06-16
2993,3993,104,2026-06-18
2994,3994,220,2026-06-18
2995,3995,148,2026-06-12
2996,3996,484,2026-05-19
2997,3997,202,2026-06-17
2998,3998,137,2026-05-09
2999,3999,447,2026-06-04
3000,4000,444,2026-06-11
3001,4001,194,2026-06-04
3002,4002,463,2026-06-14
3003,4003,409,2026-05-26
3004,4004,344,2026-05-08
3005,4005,337,2026-05-04
3006,4006,200,2026-06-09
3007,4007,121,2026-04-30
3008,4008,247,2026-06-26
3009,4009,358,2026-05-02
3010,4010,281,2026-05-22
3011,4011,14,2026-05-15
3012,4012,353,2026-06-14
3013,4013,349,2026-06-17
3014,4014,98,2026-04-29
3015,4015,326,2026-06-11
3016,4016,345,2026-06-10
3017,4017,212,2026-06-25
3018,4018,26,2026-05-03
3019,4019,220,2026-06-05
3020,4020,150,2026-05-20
3021,4021,46,2026-06-20
3022,4022,14,2026-05-12
3023,4023,249,2026-05-28
3024,4024,474,2026-04-29
3025,4025,462,2026-05-05
3026,4026,356,2026-06-11
3027,4027,340,2026-06-24
3028,4028,130,2026-06-21
3029,4029,415,2026-05-17
3030,4030,184,2026-06-12
3031,4031,381,2026-06-06
3032,4032,313,2026-06-04
3033,4033,347,2026-05-25
3034,4034,488,2026-06-03
3035,4035,365,2026-05-27
3036,4036,312,2026-05-16
3037,4037,492,2026-06-16
3038,4038,473,2026-06-05
3039,4039,254,2026-06-14
3040,4040,176,2026-05-10
3041,4041,4,2026-04-28
3042,4042,13,2026-05-10
3043,4043,80,2026-06-17
3044,4044,419,2026-06-18
3045,4045,335,2026-05-08
3046,4046,415,2026-05-21
3047,4047,309,2026-05-31
3048,4048,461,2026-06-17
3049,4049,73,2026-05-10
3050,4050,208,2026-05-27
3051,4051,470,2026-05-25
3052,4052,140,2026-05-20
3053,4053,430,2026-05-14
3054,4054,91,2026-05-21
3055,4055,386,2026-05-23
3056,4056,145,2026-05-18
3057,4057,198,2026-05-31
3058,4058,198,2026-06-15
3059,4059,18,2026-06-25
3060,4060,65,2026-05-27
3061,4061,119,2026-06-12
3062,4062,242,2026-05-20
3063,4063,108,2026-06-01
3064,4064,435,2026-06-15
3065,4065,258,2026-05-02
3066,4066,15,2026-05-04
3067,4067,449,2026-05-24
3068,4068,305,2026-05-15
3069,4069,433,2026-04-30
3070,4070,40,2026-05-24
3071,4071,386,2026-06-16
3072,4072,412,2026-05-28
3073,4073,488,2026-06-20
3074,4074,88,2026-05-11
3075,4075,242,2026-05-27
3076,4076,427,2026-05-25
3077,4077,45,2026-06-19
3078,4078,297,2026-06-19
3079,4079,256,2026-05-24
3080,4080,175,2026-05-15
3081,4081,46,2026-05-10
3082,4082,436,2026-04-28
3083,4083,495,2026-06-06
3084,4084,259,2026-06-04
3085,4085,248,2026-06-26
3086,4086,472,2026-05-09
3087,4087,104,2026-06-23
3088,4088,446,2026-06-03
3089,4089,498,2026-06-15
3090,4090,401,2026-05-25
3091,4091,99,2026-05-04
3092,4092,482,2026-06-18
3093,4093,466,2026-05-30
3094,4094,439,2026-06-10
3095,4095,79,2026-05-29
3096,4096,242,2026-06-06
3097,4097,130,2026-06-22
3098,4098,340,2026-05-28
3099,4099,249,2026-05-19
3100,4100,228,2026-06-17
3101,4101,146,2026-05-21
3102,4102,178,2026-05-21
3103,4103,471,2026-06-01
3104,4104,277,2026-06-23
3105,4105,233,2026-05-26
3106,4106,458,2026-05-12
3107,4107,164,2026-05-27
3108,4108,8,2026-06-23
3109,4109,225,2026-06-13
3110,4110,431,2026-05-21
3111,4111,372,2026-05-26
3112,4112,459,2026-06-26
3113,4113,31,2026-05-27
3114,4114,274,2026-05-31
3115,4115,452,2026-06-16
3116,4116,333,2026-05-31
3117,4117,64,2026-06-25
3118,4118,402,2026-05-10
3119,4119,468,2026-06-12
3120,4120,299,2026-06-26
3121,4121,47,2026-05-22
3122,4122,8,2026-06-14
3123,4123,324,2026-06-22
3124,4124,492,2026-06-22
3125,4125,422,2026-05-02
3126,4126,253,2026-05-16
3127,4127,323,2026-05-31
3128,4128,471,2026-04-29
3129,4129,390,2026-06-05
3130,4130,383,2026-06-16
3131,4131,162,2026-05-23
3132,4132,286,2026-05-01
3133,4133,456,2026-05-05
3134,4134,319,2026-05-23
3135,4135,419,2026-05-04
3136,4136,64,2026-06-14
3137,4137,81,2026-05-03
3138,4138,112,2026-06-02
3139,4139,57,2026-06-15
3140,4140,334,2026-06-11
3141,4141,199,2026-05-05
3142,4142,263,2026-06-14
3143,4143,353,2026-06-08
3144,4144,333,2026-06-11
3145,4145,2,2026-06-03
3146,4146,271,2026-06-17
3147,4147,247,2026-06-17
3148,4148,280,2026-05-20
3149,4149,433,2026-05-11
3150,4150,226,2026-05-28
3151,4151,289,2026-06-11
3152,4152,469,2026-06-14
3153,4153,310,2026-05-18
3154,4154,323,2026-05-30
3155,4155,306,2026-06-11
3156,4156,451,2026-05-30
3157,4157,15,2026-06-18
3158,4158,438,2026-05-01
3159,4159,457,2026-05-03
3160,4160,371,2026-05-29
3161,4161,473,2026-06-19
3162,4162,141,2026-06-06
3163,4163,170,2026-06-01
3164,4164,96,2026-05-31
3165,4165,443,2026-05-21
3166,4166,268,2026-05-02
3167,4167,129,2026-06-09
3168,4168,253,2026-05-15
3169,4169,141,2026-05-01
3170,4170,29,2026-06-11
3171,4171,390,2026-05-13
3172,4172,251,2026-06-19
3173,4173,185,2026-05-20
3174,4174,242,2026-05-27
3175,4175,218,2026-06-23
3176,4176,386,2026-05-20
3177,4177,290,2026-06-04
3178,4178,34,2026-06-25
3179,4179,87,2026-05-11
3180,4180,155,2026-05-25
3181,4181,389,2026-05-29
3182,4182,77,2026-06-09
3183,4183,323,2026-05-28
3184,4184,90,2026-06-07
3185,4185,130,2026-05-26
3186,4186,497,2026-06-12
3187,4187,397,2026-05-05
3188,4188,354,2026-05-15
3189,4189,51,2026-05-24
3190,4190,423,2026-06-05
3191,4191,268,2026-06-03
3192,4192,403,2026-05-11
3193,4193,202,2026-06-21
3194,4194,458,2026-06-25
3195,4195,98,2026-06-21
3196,4196,151,2026-06-04
3197,4197,336,2026-06-24
3198,4198,389,2026-05-23
3199,4199,223,2026-05-24
3200,4200,301,2026-06-06
3201,4201,167,2026-05-31
3202,4202,459,2026-05-15
3203,4203,31,2026-06-03
3204,4204,344,2026-06-18
3205,4205,78,2026-06-21
3206,4206,131,2026-05-02
3207,4207,53,2026-06-14
3208,4208,493,2026-05-11
3209,4209,147,2026-06-02
3210,4210,120,2026-05-25
3211,4211,52,2026-04-30
3212,4212,487,2026-05-09
3213,4213,307,2026-05-20
3214,4214,496,2026-05-13
3215,4215,461,2026-05-07
3216,4216,248,2026-05-23
3217,4217,468,2026-05-25
3218,4218,494,2026-05-08
3219,4219,340,2026-06-08
3220,4220,91,2026-05-11
3221,4221,195,2026-05-27
3222,4222,204,2026-06-23
3223,4223,409,2026-05-15
3224,4224,94,2026-05-29
3225,4225,280,2026-06-06
3226,4226,417,2026-05-31
3227,4227,497,2026-04-29
3228,4228,379,2026-05-08
3229,4229,284,2026-06-05
3230,4230,381,2026-05-24
3231,4231,491,2026-05-16
3232,4232,48,2026-06-14
3233,4233,146,2026-05-11
3234,4234,92,2026-05-18
3235,4235,97,2026-05-22
3236,4236,350,2026-05-17
3237,4237,147,2026-05-13
3238,4238,487,2026-06-08
3239,4239,323,2026-05-19
3240,4240,15,2026-05-25
3241,4241,441,2026-05-28
3242,4242,229,2026-05-13
3243,4243,420,2026-06-23
3244,4244,142,2026-05-28
3245,4245,84,2026-05-24
3246,4246,373,2026-06-02
3247,4247,20,2026-05-06
3248,4248,214,2026-06-23
3249,4249,485,2026-06-19
3250,4250,34,2026-05-06
3251,4251,158,2026-05-02
3252,4252,200,2026-05-17
3253,4253,211,2026-06-12
3254,4254,366,2026-05-10
3255,4255,147,2026-06-20
3256,4256,380,2026-05-29
3257,4257,442,2026-06-24
3258,4258,45,2026-06-26
3259,4259,217,2026-06-09
3260,4260,70,2026-06-21
3261,4261,458,2026-06-15
3262,4262,182,2026-05-21
3263,4263,227,2026-05-07
3264,4264,392,2026-06-21
3265,4265,237,2026-06-13
3266,4266,492,2026-06-06
3267,4267,461,2026-05-13
3268,4268,390,2026-06-20
3269,4269,188,2026-05-10
3270,4270,278,2026-05-02
3271,4271,437,2026-05-25
3272,4272,416,2026-06-08
3273,4273,425,2026-06-01
3274,4274,461,2026-06-10
3275,4275,37,2026-05-12
3276,4276,80,2026-05-19
3277,4277,185,2026-06-26
3278,4278,482,2026-04-28
3279,4279,352,2026-06-05
3280,4280,322,2026-06-21
3281,4281,267,2026-05-12
3282,4282,33,2026-06-08
3283,4283,240,2026-06-24
3284,4284,464,2026-06-02
3285,4285,386,2026-06-08
3286,4286,319,2026-06-06
3287,4287,29,2026-05-07
3288,4288,178,2026-06-19
3289,4289,99,2026-05-29
3290,4290,410,2026-06-16
3291,4291,129,2026-06-09
3292,4292,492,2026-05-14
3293,4293,201,2026-05-23
3294,4294,172,2026-06-23
3295,4295,24,2026-05-08
3296,4296,432,2026-06-13
3297,4297,307,2026-05-07
3298,4298,45,2026-05-25
3299,4299,487,2026-06-18
3300,4300,37,2026-06-06
3301,4301,398,2026-06-01
3302,4302,179,2026-06-01
3303,4303,151,2026-05-05
3304,4304,156,2026-05-30
3305,4305,387,2026-05-22
3306,4306,11,2026-06-17
3307,4307,216,2026-05-03
3308,4308,154,2026-05-30
3309,4309,169,2026-06-22
3310,4310,92,2026-05-11
3311,4311,426,2026-05-12
3312,4312,292,2026-05-27
3313,4313,446,2026-06-11
3314,4314,366,2026-06-21
3315,4315,284,2026-06-25
3316,4316,179,2026-06-15
3317,4317,319,2026-05-12
3318,4318,112,2026-06-10
3319,4319,438,2026-05-15
3320,4320,200,2026-05-07
3321,4321,170,2026-05-04
3322,4322,161,2026-06-04
3323,4323,151,2026-06-18
3324,4324,151,2026-06-03
3325,4325,256,2026-06-02
3326,4326,372,2026-06-18
3327,4327,76,2026-06-13
3328,4328,81,2026-04-30
3329,4329,361,2026-05-24
3330,4330,100,2026-05-20
3331,4331,342,2026-06-18
3332,4332,332,2026-06-09
3333,4333,7,2026-06-11
3334,4334,278,2026-06-04
3335,4335,450,2026-05-29
3336,4336,399,2026-05-21
3337,4337,48,2026-06-04
3338,4338,14,2026-05-22
3339,4339,405,2026-04-28
3340,4340,478,2026-05-17
3341,4341,458,2026-05-23
3342,4342,132,2026-06-16
3343,4343,482,2026-05-26
3344,4344,139,2026-06-17
3345,4345,338,2026-05-31
3346,4346,373,2026-05-01
3347,4347,3,2026-06-21
3348,4348,279,2026-05-18
3349,4349,173,2026-06-12
3350,4350,35,2026-05-09
3351,4351,158,2026-05-05
3352,4352,322,2026-05-11
3353,4353,348,2026-06-13
3354,4354,75,2026-05-23
3355,4355,310,2026-06-01
3356,4356,475,2026-06-22
3357,4357,163,2026-06-14
3358,4358,150,2026-06-12
3359,4359,335,2026-05-07
3360,4360,308,2026-05-20
3361,4361,18,2026-04-29
3362,4362,107,2026-06-26
3363,4363,200,2026-06-15
3364,4364,480,2026-05-01
3365,4365,362,2026-05-24
3366,4366,248,2026-06-04
3367,4367,37,2026-05-18
3368,4368,270,2026-05-20
3369,4369,187,2026-05-12
3370,4370,47,2026-05-15
3371,4371,485,2026-05-09
3372,4372,304,2026-05-07
3373,4373,73,2026-06-09
3374,4374,16,2026-06-22
3375,4375,105,2026-05-31
3376,4376,392,2026-05-31
3377,4377,207,2026-05-07
3378,4378,249,2026-06-21
3379,4379,229,2026-05-06
3380,4380,493,2026-04-28
3381,4381,306,2026-04-30
3382,4382,48,2026-05-07
3383,4383,434,2026-06-18
3384,4384,233,2026-05-02
3385,4385,222,2026-04-28
3386,4386,51,2026-06-06
3387,4387,334,2026-06-19
3388,4388,263,2026-06-04
3389,4389,191,2026-06-23
3390,4390,435,2026-05-10
3391,4391,110,2026-06-26
3392,4392,218,2026-05-27
3393,4393,446,2026-06-22
3394,4394,468,2026-06-09
3395,4395,103,2026-05-20
3396,4396,70,2026-05-11
3397,4397,338,2026-06-25
3398,4398,417,2026-05-15
3399,4399,196,2026-05-25
3400,4400,295,2026-05-02
3401,4401,109,2026-05-13
3402,4402,312,2026-05-04
3403,4403,348,2026-06-10
3404,4404,223,2026-05-26
3405,4405,249,2026-06-20
3406,4406,175,2026-05-25
3407,4407,254,2026-05-18
3408,4408,496,2026-06-14
3409,4409,305,2026-05-22
3410,4410,219,2026-06-19
3411,4411,422,2026-05-07
3412,4412,178,2026-05-03
3413,4413,275,2026-05-28
3414,4414,381,2026-05-19
3415,4415,157,2026-06-01
3416,4416,77,2026-06-24
3417,4417,328,2026-04-28
3418,4418,143,2026-06-04
3419,4419,217,2026-05-31
3420,4420,209,2026-05-23
3421,4421,410,2026-06-06
3422,4422,269,2026-05-23
3423,4423,253,2026-06-11
3424,4424,284,2026-06-11
3425,4425,61,2026-05-24
3426,4426,247,2026-06-05
3427,4427,233,2026-06-06
3428,4428,447,2026-04-30
3429,4429,340,2026-06-03
3430,4430,394,2026-06-21
3431,4431,305,2026-05-02
3432,4432,63,2026-05-29
3433,4433,469,2026-06-15
3434,4434,221,2026-05-07
3435,4435,306,2026-05-12
3436,4436,62,2026-05-17
3437,4437,260,2026-06-25
3438,4438,210,2026-05-27
3439,4439,480,2026-05-18
3440,4440,381,2026-06-24
3441,4441,395,2026-05-03
3442,4442,283,2026-05-28
3443,4443,282,2026-06-07
3444,4444,363,2026-06-17
3445,4445,298,2026-06-26
3446,4446,419,2026-05-11
3447,4447,227,2026-05-23
3448,4448,99,2026-05-28
3449,4449,251,2026-05-07
3450,4450,251,2026-05-05
3451,4451,377,2026-05-21
3452,4452,466,2026-06-16
3453,4453,235,2026-05-03
3454,4454,105,2026-06-26
3455,4455,153,2026-06-16
3456,4456,460,2026-05-24
3457,4457,4,2026-05-04
3458,4458,459,2026-05-11
3459,4459,153,2026-06-21
3460,4460,315,2026-04-30
3461,4461,268,2026-05-12
3462,4462,321,2026-05-28
3463,4463,198,2026-06-22
3464,4464,48,2026-04-29
3465,4465,114,2026-06-19
3466,4466,13,2026-05-22
3467,4467,182,2026-05-24
3468,4468,285,2026-06-02
3469,4469,100,2026-06-25
3470,4470,363,2026-05-06
3471,4471,233,2026-05-31
3472,4472,431,2026-05-25
3473,4473,168,2026-05-31
3474,4474,177,2026-05-17
3475,4475,274,2026-05-05
3476,4476,4,2026-06-03
3477,4477,152,2026-06-17
3478,4478,85,2026-05-03
3479,4479,266,2026-05-05
3480,4480,56,2026-05-19
3481,4481,151,2026-06-13
3482,4482,159,2026-06-14
3483,4483,339,2026-05-02
3484,4484,456,2026-06-15
3485,4485,377,2026-06-07
3486,4486,471,2026-05-01
3487,4487,410,2026-04-30
3488,4488,405,2026-04-29
3489,4489,123,2026-05-12
3490,4490,294,2026-05-06
3491,4491,40,2026-05-08
3492,4492,35,2026-06-16
3493,4493,132,2026-06-14
3494,4494,488,2026-06-12
3495,4495,458,2026-05-03
3496,4496,451,2026-06-24
3497,4497,317,2026-05-20
3498,4498,128,2026-05-02
3499,4499,389,2026-05-31
3500,4500,346,2026-05-10
3501,4501,149,2026-06-09
3502,4502,74,2026-05-25
3503,4503,461,2026-04-30
3504,4504,469,2026-05-07
3505,4505,481,2026-05-18
3506,4506,46,2026-06-19
3507,4507,233,2026-06-05
3508,4508,51,2026-06-02
3509,4509,59,2026-05-16
3510,4510,446,2026-05-30
3511,4511,426,2026-05-18
3512,4512,438,2026-05-05
3513,4513,47,2026-05-27
3514,4514,128,2026-06-12
3515,4515,483,2026-05-19
3516,4516,220,2026-06-17
3517,4517,327,2026-05-15
3518,4518,7,2026-04-29
3519,4519,112,2026-06-06
3520,4520,416,2026-05-07
3521,4521,486,2026-06-14
3522,4522,13,2026-05-08
3523,4523,491,2026-05-17
3524,4524,436,2026-06-04
3525,4525,165,2026-06-26
3526,4526,464,2026-06-18
3527,4527,74,2026-05-20
3528,4528,177,2026-04-29
3529,4529,28,2026-06-25
3530,4530,297,2026-05-26
3531,4531,255,2026-06-15
3532,4532,385,2026-04-30
3533,4533,82,2026-05-04
3534,4534,268,2026-05-18
3535,4535,446,2026-05-22
3536,4536,11,2026-06-21
3537,4537,161,2026-05-31
3538,4538,420,2026-06-07
3539,4539,468,2026-06-02
3540,4540,312,2026-06-24
3541,4541,107,2026-05-26
3542,4542,11,2026-05-31
3543,4543,73,2026-05-25
3544,4544,336,2026-05-09
3545,4545,272,2026-06-19
3546,4546,38,2026-05-09
3547,4547,269,2026-05-27
3548,4548,259,2026-05-11
3549,4549,483,2026-05-18
3550,4550,37,2026-06-09
3551,4551,15,2026-05-20
3552,4552,42,2026-05-02
3553,4553,177,2026-05-16
3554,4554,134,2026-04-30
3555,4555,18,2026-06-04
3556,4556,406,2026-05-04
3557,4557,350,2026-04-30
3558,4558,32,2026-05-09
3559,4559,494,2026-06-13
3560,4560,399,2026-06-08
3561,4561,471,2026-06-08
3562,4562,137,2026-06-15
3563,4563,92,2026-06-16
3564,4564,81,2026-05-20
3565,4565,437,2026-05-13
3566,4566,424,2026-05-27
3567,4567,235,2026-06-18
3568,4568,343,2026-06-26
3569,4569,105,2026-06-04
3570,4570,290,2026-05-20
3571,4571,410,2026-06-11
3572,4572,240,2026-05-22
3573,4573,249,2026-06-20
3574,4574,16,2026-05-27
3575,4575,331,2026-05-05
3576,4576,347,2026-05-14
3577,4577,298,2026-05-27
3578,4578,488,2026-05-06
3579,4579,98,2026-05-04
3580,4580,191,2026-05-01
3581,4581,332,2026-05-10
3582,4582,62,2026-06-19
3583,4583,72,2026-06-06
3584,4584,403,2026-06-04
3585,4585,139,2026-05-18
3586,4586,452,2026-05-26
3587,4587,405,2026-05-31
3588,4588,360,2026-05-15
3589,4589,88,2026-05-27
3590,4590,27,2026-05-07
3591,4591,111,2026-06-09
3592,4592,347,2026-05-21
3593,4593,338,2026-06-08
3594,4594,412,2026-05-30
3595,4595,47,2026-06-03
3596,4596,320,2026-05-26
3597,4597,14,2026-06-06
3598,4598,306,2026-06-02
3599,4599,93,2026-06-08
3600,4600,76,2026-04-29
3601,4601,216,2026-06-12
3602,4602,383,2026-05-16
3603,4603,133,2026-05-08
3604,4604,127,2026-05-18
3605,4605,59,2026-06-07
3606,4606,97,2026-06-12
3607,4607,266,2026-06-13
3608,4608,348,2026-05-08
3609,4609,88,2026-05-02
3610,4610,454,2026-05-18
3611,4611,260,2026-06-13
3612,4612,324,2026-05-02
3613,4613,206,2026-06-05
3614,4614,89,2026-06-04
3615,4615,130,2026-06-22
3616,4616,332,2026-06-03
3617,4617,472,2026-06-11
3618,4618,377,2026-06-26
3619,4619,113,2026-05-06
3620,4620,168,2026-06-07
3621,4621,58,2026-05-17
3622,4622,320,2026-05-18
3623,4623,371,2026-04-29
3624,4624,315,2026-05-21
3625,4625,310,2026-05-17
3626,4626,347,2026-06-11
3627,4627,289,2026-06-05
3628,4628,383,2026-06-09
3629,4629,260,2026-05-11
3630,4630,379,2026-06-26
3631,4631,56,2026-06-24
3632,4632,52,2026-05-23
3633,4633,204,2026-06-13
3634,4634,7,2026-06-22
3635,4635,383,2026-05-22
3636,4636,330,2026-06-02
3637,4637,34,2026-06-19
3638,4638,395,2026-04-29
3639,4639,194,2026-06-20
3640,4640,255,2026-06-16
3641,4641,1,2026-05-22
3642,4642,111,2026-06-22
3643,4643,489,2026-05-24
3644,4644,447,2026-05-03
3645,4645,336,2026-05-18
3646,4646,82,2026-05-21
3647,4647,18,2026-05-12
3648,4648,312,2026-05-23
3649,4649,324,2026-05-07
3650,4650,146,2026-05-11
3651,4651,342,2026-05-22
3652,4652,453,2026-06-21
3653,4653,262,2026-06-09
3654,4654,445,2026-05-11
3655,4655,250,2026-05-02
3656,4656,338,2026-06-13
3657,4657,44,2026-06-22
3658,4658,308,2026-05-21
3659,4659,97,2026-05-09
3660,4660,85,2026-04-28
3661,4661,327,2026-05-09
3662,4662,101,2026-05-12
3663,4663,362,2026-06-21
3664,4664,157,2026-04-29
3665,4665,70,2026-06-13
3666,4666,72,2026-06-19
3667,4667,474,2026-05-01
3668,4668,52,2026-05-31
3669,4669,75,2026-06-17
3670,4670,170,2026-06-16
3671,4671,304,2026-06-10
3672,4672,422,2026-06-18
3673,4673,151,2026-05-08
3674,4674,259,2026-04-28
3675,4675,186,2026-06-08
3676,4676,88,2026-05-26
3677,4677,234,2026-05-28
3678,4678,229,2026-05-20
3679,4679,333,2026-06-26
3680,4680,224,2026-05-16
3681,4681,289,2026-06-20
3682,4682,240,2026-06-06
3683,4683,450,2026-06-26
3684,4684,310,2026-05-05
3685,4685,153,2026-05-29
3686,4686,325,2026-05-08
3687,4687,189,2026-04-30
3688,4688,330,2026-06-14
3689,4689,154,2026-05-11
3690,4690,95,2026-05-09
3691,4691,294,2026-05-30
3692,4692,418,2026-06-25
3693,4693,314,2026-05-27
3694,4694,454,2026-05-06
3695,4695,404,2026-05-18
3696,4696,23,2026-06-13
3697,4697,72,2026-05-25
3698,4698,411,2026-06-19
3699,4699,339,2026-06-09
3700,4700,130,2026-06-06
3701,4701,230,2026-06-24
3702,4702,67,2026-06-04
3703,4703,332,2026-05-16
3704,4704,305,2026-06-16
3705,4705,235,2026-06-20
3706,4706,339,2026-05-18
3707,4707,402,2026-05-08
3708,4708,42,2026-06-20
3709,4709,91,2026-05-15
3710,4710,385,2026-05-27
3711,4711,173,2026-05-05
3712,4712,121,2026-06-09
3713,4713,414,2026-05-08
3714,4714,36,2026-06-23
3715,4715,179,2026-05-11
3716,4716,40,2026-05-14
3717,4717,381,2026-06-19
3718,4718,264,2026-06-12
3719,4719,291,2026-05-10
3720,4720,495,2026-04-28
3721,4721,108,2026-05-08
3722,4722,123,2026-06-16
3723,4723,178,2026-05-15
3724,4724,487,2026-05-27
3725,4725,142,2026-06-04
3726,4726,289,2026-06-02
3727,4727,22,2026-05-04
3728,4728,218,2026-04-29
3729,4729,475,2026-05-31
3730,4730,273,2026-06-01
3731,4731,1,2026-06-08
3732,4732,258,2026-06-01
3733,4733,313,2026-05-05
3734,4734,317,2026-05-24
3735,4735,485,2026-06-24
3736,4736,250,2026-06-14
3737,4737,492,2026-05-25
3738,4738,276,2026-05-26
3739,4739,334,2026-05-05
3740,4740,186,2026-06-11
3741,4741,351,2026-05-13
3742,4742,363,2026-05-27
3743,4743,253,2026-06-06
3744,4744,119,2026-04-29
3745,4745,465,2026-05-11
3746,4746,44,2026-06-02
3747,4747,44,2026-06-19
3748,4748,107,2026-05-10
3749,4749,304,2026-06-03
3750,4750,233,2026-06-01
3751,4751,251,2026-05-27
3752,4752,51,2026-05-05
3753,4753,64,2026-05-03
3754,4754,345,2026-06-26
3755,4755,97,2026-06-17
3756,4756,3,2026-05-01
3757,4757,318,2026-05-29
3758,4758,33,2026-05-06
3759,4759,102,2026-05-27
3760,4760,369,2026-05-04
3761,4761,2,2026-06-11
3762,4762,415,2026-05-13
3763,4763,184,2026-06-06
3764,4764,197,2026-05-18
3765,4765,354,2026-06-04
3766,4766,218,2026-05-22
3767,4767,193,2026-06-05
3768,4768,400,2026-05-09
3769,4769,103,2026-06-12
3770,4770,75,2026-06-17
3771,4771,409,2026-04-30
3772,4772,124,2026-05-01
3773,4773,306,2026-05-05
3774,4774,153,2026-06-25
3775,4775,133,2026-05-31
3776,4776,50,2026-05-06
3777,4777,72,2026-05-29
3778,4778,228,2026-06-21
3779,4779,272,2026-06-11
3780,4780,413,2026-05-30
3781,4781,445,2026-05-29
3782,4782,43,2026-05-24
3783,4783,248,2026-05-26
3784,4784,43,2026-06-01
3785,4785,79,2026-06-02
3786,4786,40,2026-05-25
3787,4787,396,2026-04-28
3788,4788,422,2026-05-07
3789,4789,235,2026-06-25
3790,4790,30,2026-06-26
3791,4791,467,2026-05-25
3792,4792,98,2026-05-09
3793,4793,335,2026-06-24
3794,4794,293,2026-05-30
3795,4795,238,2026-06-21
3796,4796,274,2026-06-26
3797,4797,177,2026-06-13
3798,4798,161,2026-05-31
3799,4799,470,2026-06-15
3800,4800,100,2026-06-02
3801,4801,287,2026-05-08
3802,4802,272,2026-05-26
3803,4803,448,2026-06-13
3804,4804,45,2026-05-13
3805,4805,304,2026-04-30
3806,4806,394,2026-06-01
3807,4807,83,2026-05-14
3808,4808,85,2026-05-05
3809,4809,271,2026-05-03
3810,4810,212,2026-06-22
3811,4811,15,2026-06-15
3812,4812,379,2026-06-08
3813,4813,474,2026-06-12
3814,4814,108,2026-06-17
3815,4815,420,2026-05-22
3816,4816,172,2026-05-31
3817,4817,396,2026-05-11
3818,4818,66,2026-06-03
3819,4819,264,2026-05-11
3820,4820,33,2026-05-19
3821,4821,238,2026-06-23
3822,4822,463,2026-05-26
3823,4823,492,2026-06-09
3824,4824,476,2026-06-25
3825,4825,165,2026-06-15
3826,4826,390,2026-06-20
3827,4827,468,2026-05-25
3828,4828,345,2026-04-28
3829,4829,318,2026-05-06
3830,4830,107,2026-05-20
3831,4831,444,2026-05-11
3832,4832,181,2026-05-20
3833,4833,247,2026-06-11
3834,4834,489,2026-06-08
3835,4835,209,2026-06-21
3836,4836,399,2026-06-17
3837,4837,96,2026-06-18
3838,4838,357,2026-06-23
3839,4839,53,2026-06-10
3840,4840,261,2026-06-05
3841,4841,131,2026-05-30
3842,4842,261,2026-06-06
3843,4843,182,2026-05-03
3844,4844,185,2026-05-13
3845,4845,358,2026-05-14
3846,4846,398,2026-05-15
3847,4847,237,2026-05-09
3848,4848,224,2026-06-05
3849,4849,437,2026-05-04
3850,4850,257,2026-06-04
3851,4851,340,2026-04-30
3852,4852,175,2026-06-10
3853,4853,173,2026-05-18
3854,4854,46,2026-06-06
3855,4855,499,2026-06-08
3856,4856,172,2026-05-07
3857,4857,211,2026-06-14
3858,4858,223,2026-06-22
3859,4859,389,2026-06-07
3860,4860,370,2026-06-25
3861,4861,490,2026-06-03
3862,4862,454,2026-05-30
3863,4863,189,2026-06-02
3864,4864,221,2026-06-08
3865,4865,179,2026-04-28
3866,4866,334,2026-05-22
3867,4867,14,2026-06-09
3868,4868,184,2026-06-21
3869,4869,394,2026-05-20
3870,4870,410,2026-06-21
3871,4871,224,2026-05-03
3872,4872,433,2026-05-27
3873,4873,313,2026-06-25
3874,4874,425,2026-05-03
3875,4875,270,2026-05-25
3876,4876,28,2026-06-07
3877,4877,40,2026-05-24
3878,4878,441,2026-06-02
3879,4879,27,2026-06-07
3880,4880,143,2026-05-09
3881,4881,106,2026-05-08
3882,4882,66,2026-06-19
3883,4883,379,2026-06-25
3884,4884,376,2026-05-16
3885,4885,149,2026-05-03
3886,4886,358,2026-05-22
3887,4887,309,2026-06-12
3888,4888,264,2026-06-08
3889,4889,148,2026-06-08
3890,4890,18,2026-06-05
3891,4891,67,2026-05-05
3892,4892,360,2026-05-03
3893,4893,372,2026-06-16
3894,4894,68,2026-05-29
3895,4895,6,2026-04-29
3896,4896,281,2026-05-30
3897,4897,216,2026-05-19
3898,4898,51,2026-05-09
3899,4899,49,2026-06-11
3900,4900,484,2026-06-07
3901,4901,357,2026-06-09
3902,4902,140,2026-06-02
3903,4903,208,2026-05-06
3904,4904,287,2026-05-12
3905,4905,178,2026-04-29
3906,4906,314,2026-05-06
3907,4907,24,2026-05-11
3908,4908,361,2026-06-04
3909,4909,89,2026-05-26
3910,4910,301,2026-05-27
3911,4911,207,2026-05-09
3912,4912,8,2026-06-09
3913,4913,113,2026-05-03
3914,4914,350,2026-06-13
3915,4915,424,2026-06-19
3916,4916,319,2026-06-17
3917,4917,29,2026-04-30
3918,4918,283,2026-06-20
3919,4919,464,2026-04-30
3920,4920,201,2026-06-03
3921,4921,36,2026-06-12
3922,4922,130,2026-06-26
3923,4923,333,2026-05-27
3924,4924,405,2026-06-22
3925,4925,107,2026-05-05
3926,4926,189,2026-06-04
3927,4927,419,2026-05-29
3928,4928,88,2026-05-06
3929,4929,219,2026-06-09
3930,4930,221,2026-06-12
3931,4931,62,2026-05-04
3932,4932,86,2026-05-15
3933,4933,183,2026-06-06
3934,4934,325,2026-05-13
3935,4935,262,2026-05-09
3936,4936,44,2026-05-22
3937,4937,68,2026-05-15
3938,4938,380,2026-05-31
3939,4939,120,2026-06-25
3940,4940,137,2026-06-24
3941,4941,167,2026-05-24
3942,4942,21,2026-06-05
3943,4943,479,2026-05-10
3944,4944,302,2026-05-21
3945,4945,305,2026-05-14
3946,4946,148,2026-06-03
3947,4947,176,2026-05-07
3948,4948,30,2026-05-21
3949,4949,372,2026-06-25
3950,4950,479,2026-05-10
3951,4951,358,2026-06-01
3952,4952,392,2026-05-13
3953,4953,419,2026-04-29
3954,4954,172,2026-05-28
3955,4955,310,2026-05-01
3956,4956,3,2026-06-12
3957,4957,398,2026-05-23
3958,4958,449,2026-06-06
3959,4959,264,2026-05-06
3960,4960,107,2026-05-15
3961,4961,363,2026-06-03
3962,4962,314,2026-05-27
3963,4963,409,2026-05-03
3964,4964,194,2026-06-25
3965,4965,144,2026-05-20
3966,4966,85,2026-04-29
3967,4967,476,2026-06-21
3968,4968,170,2026-06-24
3969,4969,490,2026-05-15
3970,4970,481,2026-04-29
3971,4971,394,2026-05-06
3972,4972,254,2026-05-03
3973,4973,97,2026-06-11
3974,4974,293,2026-04-28
3975,4975,74,2026-05-25
3976,4976,475,2026-06-15
3977,4977,67,2026-06-17
3978,4978,80,2026-06-02
3979,4979,236,2026-05-07
3980,4980,271,2026-05-06
3981,4981,329,2026-05-21
3982,4982,103,2026-05-19
3983,4983,129,2026-05-27
3984,4984,240,2026-06-23
3985,4985,421,2026-06-25
3986,4986,266,2026-06-26
3987,4987,100,2026-06-16
3988,4988,467,2026-05-20
3989,4989,421,2026-05-27
3990,4990,125,2026-04-30
3991,4991,289,2026-05-10
3992,4992,38,2026-05-21
3993,4993,162,2026-05-24
3994,4994,27,2026-04-30
3995,4995,328,2026-06-08
3996,4996,348,2026-05-15
3997,4997,50,2026-06-04
3998,4998,355,2026-05-31
3999,4999,359,2026-05-12
4000,5000,230,2026-05-19
4001,5001,167,2026-05-27
4002,5002,485,2026-06-10
4003,5003,90,2026-05-01
4004,5004,30,2026-06-17
4005,5005,499,2026-05-17
4006,5006,396,2026-06-04
4007,5007,184,2026-05-01
4008,5008,364,2026-06-04
4009,5009,250,2026-05-23
4010,5010,103,2026-05-11
4011,5011,40,2026-06-04
4012,5012,221,2026-05-16
4013,5013,20,2026-06-17
4014,5014,264,2026-05-01
4015,5015,238,2026-06-13
4016,5016,236,2026-05-10
4017,5017,447,2026-05-16
4018,5018,84,2026-05-29
4019,5019,303,2026-05-20
4020,5020,2,2026-06-08
4021,5021,89,2026-06-21
4022,5022,352,2026-05-27
4023,5023,194,2026-05-28
4024,5024,6,2026-05-10
4025,5025,111,2026-05-24
4026,5026,457,2026-05-08
4027,5027,243,2026-05-21
4028,5028,104,2026-05-30
4029,5029,92,2026-05-19
4030,5030,305,2026-06-20
4031,5031,357,2026-05-20
4032,5032,218,2026-06-12
4033,5033,318,2026-05-17
4034,5034,241,2026-06-19
4035,5035,140,2026-05-20
4036,5036,163,2026-06-04
4037,5037,287,2026-05-27
4038,5038,66,2026-05-23
4039,5039,444,2026-05-17
4040,5040,423,2026-05-18
4041,5041,481,2026-05-29
4042,5042,446,2026-05-31
4043,5043,200,2026-05-08
4044,5044,48,2026-06-19
4045,5045,218,2026-06-02
4046,5046,312,2026-05-26
4047,5047,97,2026-04-28
4048,5048,175,2026-05-28
4049,5049,192,2026-05-22
4050,5050,61,2026-06-18
4051,5051,263,2026-05-25
4052,5052,18,2026-05-27
4053,5053,229,2026-06-24
4054,5054,177,2026-06-01
4055,5055,391,2026-05-03
4056,5056,166,2026-06-11
4057,5057,72,2026-05-07
4058,5058,451,2026-05-16
4059,5059,247,2026-06-16
4060,5060,304,2026-05-04
4061,5061,111,2026-05-13
4062,5062,28,2026-06-14
4063,5063,316,2026-05-08
4064,5064,437,2026-06-14
4065,5065,68,2026-05-11
4066,5066,441,2026-05-31
4067,5067,173,2026-05-13
4068,5068,490,2026-06-21
4069,5069,319,2026-06-03
4070,5070,74,2026-04-29
4071,5071,58,2026-06-13
4072,5072,237,2026-05-07
4073,5073,422,2026-05-24
4074,5074,154,2026-05-22
4075,5075,212,2026-05-03
4076,5076,433,2026-06-20
4077,5077,361,2026-06-22
4078,5078,170,2026-05-03
4079,5079,137,2026-06-02
4080,5080,215,2026-06-08
4081,5081,110,2026-05-24
4082,5082,258,2026-06-13
4083,5083,220,2026-06-10
4084,5084,356,2026-04-29
4085,5085,141,2026-05-01
4086,5086,135,2026-05-14
4087,5087,353,2026-05-10
4088,5088,454,2026-06-05
4089,5089,404,2026-05-11
4090,5090,367,2026-06-20
4091,5091,171,2026-05-07
4092,5092,272,2026-04-29
4093,5093,269,2026-05-17
4094,5094,276,2026-04-28
4095,5095,28,2026-06-12
4096,5096,202,2026-05-22
4097,5097,140,2026-05-06
4098,5098,2,2026-05-17
4099,5099,274,2026-06-08
4100,5100,285,2026-06-14
4101,5101,395,2026-05-13
4102,5102,233,2026-06-17
4103,5103,122,2026-05-19
4104,5104,383,2026-05-31
4105,5105,270,2026-05-21
4106,5106,197,2026-06-23
4107,5107,389,2026-05-04
4108,5108,197,2026-04-30
4109,5109,52,2026-06-15
4110,5110,377,2026-06-03
4111,5111,493,2026-05-06
4112,5112,144,2026-05-30
4113,5113,196,2026-06-22
4114,5114,63,2026-05-22
4115,5115,247,2026-05-23
4116,5116,29,2026-06-05
4117,5117,235,2026-06-25
4118,5118,30,2026-05-15
4119,5119,434,2026-05-28
4120,5120,73,2026-05-04
4121,5121,302,2026-05-03
4122,5122,40,2026-05-18
4123,5123,9,2026-06-11
4124,5124,19,2026-06-20
4125,5125,35,2026-05-16
4126,5126,424,2026-05-12
4127,5127,471,2026-05-29
4128,5128,81,2026-05-12
4129,5129,53,2026-05-20
4130,5130,226,2026-05-18
4131,5131,384,2026-06-20
4132,5132,38,2026-06-24
4133,5133,161,2026-06-25
4134,5134,475,2026-05-08
4135,5135,52,2026-05-27
4136,5136,80,2026-06-24
4137,5137,237,2026-05-13
4138,5138,411,2026-05-15
4139,5139,263,2026-05-21
4140,5140,295,2026-05-31
4141,5141,112,2026-05-16
4142,5142,104,2026-05-08
4143,5143,440,2026-05-12
4144,5144,299,2026-04-30
4145,5145,393,2026-05-07
4146,5146,283,2026-06-20
4147,5147,448,2026-06-11
4148,5148,88,2026-06-14
4149,5149,131,2026-05-31
4150,5150,291,2026-05-01
4151,5151,368,2026-05-30
4152,5152,277,2026-06-05
4153,5153,470,2026-05-29
4154,5154,390,2026-04-30
4155,5155,341,2026-05-31
4156,5156,152,2026-05-17
4157,5157,279,2026-06-25
4158,5158,215,2026-05-02
4159,5159,50,2026-05-28
4160,5160,101,2026-05-05
4161,5161,145,2026-06-11
4162,5162,462,2026-06-07
4163,5163,347,2026-05-04
4164,5164,91,2026-05-23
4165,5165,241,2026-06-17
4166,5166,322,2026-05-13
4167,5167,304,2026-06-12
4168,5168,377,2026-06-21
4169,5169,288,2026-05-14
4170,5170,312,2026-04-29
4171,5171,163,2026-05-24
4172,5172,341,2026-05-19
4173,5173,318,2026-06-25
4174,5174,134,2026-04-30
4175,5175,156,2026-06-06
4176,5176,375,2026-05-18
4177,5177,457,2026-06-21
4178,5178,292,2026-05-27
4179,5179,368,2026-05-13
4180,5180,129,2026-05-29
4181,5181,215,2026-06-23
4182,5182,266,2026-05-17
4183,5183,228,2026-05-20
4184,5184,315,2026-05-23
4185,5185,15,2026-06-08
4186,5186,231,2026-06-04
4187,5187,209,2026-06-03
4188,5188,265,2026-05-10
4189,5189,106,2026-05-15
4190,5190,191,2026-06-05
4191,5191,259,2026-04-29
4192,5192,452,2026-05-09
4193,5193,234,2026-06-10
4194,5194,229,2026-06-15
4195,5195,38,2026-06-11
4196,5196,205,2026-06-21
4197,5197,249,2026-06-11
4198,5198,239,2026-05-20
4199,5199,74,2026-05-31
4200,5200,224,2026-05-16
4201,5201,65,2026-06-16
4202,5202,134,2026-06-01
4203,5203,378,2026-06-03
4204,5204,277,2026-04-29
4205,5205,266,2026-06-06
4206,5206,479,2026-06-07
4207,5207,294,2026-05-27
4208,5208,368,2026-05-13
4209,5209,446,2026-05-11
4210,5210,398,2026-06-20
4211,5211,137,2026-06-10
4212,5212,36,2026-05-28
4213,5213,366,2026-06-23
4214,5214,110,2026-05-08
4215,5215,247,2026-04-29
4216,5216,25,2026-05-10
4217,5217,375,2026-06-18
4218,5218,93,2026-06-22
4219,5219,390,2026-05-02
4220,5220,274,2026-05-13
4221,5221,151,2026-06-05
4222,5222,78,2026-05-10
4223,5223,127,2026-06-18
4224,5224,272,2026-06-17
4225,5225,255,2026-05-13
4226,5226,302,2026-04-30
4227,5227,233,2026-06-05
4228,5228,441,2026-04-30
4229,5229,422,2026-06-20
4230,5230,348,2026-05-11
4231,5231,366,2026-06-26
4232,5232,192,2026-05-31
4233,5233,224,2026-05-18
4234,5234,150,2026-04-30
4235,5235,365,2026-06-02
4236,5236,65,2026-05-21
4237,5237,180,2026-05-14
4238,5238,224,2026-05-09
4239,5239,193,2026-06-24
4240,5240,108,2026-05-06
4241,5241,46,2026-06-23
4242,5242,174,2026-05-20
4243,5243,56,2026-05-04
4244,5244,230,2026-06-14
4245,5245,287,2026-05-09
4246,5246,87,2026-06-12
4247,5247,416,2026-05-24
4248,5248,447,2026-05-19
4249,5249,393,2026-05-07
4250,5250,166,2026-05-18
4251,5251,78,2026-05-18
4252,5252,265,2026-05-18
4253,5253,150,2026-05-02
4254,5254,32,2026-05-16
4255,5255,339,2026-05-05
4256,5256,436,2026-05-17
4257,5257,415,2026-06-24
4258,5258,282,2026-05-31
4259,5259,387,2026-05-03
4260,5260,116,2026-05-08
4261,5261,367,2026-06-19
4262,5262,224,2026-06-15
4263,5263,342,2026-05-07
4264,5264,462,2026-05-20
4265,5265,112,2026-05-08
4266,5266,65,2026-05-29
4267,5267,214,2026-05-06
4268,5268,288,2026-06-01
4269,5269,222,2026-06-12
4270,5270,457,2026-06-07
4271,5271,3,2026-06-15
4272,5272,363,2026-05-13
4273,5273,197,2026-05-08
4274,5274,447,2026-05-31
4275,5275,129,2026-05-08
4276,5276,40,2026-06-15
4277,5277,270,2026-05-14
4278,5278,47,2026-06-14
4279,5279,494,2026-06-26
4280,5280,78,2026-06-15
4281,5281,194,2026-06-16
4282,5282,316,2026-05-11
4283,5283,304,2026-05-18
4284,5284,261,2026-06-19
4285,5285,91,2026-05-18
4286,5286,137,2026-05-23
4287,5287,7,2026-05-30
4288,5288,83,2026-06-26
4289,5289,428,2026-06-25
4290,5290,299,2026-06-23
4291,5291,96,2026-05-17
4292,5292,388,2026-05-05
4293,5293,239,2026-05-10
4294,5294,472,2026-06-10
4295,5295,348,2026-05-26
4296,5296,368,2026-06-08
4297,5297,262,2026-05-25
4298,5298,235,2026-06-14
4299,5299,263,2026-05-07
4300,5300,360,2026-05-02
4301,5301,208,2026-05-07
4302,5302,361,2026-05-06
4303,5303,79,2026-06-10
4304,5304,396,2026-06-10
4305,5305,469,2026-05-04
4306,5306,130,2026-05-21
4307,5307,334,2026-06-15
4308,5308,119,2026-06-15
4309,5309,48,2026-06-03
4310,5310,76,2026-06-19
4311,5311,228,2026-05-08
4312,5312,421,2026-06-24
4313,5313,222,2026-06-08
4314,5314,46,2026-06-21
4315,5315,186,2026-05-16
4316,5316,248,2026-06-15
4317,5317,291,2026-05-02
4318,5318,72,2026-06-17
4319,5319,389,2026-06-01
4320,5320,259,2026-06-25
4321,5321,411,2026-06-07
4322,5322,105,2026-05-10
4323,5323,153,2026-06-20
4324,5324,171,2026-04-29
4325,5325,36,2026-05-17
4326,5326,142,2026-05-25
4327,5327,90,2026-05-15
4328,5328,384,2026-05-09
4329,5329,283,2026-04-30
4330,5330,423,2026-05-28
4331,5331,202,2026-06-04
4332,5332,245,2026-05-31
4333,5333,392,2026-06-23
4334,5334,203,2026-06-26
4335,5335,327,2026-04-30
4336,5336,365,2026-06-10
4337,5337,47,2026-06-10
4338,5338,33,2026-06-08
4339,5339,43,2026-05-18
4340,5340,274,2026-05-01
4341,5341,408,2026-06-25
4342,5342,361,2026-06-21
4343,5343,209,2026-05-26
4344,5344,61,2026-05-22
4345,5345,2,2026-06-23
4346,5346,425,2026-06-09
4347,5347,2,2026-06-04
4348,5348,448,2026-06-16
4349,5349,240,2026-06-07
4350,5350,210,2026-05-28
4351,5351,405,2026-06-26
4352,5352,250,2026-06-20
4353,5353,193,2026-06-20
4354,5354,443,2026-04-30
4355,5355,473,2026-06-05
4356,5356,371,2026-05-19
4357,5357,236,2026-06-15
4358,5358,152,2026-06-09
4359,5359,362,2026-05-14
4360,5360,136,2026-05-06
4361,5361,497,2026-05-12
4362,5362,69,2026-05-25
4363,5363,151,2026-05-22
4364,5364,240,2026-06-17
4365,5365,70,2026-05-11
4366,5366,20,2026-06-19
4367,5367,427,2026-06-04
4368,5368,391,2026-06-17
4369,5369,51,2026-05-10
4370,5370,211,2026-06-18
4371,5371,388,2026-05-09
4372,5372,220,2026-06-24
4373,5373,7,2026-06-18
4374,5374,91,2026-06-11
4375,5375,210,2026-05-06
4376,5376,50,2026-06-17
4377,5377,20,2026-04-29
4378,5378,418,2026-06-11
4379,5379,113,2026-05-26
4380,5380,455,2026-05-17
4381,5381,232,2026-05-16
4382,5382,264,2026-05-21
4383,5383,243,2026-06-15
4384,5384,43,2026-06-02
4385,5385,254,2026-05-24
4386,5386,84,2026-06-12
4387,5387,31,2026-05-27
4388,5388,147,2026-06-17
4389,5389,122,2026-06-16
4390,5390,240,2026-05-08
4391,5391,126,2026-06-08
4392,5392,77,2026-05-27
4393,5393,173,2026-06-16
4394,5394,455,2026-05-23
4395,5395,409,2026-05-10
4396,5396,263,2026-06-04
4397,5397,218,2026-06-26
4398,5398,384,2026-05-26
4399,5399,111,2026-06-26
4400,5400,116,2026-06-11
4401,5401,29,2026-05-29
4402,5402,170,2026-05-26
4403,5403,96,2026-06-13
4404,5404,272,2026-06-07
4405,5405,463,2026-05-29
4406,5406,322,2026-06-03
4407,5407,397,2026-06-17
4408,5408,422,2026-05-16
4409,5409,43,2026-05-27
4410,5410,167,2026-06-23
4411,5411,42,2026-06-18
4412,5412,381,2026-06-11
4413,5413,247,2026-06-18
4414,5414,269,2026-05-05
4415,5415,276,2026-05-29
4416,5416,43,2026-05-01
4417,5417,173,2026-06-17
4418,5418,191,2026-06-03
4419,5419,300,2026-05-29
4420,5420,225,2026-06-22
4421,5421,461,2026-05-11
4422,5422,426,2026-05-30
4423,5423,241,2026-05-15
4424,5424,390,2026-06-19
4425,5425,207,2026-05-22
4426,5426,327,2026-05-02
4427,5427,171,2026-05-29
4428,5428,86,2026-06-17
4429,5429,92,2026-05-28
4430,5430,250,2026-06-18
4431,5431,54,2026-06-14
4432,5432,488,2026-06-11
4433,5433,334,2026-05-25
4434,5434,446,2026-06-20
4435,5435,317,2026-05-11
4436,5436,421,2026-06-21
4437,5437,411,2026-05-05
4438,5438,130,2026-05-22
4439,5439,332,2026-06-18
4440,5440,20,2026-05-26
4441,5441,408,2026-06-23
4442,5442,490,2026-05-11
4443,5443,67,2026-05-25
4444,5444,23,2026-05-12
4445,5445,108,2026-05-15
4446,5446,90,2026-05-16
4447,5447,242,2026-06-10
4448,5448,79,2026-04-28
4449,5449,497,2026-06-21
4450,5450,155,2026-06-04
4451,5451,76,2026-05-18
4452,5452,329,2026-05-18
4453,5453,308,2026-05-27
4454,5454,290,2026-05-21
4455,5455,34,2026-05-13
4456,5456,281,2026-05-29
4457,5457,373,2026-05-27
4458,5458,434,2026-05-15
4459,5459,491,2026-05-04
4460,5460,20,2026-06-25
4461,5461,421,2026-05-11
4462,5462,143,2026-05-19
4463,5463,217,2026-06-03
4464,5464,59,2026-06-19
4465,5465,446,2026-04-30
4466,5466,171,2026-05-09
4467,5467,341,2026-05-10
4468,5468,152,2026-05-15
4469,5469,472,2026-06-03
4470,5470,487,2026-06-23
4471,5471,230,2026-06-02
4472,5472,340,2026-06-09
4473,5473,165,2026-05-31
4474,5474,109,2026-06-15
4475,5475,384,2026-05-09
4476,5476,220,2026-05-23
4477,5477,339,2026-06-22
4478,5478,451,2026-05-29
4479,5479,217,2026-05-23
4480,5480,162,2026-05-28
4481,5481,184,2026-05-18
4482,5482,312,2026-06-18
4483,5483,21,2026-05-25
4484,5484,9,2026-05-29
4485,5485,490,2026-06-08
4486,5486,57,2026-05-16
4487,5487,442,2026-05-17
4488,5488,239,2026-06-18
4489,5489,62,2026-05-02
4490,5490,65,2026-05-07
4491,5491,458,2026-06-25
4492,5492,90,2026-06-03
4493,5493,178,2026-05-12
4494,5494,203,2026-05-13
4495,5495,479,2026-06-18
4496,5496,306,2026-06-24
4497,5497,367,2026-05-20
4498,5498,277,2026-05-20
4499,5499,43,2026-06-23
4500,5500,24,2026-05-20
4501,5501,309,2026-05-27
4502,5502,268,2026-06-03
4503,5503,361,2026-06-10
4504,5504,452,2026-06-19
4505,5505,179,2026-05-28
4506,5506,405,2026-06-22
4507,5507,291,2026-06-04
4508,5508,377,2026-06-06
4509,5509,194,2026-06-07
4510,5510,461,2026-06-15
4511,5511,74,2026-05-02
4512,5512,28,2026-05-11
4513,5513,93,2026-06-08
4514,5514,444,2026-05-03
4515,5515,101,2026-06-22
4516,5516,133,2026-05-31
4517,5517,471,2026-05-01
4518,5518,192,2026-05-25
4519,5519,497,2026-05-14
4520,5520,447,2026-06-02
4521,5521,317,2026-05-19
4522,5522,94,2026-05-21
4523,5523,228,2026-05-12
4524,5524,271,2026-05-18
4525,5525,468,2026-06-23
4526,5526,24,2026-05-04
4527,5527,208,2026-05-25
4528,5528,226,2026-05-02
4529,5529,451,2026-05-16
4530,5530,154,2026-05-11
4531,5531,45,2026-05-27
4532,5532,160,2026-05-25
4533,5533,329,2026-05-14
4534,5534,244,2026-05-27
4535,5535,496,2026-04-28
4536,5536,330,2026-05-21
4537,5537,393,2026-05-22
4538,5538,372,2026-05-13
4539,5539,140,2026-05-22
4540,5540,422,2026-05-10
4541,5541,286,2026-06-11
4542,5542,164,2026-06-01
4543,5543,465,2026-06-03
4544,5544,423,2026-06-02
4545,5545,304,2026-04-30
4546,5546,319,2026-05-15
4547,5547,310,2026-06-17
4548,5548,381,2026-04-30
4549,5549,432,2026-06-14
4550,5550,13,2026-06-03
4551,5551,121,2026-06-17
4552,5552,488,2026-06-25
4553,5553,176,2026-04-29
4554,5554,270,2026-06-23
4555,5555,416,2026-05-26
4556,5556,182,2026-05-11
4557,5557,224,2026-05-28
4558,5558,405,2026-05-10
4559,5559,391,2026-06-01
4560,5560,248,2026-06-11
4561,5561,369,2026-06-07
4562,5562,121,2026-06-15
4563,5563,50,2026-06-15
4564,5564,313,2026-05-23
4565,5565,273,2026-06-26
4566,5566,50,2026-06-03
4567,5567,422,2026-06-14
4568,5568,416,2026-06-05
4569,5569,239,2026-05-22
4570,5570,436,2026-05-10
4571,5571,150,2026-05-18
4572,5572,148,2026-06-08
4573,5573,456,2026-05-25
4574,5574,50,2026-06-22
4575,5575,81,2026-06-14
4576,5576,463,2026-05-11
4577,5577,41,2026-04-30
4578,5578,332,2026-05-16
4579,5579,105,2026-04-29
4580,5580,21,2026-06-09
4581,5581,205,2026-05-18
4582,5582,174,2026-05-02
4583,5583,418,2026-06-14
4584,5584,439,2026-05-20
4585,5585,355,2026-05-03
4586,5586,4,2026-05-24
4587,5587,321,2026-05-07
4588,5588,224,2026-05-29
4589,5589,112,2026-05-30
4590,5590,209,2026-05-25
4591,5591,153,2026-05-08
4592,5592,18,2026-06-11
4593,5593,11,2026-06-24
4594,5594,201,2026-05-27
4595,5595,272,2026-05-12
4596,5596,195,2026-05-10
4597,5597,282,2026-06-20
4598,5598,277,2026-06-15
4599,5599,201,2026-06-10
4600,5600,208,2026-06-26
4601,5601,193,2026-05-25
4602,5602,221,2026-05-19
4603,5603,223,2026-06-06
4604,5604,394,2026-06-16
4605,5605,139,2026-06-20
4606,5606,55,2026-06-03
4607,5607,106,2026-05-29
4608,5608,162,2026-05-30
4609,5609,194,2026-06-20
4610,5610,492,2026-05-23
4611,5611,202,2026-05-27
4612,5612,399,2026-05-01
4613,5613,75,2026-06-04
4614,5614,74,2026-06-11
4615,5615,115,2026-06-19
4616,5616,485,2026-06-22
4617,5617,206,2026-04-29
4618,5618,13,2026-05-01
4619,5619,253,2026-06-26
4620,5620,495,2026-06-08
4621,5621,195,2026-04-29
4622,5622,185,2026-06-06
4623,5623,376,2026-06-23
4624,5624,403,2026-06-05
4625,5625,232,2026-05-03
4626,5626,176,2026-05-04
4627,5627,432,2026-06-11
4628,5628,393,2026-05-11
4629,5629,273,2026-06-24
4630,5630,144,2026-04-30
4631,5631,260,2026-06-10
4632,5632,75,2026-06-19
4633,5633,63,2026-05-31
4634,5634,365,2026-04-28
4635,5635,43,2026-05-07
4636,5636,36,2026-05-19
4637,5637,87,2026-06-25
4638,5638,278,2026-06-18
4639,5639,435,2026-05-31
4640,5640,265,2026-05-27
4641,5641,196,2026-06-14
4642,5642,35,2026-05-29
4643,5643,135,2026-05-01
4644,5644,82,2026-05-19
4645,5645,213,2026-05-23
4646,5646,383,2026-06-12
4647,5647,348,2026-06-01
4648,5648,91,2026-06-12
4649,5649,245,2026-06-20
4650,5650,444,2026-06-21
4651,5651,26,2026-04-28
4652,5652,336,2026-06-19
4653,5653,367,2026-06-13
4654,5654,488,2026-05-19
4655,5655,192,2026-05-01
4656,5656,35,2026-05-01
4657,5657,469,2026-05-30
4658,5658,442,2026-06-18
4659,5659,412,2026-06-20
4660,5660,426,2026-04-28
4661,5661,153,2026-06-01
4662,5662,418,2026-05-28
4663,5663,476,2026-05-10
4664,5664,366,2026-05-11
4665,5665,11,2026-06-07
4666,5666,28,2026-06-23
4667,5667,450,2026-05-01
4668,5668,37,2026-05-10
4669,5669,247,2026-06-02
4670,5670,340,2026-06-16
4671,5671,283,2026-05-10
4672,5672,298,2026-06-18
4673,5673,365,2026-06-17
4674,5674,457,2026-05-27
4675,5675,269,2026-05-05
4676,5676,9,2026-05-03
4677,5677,273,2026-06-19
4678,5678,144,2026-05-04
4679,5679,422,2026-05-18
4680,5680,427,2026-05-24
4681,5681,36,2026-05-20
4682,5682,390,2026-05-14
4683,5683,269,2026-05-06
4684,5684,491,2026-06-11
4685,5685,307,2026-05-27
4686,5686,102,2026-06-14
4687,5687,422,2026-05-05
4688,5688,193,2026-06-21
4689,5689,456,2026-05-26
4690,5690,108,2026-06-14
4691,5691,497,2026-05-02
4692,5692,418,2026-06-06
4693,5693,1,2026-06-04
4694,5694,235,2026-05-27
4695,5695,221,2026-05-17
4696,5696,419,2026-06-22
4697,5697,158,2026-06-15
4698,5698,211,2026-06-09
4699,5699,40,2026-05-08
4700,5700,205,2026-06-13
4701,5701,209,2026-06-10
4702,5702,316,2026-06-12
4703,5703,99,2026-05-09
4704,5704,294,2026-04-30
4705,5705,402,2026-06-05
4706,5706,101,2026-05-03
4707,5707,444,2026-05-06
4708,5708,62,2026-05-18
4709,5709,417,2026-05-17
4710,5710,164,2026-05-14
4711,5711,128,2026-05-13
4712,5712,4,2026-05-24
4713,5713,161,2026-05-13
4714,5714,416,2026-05-23
4715,5715,25,2026-05-15
4716,5716,206,2026-05-24
4717,5717,282,2026-06-16
4718,5718,429,2026-06-16
4719,5719,432,2026-06-12
4720,5720,6,2026-05-22
4721,5721,90,2026-06-24
4722,5722,268,2026-06-11
4723,5723,374,2026-05-05
4724,5724,138,2026-05-12
4725,5725,323,2026-06-23
4726,5726,271,2026-06-06
4727,5727,222,2026-05-30
4728,5728,72,2026-06-25
4729,5729,352,2026-06-14
4730,5730,274,2026-06-25
4731,5731,28,2026-06-08
4732,5732,269,2026-06-11
4733,5733,73,2026-05-31
4734,5734,408,2026-06-03
4735,5735,427,2026-05-08
4736,5736,163,2026-05-14
4737,5737,257,2026-06-24
4738,5738,447,2026-05-27
4739,5739,411,2026-05-09
4740,5740,143,2026-05-12
4741,5741,359,2026-05-12
4742,5742,45,2026-06-08
4743,5743,240,2026-06-19
4744,5744,219,2026-05-13
4745,5745,358,2026-04-28
4746,5746,439,2026-06-24
4747,5747,78,2026-06-09
4748,5748,387,2026-04-29
4749,5749,9,2026-05-22
4750,5750,105,2026-05-29
4751,5751,317,2026-05-07
4752,5752,465,2026-05-12
4753,5753,143,2026-06-20
4754,5754,309,2026-05-14
4755,5755,463,2026-06-25
4756,5756,261,2026-05-19
4757,5757,224,2026-05-30
4758,5758,491,2026-06-23
4759,5759,465,2026-05-03
4760,5760,382,2026-06-26
4761,5761,374,2026-06-05
4762,5762,432,2026-05-21
4763,5763,4,2026-06-23
4764,5764,381,2026-05-22
4765,5765,461,2026-06-24
4766,5766,70,2026-05-22
4767,5767,415,2026-05-12
4768,5768,477,2026-06-13
4769,5769,453,2026-06-15
4770,5770,331,2026-06-14
4771,5771,341,2026-05-16
4772,5772,373,2026-05-31
4773,5773,78,2026-06-09
4774,5774,155,2026-06-19
4775,5775,214,2026-06-26
4776,5776,366,2026-06-22
4777,5777,345,2026-06-04
4778,5778,216,2026-05-05
4779,5779,433,2026-06-20
4780,5780,334,2026-06-13
4781,5781,117,2026-06-16
4782,5782,69,2026-05-19
4783,5783,192,2026-06-17
4784,5784,157,2026-06-20
4785,5785,394,2026-05-25
4786,5786,201,2026-06-05
4787,5787,166,2026-05-20
4788,5788,319,2026-05-12
4789,5789,303,2026-05-26
4790,5790,164,2026-05-22
4791,5791,488,2026-05-15
4792,5792,466,2026-06-05
4793,5793,241,2026-06-26
4794,5794,355,2026-06-17
4795,5795,429,2026-06-19
4796,5796,44,2026-05-13
4797,5797,430,2026-05-02
4798,5798,49,2026-06-19
4799,5799,429,2026-05-20
4800,5800,265,2026-04-28
4801,5801,327,2026-06-23
4802,5802,3,2026-06-19
4803,5803,379,2026-06-25
4804,5804,338,2026-05-31
4805,5805,245,2026-05-24
4806,5806,118,2026-06-06
4807,5807,71,2026-05-20
4808,5808,495,2026-05-20
4809,5809,339,2026-06-20
4810,5810,144,2026-06-15
4811,5811,460,2026-04-28
4812,5812,378,2026-05-30
4813,5813,473,2026-05-08
4814,5814,204,2026-06-12
4815,5815,37,2026-06-01
4816,5816,442,2026-06-18
4817,5817,94,2026-06-15
4818,5818,248,2026-05-25
4819,5819,313,2026-06-02
4820,5820,235,2026-05-20
4821,5821,116,2026-05-29
4822,5822,232,2026-06-07
4823,5823,496,2026-06-06
4824,5824,36,2026-05-30
4825,5825,110,2026-06-04
4826,5826,408,2026-04-28
4827,5827,93,2026-05-20
4828,5828,12,2026-06-21
4829,5829,183,2026-06-01
4830,5830,496,2026-05-27
4831,5831,173,2026-06-20
4832,5832,8,2026-05-13
4833,5833,80,2026-06-18
4834,5834,390,2026-05-23
4835,5835,43,2026-05-13
4836,5836,322,2026-06-07
4837,5837,472,2026-05-24
4838,5838,23,2026-06-11
4839,5839,399,2026-06-18
4840,5840,451,2026-05-08
4841,5841,274,2026-05-01
4842,5842,343,2026-05-18
4843,5843,176,2026-05-08
4844,5844,367,2026-06-14
4845,5845,165,2026-06-18
4846,5846,116,2026-05-02
4847,5847,313,2026-05-14
4848,5848,3,2026-05-08
4849,5849,239,2026-05-31
4850,5850,152,2026-06-24
4851,5851,262,2026-05-09
4852,5852,354,2026-06-01
4853,5853,311,2026-06-10
4854,5854,250,2026-06-25
4855,5855,466,2026-05-24
4856,5856,171,2026-06-26
4857,5857,275,2026-06-20
4858,5858,474,2026-05-11
4859,5859,46,2026-06-02
4860,5860,85,2026-04-30
4861,5861,265,2026-05-15
4862,5862,441,2026-06-19
4863,5863,325,2026-05-28
4864,5864,407,2026-04-30
4865,5865,290,2026-06-01
4866,5866,359,2026-05-03
4867,5867,144,2026-05-28
4868,5868,66,2026-05-02
4869,5869,125,2026-06-13
4870,5870,48,2026-05-26
4871,5871,447,2026-05-17
4872,5872,469,2026-05-27
4873,5873,23,2026-05-31
4874,5874,315,2026-05-21
4875,5875,142,2026-06-02
4876,5876,181,2026-06-09
4877,5877,335,2026-06-13
4878,5878,292,2026-06-02
4879,5879,277,2026-06-05
4880,5880,339,2026-05-21
4881,5881,326,2026-04-28
4882,5882,456,2026-06-22
4883,5883,321,2026-06-07
4884,5884,387,2026-06-21
4885,5885,343,2026-05-25
4886,5886,104,2026-06-23
4887,5887,312,2026-06-12
4888,5888,71,2026-05-18
4889,5889,185,2026-06-08
4890,5890,232,2026-05-27
4891,5891,461,2026-05-11
4892,5892,451,2026-05-28
4893,5893,498,2026-05-16
4894,5894,213,2026-05-20
4895,5895,137,2026-06-07
4896,5896,498,2026-05-10
4897,5897,287,2026-06-04
4898,5898,277,2026-05-13
4899,5899,231,2026-06-06
4900,5900,159,2026-06-11
4901,5901,200,2026-06-16
4902,5902,158,2026-06-17
4903,5903,193,2026-06-26
4904,5904,74,2026-05-08
4905,5905,404,2026-06-19
4906,5906,290,2026-05-27
4907,5907,207,2026-05-15
4908,5908,356,2026-06-10
4909,5909,463,2026-06-13
4910,5910,95,2026-06-18
4911,5911,233,2026-05-20
4912,5912,464,2026-05-13
4913,5913,439,2026-05-29
4914,5914,99,2026-06-24
4915,5915,26,2026-05-26
4916,5916,24,2026-06-24
4917,5917,401,2026-06-22
4918,5918,202,2026-05-14
4919,5919,417,2026-05-01
4920,5920,82,2026-05-26
4921,5921,100,2026-05-21
4922,5922,426,2026-06-23
4923,5923,196,2026-06-18
4924,5924,49,2026-06-24
4925,5925,110,2026-05-25
4926,5926,102,2026-05-18
4927,5927,27,2026-05-04
4928,5928,397,2026-06-19
4929,5929,15,2026-05-01
4930,5930,191,2026-05-12
4931,5931,148,2026-06-06
4932,5932,80,2026-04-29
4933,5933,84,2026-05-31
4934,5934,152,2026-05-16
4935,5935,142,2026-05-09
4936,5936,357,2026-06-23
4937,5937,235,2026-05-18
4938,5938,378,2026-05-29
4939,5939,95,2026-05-13
4940,5940,140,2026-06-13
4941,5941,81,2026-05-06
4942,5942,281,2026-05-14
4943,5943,382,2026-06-07
4944,5944,111,2026-05-02
4945,5945,295,2026-06-01
4946,5946,70,2026-05-11
4947,5947,40,2026-05-19
4948,5948,498,2026-06-12
4949,5949,243,2026-06-21
4950,5950,281,2026-06-12
4951,5951,221,2026-06-09
4952,5952,464,2026-05-14
4953,5953,420,2026-06-24
4954,5954,374,2026-06-05
4955,5955,138,2026-05-24
4956,5956,482,2026-05-25
4957,5957,366,2026-05-12
4958,5958,138,2026-05-28
4959,5959,302,2026-06-01
4960,5960,378,2026-06-13
4961,5961,372,2026-06-21
4962,5962,380,2026-06-06
4963,5963,219,2026-05-07
4964,5964,397,2026-06-08
4965,5965,166,2026-06-13
4966,5966,468,2026-06-09
4967,5967,340,2026-05-20
4968,5968,135,2026-06-13
4969,5969,4,2026-06-03
4970,5970,364,2026-05-09
4971,5971,453,2026-05-31
4972,5972,218,2026-06-17
4973,5973,169,2026-06-16
4974,5974,433,2026-05-24
4975,5975,83,2026-05-18
4976,5976,175,2026-05-10
4977,5977,190,2026-05-03
4978,5978,189,2026-05-13
4979,5979,58,2026-06-16
4980,5980,63,2026-05-27
4981,5981,483,2026-06-14
4982,5982,8,2026-05-07
4983,5983,135,2026-05-01
4984,5984,154,2026-04-29
4985,5985,85,2026-05-10
4986,5986,429,2026-05-27
4987,5987,128,2026-05-26
4988,5988,360,2026-04-30
4989,5989,449,2026-06-12
4990,5990,204,2026-04-28
4991,5991,207,2026-06-16
4992,5992,247,2026-05-11
4993,5993,177,2026-05-25
4994,5994,160,2026-06-09
4995,5995,410,2026-06-07
4996,5996,264,2026-06-11
4997,5997,92,2026-06-16
4998,5998,353,2026-05-09
4999,5999,351,2026-04-30
5000,6000,52,2026-06-15
