subscription_id,customer_id,plan_id,start_date,end_date,status,billing_cycle
1,1001,1,2024-11-23,,Active,Monthly
2,1002,2,2025-08-29,,Active,Monthly
3,1003,1,2026-12-09,2027-02-24,Churned,Annual
4,1004,1,2024-09-28,,Active,Monthly
5,1005,1,2026-12-10,,Active,Annual
6,1006,1,2023-02-04,,Active,Annual
7,1007,1,2024-01-12,2025-03-07,Churned,Monthly
8,1008,2,2025-12-11,,Active,Monthly
9,1009,1,2026-01-13,,Active,Annual
10,1010,2,2023-08-17,2024-02-13,Churned,Monthly
11,1011,1,2023-05-19,,Active,Monthly
12,1011,1,2022-10-13,,Paused,Annual
13,1012,2,2026-01-10,,Active,Monthly
14,1013,3,2026-09-11,,Active,Monthly
15,1013,2,2026-09-03,2027-04-02,Churned,Monthly
16,1014,1,2025-06-14,,Active,Monthly
17,1015,1,2026-07-05,2027-08-12,Churned,Monthly
18,1016,1,2024-08-09,,Active,Monthly
19,1017,1,2023-10-24,,Active,Monthly
20,1018,1,2025-06-07,,Paused,Monthly
21,1018,2,2025-10-18,,Active,Monthly
22,1019,1,2023-07-08,,Active,Annual
23,1019,1,2023-08-22,,Active,Annual
24,1020,2,2023-11-07,,Active,Monthly
25,1021,1,2025-09-22,,Active,Annual
26,1022,1,2025-09-30,,Active,Annual
27,1023,2,2026-02-16,,Active,Monthly
28,1024,1,2026-06-18,,Active,Monthly
29,1025,1,2024-10-09,,Active,Monthly
30,1026,3,2023-06-16,,Paused,Annual
31,1027,1,2026-09-15,,Active,Annual
32,1028,2,2023-05-23,2024-01-30,Churned,Annual
33,1028,1,2023-02-18,,Active,Annual
34,1029,2,2025-09-22,,Active,Monthly
35,1029,3,2026-01-25,,Active,Monthly
36,1030,1,2026-01-26,,Active,Annual
37,1031,1,2023-09-29,,Active,Annual
38,1032,2,2022-09-13,,Active,Monthly
39,1033,1,2024-11-25,,Active,Annual
40,1034,2,2024-11-08,,Active,Annual
41,1035,2,2025-02-06,,Active,Monthly
42,1036,1,2025-05-24,2026-02-21,Churned,Annual
43,1037,1,2023-02-16,,Active,Monthly
44,1037,2,2023-06-28,,Active,Annual
45,1038,2,2023-09-12,,Active,Monthly
46,1038,2,2023-09-02,,Active,Monthly
47,1039,2,2024-04-13,,Active,Annual
48,1040,1,2025-05-11,,Active,Annual
49,1041,3,2024-06-28,2024-08-31,Churned,Monthly
50,1042,1,2026-03-26,2026-08-24,Churned,Annual
51,1042,1,2026-02-27,,Active,Monthly
52,1043,1,2025-09-01,,Active,Monthly
53,1044,1,2026-04-20,2026-07-08,Churned,Monthly
54,1045,3,2026-04-05,,Active,Monthly
55,1046,2,2025-07-13,,Active,Monthly
56,1047,2,2023-04-03,,Active,Monthly
57,1048,2,2023-12-19,,Active,Monthly
58,1049,1,2025-03-07,,Active,Annual
59,1050,2,2025-10-14,2026-10-12,Churned,Monthly
60,1050,2,2025-10-09,,Active,Monthly
61,1051,2,2025-04-24,2026-01-27,Churned,Monthly
62,1051,2,2025-08-27,,Active,Annual
63,1052,2,2023-02-21,2023-10-08,Churned,Monthly
64,1053,1,2026-10-03,,Active,Monthly
65,1054,2,2026-02-09,,Active,Monthly
66,1055,1,2024-01-08,,Active,Monthly
67,1056,2,2024-01-09,2024-12-03,Churned,Monthly
68,1057,3,2023-05-28,2024-03-13,Churned,Monthly
69,1058,2,2023-11-05,2024-01-08,Churned,Monthly
70,1059,2,2026-05-16,,Active,Annual
71,1060,1,2026-02-25,,Active,Monthly
72,1061,2,2024-07-12,,Active,Monthly
73,1062,1,2026-01-17,,Active,Monthly
74,1063,2,2025-06-22,,Active,Annual
75,1064,1,2025-04-12,2026-03-26,Churned,Annual
76,1064,1,2025-12-19,,Active,Monthly
77,1065,1,2026-04-21,2026-11-15,Churned,Annual
78,1066,1,2026-08-12,,Active,Annual
79,1066,1,2027-01-12,,Active,Annual
80,1067,2,2026-03-14,,Active,Monthly
81,1067,2,2026-01-22,,Active,Monthly
82,1068,2,2026-05-04,,Active,Monthly
83,1068,1,2026-12-05,2027-05-28,Churned,Monthly
84,1069,1,2024-10-22,,Active,Monthly
85,1070,1,2025-02-09,,Active,Monthly
86,1071,2,2026-03-03,,Active,Monthly
87,1072,3,2025-01-14,,Active,Annual
88,1073,3,2024-02-01,,Active,Monthly
89,1074,1,2025-08-23,,Active,Annual
90,1075,3,2024-02-17,,Active,Annual
91,1075,1,2023-05-16,,Active,Monthly
92,1076,2,2022-12-22,,Active,Monthly
93,1076,2,2023-04-08,,Active,Annual
94,1077,2,2025-01-13,,Active,Monthly
95,1078,2,2023-03-03,,Active,Annual
96,1078,2,2023-01-31,,Paused,Annual
97,1079,2,2023-01-09,,Active,Monthly
98,1080,2,2024-03-09,,Active,Monthly
99,1081,1,2024-03-09,,Active,Monthly
100,1082,1,2023-05-14,,Active,Monthly
101,1082,1,2023-01-15,,Active,Annual
102,1083,1,2026-01-06,,Active,Monthly
103,1084,1,2024-02-22,,Active,Monthly
104,1085,1,2023-09-03,,Active,Monthly
105,1085,1,2023-07-29,2024-01-10,Churned,Annual
106,1086,3,2023-12-08,,Active,Annual
107,1087,1,2024-11-26,,Active,Monthly
108,1088,2,2023-10-11,,Active,Monthly
109,1088,1,2023-07-06,,Active,Monthly
110,1089,2,2026-07-14,2027-03-21,Churned,Monthly
111,1090,1,2025-04-10,,Active,Monthly
112,1091,2,2025-05-04,,Active,Annual
113,1092,2,2025-03-28,,Active,Monthly
114,1093,1,2024-07-29,,Active,Monthly
115,1094,1,2024-02-24,,Active,Annual
116,1095,3,2023-05-22,,Active,Monthly
117,1096,1,2024-06-10,,Active,Monthly
118,1096,1,2024-03-18,,Active,Annual
119,1097,2,2023-07-23,,Active,Annual
120,1097,2,2024-04-01,,Active,Monthly
121,1098,1,2024-05-28,,Active,Monthly
122,1098,2,2024-05-09,2024-07-01,Churned,Monthly
123,1099,2,2026-03-20,,Active,Monthly
124,1100,1,2025-01-28,,Active,Monthly
125,1101,1,2023-03-28,,Active,Monthly
126,1102,1,2024-02-09,,Active,Monthly
127,1103,2,2026-08-01,,Active,Monthly
128,1103,1,2025-12-15,,Active,Monthly
129,1104,2,2025-12-24,,Active,Monthly
130,1105,1,2026-08-13,,Active,Monthly
131,1106,2,2026-02-18,,Active,Monthly
132,1107,2,2026-02-26,,Active,Annual
133,1107,3,2026-06-02,,Active,Monthly
134,1108,1,2023-06-14,,Active,Monthly
135,1109,2,2025-08-23,,Active,Monthly
136,1110,1,2025-06-02,,Active,Monthly
137,1111,1,2025-12-20,,Active,Monthly
138,1112,1,2026-06-25,,Active,Monthly
139,1113,1,2024-03-01,,Paused,Monthly
140,1113,2,2024-02-25,,Paused,Annual
141,1114,1,2026-07-26,,Active,Monthly
142,1115,2,2023-05-03,,Active,Monthly
143,1116,1,2023-05-04,,Paused,Monthly
144,1117,1,2023-09-01,,Active,Monthly
145,1118,2,2026-08-12,,Active,Annual
146,1118,1,2026-12-26,,Active,Monthly
147,1119,2,2024-06-28,2025-03-21,Churned,Monthly
148,1120,1,2025-10-03,,Active,Monthly
149,1121,2,2024-07-21,,Active,Monthly
150,1122,2,2024-03-08,,Active,Monthly
151,1123,1,2026-02-17,,Active,Monthly
152,1124,2,2024-12-09,,Active,Annual
153,1124,2,2025-03-01,,Active,Monthly
154,1125,1,2025-11-10,,Active,Monthly
155,1126,1,2025-05-03,,Active,Monthly
156,1127,3,2023-03-20,,Active,Monthly
157,1128,1,2025-12-28,2026-07-05,Churned,Monthly
158,1129,1,2025-09-21,,Active,Monthly
159,1130,2,2024-07-13,,Active,Monthly
160,1131,1,2022-12-17,,Active,Monthly
161,1132,3,2026-09-18,,Active,Annual
162,1133,1,2025-07-15,2026-07-11,Churned,Monthly
163,1134,1,2023-06-07,,Active,Annual
164,1135,2,2025-08-25,,Active,Monthly
165,1135,1,2024-12-21,,Active,Monthly
166,1136,1,2023-10-16,,Active,Annual
167,1136,1,2024-02-02,,Active,Annual
168,1137,1,2023-12-12,,Active,Annual
169,1138,2,2023-07-07,,Active,Monthly
170,1139,2,2024-12-23,,Active,Monthly
171,1140,1,2026-02-12,,Active,Monthly
172,1141,3,2023-09-21,,Active,Annual
173,1142,1,2023-05-03,2024-06-04,Churned,Monthly
174,1143,2,2025-04-17,,Active,Annual
175,1144,1,2024-06-14,,Paused,Monthly
176,1145,2,2025-08-23,,Active,Monthly
177,1146,1,2024-03-12,,Active,Monthly
178,1147,1,2023-09-18,,Active,Annual
179,1147,1,2023-04-28,,Active,Annual
180,1148,1,2026-07-11,2027-05-11,Churned,Monthly
181,1149,1,2023-11-23,2024-04-11,Churned,Annual
182,1149,2,2023-08-09,,Active,Monthly
183,1150,1,2023-05-15,,Active,Monthly
184,1150,1,2022-10-21,,Active,Annual
185,1151,1,2026-08-23,,Active,Monthly
186,1152,2,2027-01-25,,Active,Annual
187,1152,2,2027-03-09,,Active,Monthly
188,1153,1,2026-08-20,,Active,Monthly
189,1153,1,2026-04-23,2026-06-18,Churned,Annual
190,1154,2,2026-10-04,2026-12-06,Churned,Monthly
191,1155,1,2025-07-21,,Active,Monthly
192,1156,1,2023-08-03,,Active,Monthly
193,1157,2,2025-08-30,,Active,Monthly
194,1158,1,2022-10-29,,Active,Monthly
195,1158,1,2023-02-17,,Active,Monthly
196,1159,2,2025-09-23,,Active,Monthly
197,1160,2,2024-11-10,,Active,Monthly
198,1161,3,2023-05-08,2023-07-15,Churned,Monthly
199,1162,1,2024-01-14,,Active,Monthly
200,1163,1,2023-10-15,,Active,Annual
201,1164,2,2024-03-10,,Active,Monthly
202,1164,1,2024-12-19,,Active,Monthly
203,1165,1,2025-03-12,,Active,Monthly
204,1166,2,2024-03-15,2024-07-07,Churned,Monthly
205,1166,1,2024-06-08,,Active,Annual
206,1167,1,2025-05-21,2026-06-07,Churned,Monthly
207,1167,1,2025-03-13,,Active,Monthly
208,1168,2,2024-02-04,,Active,Monthly
209,1169,2,2024-06-07,,Paused,Monthly
210,1169,2,2024-04-20,,Active,Annual
211,1170,1,2024-05-01,,Active,Monthly
212,1171,2,2023-08-06,,Active,Monthly
213,1172,1,2023-08-06,,Active,Monthly
214,1173,1,2027-01-07,,Active,Monthly
215,1174,1,2024-02-20,,Active,Monthly
216,1175,1,2026-10-12,,Active,Annual
217,1175,1,2027-04-01,,Active,Annual
218,1176,3,2027-01-28,2027-07-06,Churned,Annual
219,1177,3,2025-07-31,,Active,Monthly
220,1178,2,2024-10-05,,Active,Monthly
221,1179,1,2024-08-29,,Active,Annual
222,1180,1,2025-06-03,,Active,Annual
223,1180,2,2025-07-16,,Active,Monthly
224,1181,2,2025-05-14,,Active,Monthly
225,1182,1,2025-01-23,2025-09-18,Churned,Monthly
226,1183,1,2025-11-18,,Active,Monthly
227,1184,2,2025-12-19,,Active,Monthly
228,1184,2,2026-04-04,,Active,Monthly
229,1185,1,2025-01-22,,Active,Monthly
230,1185,2,2024-12-26,,Active,Annual
231,1186,1,2025-12-14,,Active,Monthly
232,1186,2,2026-06-09,,Active,Monthly
233,1187,1,2023-08-29,,Active,Monthly
234,1188,1,2023-09-08,,Active,Annual
235,1189,1,2023-02-21,,Active,Monthly
236,1190,1,2024-08-26,,Active,Annual
237,1191,2,2024-12-25,,Active,Monthly
238,1192,2,2023-07-09,,Active,Monthly
239,1193,3,2025-09-23,,Active,Monthly
240,1194,2,2026-02-05,2027-01-03,Churned,Monthly
241,1195,1,2025-03-08,,Active,Monthly
242,1196,2,2024-03-13,2024-06-24,Churned,Annual
243,1197,2,2024-07-30,,Active,Monthly
244,1198,3,2023-08-21,,Active,Monthly
245,1198,2,2024-03-05,2024-09-19,Churned,Monthly
246,1199,1,2025-08-26,,Active,Monthly
247,1199,1,2025-08-02,,Paused,Monthly
248,1200,1,2026-06-05,,Active,Monthly
249,1201,1,2022-11-08,,Active,Monthly
250,1202,2,2024-03-15,,Active,Monthly
251,1203,1,2024-02-12,,Active,Monthly
252,1203,1,2024-07-21,,Active,Annual
253,1204,2,2023-07-10,,Active,Annual
254,1205,1,2023-10-22,,Active,Monthly
255,1206,1,2024-05-16,2025-02-06,Churned,Annual
256,1207,3,2023-11-16,,Paused,Monthly
257,1208,2,2023-07-25,,Active,Monthly
258,1208,3,2023-10-12,,Active,Monthly
259,1209,1,2026-08-26,,Active,Monthly
260,1210,3,2026-02-20,,Active,Annual
261,1211,3,2024-08-03,,Active,Annual
262,1212,1,2025-05-24,,Paused,Annual
263,1213,3,2024-07-17,,Active,Monthly
264,1213,1,2024-11-15,,Active,Monthly
265,1214,3,2023-11-24,,Active,Annual
266,1214,2,2024-07-16,,Active,Annual
267,1215,2,2024-07-04,,Active,Annual
268,1216,2,2024-11-06,,Paused,Monthly
269,1217,2,2026-03-24,2026-09-21,Churned,Monthly
270,1218,2,2024-07-13,2024-10-18,Churned,Monthly
271,1219,1,2023-11-11,,Active,Monthly
272,1219,2,2023-07-31,,Active,Monthly
273,1220,1,2025-09-10,,Active,Monthly
274,1221,1,2023-07-25,2023-12-17,Churned,Monthly
275,1222,1,2026-02-10,,Active,Monthly
276,1222,1,2025-12-12,,Active,Monthly
277,1223,1,2026-04-20,2026-11-24,Churned,Annual
278,1224,1,2023-09-05,,Active,Monthly
279,1225,1,2025-03-27,2025-08-23,Churned,Monthly
280,1226,1,2024-12-16,,Active,Monthly
281,1227,2,2024-04-21,,Active,Monthly
282,1227,1,2024-08-23,,Active,Annual
283,1228,1,2024-03-16,2024-05-04,Churned,Annual
284,1229,1,2024-05-22,2024-10-19,Churned,Monthly
285,1230,1,2025-12-19,,Active,Annual
286,1230,1,2026-10-02,,Active,Monthly
287,1231,2,2025-01-23,,Active,Monthly
288,1232,2,2025-05-16,,Active,Monthly
289,1232,1,2024-07-21,,Active,Monthly
290,1233,1,2025-11-06,,Active,Monthly
291,1234,1,2025-06-18,,Active,Monthly
292,1235,3,2022-12-05,2023-03-07,Churned,Monthly
293,1236,3,2026-08-28,2027-01-13,Churned,Monthly
294,1236,1,2026-12-02,,Active,Monthly
295,1237,2,2026-10-11,,Active,Monthly
296,1238,1,2024-01-13,,Active,Monthly
297,1239,2,2023-05-12,,Active,Monthly
298,1240,2,2025-05-19,,Active,Monthly
299,1240,2,2025-07-23,,Active,Annual
300,1241,1,2025-07-09,2026-02-07,Churned,Monthly
301,1242,2,2023-04-28,,Paused,Annual
302,1242,2,2023-05-12,2024-06-24,Churned,Annual
303,1243,2,2022-09-09,,Active,Monthly
304,1244,2,2025-10-25,,Active,Monthly
305,1244,3,2025-05-29,,Paused,Monthly
306,1245,2,2026-04-14,,Active,Annual
307,1245,1,2025-05-27,2026-02-26,Churned,Monthly
308,1246,2,2023-11-19,,Active,Monthly
309,1246,2,2023-11-28,2024-02-07,Churned,Annual
310,1247,1,2026-03-07,2026-08-24,Churned,Annual
311,1248,2,2023-10-17,,Active,Monthly
312,1249,1,2025-04-24,,Active,Annual
313,1249,1,2025-03-04,2026-03-28,Churned,Monthly
314,1250,1,2024-04-20,,Active,Monthly
315,1251,1,2024-10-17,,Active,Annual
316,1252,2,2023-04-09,,Active,Monthly
317,1253,1,2026-06-28,,Active,Monthly
318,1254,1,2025-05-10,2026-08-08,Churned,Annual
319,1255,2,2024-02-13,2025-03-27,Churned,Annual
320,1256,1,2025-09-13,,Active,Monthly
321,1257,1,2024-05-23,,Active,Monthly
322,1258,1,2023-12-20,,Active,Annual
323,1258,2,2023-10-12,,Active,Annual
324,1259,2,2023-01-13,2023-10-16,Churned,Monthly
325,1260,2,2026-03-10,,Active,Monthly
326,1261,1,2025-11-11,,Active,Monthly
327,1262,2,2026-07-15,,Active,Monthly
328,1262,1,2025-09-13,,Active,Monthly
329,1263,1,2025-01-24,2026-02-17,Churned,Monthly
330,1264,1,2026-08-08,,Active,Monthly
331,1264,2,2026-04-30,,Active,Monthly
332,1265,2,2027-04-23,,Active,Monthly
333,1266,3,2025-05-21,,Active,Monthly
334,1267,2,2026-02-11,,Active,Annual
335,1268,2,2023-12-21,2025-02-09,Churned,Monthly
336,1269,2,2026-12-27,2027-09-09,Churned,Monthly
337,1270,1,2026-01-31,,Active,Monthly
338,1271,3,2024-06-29,2025-03-06,Churned,Annual
339,1272,1,2027-04-08,,Active,Monthly
340,1273,3,2025-02-21,,Active,Monthly
341,1274,1,2024-11-20,,Active,Monthly
342,1275,2,2026-03-22,,Active,Monthly
343,1276,2,2025-03-08,2025-10-18,Churned,Monthly
344,1277,1,2023-10-29,,Active,Monthly
345,1278,1,2023-01-01,,Active,Monthly
346,1278,1,2023-07-07,2023-09-14,Churned,Annual
347,1279,1,2025-01-25,,Active,Annual
348,1279,3,2025-02-27,,Active,Annual
349,1280,3,2026-09-01,2027-08-13,Churned,Monthly
350,1281,1,2026-06-29,,Active,Annual
351,1282,2,2023-10-27,,Active,Annual
352,1282,2,2023-08-04,,Active,Monthly
353,1283,1,2023-03-11,,Active,Monthly
354,1284,1,2025-02-06,,Active,Monthly
355,1285,2,2026-09-09,,Active,Monthly
356,1286,1,2025-12-25,2026-04-12,Churned,Annual
357,1287,2,2024-04-28,2025-06-27,Churned,Monthly
358,1287,1,2024-04-14,,Active,Annual
359,1288,1,2023-08-18,,Active,Monthly
360,1288,1,2023-11-26,,Active,Monthly
361,1289,2,2025-05-12,,Active,Monthly
362,1289,1,2025-02-20,,Active,Monthly
363,1290,1,2023-10-05,,Active,Monthly
364,1291,2,2022-10-10,2024-01-08,Churned,Monthly
365,1292,1,2025-01-13,,Active,Monthly
366,1293,1,2025-05-28,,Active,Monthly
367,1294,2,2023-10-08,,Active,Monthly
368,1294,1,2024-08-15,2025-07-20,Churned,Monthly
369,1295,1,2026-01-06,,Active,Monthly
370,1296,1,2026-04-27,,Active,Monthly
371,1296,1,2026-09-29,2027-03-04,Churned,Annual
372,1297,2,2023-10-06,,Active,Monthly
373,1298,1,2025-06-06,,Active,Monthly
374,1299,3,2025-06-03,,Active,Monthly
375,1300,1,2023-06-03,,Active,Monthly
376,1301,1,2025-11-29,,Active,Monthly
377,1302,1,2024-02-14,,Active,Annual
378,1303,2,2025-03-15,,Active,Monthly
379,1304,1,2024-04-23,,Active,Monthly
380,1305,1,2023-05-15,,Active,Monthly
381,1305,1,2024-02-24,,Active,Monthly
382,1306,3,2024-01-12,,Active,Monthly
383,1307,1,2025-11-18,,Active,Monthly
384,1308,1,2024-07-20,2025-01-17,Churned,Monthly
385,1309,2,2024-11-10,,Active,Monthly
386,1309,2,2025-06-16,2026-01-04,Churned,Annual
387,1310,1,2024-08-07,2025-03-17,Churned,Monthly
388,1310,1,2023-12-13,2025-03-12,Churned,Annual
389,1311,1,2024-07-05,,Active,Monthly
390,1312,2,2026-10-10,,Active,Monthly
391,1313,1,2026-10-02,,Active,Monthly
392,1313,2,2026-07-11,,Active,Annual
393,1314,3,2023-11-06,,Active,Annual
394,1314,2,2024-02-21,,Active,Monthly
395,1315,2,2023-01-24,,Active,Monthly
396,1316,2,2023-12-07,,Active,Monthly
397,1317,1,2025-01-09,2025-10-12,Churned,Annual
398,1318,1,2026-08-18,,Active,Monthly
399,1318,1,2026-07-30,,Active,Annual
400,1319,2,2023-07-08,,Active,Monthly
401,1319,1,2023-09-30,2025-02-07,Churned,Monthly
402,1320,1,2025-04-25,,Active,Monthly
403,1321,2,2025-11-01,,Active,Monthly
404,1322,1,2023-04-08,,Active,Monthly
405,1322,1,2022-11-18,,Active,Monthly
406,1323,2,2024-03-22,2025-08-03,Churned,Monthly
407,1323,2,2024-09-09,,Active,Monthly
408,1324,1,2024-09-04,,Active,Monthly
409,1325,2,2025-11-03,,Active,Monthly
410,1326,2,2026-01-31,,Active,Annual
411,1327,1,2023-07-30,2024-03-30,Churned,Monthly
412,1328,2,2025-01-28,,Active,Monthly
413,1329,2,2027-03-07,,Active,Monthly
414,1329,1,2027-02-24,,Active,Monthly
415,1330,2,2025-02-14,,Active,Annual
416,1331,1,2023-10-19,2024-05-20,Churned,Monthly
417,1332,1,2027-03-18,,Active,Monthly
418,1333,1,2023-04-06,,Active,Monthly
419,1334,1,2023-03-19,,Paused,Monthly
420,1335,1,2023-11-08,,Active,Annual
421,1335,2,2023-07-08,,Active,Monthly
422,1336,2,2023-02-23,,Active,Monthly
423,1337,2,2026-12-28,,Active,Monthly
424,1338,1,2023-11-04,2025-01-04,Churned,Annual
425,1339,1,2025-01-06,,Paused,Annual
426,1339,2,2025-03-31,,Active,Annual
427,1340,1,2024-12-29,,Active,Monthly
428,1341,1,2026-07-04,2027-02-01,Churned,Annual
429,1342,1,2025-03-09,,Active,Monthly
430,1342,1,2025-04-17,,Active,Monthly
431,1343,1,2023-05-17,,Active,Monthly
432,1344,2,2024-05-14,,Active,Monthly
433,1344,2,2024-05-25,,Active,Monthly
434,1345,2,2026-10-25,,Active,Monthly
435,1346,1,2026-06-27,2027-01-10,Churned,Monthly
436,1347,2,2024-05-18,,Active,Monthly
437,1348,1,2024-03-18,,Paused,Monthly
438,1349,2,2024-07-06,,Active,Monthly
439,1349,1,2024-11-30,,Active,Monthly
440,1350,3,2025-11-27,,Active,Monthly
441,1351,2,2024-11-07,,Active,Monthly
442,1352,2,2024-11-05,2025-01-08,Churned,Monthly
443,1353,2,2024-12-29,,Active,Monthly
444,1354,1,2026-11-29,2027-08-16,Churned,Monthly
445,1355,2,2026-03-23,,Active,Monthly
446,1355,2,2025-11-23,,Active,Monthly
447,1356,3,2023-04-05,,Paused,Monthly
448,1357,2,2024-06-30,,Active,Monthly
449,1358,1,2026-05-09,,Active,Monthly
450,1359,1,2023-09-25,,Active,Monthly
451,1360,1,2023-10-17,,Active,Monthly
452,1361,2,2026-04-20,,Active,Monthly
453,1362,1,2023-07-18,,Active,Monthly
454,1362,1,2023-05-15,,Active,Annual
455,1363,3,2025-09-16,,Active,Monthly
456,1364,2,2024-08-26,,Active,Monthly
457,1364,1,2024-02-19,,Active,Monthly
458,1365,1,2023-05-10,,Active,Monthly
459,1366,1,2024-09-01,,Active,Monthly
460,1367,2,2026-11-22,,Active,Monthly
461,1368,1,2025-02-16,2025-08-27,Churned,Monthly
462,1368,2,2025-12-04,2026-08-29,Churned,Annual
463,1369,2,2024-12-21,2026-03-20,Churned,Monthly
464,1370,2,2023-07-06,,Active,Monthly
465,1370,1,2022-10-18,,Active,Monthly
466,1371,1,2025-01-17,,Active,Monthly
467,1372,3,2023-10-13,,Active,Annual
468,1373,1,2025-08-16,,Active,Monthly
469,1374,1,2026-04-30,,Active,Monthly
470,1375,2,2026-05-19,,Active,Annual
471,1376,1,2025-09-24,2026-09-08,Churned,Annual
472,1376,2,2026-05-13,,Active,Annual
473,1377,2,2024-01-02,2024-12-25,Churned,Monthly
474,1378,2,2025-06-06,,Active,Monthly
475,1378,1,2025-08-23,,Paused,Monthly
476,1379,1,2023-04-13,,Active,Monthly
477,1379,2,2023-03-12,,Active,Monthly
478,1380,1,2024-10-30,2024-12-29,Churned,Monthly
479,1381,2,2023-05-21,,Active,Monthly
480,1382,1,2025-03-29,,Active,Monthly
481,1383,1,2026-07-31,,Active,Annual
482,1383,1,2026-08-13,,Active,Monthly
483,1384,2,2022-12-08,,Active,Annual
484,1385,1,2026-10-21,,Active,Monthly
485,1386,1,2023-11-02,,Active,Monthly
486,1387,2,2024-08-22,,Active,Monthly
487,1388,1,2024-06-19,,Active,Annual
488,1389,2,2025-04-01,,Active,Monthly
489,1390,1,2024-04-23,2024-10-14,Churned,Monthly
490,1391,3,2023-11-06,,Active,Annual
491,1392,2,2024-08-29,,Active,Annual
492,1393,1,2024-10-04,,Active,Monthly
493,1394,1,2024-03-08,,Active,Monthly
494,1395,2,2024-05-27,,Active,Monthly
495,1396,1,2025-01-25,,Active,Annual
496,1396,1,2024-04-01,,Active,Annual
497,1397,1,2025-06-11,,Active,Monthly
498,1398,1,2023-10-22,2023-12-10,Churned,Monthly
499,1399,2,2024-12-27,,Active,Monthly
500,1400,2,2025-10-28,2026-10-06,Churned,Monthly
501,1401,2,2023-03-08,,Active,Monthly
502,1402,2,2023-12-29,,Active,Monthly
503,1403,1,2024-05-25,,Active,Monthly
504,1404,1,2026-06-02,2027-01-31,Churned,Annual
505,1405,1,2024-03-21,,Active,Monthly
506,1406,2,2027-01-30,,Active,Monthly
507,1407,2,2025-12-26,,Active,Monthly
508,1408,2,2025-08-26,,Active,Monthly
509,1409,3,2023-08-31,2024-09-22,Churned,Monthly
510,1409,2,2023-06-24,2024-03-05,Churned,Monthly
511,1410,1,2023-09-15,,Active,Monthly
512,1411,1,2024-05-18,,Active,Monthly
513,1412,2,2023-04-30,,Active,Monthly
514,1413,2,2024-02-13,,Active,Monthly
515,1414,1,2025-08-01,,Active,Annual
516,1414,2,2025-06-08,,Active,Monthly
517,1415,1,2027-02-03,,Active,Monthly
518,1416,1,2023-08-09,,Active,Monthly
519,1416,2,2023-08-19,,Active,Monthly
520,1417,1,2027-02-24,,Active,Annual
521,1418,2,2024-03-03,,Active,Monthly
522,1418,1,2024-07-19,,Active,Monthly
523,1419,2,2026-04-05,,Active,Monthly
524,1419,1,2027-01-21,2027-10-04,Churned,Monthly
525,1420,1,2023-05-24,,Active,Monthly
526,1421,2,2024-01-02,,Active,Monthly
527,1422,1,2024-08-16,,Active,Monthly
528,1423,1,2024-11-03,,Active,Monthly
529,1423,2,2025-02-07,,Active,Monthly
530,1424,3,2023-04-04,2024-02-09,Churned,Annual
531,1425,2,2026-02-12,,Active,Monthly
532,1425,3,2026-07-25,,Active,Monthly
533,1426,1,2022-12-30,,Active,Monthly
534,1426,2,2022-09-02,,Active,Annual
535,1427,1,2025-06-17,,Active,Monthly
536,1428,1,2024-04-11,,Paused,Monthly
537,1428,1,2024-08-02,,Active,Monthly
538,1429,1,2024-05-17,,Paused,Annual
539,1430,2,2024-12-10,,Active,Annual
540,1431,2,2026-04-16,,Active,Annual
541,1432,2,2024-09-08,,Active,Monthly
542,1432,2,2024-02-20,,Active,Monthly
543,1433,1,2024-08-06,2025-02-24,Churned,Monthly
544,1434,1,2024-06-18,,Active,Monthly
545,1434,1,2024-07-10,,Active,Monthly
546,1435,3,2024-08-11,,Active,Monthly
547,1435,1,2024-01-09,2024-04-19,Churned,Monthly
548,1436,2,2024-04-15,2024-11-27,Churned,Monthly
549,1437,2,2026-11-02,,Active,Annual
550,1438,1,2026-05-07,,Active,Monthly
551,1439,1,2024-07-17,2025-01-20,Churned,Monthly
552,1440,2,2026-08-08,,Active,Monthly
553,1441,1,2026-07-23,,Active,Monthly
554,1442,2,2024-02-07,,Active,Monthly
555,1442,1,2023-10-10,,Active,Monthly
556,1443,2,2023-07-08,,Active,Monthly
557,1443,1,2023-08-27,,Active,Monthly
558,1444,1,2025-09-26,,Active,Annual
559,1444,1,2025-07-03,,Active,Monthly
560,1445,1,2024-09-19,2025-12-17,Churned,Monthly
561,1446,2,2027-02-07,,Active,Monthly
562,1447,1,2025-07-10,,Active,Monthly
563,1448,1,2024-01-30,2024-11-16,Churned,Monthly
564,1449,1,2024-05-22,,Active,Monthly
565,1450,2,2024-06-19,,Active,Monthly
566,1451,2,2026-02-05,,Active,Annual
567,1452,1,2023-05-10,2024-01-11,Churned,Monthly
568,1453,2,2023-09-18,,Active,Monthly
569,1454,1,2025-03-08,2025-11-02,Churned,Monthly
570,1454,1,2024-10-10,,Active,Annual
571,1455,1,2025-11-22,,Active,Annual
572,1455,1,2025-07-10,,Active,Monthly
573,1456,1,2024-01-06,,Active,Monthly
574,1457,1,2027-01-26,,Active,Monthly
575,1458,2,2025-10-17,,Active,Annual
576,1458,1,2025-07-22,,Active,Monthly
577,1459,2,2026-01-22,,Active,Monthly
578,1459,1,2026-02-26,,Active,Annual
579,1460,1,2024-05-12,,Active,Monthly
580,1461,1,2023-09-20,2024-09-22,Churned,Monthly
581,1462,1,2022-10-04,,Active,Monthly
582,1463,3,2024-08-09,,Active,Monthly
583,1464,1,2023-01-28,,Active,Monthly
584,1465,2,2024-06-21,2024-12-16,Churned,Annual
585,1466,2,2025-06-14,,Active,Monthly
586,1467,3,2024-05-13,,Active,Monthly
587,1468,1,2027-03-07,,Active,Monthly
588,1468,1,2026-07-15,,Active,Annual
589,1469,2,2024-06-21,,Active,Monthly
590,1470,1,2023-11-27,,Active,Monthly
591,1471,2,2026-07-23,,Active,Monthly
592,1471,1,2026-07-13,,Active,Monthly
593,1472,2,2026-02-14,,Active,Annual
594,1473,3,2023-10-05,,Active,Annual
595,1473,1,2024-06-17,,Active,Annual
596,1474,1,2025-09-25,,Active,Monthly
597,1475,1,2023-08-26,,Active,Annual
598,1475,1,2023-08-05,,Active,Monthly
599,1476,2,2023-06-02,2024-07-25,Churned,Monthly
600,1477,3,2024-10-16,,Active,Monthly
601,1478,2,2025-11-18,,Active,Annual
602,1478,2,2025-09-17,,Active,Monthly
603,1479,1,2023-04-09,,Active,Monthly
604,1480,2,2025-01-15,,Active,Annual
605,1481,3,2024-03-31,,Active,Monthly
606,1481,1,2024-02-23,,Active,Monthly
607,1482,2,2026-06-12,,Active,Monthly
608,1483,1,2025-10-13,,Active,Monthly
609,1483,1,2025-11-30,2027-03-17,Churned,Monthly
610,1484,1,2023-04-02,2024-02-09,Churned,Monthly
611,1485,1,2024-10-24,,Active,Annual
612,1485,1,2024-04-11,,Active,Monthly
613,1486,1,2025-07-12,,Active,Monthly
614,1486,2,2025-04-20,,Active,Monthly
615,1487,3,2027-02-20,,Active,Monthly
616,1487,2,2026-09-25,2027-10-28,Churned,Annual
617,1488,2,2023-10-28,,Active,Monthly
618,1489,1,2023-09-17,,Active,Monthly
619,1490,1,2023-10-12,2023-11-14,Churned,Monthly
620,1491,2,2026-05-26,,Active,Monthly
621,1492,2,2024-10-14,,Active,Monthly
622,1493,1,2024-06-18,,Active,Annual
623,1494,2,2024-02-21,,Paused,Monthly
624,1495,2,2023-05-18,,Active,Annual
625,1496,1,2026-04-11,,Active,Monthly
626,1497,1,2024-07-09,,Active,Monthly
627,1497,1,2024-09-16,2025-07-12,Churned,Monthly
628,1498,2,2026-05-20,,Active,Annual
629,1499,2,2026-09-17,,Active,Monthly
630,1500,1,2025-01-20,,Active,Monthly
631,1501,1,2025-02-08,,Active,Monthly
632,1502,1,2024-02-07,,Active,Monthly
633,1503,3,2026-03-06,,Active,Monthly
634,1504,2,2023-12-29,,Active,Monthly
635,1504,1,2023-12-10,,Active,Monthly
636,1505,2,2023-10-02,,Active,Monthly
637,1505,2,2022-11-05,,Active,Monthly
638,1506,2,2024-03-30,,Paused,Monthly
639,1507,1,2026-06-12,2026-10-26,Churned,Monthly
640,1507,1,2026-10-29,2028-01-22,Churned,Monthly
641,1508,1,2026-11-21,,Active,Monthly
642,1509,2,2026-02-16,,Active,Monthly
643,1510,1,2024-12-17,,Active,Annual
644,1510,1,2025-06-18,,Active,Monthly
645,1511,2,2023-05-13,2023-10-08,Churned,Monthly
646,1511,2,2023-05-24,,Active,Monthly
647,1512,3,2026-07-02,,Active,Annual
648,1512,3,2026-10-31,,Active,Monthly
649,1513,2,2026-02-21,,Active,Monthly
650,1514,2,2024-04-26,,Active,Monthly
651,1515,1,2024-03-10,,Active,Monthly
652,1516,1,2025-03-09,,Active,Monthly
653,1517,3,2025-05-05,2025-06-06,Churned,Monthly
654,1518,1,2024-09-07,,Active,Monthly
655,1518,2,2024-03-31,2024-12-06,Churned,Monthly
656,1519,1,2025-10-18,,Active,Annual
657,1520,1,2024-11-27,2025-10-29,Churned,Monthly
658,1521,2,2026-03-20,2026-11-16,Churned,Monthly
659,1521,2,2026-03-21,,Active,Monthly
660,1522,3,2025-05-18,,Active,Annual
661,1523,1,2024-01-12,,Active,Monthly
662,1524,3,2023-12-08,,Active,Monthly
663,1525,2,2026-01-26,,Active,Monthly
664,1526,2,2024-02-02,,Active,Annual
665,1527,1,2026-03-28,2026-11-15,Churned,Monthly
666,1528,2,2025-09-25,,Active,Annual
667,1529,2,2025-05-25,,Active,Annual
668,1530,2,2023-06-19,,Active,Monthly
669,1530,2,2024-03-31,,Active,Monthly
670,1531,1,2026-03-10,,Active,Monthly
671,1531,2,2026-06-06,,Active,Annual
672,1532,1,2024-08-16,,Active,Monthly
673,1533,2,2025-10-23,2026-08-28,Churned,Annual
674,1534,2,2027-02-01,2028-03-09,Churned,Monthly
675,1535,2,2024-05-03,,Active,Monthly
676,1536,1,2025-07-31,,Active,Monthly
677,1536,2,2026-01-21,,Active,Monthly
678,1537,2,2026-01-20,,Active,Monthly
679,1538,1,2024-05-16,,Active,Monthly
680,1538,1,2025-02-01,,Active,Monthly
681,1539,2,2024-11-19,,Paused,Monthly
682,1539,2,2024-06-02,,Active,Monthly
683,1540,1,2026-04-05,2026-09-09,Churned,Monthly
684,1541,3,2025-04-18,2026-03-27,Churned,Monthly
685,1542,1,2024-11-22,,Active,Annual
686,1543,1,2026-02-04,2026-04-25,Churned,Annual
687,1543,1,2025-11-08,,Active,Monthly
688,1544,1,2023-08-22,,Active,Annual
689,1545,2,2024-04-29,,Active,Monthly
690,1546,1,2023-01-25,,Active,Monthly
691,1547,2,2023-03-12,2024-04-18,Churned,Monthly
692,1547,1,2023-04-10,,Active,Monthly
693,1548,1,2025-08-20,,Active,Monthly
694,1548,1,2025-07-09,,Active,Monthly
695,1549,3,2024-05-13,,Active,Monthly
696,1550,2,2024-01-22,2025-04-05,Churned,Monthly
697,1550,1,2023-05-20,,Active,Monthly
698,1551,1,2024-01-12,2024-11-23,Churned,Monthly
699,1552,2,2024-10-26,,Active,Annual
700,1553,1,2024-09-20,,Active,Monthly
701,1554,3,2025-03-07,,Active,Monthly
702,1555,2,2026-10-13,,Active,Monthly
703,1556,1,2022-08-25,,Active,Monthly
704,1556,2,2023-04-24,2023-11-06,Churned,Annual
705,1557,1,2025-10-22,,Active,Annual
706,1558,1,2024-07-17,,Active,Monthly
707,1559,2,2023-01-19,,Active,Monthly
708,1560,1,2026-07-14,,Active,Monthly
709,1561,3,2024-04-24,,Active,Annual
710,1562,2,2025-02-09,2026-03-01,Churned,Monthly
711,1563,2,2026-01-23,,Active,Monthly
712,1564,3,2025-12-24,,Active,Monthly
713,1565,1,2025-08-18,,Active,Monthly
714,1565,2,2025-08-01,2026-11-05,Churned,Annual
715,1566,1,2023-01-24,,Active,Monthly
716,1567,2,2025-10-20,,Active,Monthly
717,1568,2,2024-10-11,,Active,Annual
718,1569,1,2024-09-17,,Active,Monthly
719,1570,1,2024-10-25,,Active,Monthly
720,1571,1,2024-10-07,,Active,Monthly
721,1572,2,2023-11-05,,Active,Monthly
722,1572,2,2023-04-24,,Active,Monthly
723,1573,3,2023-11-12,,Paused,Monthly
724,1573,2,2023-09-21,,Active,Annual
725,1574,1,2025-06-01,,Active,Monthly
726,1575,1,2026-05-13,,Active,Annual
727,1575,1,2025-11-08,,Active,Annual
728,1576,2,2024-10-26,,Active,Monthly
729,1576,2,2025-06-14,,Active,Monthly
730,1577,1,2026-04-15,,Active,Monthly
731,1578,2,2024-10-26,,Active,Monthly
732,1578,2,2025-07-28,,Active,Monthly
733,1579,1,2026-10-26,,Active,Monthly
734,1580,1,2024-01-24,,Active,Annual
735,1581,2,2024-07-13,,Active,Monthly
736,1581,1,2024-11-15,2026-03-03,Churned,Monthly
737,1582,1,2024-12-01,,Active,Monthly
738,1583,3,2025-11-07,,Active,Annual
739,1583,1,2025-10-15,,Active,Monthly
740,1584,1,2024-12-18,,Active,Monthly
741,1585,1,2026-10-05,,Active,Monthly
742,1586,1,2025-04-29,,Paused,Monthly
743,1587,2,2025-11-01,,Active,Monthly
744,1587,2,2026-08-21,,Active,Monthly
745,1588,1,2026-04-26,,Active,Annual
746,1588,1,2026-01-21,,Active,Annual
747,1589,1,2023-09-28,,Active,Monthly
748,1590,2,2024-05-15,,Active,Monthly
749,1591,2,2024-09-15,,Active,Monthly
750,1592,2,2025-05-28,,Paused,Monthly
751,1593,1,2025-11-05,,Active,Monthly
752,1593,2,2026-06-22,,Active,Annual
753,1594,1,2026-04-25,,Active,Monthly
754,1594,2,2026-09-15,,Active,Annual
755,1595,3,2027-01-06,,Active,Monthly
756,1596,1,2026-11-13,2027-01-30,Churned,Monthly
757,1597,1,2024-04-05,2025-03-04,Churned,Annual
758,1598,1,2025-03-15,,Paused,Monthly
759,1599,1,2025-08-23,,Active,Monthly
760,1600,2,2026-01-25,,Active,Monthly
761,1601,1,2023-10-16,,Active,Annual
762,1601,1,2023-11-03,,Active,Monthly
763,1602,1,2023-08-10,,Active,Monthly
764,1602,1,2023-06-14,,Active,Monthly
765,1603,1,2026-04-12,,Active,Monthly
766,1604,1,2025-03-02,,Active,Monthly
767,1605,2,2024-04-28,2024-07-30,Churned,Annual
768,1606,1,2025-02-11,,Active,Monthly
769,1607,2,2025-02-07,,Active,Monthly
770,1607,1,2025-07-14,,Active,Monthly
771,1608,1,2025-03-15,2026-06-21,Churned,Monthly
772,1609,3,2023-08-13,,Active,Annual
773,1610,2,2025-10-26,,Active,Monthly
774,1611,1,2023-04-10,,Active,Annual
775,1611,1,2023-08-21,,Active,Monthly
776,1612,1,2025-12-17,,Active,Monthly
777,1612,1,2026-02-16,,Active,Monthly
778,1613,2,2026-08-14,,Active,Monthly
779,1614,1,2025-12-08,2026-02-10,Churned,Monthly
780,1614,1,2025-11-08,,Paused,Monthly
781,1615,2,2025-05-21,,Active,Monthly
782,1616,1,2026-12-09,,Active,Monthly
783,1617,3,2023-06-20,,Active,Monthly
784,1618,1,2026-10-16,,Active,Monthly
785,1619,1,2026-09-10,,Active,Monthly
786,1620,1,2024-01-30,,Active,Monthly
787,1620,1,2023-09-27,,Active,Monthly
788,1621,1,2026-06-28,,Active,Monthly
789,1622,3,2025-01-07,,Active,Monthly
790,1623,2,2023-04-11,2023-07-20,Churned,Annual
791,1624,2,2026-03-05,,Active,Monthly
792,1625,3,2026-05-08,2026-08-10,Churned,Monthly
793,1626,1,2024-03-03,,Active,Monthly
794,1627,1,2023-11-29,,Active,Monthly
795,1627,1,2023-07-13,,Active,Monthly
796,1628,2,2024-09-13,,Active,Monthly
797,1629,1,2025-05-24,2025-09-11,Churned,Annual
798,1630,1,2024-04-01,,Active,Monthly
799,1631,3,2023-03-18,2024-06-29,Churned,Monthly
800,1632,1,2024-06-03,2025-01-05,Churned,Annual
801,1632,3,2024-08-13,,Active,Monthly
802,1633,1,2025-11-08,,Active,Annual
803,1633,1,2026-09-21,,Active,Monthly
804,1634,1,2026-11-16,,Active,Monthly
805,1635,2,2025-11-07,,Active,Annual
806,1636,2,2024-03-09,,Active,Monthly
807,1637,2,2026-04-27,,Active,Monthly
808,1638,1,2024-02-10,,Paused,Annual
809,1639,2,2023-09-09,,Active,Monthly
810,1640,1,2026-12-28,,Active,Monthly
811,1641,3,2023-02-05,,Active,Monthly
812,1641,2,2023-03-02,2023-10-27,Churned,Monthly
813,1642,2,2026-07-24,,Active,Monthly
814,1643,2,2023-01-07,2024-01-08,Churned,Annual
815,1643,1,2023-01-28,,Active,Monthly
816,1644,2,2025-10-14,,Active,Monthly
817,1645,1,2023-05-12,,Active,Monthly
818,1645,1,2023-06-27,,Active,Monthly
819,1646,2,2023-08-09,,Active,Monthly
820,1647,1,2027-02-25,2028-05-19,Churned,Monthly
821,1648,1,2024-08-04,,Active,Monthly
822,1649,1,2025-02-22,,Active,Monthly
823,1649,2,2025-05-13,,Active,Monthly
824,1650,2,2026-10-19,,Active,Annual
825,1651,1,2023-05-27,2023-08-19,Churned,Monthly
826,1652,2,2025-11-23,,Active,Monthly
827,1653,2,2024-10-13,,Active,Annual
828,1654,1,2024-05-15,2025-05-31,Churned,Monthly
829,1654,2,2024-09-01,,Active,Monthly
830,1655,1,2023-01-14,2024-02-12,Churned,Annual
831,1656,3,2023-03-14,,Paused,Annual
832,1657,3,2025-02-10,2025-10-05,Churned,Monthly
833,1658,1,2023-07-03,,Active,Monthly
834,1658,1,2023-05-16,2024-07-25,Churned,Annual
835,1659,3,2026-03-26,2027-05-29,Churned,Annual
836,1660,2,2026-06-07,2027-01-28,Churned,Monthly
837,1660,1,2026-10-09,,Active,Monthly
838,1661,2,2025-02-24,,Active,Monthly
839,1662,3,2023-11-29,2024-11-23,Churned,Annual
840,1663,1,2025-10-18,2027-01-24,Churned,Monthly
841,1664,2,2023-02-02,2023-10-26,Churned,Monthly
842,1664,2,2022-09-11,2023-07-31,Churned,Monthly
843,1665,1,2026-05-23,,Active,Monthly
844,1666,1,2023-09-13,,Active,Annual
845,1667,1,2023-08-17,2024-07-29,Churned,Annual
846,1668,2,2024-08-09,,Active,Monthly
847,1669,1,2024-02-01,2024-09-14,Churned,Monthly
848,1670,2,2025-03-09,,Active,Monthly
849,1671,2,2026-08-17,,Active,Monthly
850,1672,2,2023-09-15,,Active,Monthly
851,1672,2,2023-09-08,,Active,Monthly
852,1673,2,2022-09-27,2023-08-28,Churned,Annual
853,1674,1,2024-04-28,2025-01-24,Churned,Monthly
854,1675,2,2025-04-07,,Active,Monthly
855,1676,1,2023-08-05,,Active,Monthly
856,1677,2,2022-10-22,,Active,Annual
857,1677,2,2023-07-15,,Active,Monthly
858,1678,2,2026-01-11,2026-12-10,Churned,Monthly
859,1679,1,2025-07-15,,Active,Monthly
860,1680,3,2023-02-17,,Active,Monthly
861,1681,2,2024-06-06,,Active,Annual
862,1682,1,2026-12-10,,Active,Monthly
863,1682,1,2026-04-23,2027-03-27,Churned,Monthly
864,1683,2,2026-05-04,,Active,Monthly
865,1684,1,2025-10-04,,Active,Monthly
866,1685,2,2023-08-09,2023-11-22,Churned,Annual
867,1685,2,2023-12-22,,Active,Monthly
868,1686,3,2024-11-05,,Active,Monthly
869,1687,2,2025-02-05,,Active,Monthly
870,1688,1,2025-12-25,,Active,Monthly
871,1689,2,2024-12-22,,Active,Monthly
872,1690,2,2025-05-07,,Active,Monthly
873,1691,1,2026-09-02,,Active,Monthly
874,1691,2,2026-11-20,,Active,Monthly
875,1692,2,2024-12-15,,Active,Monthly
876,1693,2,2027-03-23,2028-02-24,Churned,Monthly
877,1694,1,2024-05-19,,Active,Monthly
878,1695,2,2025-04-10,,Active,Monthly
879,1695,3,2025-07-24,,Active,Monthly
880,1696,1,2022-12-24,,Active,Monthly
881,1696,1,2023-04-29,,Active,Monthly
882,1697,1,2026-04-09,,Active,Annual
883,1698,1,2023-03-04,,Active,Monthly
884,1699,1,2025-06-13,,Active,Monthly
885,1699,1,2025-08-20,,Active,Annual
886,1700,2,2025-09-22,,Active,Annual
887,1700,1,2025-02-22,,Active,Annual
888,1701,2,2024-07-30,,Active,Monthly
889,1702,1,2025-06-15,,Active,Monthly
890,1703,2,2024-02-25,,Active,Monthly
891,1704,2,2026-04-01,2027-03-31,Churned,Monthly
892,1704,1,2025-06-29,,Active,Monthly
893,1705,2,2026-12-04,,Active,Monthly
894,1706,1,2023-09-26,,Active,Monthly
895,1707,1,2024-07-08,,Active,Monthly
896,1708,1,2025-10-19,,Active,Monthly
897,1709,1,2024-08-15,,Active,Monthly
898,1710,1,2022-12-15,2023-06-12,Churned,Monthly
899,1711,3,2023-05-02,,Active,Monthly
900,1711,1,2023-03-24,,Active,Monthly
901,1712,1,2025-08-21,,Active,Annual
902,1713,2,2025-02-20,2025-04-13,Churned,Monthly
903,1713,2,2024-12-27,,Active,Monthly
904,1714,3,2025-06-17,2026-08-06,Churned,Annual
905,1714,2,2025-08-24,,Active,Monthly
906,1715,1,2026-03-13,,Active,Monthly
907,1716,1,2026-05-08,,Active,Monthly
908,1717,3,2026-09-01,,Active,Monthly
909,1718,2,2024-02-08,,Active,Monthly
910,1719,2,2027-03-30,2028-02-15,Churned,Monthly
911,1719,1,2026-12-19,,Active,Annual
912,1720,2,2024-06-20,,Active,Annual
913,1721,2,2024-06-02,,Active,Monthly
914,1721,1,2024-05-12,2024-07-21,Churned,Monthly
915,1722,2,2027-01-25,,Active,Monthly
916,1722,2,2026-08-31,,Active,Annual
917,1723,2,2026-01-02,2026-11-12,Churned,Monthly
918,1723,1,2026-06-20,,Active,Annual
919,1724,1,2024-07-29,,Active,Monthly
920,1725,1,2024-09-17,2025-01-01,Churned,Monthly
921,1726,1,2026-03-21,,Active,Annual
922,1727,3,2025-03-21,,Active,Annual
923,1728,1,2023-10-01,,Active,Annual
924,1729,3,2023-07-15,,Active,Annual
925,1730,2,2023-10-13,,Active,Monthly
926,1731,1,2025-09-12,2027-01-10,Churned,Annual
927,1732,1,2024-06-27,,Active,Monthly
928,1732,3,2023-11-24,,Paused,Monthly
929,1733,1,2025-03-13,,Active,Annual
930,1733,3,2025-09-30,,Active,Monthly
931,1734,2,2026-08-25,,Active,Monthly
932,1735,1,2023-04-06,,Active,Monthly
933,1735,1,2023-01-04,2023-05-22,Churned,Monthly
934,1736,1,2023-10-22,,Active,Annual
935,1736,2,2023-10-05,,Active,Annual
936,1737,2,2023-02-20,,Active,Monthly
937,1738,3,2025-01-03,,Paused,Annual
938,1738,1,2024-07-17,,Active,Monthly
939,1739,2,2025-05-08,,Active,Monthly
940,1740,2,2025-12-22,,Active,Monthly
941,1741,1,2023-07-04,,Active,Monthly
942,1742,2,2024-03-12,2025-06-30,Churned,Monthly
943,1743,1,2024-08-24,,Active,Monthly
944,1744,2,2027-05-08,2027-06-21,Churned,Monthly
945,1744,1,2026-12-04,2028-03-15,Churned,Annual
946,1745,3,2024-02-29,,Active,Monthly
947,1746,1,2025-04-23,,Active,Annual
948,1747,1,2026-09-08,2028-01-17,Churned,Monthly
949,1747,2,2025-11-30,,Active,Monthly
950,1748,2,2026-01-22,,Active,Monthly
951,1749,2,2024-05-25,,Active,Monthly
952,1750,3,2023-06-04,,Active,Monthly
953,1751,2,2023-12-12,,Active,Annual
954,1752,1,2025-08-22,,Active,Annual
955,1753,3,2026-12-23,,Active,Monthly
956,1753,1,2026-08-10,,Active,Annual
957,1754,1,2023-09-01,,Active,Monthly
958,1755,3,2025-09-08,,Active,Annual
959,1756,3,2024-07-07,,Active,Monthly
960,1757,1,2026-10-02,,Active,Monthly
961,1757,2,2026-02-08,,Active,Monthly
962,1758,1,2025-03-20,,Active,Monthly
963,1758,2,2024-11-26,,Active,Monthly
964,1759,1,2026-05-25,,Active,Annual
965,1759,1,2026-08-31,,Active,Monthly
966,1760,2,2023-11-26,,Active,Monthly
967,1760,1,2024-04-27,,Active,Monthly
968,1761,2,2025-07-29,,Active,Monthly
969,1762,2,2024-03-12,,Active,Annual
970,1763,3,2025-12-11,,Active,Monthly
971,1764,2,2024-08-09,,Active,Annual
972,1765,1,2025-08-18,,Active,Monthly
973,1766,1,2026-08-20,2027-12-18,Churned,Monthly
974,1767,2,2025-07-21,,Active,Monthly
975,1768,2,2023-10-06,,Active,Annual
976,1769,2,2025-09-19,,Active,Monthly
977,1769,1,2025-11-17,2027-03-03,Churned,Annual
978,1770,1,2022-11-19,,Active,Monthly
979,1771,1,2027-03-13,2027-11-29,Churned,Annual
980,1772,3,2023-07-19,,Active,Monthly
981,1773,2,2024-07-19,2025-03-28,Churned,Monthly
982,1773,1,2025-04-24,,Active,Monthly
983,1774,2,2025-12-11,2026-04-22,Churned,Monthly
984,1775,1,2023-02-06,,Active,Monthly
985,1776,1,2023-03-07,,Active,Monthly
986,1777,1,2023-09-26,,Active,Monthly
987,1778,1,2025-06-09,,Active,Monthly
988,1779,3,2026-05-28,,Active,Monthly
989,1779,2,2026-09-19,,Active,Monthly
990,1780,2,2022-11-18,,Active,Monthly
991,1780,2,2023-03-13,,Active,Monthly
992,1781,1,2024-03-08,2024-07-30,Churned,Monthly
993,1781,2,2023-10-21,,Paused,Monthly
994,1782,1,2026-02-21,,Active,Monthly
995,1783,1,2025-07-03,,Active,Monthly
996,1784,1,2023-07-08,,Active,Monthly
997,1785,1,2026-09-07,2027-05-22,Churned,Monthly
998,1786,2,2026-11-03,,Active,Annual
999,1787,3,2023-10-13,,Active,Annual
1000,1788,2,2025-06-22,,Active,Monthly
1001,1789,1,2025-06-25,,Active,Monthly
1002,1790,1,2026-01-01,,Active,Annual
1003,1791,1,2024-02-05,2024-07-18,Churned,Monthly
1004,1792,1,2025-11-16,,Active,Monthly
1005,1792,1,2025-10-26,2026-08-06,Churned,Monthly
1006,1793,1,2025-09-09,,Active,Monthly
1007,1793,1,2024-09-23,2024-12-07,Churned,Monthly
1008,1794,2,2025-10-22,,Active,Monthly
1009,1794,1,2025-02-17,,Active,Annual
1010,1795,2,2025-09-28,,Active,Monthly
1011,1796,1,2025-11-28,,Active,Annual
1012,1796,1,2025-10-13,,Active,Monthly
1013,1797,2,2026-10-24,,Active,Monthly
1014,1798,2,2024-10-08,2025-01-16,Churned,Monthly
1015,1799,2,2025-12-14,,Active,Annual
1016,1800,1,2025-09-06,,Active,Annual
1017,1800,3,2025-10-14,2026-06-06,Churned,Monthly
1018,1801,3,2023-06-20,,Active,Monthly
1019,1802,2,2025-05-08,,Active,Monthly
1020,1802,1,2024-12-01,2026-01-06,Churned,Monthly
1021,1803,1,2024-07-12,2025-11-20,Churned,Monthly
1022,1804,3,2024-07-14,,Active,Annual
1023,1805,1,2024-04-07,,Active,Monthly
1024,1806,2,2024-11-25,,Active,Monthly
1025,1806,1,2025-04-18,,Active,Monthly
1026,1807,1,2026-03-20,,Active,Monthly
1027,1808,2,2026-12-28,,Active,Monthly
1028,1808,1,2027-02-13,,Active,Annual
1029,1809,2,2026-03-14,2027-03-17,Churned,Monthly
1030,1810,1,2024-12-21,,Active,Monthly
1031,1811,1,2026-07-25,,Active,Monthly
1032,1812,1,2023-03-02,,Active,Monthly
1033,1813,2,2024-06-21,2025-03-29,Churned,Annual
1034,1814,1,2026-06-05,,Active,Monthly
1035,1815,3,2026-11-28,,Active,Monthly
1036,1816,1,2023-02-20,,Active,Monthly
1037,1817,2,2023-02-21,,Active,Monthly
1038,1817,1,2023-06-07,2024-01-29,Churned,Monthly
1039,1818,2,2024-07-11,,Active,Annual
1040,1819,1,2024-03-05,,Active,Monthly
1041,1819,3,2024-02-05,,Active,Monthly
1042,1820,1,2024-02-02,,Active,Monthly
1043,1820,2,2024-03-19,,Active,Annual
1044,1821,3,2024-02-28,,Active,Monthly
1045,1822,1,2024-09-23,,Active,Monthly
1046,1823,2,2023-12-02,,Active,Monthly
1047,1823,1,2023-08-29,2023-12-21,Churned,Monthly
1048,1824,1,2025-05-16,2026-04-23,Churned,Monthly
1049,1825,2,2024-10-03,,Active,Monthly
1050,1826,1,2026-09-20,,Active,Monthly
1051,1827,1,2024-09-03,,Active,Monthly
1052,1828,2,2026-02-18,,Active,Monthly
1053,1828,3,2026-03-18,2026-12-28,Churned,Monthly
1054,1829,1,2022-08-12,,Active,Monthly
1055,1830,2,2026-03-23,,Active,Monthly
1056,1831,2,2025-06-05,,Active,Annual
1057,1832,3,2025-03-29,,Active,Annual
1058,1833,1,2026-09-03,,Active,Annual
1059,1833,3,2026-06-08,,Active,Annual
1060,1834,1,2023-11-09,,Active,Monthly
1061,1834,1,2024-01-25,,Active,Monthly
1062,1835,2,2026-06-15,,Active,Annual
1063,1836,2,2026-12-14,,Active,Annual
1064,1837,1,2026-04-20,,Active,Monthly
1065,1838,2,2026-10-23,,Active,Monthly
1066,1839,2,2024-10-28,,Active,Monthly
1067,1840,1,2026-01-02,,Active,Monthly
1068,1840,1,2026-02-25,,Active,Annual
1069,1841,1,2025-01-28,,Active,Monthly
1070,1841,2,2024-05-06,,Paused,Monthly
1071,1842,2,2026-04-06,2026-09-19,Churned,Monthly
1072,1843,1,2026-05-11,,Active,Annual
1073,1843,2,2026-05-03,,Active,Monthly
1074,1844,2,2025-04-18,2026-07-08,Churned,Annual
1075,1845,1,2023-12-13,,Active,Monthly
1076,1846,1,2027-02-26,,Active,Monthly
1077,1846,1,2027-03-23,,Active,Annual
1078,1847,1,2025-10-14,,Active,Annual
1079,1847,1,2026-03-15,,Active,Monthly
1080,1848,2,2026-06-27,,Active,Monthly
1081,1849,1,2024-09-22,,Active,Monthly
1082,1849,2,2025-02-03,,Active,Monthly
1083,1850,1,2026-02-01,2027-03-09,Churned,Annual
1084,1851,3,2026-02-14,,Active,Monthly
1085,1851,1,2025-10-25,2026-02-20,Churned,Monthly
1086,1852,2,2024-09-20,,Active,Monthly
1087,1853,1,2025-12-20,2027-03-28,Churned,Annual
1088,1854,3,2026-11-26,,Active,Annual
1089,1855,1,2026-01-19,,Active,Monthly
1090,1856,2,2025-09-21,,Active,Monthly
1091,1857,1,2023-04-03,,Active,Monthly
1092,1858,1,2025-03-01,,Active,Monthly
1093,1859,2,2026-12-08,,Active,Annual
1094,1860,3,2024-11-09,,Active,Annual
1095,1861,1,2027-03-15,,Active,Monthly
1096,1862,1,2026-08-07,2027-08-14,Churned,Monthly
1097,1862,3,2026-03-05,,Active,Monthly
1098,1863,1,2024-08-12,,Paused,Monthly
1099,1864,1,2024-07-17,,Active,Monthly
1100,1864,1,2024-07-19,,Active,Monthly
1101,1865,1,2023-03-25,,Active,Annual
1102,1866,1,2024-11-19,,Active,Monthly
1103,1866,1,2025-03-04,2025-12-22,Churned,Monthly
1104,1867,1,2023-02-11,2024-04-11,Churned,Monthly
1105,1868,2,2025-09-06,,Active,Monthly
1106,1869,1,2023-03-20,,Active,Monthly
1107,1870,1,2024-03-06,,Active,Monthly
1108,1871,1,2024-12-03,,Active,Monthly
1109,1872,2,2026-07-28,2027-08-29,Churned,Monthly
1110,1873,2,2025-11-14,2026-03-15,Churned,Annual
1111,1874,1,2026-07-21,2027-10-14,Churned,Monthly
1112,1874,1,2026-02-02,,Active,Monthly
1113,1875,1,2026-09-25,,Paused,Monthly
1114,1876,1,2024-07-22,2025-08-24,Churned,Monthly
1115,1877,2,2026-12-24,2028-04-01,Churned,Monthly
1116,1878,1,2026-12-17,2028-02-22,Churned,Monthly
1117,1879,2,2027-03-12,2028-05-06,Churned,Monthly
1118,1880,2,2026-04-14,,Active,Monthly
1119,1880,1,2026-05-31,2026-10-20,Churned,Monthly
1120,1881,1,2024-12-25,,Active,Monthly
1121,1882,2,2026-07-22,2027-08-02,Churned,Monthly
1122,1883,1,2027-04-05,,Active,Annual
1123,1883,1,2027-02-16,,Active,Monthly
1124,1884,1,2025-09-03,,Active,Monthly
1125,1885,2,2025-06-24,,Active,Monthly
1126,1885,3,2025-07-14,,Active,Monthly
1127,1886,1,2026-04-29,2026-09-19,Churned,Monthly
1128,1886,1,2026-12-28,,Active,Monthly
1129,1887,1,2026-01-15,,Active,Monthly
1130,1888,1,2025-03-20,,Active,Annual
1131,1888,1,2024-11-07,,Active,Monthly
1132,1889,1,2026-05-02,,Active,Annual
1133,1890,2,2023-07-10,,Active,Monthly
1134,1891,3,2024-06-03,,Active,Monthly
1135,1892,2,2023-02-24,,Active,Monthly
1136,1893,1,2026-04-27,,Active,Annual
1137,1894,1,2023-08-20,,Active,Monthly
1138,1895,2,2026-04-09,2027-05-19,Churned,Monthly
1139,1896,1,2025-04-07,,Active,Monthly
1140,1897,2,2024-06-27,2025-06-22,Churned,Monthly
1141,1898,3,2024-05-10,,Active,Monthly
1142,1899,1,2025-11-06,,Active,Monthly
1143,1900,1,2024-03-26,,Active,Monthly
1144,1901,2,2024-03-28,,Active,Annual
1145,1901,2,2023-06-24,,Active,Monthly
1146,1902,1,2024-11-26,,Active,Monthly
1147,1902,2,2024-10-16,,Active,Monthly
1148,1903,1,2023-03-03,2023-12-14,Churned,Annual
1149,1904,1,2023-12-22,,Paused,Monthly
1150,1905,2,2024-04-23,,Active,Monthly
1151,1906,1,2026-01-16,2026-12-01,Churned,Monthly
1152,1907,1,2026-05-13,,Active,Annual
1153,1908,1,2026-01-16,,Active,Monthly
1154,1909,1,2025-10-24,2026-03-08,Churned,Annual
1155,1910,2,2024-06-23,,Active,Monthly
1156,1911,2,2023-08-15,,Active,Annual
1157,1911,1,2024-07-20,,Active,Monthly
1158,1912,2,2023-01-03,,Active,Monthly
1159,1913,1,2023-07-01,,Active,Monthly
1160,1914,1,2025-07-29,,Active,Monthly
1161,1914,1,2025-03-01,,Active,Monthly
1162,1915,1,2023-03-10,,Active,Monthly
1163,1915,3,2022-07-07,,Active,Monthly
1164,1916,1,2024-07-10,,Active,Monthly
1165,1917,1,2026-06-22,,Active,Monthly
1166,1918,1,2024-01-27,,Active,Annual
1167,1919,2,2024-11-18,,Active,Annual
1168,1920,3,2023-08-27,2023-10-18,Churned,Annual
1169,1921,2,2025-01-30,2026-01-17,Churned,Monthly
1170,1922,1,2026-06-05,2026-09-28,Churned,Monthly
1171,1923,2,2026-07-28,,Active,Monthly
1172,1924,3,2024-03-21,2025-04-23,Churned,Monthly
1173,1924,2,2024-04-02,,Active,Monthly
1174,1925,1,2026-10-12,,Active,Monthly
1175,1926,1,2024-02-03,,Active,Monthly
1176,1927,1,2025-04-07,,Active,Monthly
1177,1927,1,2025-03-30,,Active,Monthly
1178,1928,1,2024-04-05,2024-11-14,Churned,Monthly
1179,1929,1,2025-03-13,2026-01-04,Churned,Monthly
1180,1930,1,2024-06-07,,Active,Monthly
1181,1930,2,2024-07-29,2025-04-28,Churned,Annual
1182,1931,1,2025-02-11,2026-04-18,Churned,Monthly
1183,1931,1,2025-01-07,,Active,Monthly
1184,1932,2,2023-04-04,,Active,Annual
1185,1933,2,2027-01-18,,Active,Monthly
1186,1934,3,2025-08-18,,Active,Monthly
1187,1935,2,2025-10-11,,Active,Monthly
1188,1935,2,2025-12-05,,Active,Monthly
1189,1936,1,2024-01-31,2024-05-08,Churned,Monthly
1190,1936,1,2023-08-20,,Active,Monthly
1191,1937,2,2025-04-01,,Active,Monthly
1192,1937,2,2025-03-18,2026-04-15,Churned,Monthly
1193,1938,2,2024-10-02,,Active,Monthly
1194,1939,2,2026-12-26,,Active,Monthly
1195,1940,1,2023-11-25,2024-11-22,Churned,Annual
1196,1941,1,2025-09-13,,Active,Monthly
1197,1942,1,2025-08-23,,Active,Monthly
1198,1943,1,2026-11-20,,Active,Monthly
1199,1944,2,2025-08-06,,Active,Monthly
1200,1945,1,2025-07-24,,Active,Annual
1201,1946,1,2025-01-05,,Active,Monthly
1202,1946,1,2025-10-30,,Active,Monthly
1203,1947,1,2025-09-15,,Active,Monthly
1204,1948,1,2022-12-14,2023-12-04,Churned,Annual
1205,1949,2,2026-07-12,,Active,Monthly
1206,1950,2,2024-02-03,2024-06-25,Churned,Monthly
1207,1951,1,2026-07-21,2027-03-04,Churned,Monthly
1208,1952,1,2023-04-01,,Active,Annual
1209,1952,2,2023-09-07,,Active,Monthly
1210,1953,1,2026-07-18,,Active,Monthly
1211,1953,1,2026-08-01,,Active,Monthly
1212,1954,3,2023-04-08,2024-03-09,Churned,Monthly
1213,1955,1,2023-09-22,,Active,Monthly
1214,1956,2,2024-10-31,,Active,Monthly
1215,1957,1,2025-11-13,,Active,Monthly
1216,1958,1,2023-08-21,,Paused,Monthly
1217,1959,2,2025-04-29,,Active,Monthly
1218,1960,1,2025-09-29,,Active,Monthly
1219,1961,1,2023-09-01,,Active,Monthly
1220,1962,3,2023-10-15,,Active,Monthly
1221,1963,2,2025-03-04,,Active,Monthly
1222,1964,1,2026-05-13,,Active,Monthly
1223,1965,1,2026-05-17,,Active,Monthly
1224,1965,1,2026-02-05,,Active,Monthly
1225,1966,1,2024-11-21,,Active,Annual
1226,1966,1,2024-04-15,,Active,Monthly
1227,1967,1,2026-01-02,,Active,Monthly
1228,1968,2,2026-12-01,,Paused,Monthly
1229,1969,1,2024-07-29,,Active,Monthly
1230,1969,2,2024-09-15,2025-01-14,Churned,Monthly
1231,1970,1,2025-11-10,,Active,Monthly
1232,1971,1,2026-06-10,,Active,Monthly
1233,1972,2,2024-06-01,,Active,Monthly
1234,1973,2,2025-10-25,,Active,Monthly
1235,1974,1,2025-07-13,2025-09-21,Churned,Monthly
1236,1975,2,2025-02-22,,Paused,Monthly
1237,1976,3,2025-03-12,,Active,Monthly
1238,1976,3,2025-07-30,,Active,Monthly
1239,1977,1,2023-07-31,,Active,Monthly
1240,1977,2,2023-11-29,,Active,Monthly
1241,1978,2,2022-08-16,,Active,Annual
1242,1979,2,2024-10-22,,Active,Monthly
1243,1979,2,2025-09-22,,Active,Monthly
1244,1980,1,2024-03-07,,Active,Monthly
1245,1981,2,2026-04-19,,Active,Monthly
1246,1982,3,2023-01-19,2023-07-02,Churned,Monthly
1247,1983,1,2026-03-13,,Active,Monthly
1248,1984,1,2023-02-25,,Active,Annual
1249,1985,3,2026-11-06,,Active,Annual
1250,1986,3,2023-05-13,,Active,Monthly
1251,1987,1,2025-12-06,,Active,Monthly
1252,1988,2,2023-10-07,,Paused,Monthly
1253,1989,3,2023-09-03,,Active,Monthly
1254,1990,3,2023-08-23,,Active,Monthly
1255,1991,1,2025-05-21,2025-08-09,Churned,Annual
1256,1992,2,2025-05-02,,Active,Monthly
1257,1993,3,2024-08-22,,Active,Annual
1258,1993,1,2025-01-04,,Active,Monthly
1259,1994,1,2024-06-11,2024-09-11,Churned,Monthly
1260,1994,2,2024-06-14,,Active,Monthly
1261,1995,2,2024-07-20,,Active,Monthly
1262,1996,1,2026-09-25,,Active,Monthly
1263,1996,1,2027-01-07,,Active,Monthly
1264,1997,2,2024-08-06,,Active,Annual
1265,1998,1,2026-03-23,,Active,Monthly
1266,1999,1,2025-08-21,,Active,Monthly
1267,2000,1,2024-04-13,,Active,Monthly
1268,2001,1,2026-04-04,,Active,Annual
1269,2002,1,2023-03-21,,Active,Annual
1270,2003,2,2026-03-04,,Active,Monthly
1271,2004,1,2023-03-20,2023-08-17,Churned,Monthly
1272,2005,2,2024-03-15,,Active,Annual
1273,2006,2,2023-05-22,2024-09-12,Churned,Monthly
1274,2007,2,2023-04-24,2023-12-13,Churned,Annual
1275,2008,2,2024-12-30,2025-12-11,Churned,Annual
1276,2009,2,2024-02-18,,Active,Monthly
1277,2010,2,2024-10-10,,Active,Monthly
1278,2011,1,2022-11-26,2023-11-30,Churned,Monthly
1279,2012,2,2024-10-02,,Active,Monthly
1280,2013,1,2025-03-08,,Active,Annual
1281,2013,2,2025-10-12,,Active,Monthly
1282,2014,2,2026-05-31,,Active,Annual
1283,2015,1,2024-01-14,,Active,Monthly
1284,2016,3,2024-10-11,,Active,Annual
1285,2017,1,2025-12-20,2026-10-13,Churned,Monthly
1286,2018,1,2024-01-27,,Active,Monthly
1287,2018,1,2023-11-23,,Active,Monthly
1288,2019,1,2024-02-19,2024-10-26,Churned,Annual
1289,2019,1,2024-02-15,,Active,Monthly
1290,2020,3,2023-12-20,,Active,Monthly
1291,2021,1,2023-04-11,,Active,Annual
1292,2022,1,2025-11-25,,Active,Annual
1293,2022,1,2025-12-05,,Active,Monthly
1294,2023,3,2025-09-24,,Active,Monthly
1295,2024,2,2025-11-23,,Active,Monthly
1296,2025,1,2024-10-12,2025-07-02,Churned,Annual
1297,2026,1,2025-01-28,,Active,Monthly
1298,2027,1,2023-12-01,2024-09-29,Churned,Monthly
1299,2028,2,2026-02-09,,Active,Annual
1300,2029,2,2023-02-08,,Active,Monthly
1301,2030,1,2023-01-29,,Active,Monthly
1302,2031,2,2023-06-20,,Active,Monthly
1303,2032,1,2023-03-20,2024-05-20,Churned,Annual
1304,2033,1,2026-12-24,,Active,Monthly
1305,2034,2,2025-06-01,,Active,Monthly
1306,2034,1,2025-11-18,,Active,Monthly
1307,2035,3,2022-08-21,2023-10-01,Churned,Monthly
1308,2036,2,2024-07-29,,Active,Monthly
1309,2036,1,2024-05-23,,Active,Monthly
1310,2037,1,2026-01-25,,Active,Monthly
1311,2038,1,2024-01-08,,Active,Monthly
1312,2039,2,2024-08-15,,Active,Annual
1313,2040,1,2023-10-23,,Paused,Monthly
1314,2041,1,2025-07-31,2026-10-08,Churned,Monthly
1315,2041,1,2025-02-06,2025-03-29,Churned,Monthly
1316,2042,2,2024-10-31,,Active,Annual
1317,2043,2,2024-01-01,,Active,Annual
1318,2044,2,2026-09-14,,Active,Annual
1319,2045,2,2024-05-16,,Active,Monthly
1320,2046,2,2025-10-22,2026-03-20,Churned,Monthly
1321,2047,2,2025-05-21,,Active,Annual
1322,2048,2,2023-02-09,,Paused,Monthly
1323,2048,1,2023-01-09,,Active,Annual
1324,2049,3,2024-02-29,,Active,Monthly
1325,2049,2,2024-03-29,,Active,Annual
1326,2050,1,2025-10-31,,Active,Annual
1327,2051,1,2026-10-28,,Active,Monthly
1328,2051,1,2026-01-30,,Active,Monthly
1329,2052,2,2026-09-03,,Paused,Monthly
1330,2052,2,2026-10-22,,Active,Annual
1331,2053,2,2024-11-26,,Active,Monthly
1332,2053,1,2024-05-15,,Active,Monthly
1333,2054,2,2023-10-03,2024-10-16,Churned,Monthly
1334,2054,3,2023-11-28,,Active,Annual
1335,2055,2,2026-02-23,,Active,Monthly
1336,2056,2,2023-04-27,2023-08-01,Churned,Monthly
1337,2057,1,2023-05-14,,Active,Annual
1338,2058,2,2025-08-13,,Active,Annual
1339,2059,2,2025-02-03,,Active,Monthly
1340,2060,1,2027-02-20,,Paused,Annual
1341,2061,1,2026-01-17,,Active,Monthly
1342,2061,1,2025-03-28,,Active,Monthly
1343,2062,1,2024-01-19,,Active,Annual
1344,2063,2,2026-05-11,,Paused,Monthly
1345,2064,3,2025-01-26,2025-06-15,Churned,Monthly
1346,2065,1,2025-10-09,2026-03-06,Churned,Annual
1347,2065,2,2026-05-20,,Active,Monthly
1348,2066,3,2025-06-07,,Active,Annual
1349,2067,1,2023-05-15,,Active,Monthly
1350,2068,2,2027-03-17,,Active,Monthly
1351,2069,1,2024-07-01,,Active,Annual
1352,2069,1,2024-12-21,,Active,Monthly
1353,2070,1,2025-01-20,,Active,Monthly
1354,2070,2,2025-03-16,,Active,Monthly
1355,2071,1,2023-10-11,,Active,Monthly
1356,2072,3,2024-11-28,,Active,Annual
1357,2073,1,2023-06-21,,Active,Monthly
1358,2074,2,2025-08-16,,Active,Annual
1359,2074,2,2026-06-17,2026-09-24,Churned,Monthly
1360,2075,2,2025-10-09,2026-03-01,Churned,Monthly
1361,2075,1,2025-08-25,,Paused,Monthly
1362,2076,3,2024-06-11,,Active,Monthly
1363,2076,2,2024-03-11,,Active,Monthly
1364,2077,2,2024-04-02,,Active,Monthly
1365,2078,1,2023-08-21,,Active,Monthly
1366,2079,1,2024-10-31,,Active,Monthly
1367,2080,1,2026-01-06,,Active,Monthly
1368,2081,1,2024-09-23,,Active,Monthly
1369,2081,1,2023-11-23,,Active,Monthly
1370,2082,1,2025-07-21,,Active,Monthly
1371,2083,1,2023-10-13,,Active,Monthly
1372,2083,2,2023-11-24,,Active,Monthly
1373,2084,2,2025-10-02,,Active,Monthly
1374,2084,1,2025-09-22,,Active,Monthly
1375,2085,2,2023-01-19,,Active,Monthly
1376,2086,1,2024-03-29,,Active,Monthly
1377,2087,1,2024-07-30,,Active,Monthly
1378,2088,1,2023-03-14,,Active,Monthly
1379,2089,1,2025-09-30,,Active,Monthly
1380,2090,2,2023-12-19,,Active,Monthly
1381,2091,1,2027-05-08,2027-08-15,Churned,Monthly
1382,2092,1,2024-01-16,,Active,Monthly
1383,2093,2,2027-04-23,,Active,Annual
1384,2094,1,2023-05-28,,Active,Annual
1385,2095,1,2024-01-07,2024-09-04,Churned,Monthly
1386,2095,3,2024-06-26,,Active,Annual
1387,2096,3,2026-01-08,2026-07-13,Churned,Monthly
1388,2097,1,2025-10-09,,Active,Monthly
1389,2098,2,2023-09-16,,Active,Monthly
1390,2099,2,2027-02-01,,Active,Monthly
1391,2100,1,2024-07-04,,Active,Monthly
1392,2100,2,2025-03-21,,Active,Monthly
1393,2101,3,2023-06-25,,Active,Monthly
1394,2101,1,2023-11-21,,Paused,Annual
1395,2102,3,2026-01-24,,Active,Annual
1396,2103,2,2026-06-24,,Active,Monthly
1397,2103,3,2025-11-28,,Active,Monthly
1398,2104,2,2026-08-01,,Active,Monthly
1399,2105,1,2026-02-16,,Active,Monthly
1400,2106,1,2026-10-12,,Active,Monthly
1401,2107,1,2026-10-23,,Active,Annual
1402,2108,1,2022-12-07,,Active,Monthly
1403,2108,2,2023-06-13,,Active,Monthly
1404,2109,1,2024-01-23,,Active,Monthly
1405,2109,2,2024-10-04,,Active,Annual
1406,2110,3,2024-08-28,,Active,Monthly
1407,2111,1,2024-08-27,,Active,Monthly
1408,2112,1,2024-02-03,,Active,Monthly
1409,2113,1,2024-04-07,,Active,Monthly
1410,2114,2,2023-01-22,,Active,Monthly
1411,2115,2,2024-09-28,,Active,Annual
1412,2115,2,2025-01-06,2026-05-10,Churned,Annual
1413,2116,2,2026-07-10,2027-02-20,Churned,Monthly
1414,2117,1,2026-02-02,,Active,Monthly
1415,2118,1,2025-12-10,,Active,Monthly
1416,2119,3,2026-12-31,,Active,Annual
1417,2120,1,2023-11-08,,Active,Annual
1418,2121,1,2023-10-11,,Active,Annual
1419,2122,1,2025-11-13,,Active,Monthly
1420,2123,1,2025-09-04,,Active,Annual
1421,2123,1,2025-03-15,2026-01-11,Churned,Monthly
1422,2124,3,2022-11-10,2024-02-12,Churned,Annual
1423,2124,1,2022-11-24,,Active,Monthly
1424,2125,1,2025-08-03,,Active,Monthly
1425,2125,1,2025-11-26,,Active,Monthly
1426,2126,1,2022-10-09,2022-11-21,Churned,Monthly
1427,2126,1,2023-06-25,,Active,Monthly
1428,2127,2,2026-05-28,,Active,Monthly
1429,2128,1,2026-05-14,,Active,Monthly
1430,2129,2,2025-07-28,,Active,Monthly
1431,2129,2,2025-06-16,,Active,Monthly
1432,2130,2,2025-07-24,,Active,Monthly
1433,2131,3,2025-07-15,,Active,Monthly
1434,2131,1,2025-03-29,,Active,Monthly
1435,2132,2,2026-02-27,,Active,Monthly
1436,2132,1,2025-12-31,,Active,Monthly
1437,2133,2,2025-10-03,,Active,Monthly
1438,2134,2,2026-11-30,,Active,Annual
1439,2135,3,2025-11-27,,Active,Monthly
1440,2136,3,2026-06-27,,Active,Monthly
1441,2137,1,2023-01-09,,Active,Monthly
1442,2138,1,2026-01-01,,Active,Monthly
1443,2139,1,2025-03-18,,Active,Annual
1444,2139,2,2025-05-15,,Active,Monthly
1445,2140,1,2023-04-23,,Active,Monthly
1446,2141,1,2024-03-11,,Active,Monthly
1447,2142,1,2025-09-15,2026-11-17,Churned,Monthly
1448,2143,1,2024-02-14,,Active,Annual
1449,2144,2,2024-07-25,2025-06-22,Churned,Monthly
1450,2145,1,2026-02-05,,Active,Monthly
1451,2145,1,2026-04-08,,Active,Monthly
1452,2146,1,2024-12-30,2026-01-25,Churned,Monthly
1453,2146,1,2025-06-15,,Active,Monthly
1454,2147,1,2025-10-15,,Active,Monthly
1455,2148,3,2024-12-12,,Active,Annual
1456,2149,1,2026-10-08,,Active,Monthly
1457,2150,2,2024-10-30,2025-05-05,Churned,Monthly
1458,2151,2,2024-11-19,,Active,Monthly
1459,2152,3,2024-06-03,2025-07-29,Churned,Annual
1460,2152,2,2024-06-29,2025-04-09,Churned,Monthly
1461,2153,1,2024-03-06,,Active,Monthly
1462,2153,1,2024-02-09,,Active,Monthly
1463,2154,1,2023-03-19,,Active,Monthly
1464,2155,2,2024-10-19,,Active,Monthly
1465,2156,1,2024-01-04,2024-04-18,Churned,Monthly
1466,2156,1,2023-10-18,,Paused,Monthly
1467,2157,3,2024-09-24,,Active,Monthly
1468,2157,1,2024-04-05,,Paused,Monthly
1469,2158,1,2023-02-04,2023-07-29,Churned,Annual
1470,2159,1,2026-07-09,,Active,Monthly
1471,2160,1,2025-04-20,,Active,Annual
1472,2161,1,2023-07-13,,Active,Annual
1473,2162,1,2024-09-18,,Active,Monthly
1474,2162,2,2024-10-11,2025-10-31,Churned,Monthly
1475,2163,1,2025-02-02,,Active,Monthly
1476,2163,1,2025-08-09,,Active,Annual
1477,2164,1,2024-10-27,,Active,Monthly
1478,2165,1,2025-07-04,,Active,Monthly
1479,2166,2,2025-01-28,,Active,Monthly
1480,2167,1,2026-11-04,,Active,Monthly
1481,2168,1,2024-01-03,,Active,Annual
1482,2169,1,2026-03-17,,Active,Monthly
1483,2169,2,2025-08-16,2025-09-27,Churned,Monthly
1484,2170,1,2024-04-21,,Active,Monthly
1485,2171,2,2023-04-12,,Active,Annual
1486,2172,2,2027-02-01,,Active,Monthly
1487,2173,2,2023-02-07,,Active,Monthly
1488,2174,1,2026-01-27,,Active,Annual
1489,2175,1,2024-07-20,,Active,Monthly
1490,2176,2,2024-08-15,2025-11-14,Churned,Monthly
1491,2177,1,2025-04-05,,Active,Monthly
1492,2178,1,2024-03-27,,Active,Monthly
1493,2179,1,2023-10-16,,Active,Monthly
1494,2179,3,2023-08-14,,Active,Monthly
1495,2180,1,2026-04-22,,Active,Monthly
1496,2181,1,2025-04-25,,Active,Monthly
1497,2182,3,2024-07-03,2024-10-17,Churned,Annual
1498,2182,1,2024-05-26,,Active,Annual
1499,2183,1,2023-07-30,,Active,Monthly
1500,2184,1,2023-11-26,2025-01-29,Churned,Annual
1501,2185,1,2026-12-07,,Active,Monthly
1502,2185,2,2026-04-29,,Active,Monthly
1503,2186,1,2026-04-05,,Active,Monthly
1504,2187,2,2024-10-20,2025-12-25,Churned,Monthly
1505,2188,2,2025-04-25,,Active,Annual
1506,2189,1,2025-09-19,,Active,Monthly
1507,2190,2,2026-07-19,,Active,Annual
1508,2191,3,2024-02-15,,Active,Monthly
1509,2191,1,2024-08-24,,Active,Annual
1510,2192,2,2025-09-19,,Active,Monthly
1511,2193,1,2023-08-16,,Active,Monthly
1512,2194,1,2024-05-02,,Active,Annual
1513,2195,1,2025-09-30,,Paused,Monthly
1514,2196,2,2026-10-05,,Active,Monthly
1515,2196,1,2026-02-18,,Active,Monthly
1516,2197,1,2026-03-20,2026-07-04,Churned,Monthly
1517,2197,1,2025-06-30,,Paused,Annual
1518,2198,3,2025-12-01,2026-10-04,Churned,Monthly
1519,2199,2,2025-11-08,,Active,Monthly
1520,2200,2,2026-09-21,,Active,Annual
1521,2200,1,2026-10-11,,Active,Monthly
1522,2201,3,2026-03-23,,Active,Annual
1523,2202,1,2023-11-15,2024-07-02,Churned,Annual
1524,2203,1,2023-07-01,,Active,Monthly
1525,2204,2,2023-07-14,,Active,Monthly
1526,2205,2,2025-02-08,,Active,Monthly
1527,2205,1,2024-03-20,,Active,Monthly
1528,2206,2,2025-03-25,2026-06-08,Churned,Monthly
1529,2207,3,2024-01-16,2024-07-22,Churned,Monthly
1530,2207,1,2024-05-06,,Active,Monthly
1531,2208,2,2025-07-23,2026-11-23,Churned,Monthly
1532,2209,1,2025-06-21,,Active,Monthly
1533,2210,1,2024-01-19,,Paused,Monthly
1534,2211,2,2026-03-23,,Active,Annual
1535,2212,1,2025-03-09,,Active,Annual
1536,2213,3,2027-01-16,,Active,Annual
1537,2214,3,2024-11-14,,Active,Annual
1538,2215,2,2024-09-09,,Active,Monthly
1539,2216,1,2025-05-12,,Active,Annual
1540,2217,1,2026-05-03,,Active,Monthly
1541,2218,1,2025-07-21,,Active,Annual
1542,2219,2,2023-05-07,,Active,Monthly
1543,2219,1,2023-05-19,,Active,Monthly
1544,2220,1,2023-03-30,,Active,Monthly
1545,2220,1,2023-11-01,2025-01-20,Churned,Annual
1546,2221,1,2026-05-22,,Active,Monthly
1547,2222,2,2025-08-14,,Active,Monthly
1548,2223,1,2025-07-05,,Active,Monthly
1549,2223,3,2025-07-18,2026-05-16,Churned,Monthly
1550,2224,2,2025-10-23,,Active,Annual
1551,2225,2,2024-06-15,,Active,Monthly
1552,2226,2,2023-06-03,,Active,Annual
1553,2227,3,2026-01-10,2026-10-28,Churned,Annual
1554,2227,2,2025-10-10,,Active,Monthly
1555,2228,1,2027-03-08,,Paused,Monthly
1556,2229,3,2022-12-30,2023-06-22,Churned,Annual
1557,2230,1,2025-10-15,,Active,Monthly
1558,2230,1,2026-05-03,,Active,Monthly
1559,2231,2,2024-10-14,,Active,Monthly
1560,2232,1,2027-01-27,,Active,Monthly
1561,2233,1,2024-05-25,,Active,Annual
1562,2233,1,2024-05-11,2024-07-16,Churned,Annual
1563,2234,1,2023-06-14,,Active,Monthly
1564,2235,2,2025-10-01,2026-09-24,Churned,Annual
1565,2236,2,2026-06-20,,Active,Monthly
1566,2236,1,2026-06-04,,Active,Monthly
1567,2237,1,2026-09-10,,Active,Monthly
1568,2238,2,2025-12-03,,Active,Monthly
1569,2239,1,2026-09-24,,Active,Monthly
1570,2240,3,2025-04-28,,Active,Monthly
1571,2241,3,2026-02-22,,Active,Monthly
1572,2242,2,2023-07-28,,Active,Monthly
1573,2243,1,2026-10-03,,Active,Annual
1574,2243,2,2026-12-16,2027-09-13,Churned,Annual
1575,2244,2,2026-02-14,,Active,Monthly
1576,2245,1,2026-06-20,,Active,Monthly
1577,2246,2,2025-03-23,,Active,Monthly
1578,2247,3,2023-09-11,,Active,Monthly
1579,2248,2,2023-05-08,2024-05-27,Churned,Monthly
1580,2248,1,2023-10-12,,Active,Monthly
1581,2249,1,2023-04-15,,Active,Annual
1582,2250,2,2024-02-13,,Active,Monthly
1583,2251,2,2023-09-07,,Active,Monthly
1584,2252,2,2023-10-09,,Active,Monthly
1585,2253,1,2022-12-26,2023-03-23,Churned,Monthly
1586,2254,2,2025-04-10,,Active,Monthly
1587,2255,1,2024-12-11,,Active,Monthly
1588,2256,1,2023-05-30,,Active,Monthly
1589,2257,2,2025-06-24,,Active,Monthly
1590,2258,2,2026-01-22,,Active,Monthly
1591,2258,2,2026-02-05,,Active,Monthly
1592,2259,1,2025-10-27,2026-04-10,Churned,Annual
1593,2260,1,2024-03-01,2024-11-23,Churned,Monthly
1594,2260,1,2024-07-24,,Active,Monthly
1595,2261,1,2025-06-26,,Active,Monthly
1596,2261,3,2025-04-14,,Active,Monthly
1597,2262,1,2024-04-30,,Active,Annual
1598,2262,1,2024-11-05,,Active,Monthly
1599,2263,1,2024-06-16,2025-04-14,Churned,Monthly
1600,2264,2,2025-11-24,,Active,Monthly
1601,2265,2,2025-10-31,,Active,Monthly
1602,2266,1,2026-04-19,,Active,Monthly
1603,2267,2,2024-12-04,,Active,Monthly
1604,2268,1,2027-01-20,,Active,Monthly
1605,2269,3,2026-01-10,,Paused,Monthly
1606,2270,1,2025-03-22,,Active,Annual
1607,2271,1,2024-04-24,2024-06-05,Churned,Monthly
1608,2272,1,2023-12-18,,Active,Monthly
1609,2273,1,2027-01-31,,Active,Monthly
1610,2273,2,2026-05-31,2027-05-05,Churned,Monthly
1611,2274,1,2024-10-16,,Active,Monthly
1612,2275,2,2026-08-02,,Active,Annual
1613,2275,1,2026-09-06,,Active,Monthly
1614,2276,1,2026-11-04,,Active,Monthly
1615,2277,2,2023-06-16,,Active,Monthly
1616,2278,1,2024-02-13,,Active,Monthly
1617,2279,1,2025-09-13,,Active,Monthly
1618,2280,1,2025-06-09,,Active,Annual
1619,2281,1,2026-03-23,,Active,Annual
1620,2282,1,2024-07-26,,Active,Annual
1621,2283,1,2026-07-10,2026-09-15,Churned,Monthly
1622,2283,1,2026-04-05,,Active,Monthly
1623,2284,2,2025-04-21,2026-04-13,Churned,Monthly
1624,2285,2,2023-01-10,,Active,Monthly
1625,2286,1,2024-12-21,,Active,Monthly
1626,2287,1,2026-06-09,,Active,Monthly
1627,2287,1,2025-11-05,,Paused,Monthly
1628,2288,1,2025-07-25,2026-05-25,Churned,Monthly
1629,2288,3,2025-05-23,,Active,Monthly
1630,2289,3,2026-08-22,2027-06-21,Churned,Monthly
1631,2290,3,2022-12-19,2023-09-10,Churned,Annual
1632,2290,2,2022-11-23,,Active,Monthly
1633,2291,1,2026-06-13,,Active,Monthly
1634,2292,3,2023-04-17,,Active,Annual
1635,2293,2,2023-10-02,,Active,Annual
1636,2294,3,2026-01-08,,Active,Monthly
1637,2295,2,2025-02-13,,Active,Monthly
1638,2296,1,2026-05-22,,Paused,Monthly
1639,2297,1,2025-10-09,,Paused,Monthly
1640,2298,1,2024-04-12,,Active,Annual
1641,2299,1,2026-05-24,2027-04-15,Churned,Monthly
1642,2300,2,2024-04-25,2024-08-05,Churned,Monthly
1643,2301,1,2025-08-28,,Active,Monthly
1644,2302,1,2025-03-08,,Paused,Annual
1645,2303,2,2026-05-10,,Active,Monthly
1646,2304,1,2026-12-12,2028-03-04,Churned,Annual
1647,2305,2,2024-12-24,,Active,Annual
1648,2306,1,2026-09-25,,Active,Annual
1649,2307,2,2024-11-18,,Active,Monthly
1650,2307,1,2024-11-21,,Active,Annual
1651,2308,2,2026-01-16,,Active,Annual
1652,2308,1,2026-03-19,2026-09-05,Churned,Monthly
1653,2309,1,2026-06-12,2027-01-17,Churned,Monthly
1654,2310,1,2023-04-06,,Active,Monthly
1655,2311,1,2023-06-16,,Active,Annual
1656,2312,1,2024-03-07,2024-04-09,Churned,Monthly
1657,2313,2,2025-10-24,,Active,Monthly
1658,2314,2,2024-11-07,,Active,Monthly
1659,2315,1,2023-10-02,2024-03-18,Churned,Monthly
1660,2316,1,2025-12-06,,Active,Annual
1661,2317,2,2024-05-13,2025-02-22,Churned,Monthly
1662,2318,2,2026-01-25,,Active,Monthly
1663,2319,1,2025-12-07,,Active,Annual
1664,2320,1,2025-12-14,,Active,Annual
1665,2320,1,2026-07-30,,Active,Monthly
1666,2321,1,2023-02-16,,Active,Monthly
1667,2322,2,2027-02-05,,Active,Annual
1668,2322,2,2026-11-01,2027-11-09,Churned,Monthly
1669,2323,3,2024-05-29,,Active,Monthly
1670,2323,1,2024-12-10,,Active,Monthly
1671,2324,2,2023-09-12,2024-10-25,Churned,Annual
1672,2324,2,2023-02-18,,Active,Annual
1673,2325,2,2023-05-11,,Active,Monthly
1674,2325,1,2023-01-03,,Active,Annual
1675,2326,1,2025-01-18,,Active,Monthly
1676,2327,1,2023-03-06,,Active,Monthly
1677,2328,2,2022-11-11,,Active,Monthly
1678,2329,3,2026-05-25,2027-02-02,Churned,Monthly
1679,2330,2,2026-06-03,,Active,Monthly
1680,2331,2,2025-03-28,,Active,Annual
1681,2332,1,2022-11-30,2023-10-17,Churned,Monthly
1682,2333,1,2025-06-14,2026-03-09,Churned,Annual
1683,2334,3,2025-12-28,,Active,Monthly
1684,2335,2,2023-01-10,,Active,Monthly
1685,2336,1,2026-02-04,,Active,Monthly
1686,2337,1,2024-01-06,,Active,Monthly
1687,2338,2,2025-04-28,,Active,Annual
1688,2338,1,2024-07-07,,Active,Monthly
1689,2339,1,2024-02-11,,Active,Monthly
1690,2340,2,2025-02-21,,Active,Monthly
1691,2340,1,2025-07-08,,Paused,Monthly
1692,2341,2,2026-03-18,2027-01-13,Churned,Monthly
1693,2342,1,2026-04-22,,Active,Monthly
1694,2343,1,2026-02-20,,Active,Monthly
1695,2344,1,2023-11-10,2024-05-09,Churned,Annual
1696,2345,2,2023-10-17,2024-10-23,Churned,Monthly
1697,2346,1,2023-10-26,,Active,Monthly
1698,2347,1,2023-12-25,,Active,Monthly
1699,2348,1,2023-12-20,,Active,Monthly
1700,2349,1,2024-02-23,2025-02-08,Churned,Monthly
1701,2350,1,2027-03-09,,Paused,Monthly
1702,2351,3,2026-08-31,,Active,Monthly
1703,2352,2,2026-08-10,,Active,Monthly
1704,2353,2,2023-02-09,,Active,Monthly
1705,2353,3,2023-07-17,,Active,Monthly
1706,2354,2,2024-10-29,2025-06-03,Churned,Monthly
1707,2355,1,2024-12-31,,Active,Monthly
1708,2356,2,2025-05-31,,Active,Monthly
1709,2356,1,2025-05-19,,Active,Monthly
1710,2357,1,2024-06-12,,Active,Monthly
1711,2357,3,2023-10-12,,Active,Annual
1712,2358,2,2023-10-07,,Active,Annual
1713,2359,1,2024-07-22,,Active,Annual
1714,2360,1,2027-03-25,,Active,Monthly
1715,2361,2,2024-09-18,,Active,Monthly
1716,2362,1,2025-10-14,2027-02-08,Churned,Monthly
1717,2363,1,2024-08-31,,Active,Monthly
1718,2364,1,2024-08-26,2025-02-13,Churned,Monthly
1719,2364,1,2024-09-13,,Active,Monthly
1720,2365,1,2025-01-18,,Paused,Annual
1721,2365,1,2024-11-26,,Active,Annual
1722,2366,1,2024-04-10,,Active,Monthly
1723,2367,1,2025-11-04,2027-02-23,Churned,Monthly
1724,2368,1,2025-11-16,,Active,Monthly
1725,2368,1,2025-08-17,,Active,Monthly
1726,2369,2,2026-02-25,,Active,Annual
1727,2370,1,2024-10-30,,Active,Monthly
1728,2371,2,2025-01-27,,Active,Monthly
1729,2372,2,2025-01-27,2025-07-21,Churned,Annual
1730,2373,1,2022-12-10,,Active,Monthly
1731,2374,2,2022-12-08,,Active,Monthly
1732,2375,1,2023-12-13,,Active,Annual
1733,2376,2,2024-10-20,,Active,Monthly
1734,2377,1,2025-08-28,,Paused,Annual
1735,2378,1,2024-06-02,2025-02-16,Churned,Monthly
1736,2379,1,2023-03-08,,Active,Monthly
1737,2380,1,2023-06-13,,Active,Monthly
1738,2381,1,2025-09-21,2026-11-03,Churned,Monthly
1739,2381,2,2026-04-09,,Active,Monthly
1740,2382,2,2024-12-30,,Active,Monthly
1741,2383,1,2023-04-26,,Active,Monthly
1742,2383,1,2023-02-18,,Active,Annual
1743,2384,2,2024-05-27,2025-04-04,Churned,Monthly
1744,2385,2,2023-06-09,,Active,Monthly
1745,2386,1,2024-10-19,,Active,Monthly
1746,2387,2,2025-02-19,,Active,Monthly
1747,2388,2,2025-11-29,2027-03-08,Churned,Monthly
1748,2389,1,2025-03-23,,Active,Annual
1749,2390,1,2025-12-15,,Active,Annual
1750,2391,2,2023-09-07,,Active,Annual
1751,2391,1,2023-05-07,,Active,Monthly
1752,2392,2,2026-11-23,,Active,Monthly
1753,2393,2,2023-05-06,,Active,Monthly
1754,2394,1,2025-06-12,,Active,Monthly
1755,2394,1,2025-06-03,,Active,Monthly
1756,2395,1,2025-07-15,2025-11-28,Churned,Monthly
1757,2395,2,2025-02-14,,Active,Monthly
1758,2396,1,2025-02-07,,Active,Monthly
1759,2396,2,2025-07-16,2026-03-12,Churned,Monthly
1760,2397,2,2022-11-13,,Active,Annual
1761,2398,2,2024-12-17,2026-03-18,Churned,Monthly
1762,2399,1,2025-05-21,,Active,Monthly
1763,2400,1,2023-08-14,,Active,Monthly
1764,2401,1,2025-03-28,,Active,Monthly
1765,2402,1,2024-07-26,,Active,Monthly
1766,2403,2,2023-11-09,,Active,Annual
1767,2404,1,2025-02-02,2026-03-30,Churned,Monthly
1768,2405,1,2023-07-22,,Active,Annual
1769,2406,1,2026-06-04,,Active,Annual
1770,2407,1,2026-08-11,,Active,Annual
1771,2408,1,2025-10-14,,Active,Monthly
1772,2409,1,2024-04-11,,Active,Monthly
1773,2410,2,2024-12-14,,Active,Monthly
1774,2411,1,2023-03-19,2023-09-14,Churned,Annual
1775,2411,1,2023-06-16,,Active,Annual
1776,2412,1,2025-09-23,2025-12-10,Churned,Annual
1777,2413,1,2025-05-20,,Active,Monthly
1778,2414,1,2026-11-28,,Active,Monthly
1779,2414,2,2026-12-05,,Active,Monthly
1780,2415,3,2025-08-01,2026-05-23,Churned,Annual
1781,2416,3,2025-10-12,,Active,Annual
1782,2417,2,2024-04-24,2024-09-14,Churned,Annual
1783,2418,2,2025-03-14,,Active,Monthly
1784,2418,2,2025-02-25,,Active,Annual
1785,2419,2,2025-04-09,,Active,Monthly
1786,2420,1,2022-10-24,,Active,Annual
1787,2421,3,2024-10-17,2025-06-30,Churned,Monthly
1788,2422,1,2024-01-29,,Active,Monthly
1789,2422,2,2023-06-26,,Paused,Monthly
1790,2423,2,2023-06-03,2024-06-22,Churned,Annual
1791,2423,2,2023-04-23,,Active,Monthly
1792,2424,3,2026-06-11,,Active,Monthly
1793,2425,1,2024-10-12,,Active,Monthly
1794,2426,2,2025-06-06,2026-06-08,Churned,Annual
1795,2427,3,2024-10-28,,Active,Monthly
1796,2428,1,2026-06-08,,Active,Monthly
1797,2429,2,2026-04-24,,Active,Annual
1798,2429,1,2025-09-22,,Paused,Monthly
1799,2430,3,2025-04-01,,Active,Annual
1800,2431,1,2026-12-01,,Active,Annual
1801,2432,2,2026-04-21,2027-03-13,Churned,Monthly
1802,2433,1,2026-01-09,,Active,Monthly
1803,2433,1,2025-09-05,2026-10-26,Churned,Monthly
1804,2434,1,2022-09-09,,Active,Monthly
1805,2435,1,2025-02-16,,Active,Monthly
1806,2435,2,2025-01-29,,Active,Monthly
1807,2436,1,2026-05-12,,Active,Annual
1808,2436,1,2026-05-26,2026-12-02,Churned,Monthly
1809,2437,1,2026-05-09,,Active,Annual
1810,2438,2,2023-01-16,,Paused,Monthly
1811,2439,2,2024-09-16,,Active,Monthly
1812,2440,3,2026-08-16,,Active,Monthly
1813,2441,2,2024-11-03,,Active,Monthly
1814,2442,2,2025-09-27,,Active,Annual
1815,2442,2,2025-02-02,,Active,Monthly
1816,2443,1,2025-06-19,,Active,Monthly
1817,2444,1,2025-07-25,,Active,Monthly
1818,2445,1,2024-01-25,2024-06-04,Churned,Monthly
1819,2446,1,2026-06-26,,Active,Monthly
1820,2447,1,2026-10-21,,Active,Monthly
1821,2448,2,2025-06-18,,Active,Monthly
1822,2449,1,2025-04-05,,Active,Monthly
1823,2449,1,2025-04-08,,Active,Monthly
1824,2450,1,2025-04-09,2025-09-14,Churned,Monthly
1825,2451,2,2024-09-28,,Active,Annual
1826,2452,1,2025-12-23,,Active,Monthly
1827,2453,1,2026-09-24,,Active,Monthly
1828,2454,1,2023-12-09,,Active,Monthly
1829,2455,1,2023-12-14,,Active,Annual
1830,2456,1,2026-11-24,,Active,Monthly
1831,2457,2,2027-01-26,,Active,Monthly
1832,2458,1,2025-03-05,,Active,Monthly
1833,2459,1,2023-05-05,,Paused,Monthly
1834,2460,1,2024-03-17,,Active,Monthly
1835,2461,1,2024-04-20,,Active,Annual
1836,2462,1,2024-02-17,,Active,Monthly
1837,2463,3,2024-06-18,,Active,Monthly
1838,2464,1,2026-08-31,2027-02-11,Churned,Monthly
1839,2464,2,2026-08-25,,Active,Monthly
1840,2465,2,2026-04-18,,Paused,Annual
1841,2466,1,2026-08-03,,Active,Monthly
1842,2467,2,2023-12-16,,Active,Monthly
1843,2468,1,2023-10-20,,Active,Monthly
1844,2469,2,2025-08-24,,Active,Monthly
1845,2470,3,2023-08-28,,Active,Annual
1846,2470,1,2023-10-20,2024-05-03,Churned,Monthly
1847,2471,1,2027-01-05,,Active,Annual
1848,2472,1,2024-01-10,2024-10-06,Churned,Monthly
1849,2472,2,2024-06-23,2025-01-01,Churned,Monthly
1850,2473,2,2023-05-13,,Active,Monthly
1851,2474,1,2024-10-15,,Active,Monthly
1852,2475,3,2025-10-26,,Active,Monthly
1853,2476,2,2026-09-25,,Active,Monthly
1854,2477,3,2025-04-10,,Active,Monthly
1855,2477,2,2025-07-28,,Active,Annual
1856,2478,2,2023-04-02,,Active,Monthly
1857,2479,1,2025-04-30,2025-11-18,Churned,Monthly
1858,2480,2,2025-10-26,,Active,Monthly
1859,2481,1,2025-11-07,,Active,Monthly
1860,2482,2,2023-06-14,,Active,Monthly
1861,2482,1,2023-06-05,,Active,Monthly
1862,2483,2,2023-11-26,2024-01-04,Churned,Monthly
1863,2484,1,2026-10-21,,Active,Monthly
1864,2485,1,2025-11-20,,Active,Annual
1865,2486,2,2026-07-25,,Active,Monthly
1866,2486,1,2026-01-14,,Active,Annual
1867,2487,1,2026-03-21,,Active,Monthly
1868,2488,1,2026-02-01,,Active,Monthly
1869,2488,1,2025-08-07,,Active,Monthly
1870,2489,1,2023-11-13,,Active,Monthly
1871,2490,1,2026-05-27,,Active,Monthly
1872,2491,1,2025-05-13,,Active,Monthly
1873,2492,1,2024-04-14,,Active,Annual
1874,2493,2,2023-02-28,,Active,Monthly
1875,2494,1,2025-08-17,,Paused,Monthly
1876,2495,1,2025-02-27,2026-07-01,Churned,Monthly
1877,2496,2,2024-07-11,,Active,Annual
1878,2497,1,2023-04-28,,Active,Monthly
1879,2497,2,2023-05-15,,Active,Monthly
1880,2498,2,2024-11-17,,Active,Monthly
1881,2499,1,2023-12-01,,Active,Monthly
1882,2500,3,2026-04-14,,Active,Annual
1883,2500,1,2026-10-10,2027-12-27,Churned,Monthly
1884,2501,2,2023-09-09,,Active,Monthly
1885,2502,2,2023-03-19,,Active,Monthly
1886,2503,1,2024-10-29,,Active,Annual
1887,2504,3,2023-06-12,,Active,Monthly
1888,2505,1,2026-11-16,,Active,Annual
1889,2506,1,2024-09-25,,Active,Monthly
1890,2506,1,2024-12-17,2026-04-24,Churned,Annual
1891,2507,1,2026-04-12,,Active,Monthly
1892,2508,1,2025-08-31,,Active,Annual
1893,2508,2,2025-02-27,,Active,Annual
1894,2509,1,2025-08-23,2026-12-09,Churned,Annual
1895,2509,2,2025-01-06,,Active,Annual
1896,2510,3,2024-11-16,,Active,Monthly
1897,2510,2,2024-09-30,2025-12-25,Churned,Annual
1898,2511,2,2025-07-29,,Active,Monthly
1899,2511,1,2025-10-09,,Active,Monthly
1900,2512,1,2023-02-25,,Active,Monthly
1901,2512,2,2022-09-11,,Active,Monthly
1902,2513,1,2026-08-11,,Active,Monthly
1903,2514,1,2023-05-22,,Active,Monthly
1904,2515,1,2024-07-27,,Active,Monthly
1905,2516,1,2024-03-31,,Paused,Monthly
1906,2517,1,2025-05-08,2026-01-20,Churned,Monthly
1907,2518,1,2023-01-01,2023-05-13,Churned,Annual
1908,2518,1,2023-09-10,,Active,Monthly
1909,2519,1,2024-03-28,,Active,Annual
1910,2520,2,2023-12-06,,Active,Monthly
1911,2520,1,2024-03-12,,Active,Monthly
1912,2521,2,2023-04-18,,Active,Monthly
1913,2522,2,2023-11-29,2024-07-04,Churned,Monthly
1914,2522,1,2023-11-21,,Active,Monthly
1915,2523,2,2025-03-28,,Active,Monthly
1916,2523,2,2025-03-21,,Active,Monthly
1917,2524,2,2025-06-02,2026-06-26,Churned,Annual
1918,2524,2,2025-01-03,2025-12-15,Churned,Monthly
1919,2525,1,2025-03-07,2025-10-11,Churned,Monthly
1920,2526,1,2024-05-01,2025-06-02,Churned,Monthly
1921,2527,1,2023-03-15,,Active,Monthly
1922,2528,2,2026-08-11,2027-11-25,Churned,Monthly
1923,2529,3,2024-08-22,,Active,Annual
1924,2529,2,2024-06-13,,Active,Monthly
1925,2530,3,2026-09-13,,Active,Annual
1926,2531,1,2026-08-09,2027-01-20,Churned,Monthly
1927,2532,1,2026-08-09,,Active,Annual
1928,2533,2,2026-02-23,2026-11-20,Churned,Annual
1929,2534,2,2024-08-08,,Active,Monthly
1930,2535,1,2023-07-12,,Active,Monthly
1931,2536,1,2025-01-27,,Active,Monthly
1932,2537,3,2025-03-21,,Active,Annual
1933,2537,1,2025-07-01,,Active,Monthly
1934,2538,2,2022-08-22,2023-06-06,Churned,Monthly
1935,2539,2,2025-06-03,,Active,Monthly
1936,2540,3,2026-09-24,2027-01-23,Churned,Monthly
1937,2541,2,2025-02-13,,Active,Monthly
1938,2542,1,2026-07-02,,Active,Monthly
1939,2543,2,2026-08-01,,Active,Annual
1940,2544,1,2026-11-15,,Active,Annual
1941,2545,1,2023-08-07,,Active,Monthly
1942,2546,2,2024-04-03,,Active,Annual
1943,2547,1,2026-08-02,,Active,Monthly
1944,2548,1,2025-02-13,,Active,Monthly
1945,2548,3,2024-06-18,2024-11-12,Churned,Monthly
1946,2549,1,2026-01-24,,Active,Monthly
1947,2550,3,2025-09-19,2026-04-19,Churned,Monthly
1948,2551,2,2025-06-16,,Active,Monthly
1949,2551,2,2024-11-16,2025-02-01,Churned,Monthly
1950,2552,2,2026-11-01,2027-02-25,Churned,Annual
1951,2553,1,2023-10-10,,Active,Monthly
1952,2554,1,2022-11-26,,Active,Monthly
1953,2555,1,2024-05-18,,Active,Annual
1954,2556,1,2024-10-31,2025-11-13,Churned,Monthly
1955,2557,2,2023-03-04,,Active,Annual
1956,2557,1,2023-02-24,,Active,Monthly
1957,2558,1,2027-02-04,,Active,Monthly
1958,2559,2,2023-10-12,,Active,Monthly
1959,2559,1,2023-01-03,,Active,Monthly
1960,2560,2,2025-05-12,2026-08-26,Churned,Monthly
1961,2561,1,2026-02-07,,Active,Monthly
1962,2562,2,2023-12-17,,Active,Monthly
1963,2563,1,2023-09-10,,Active,Annual
1964,2564,1,2024-08-28,,Active,Monthly
1965,2565,1,2022-12-06,,Active,Monthly
1966,2565,2,2022-09-30,2023-07-08,Churned,Monthly
1967,2566,2,2026-03-17,,Active,Monthly
1968,2566,3,2026-04-11,,Active,Monthly
1969,2567,2,2023-04-12,,Active,Monthly
1970,2568,3,2023-05-16,,Active,Annual
1971,2569,1,2023-06-12,2024-05-29,Churned,Monthly
1972,2569,1,2023-03-08,2023-12-25,Churned,Monthly
1973,2570,1,2023-10-15,,Active,Monthly
1974,2571,3,2026-11-10,,Active,Monthly
1975,2572,2,2025-06-29,,Active,Monthly
1976,2573,2,2024-01-01,,Active,Monthly
1977,2574,2,2024-03-10,,Active,Monthly
1978,2575,1,2025-06-08,,Active,Annual
1979,2576,1,2025-08-19,2026-08-22,Churned,Monthly
1980,2577,1,2024-03-31,,Active,Annual
1981,2578,1,2024-12-13,2025-12-16,Churned,Monthly
1982,2578,1,2025-07-29,2025-11-29,Churned,Monthly
1983,2579,2,2022-09-23,2024-01-14,Churned,Monthly
1984,2579,2,2023-08-26,,Active,Monthly
1985,2580,1,2026-04-01,,Active,Monthly
1986,2581,2,2025-08-27,,Active,Monthly
1987,2582,2,2023-01-19,,Active,Monthly
1988,2582,1,2023-06-09,2024-01-27,Churned,Monthly
1989,2583,2,2024-08-23,,Active,Annual
1990,2584,1,2026-11-07,,Active,Monthly
1991,2585,1,2026-08-21,,Active,Annual
1992,2586,2,2027-01-22,,Active,Monthly
1993,2587,1,2024-03-14,2024-06-09,Churned,Monthly
1994,2588,2,2026-05-03,,Active,Monthly
1995,2588,1,2025-08-27,,Active,Annual
1996,2589,1,2025-01-06,,Active,Monthly
1997,2590,2,2023-10-15,2024-06-17,Churned,Monthly
1998,2591,3,2022-11-04,,Active,Monthly
1999,2592,1,2024-02-19,,Active,Monthly
2000,2593,1,2025-03-09,,Active,Monthly
2001,2594,3,2025-02-09,2026-01-27,Churned,Monthly
2002,2595,1,2025-05-30,,Active,Annual
2003,2595,1,2025-08-13,,Active,Monthly
2004,2596,2,2024-05-01,,Active,Monthly
2005,2597,3,2024-01-03,,Active,Monthly
2006,2598,2,2026-01-05,,Active,Monthly
2007,2599,1,2023-08-30,,Active,Monthly
2008,2600,1,2024-10-12,,Active,Annual
2009,2600,1,2025-02-07,,Active,Monthly
2010,2601,1,2022-11-06,,Active,Monthly
2011,2602,2,2026-03-13,,Active,Monthly
2012,2603,1,2026-09-21,,Active,Monthly
2013,2604,1,2026-06-10,,Active,Monthly
2014,2605,1,2025-08-12,,Active,Annual
2015,2606,1,2023-10-29,,Active,Annual
2016,2606,1,2023-01-28,,Active,Annual
2017,2607,1,2024-05-21,,Active,Monthly
2018,2608,3,2026-08-11,,Active,Monthly
2019,2608,1,2025-12-26,,Active,Annual
2020,2609,2,2026-02-27,2027-05-26,Churned,Monthly
2021,2610,1,2023-07-04,2023-09-04,Churned,Monthly
2022,2610,1,2023-04-10,,Active,Annual
2023,2611,2,2023-03-16,,Active,Monthly
2024,2612,1,2025-01-29,,Active,Annual
2025,2612,1,2025-03-24,,Active,Annual
2026,2613,1,2024-10-20,,Active,Annual
2027,2614,2,2025-05-17,,Active,Monthly
2028,2615,1,2027-01-20,,Active,Monthly
2029,2615,1,2026-05-05,,Paused,Monthly
2030,2616,1,2026-10-17,2027-03-01,Churned,Monthly
2031,2617,2,2025-12-18,,Active,Monthly
2032,2617,2,2026-06-15,,Active,Annual
2033,2618,1,2025-01-21,,Active,Monthly
2034,2619,1,2024-10-15,,Active,Monthly
2035,2619,2,2024-03-08,,Active,Monthly
2036,2620,1,2024-01-15,2024-06-29,Churned,Annual
2037,2621,1,2025-10-08,,Active,Monthly
2038,2622,1,2023-04-26,,Active,Monthly
2039,2623,2,2026-02-27,,Active,Monthly
2040,2623,3,2026-04-21,,Active,Monthly
2041,2624,3,2025-06-01,,Active,Monthly
2042,2625,1,2026-03-26,2026-10-03,Churned,Annual
2043,2626,2,2025-04-20,,Active,Monthly
2044,2627,2,2026-06-23,2027-05-13,Churned,Monthly
2045,2628,2,2025-08-13,,Active,Annual
2046,2629,1,2023-01-01,,Active,Monthly
2047,2629,2,2023-07-27,,Active,Monthly
2048,2630,1,2023-06-17,2023-12-07,Churned,Annual
2049,2631,1,2025-05-30,,Active,Monthly
2050,2631,3,2025-03-07,,Active,Monthly
2051,2632,1,2026-09-07,,Active,Monthly
2052,2633,2,2024-07-22,,Active,Annual
2053,2633,1,2024-01-26,2024-11-26,Churned,Monthly
2054,2634,2,2025-07-13,,Active,Monthly
2055,2635,1,2026-05-16,,Active,Monthly
2056,2636,1,2024-07-23,2025-11-20,Churned,Annual
2057,2636,1,2025-02-03,,Active,Monthly
2058,2637,2,2023-03-19,,Active,Monthly
2059,2637,1,2022-09-14,,Active,Annual
2060,2638,2,2024-11-18,2025-11-16,Churned,Monthly
2061,2639,2,2026-10-24,,Active,Annual
2062,2639,2,2026-10-27,,Active,Monthly
2063,2640,2,2025-06-22,,Active,Monthly
2064,2641,2,2027-02-25,,Active,Monthly
2065,2642,2,2023-11-07,,Active,Monthly
2066,2643,2,2024-06-10,,Active,Annual
2067,2644,1,2023-11-05,,Active,Monthly
2068,2645,2,2024-03-26,2024-11-28,Churned,Monthly
2069,2646,1,2022-10-29,2023-07-03,Churned,Monthly
2070,2646,2,2022-11-23,,Active,Monthly
2071,2647,2,2023-12-28,,Active,Monthly
2072,2648,3,2023-08-23,,Active,Monthly
2073,2648,1,2023-11-21,,Active,Monthly
2074,2649,2,2024-10-19,,Active,Annual
2075,2650,1,2025-01-18,,Active,Annual
2076,2651,2,2024-01-16,2024-06-02,Churned,Monthly
2077,2652,2,2026-02-18,,Active,Monthly
2078,2653,1,2025-02-14,,Active,Annual
2079,2654,1,2023-11-05,,Active,Monthly
2080,2655,2,2026-01-28,,Active,Annual
2081,2656,2,2023-12-26,2024-11-21,Churned,Monthly
2082,2657,1,2026-11-25,,Active,Annual
2083,2658,1,2023-03-29,2024-02-02,Churned,Monthly
2084,2658,1,2023-01-16,2023-03-09,Churned,Monthly
2085,2659,1,2024-07-30,,Active,Monthly
2086,2660,1,2026-09-07,,Active,Monthly
2087,2661,1,2026-03-30,,Active,Monthly
2088,2662,2,2025-01-04,2026-02-10,Churned,Monthly
2089,2663,1,2023-12-20,,Active,Monthly
2090,2664,1,2023-07-15,,Paused,Monthly
2091,2665,1,2023-08-10,,Active,Monthly
2092,2666,3,2027-03-04,2028-02-19,Churned,Monthly
2093,2666,3,2027-03-04,,Active,Monthly
2094,2667,1,2024-07-18,2025-06-29,Churned,Annual
2095,2668,1,2023-08-07,,Active,Monthly
2096,2669,3,2023-04-06,,Active,Monthly
2097,2669,1,2023-04-21,2023-05-30,Churned,Monthly
2098,2670,3,2024-01-02,,Active,Annual
2099,2671,1,2025-08-03,2026-06-02,Churned,Monthly
2100,2671,2,2025-10-25,,Active,Monthly
2101,2672,1,2022-11-23,,Active,Monthly
2102,2673,1,2023-05-22,,Active,Monthly
2103,2674,2,2025-10-15,,Active,Annual
2104,2675,1,2025-02-26,2025-10-22,Churned,Monthly
2105,2676,1,2023-08-07,,Active,Monthly
2106,2677,1,2024-04-05,,Active,Monthly
2107,2678,1,2025-12-17,,Active,Monthly
2108,2679,1,2022-10-22,,Active,Monthly
2109,2679,2,2023-07-23,,Active,Monthly
2110,2680,2,2023-10-21,,Active,Monthly
2111,2681,1,2024-04-26,,Active,Monthly
2112,2682,1,2025-05-28,,Active,Monthly
2113,2683,1,2025-01-13,,Active,Annual
2114,2684,1,2026-11-12,,Active,Monthly
2115,2685,1,2026-01-23,,Active,Monthly
2116,2686,1,2024-10-10,,Active,Monthly
2117,2687,1,2026-08-26,,Paused,Monthly
2118,2688,3,2024-09-11,,Active,Monthly
2119,2689,1,2025-08-10,,Active,Monthly
2120,2690,2,2024-09-22,,Active,Monthly
2121,2691,1,2023-02-07,2024-03-21,Churned,Monthly
2122,2691,1,2023-06-16,,Active,Monthly
2123,2692,2,2025-09-06,,Active,Monthly
2124,2693,1,2024-11-22,,Active,Monthly
2125,2693,2,2024-09-24,,Active,Monthly
2126,2694,1,2025-06-17,,Active,Annual
2127,2695,1,2025-02-01,,Active,Annual
2128,2695,1,2025-01-26,2026-02-14,Churned,Monthly
2129,2696,1,2024-08-22,,Paused,Monthly
2130,2697,1,2024-08-01,,Active,Monthly
2131,2698,3,2024-03-05,,Active,Monthly
2132,2699,2,2026-02-26,,Active,Monthly
2133,2700,2,2024-07-31,,Active,Monthly
2134,2700,1,2024-06-26,,Active,Monthly
2135,2701,1,2024-11-18,,Active,Monthly
2136,2702,1,2024-11-29,,Active,Monthly
2137,2703,3,2026-07-15,,Active,Annual
2138,2704,1,2026-12-13,,Active,Monthly
2139,2705,1,2026-09-29,,Paused,Monthly
2140,2706,1,2025-01-17,,Active,Annual
2141,2707,1,2025-07-02,,Active,Monthly
2142,2708,1,2025-02-11,2025-06-20,Churned,Annual
2143,2709,3,2024-12-23,,Active,Monthly
2144,2710,1,2025-09-10,2025-11-12,Churned,Monthly
2145,2711,1,2024-06-11,,Active,Monthly
2146,2712,2,2023-10-09,2024-10-20,Churned,Monthly
2147,2713,1,2027-04-06,,Active,Monthly
2148,2714,1,2024-10-25,2025-06-30,Churned,Monthly
2149,2715,1,2025-03-15,2025-09-26,Churned,Monthly
2150,2716,1,2024-12-19,,Active,Annual
2151,2717,1,2024-03-02,,Paused,Monthly
2152,2718,1,2025-07-08,,Active,Monthly
2153,2719,2,2022-07-04,,Active,Monthly
2154,2720,1,2024-10-11,,Active,Annual
2155,2720,2,2025-09-17,,Active,Monthly
2156,2721,1,2024-03-08,,Active,Monthly
2157,2722,2,2023-08-11,,Active,Monthly
2158,2723,1,2024-03-23,,Active,Monthly
2159,2724,1,2025-09-13,,Active,Annual
2160,2725,3,2024-01-05,,Active,Monthly
2161,2726,2,2024-12-25,,Active,Monthly
2162,2727,2,2024-08-29,2024-10-29,Churned,Annual
2163,2728,3,2026-03-18,,Active,Annual
2164,2728,1,2025-10-09,,Active,Monthly
2165,2729,1,2022-11-27,,Active,Monthly
2166,2729,1,2022-12-02,2023-01-29,Churned,Monthly
2167,2730,2,2024-09-04,,Active,Monthly
2168,2731,2,2026-03-24,,Active,Monthly
2169,2732,2,2022-09-17,,Active,Monthly
2170,2733,1,2027-01-25,,Active,Monthly
2171,2734,1,2024-11-25,,Active,Annual
2172,2734,2,2025-02-18,2025-03-26,Churned,Monthly
2173,2735,2,2022-09-04,,Active,Monthly
2174,2736,1,2024-03-18,,Active,Monthly
2175,2736,1,2024-08-16,,Active,Monthly
2176,2737,2,2024-01-26,,Active,Monthly
2177,2738,1,2023-04-28,,Active,Monthly
2178,2739,1,2024-06-29,,Active,Annual
2179,2740,1,2024-07-27,,Active,Monthly
2180,2741,2,2024-12-14,,Active,Annual
2181,2741,2,2024-04-22,,Active,Annual
2182,2742,1,2024-04-18,,Active,Monthly
2183,2743,1,2024-06-01,,Active,Monthly
2184,2744,2,2025-01-18,,Active,Monthly
2185,2745,2,2025-10-06,,Active,Monthly
2186,2746,1,2023-03-28,2023-12-15,Churned,Monthly
2187,2747,1,2024-11-03,,Active,Monthly
2188,2747,3,2025-09-05,,Active,Annual
2189,2748,1,2024-08-16,,Active,Annual
2190,2749,1,2025-08-24,,Active,Monthly
2191,2749,1,2025-02-16,,Active,Monthly
2192,2750,3,2024-09-30,2025-06-12,Churned,Monthly
2193,2751,2,2023-07-18,,Active,Monthly
2194,2752,2,2025-10-27,2026-02-23,Churned,Annual
2195,2752,1,2025-11-07,,Active,Monthly
2196,2753,2,2027-02-06,,Active,Annual
2197,2754,1,2023-07-14,,Paused,Monthly
2198,2755,1,2026-02-07,,Active,Monthly
2199,2756,1,2023-05-28,,Active,Monthly
2200,2757,2,2025-12-25,2026-10-20,Churned,Monthly
2201,2757,2,2025-12-06,,Active,Monthly
2202,2758,1,2023-02-08,,Active,Annual
2203,2759,1,2027-01-13,,Active,Monthly
2204,2760,1,2023-10-21,,Paused,Annual
2205,2761,3,2023-08-11,,Active,Monthly
2206,2762,1,2024-08-24,2025-11-04,Churned,Monthly
2207,2763,2,2024-11-17,,Active,Monthly
2208,2764,3,2023-04-07,,Active,Annual
2209,2764,2,2023-11-25,,Active,Monthly
2210,2765,1,2024-01-14,,Active,Monthly
2211,2766,1,2023-07-17,,Active,Monthly
2212,2767,1,2023-12-23,,Active,Monthly
2213,2768,2,2025-10-28,,Active,Monthly
2214,2769,1,2025-12-15,,Active,Monthly
2215,2769,1,2025-10-01,,Active,Monthly
2216,2770,1,2025-05-20,,Active,Annual
2217,2771,2,2023-01-10,,Active,Monthly
2218,2771,2,2023-06-06,2024-03-24,Churned,Monthly
2219,2772,1,2026-08-27,,Active,Monthly
2220,2773,1,2025-01-24,,Active,Monthly
2221,2774,1,2023-05-16,,Active,Annual
2222,2775,1,2025-06-17,,Active,Monthly
2223,2775,3,2025-12-13,2026-06-02,Churned,Annual
2224,2776,1,2024-03-21,2024-10-21,Churned,Annual
2225,2776,1,2024-02-19,,Active,Monthly
2226,2777,2,2023-09-26,,Active,Monthly
2227,2778,2,2025-10-07,2026-09-11,Churned,Monthly
2228,2779,1,2025-10-21,,Paused,Monthly
2229,2779,1,2025-06-18,,Active,Annual
2230,2780,1,2025-11-01,,Active,Monthly
2231,2780,2,2025-04-14,,Active,Monthly
2232,2781,1,2026-01-12,,Active,Monthly
2233,2781,3,2026-02-12,,Active,Monthly
2234,2782,1,2024-08-23,,Active,Monthly
2235,2782,1,2024-02-09,,Active,Monthly
2236,2783,2,2025-08-07,,Active,Annual
2237,2783,1,2025-05-27,2025-09-05,Churned,Monthly
2238,2784,3,2025-03-28,,Active,Monthly
2239,2785,1,2027-04-17,,Active,Annual
2240,2786,2,2023-06-30,,Active,Monthly
2241,2787,1,2025-08-22,,Paused,Monthly
2242,2788,1,2025-08-14,2026-03-01,Churned,Annual
2243,2788,2,2026-03-21,,Active,Monthly
2244,2789,1,2025-10-02,,Active,Monthly
2245,2790,1,2025-03-16,,Active,Annual
2246,2791,2,2026-08-18,,Active,Monthly
2247,2792,1,2024-06-03,,Paused,Annual
2248,2793,1,2026-02-04,2026-06-15,Churned,Monthly
2249,2794,1,2026-12-10,,Active,Monthly
2250,2795,2,2023-10-04,,Active,Monthly
2251,2796,2,2026-02-13,,Active,Annual
2252,2797,3,2026-06-04,2027-02-03,Churned,Monthly
2253,2798,1,2025-01-22,,Active,Monthly
2254,2799,1,2024-08-13,,Active,Annual
2255,2800,2,2022-10-02,,Active,Monthly
2256,2801,1,2023-08-22,,Active,Monthly
2257,2802,1,2024-06-04,,Active,Annual
2258,2803,1,2023-10-07,,Active,Monthly
2259,2804,1,2023-07-01,,Paused,Annual
2260,2804,2,2022-12-24,,Active,Annual
2261,2805,2,2026-10-14,,Active,Monthly
2262,2806,1,2026-07-14,,Active,Monthly
2263,2807,2,2025-07-30,,Active,Annual
2264,2808,1,2025-09-20,2026-10-12,Churned,Monthly
2265,2809,2,2026-01-12,,Active,Monthly
2266,2809,2,2026-07-30,,Active,Monthly
2267,2810,1,2025-05-13,,Active,Monthly
2268,2811,2,2026-01-03,,Active,Monthly
2269,2811,1,2025-12-25,,Active,Annual
2270,2812,1,2026-03-20,,Active,Monthly
2271,2813,2,2023-10-18,,Active,Monthly
2272,2814,1,2025-04-12,,Active,Annual
2273,2815,2,2025-05-11,,Active,Monthly
2274,2816,2,2027-03-24,,Active,Monthly
2275,2817,1,2026-09-22,,Active,Monthly
2276,2818,3,2023-02-23,,Active,Monthly
2277,2819,1,2024-10-24,,Active,Annual
2278,2820,2,2026-05-09,2027-05-17,Churned,Annual
2279,2821,2,2026-04-18,,Active,Monthly
2280,2821,2,2025-08-06,,Paused,Monthly
2281,2822,1,2025-04-10,,Paused,Monthly
2282,2823,2,2023-05-30,,Active,Annual
2283,2824,3,2026-08-17,,Active,Annual
2284,2824,1,2026-12-02,2028-01-31,Churned,Monthly
2285,2825,2,2026-09-05,,Active,Annual
2286,2826,1,2023-03-24,2023-05-07,Churned,Monthly
2287,2827,2,2024-02-09,,Active,Monthly
2288,2827,2,2023-09-22,,Active,Monthly
2289,2828,1,2027-01-10,2027-05-05,Churned,Monthly
2290,2828,1,2026-02-26,,Active,Monthly
2291,2829,1,2024-02-11,,Active,Monthly
2292,2830,1,2024-09-22,,Active,Monthly
2293,2830,1,2024-06-21,2025-01-02,Churned,Monthly
2294,2831,2,2025-11-13,,Paused,Monthly
2295,2832,2,2024-04-18,2025-07-09,Churned,Monthly
2296,2833,1,2026-09-10,,Active,Monthly
2297,2834,1,2025-05-22,,Active,Annual
2298,2835,2,2026-06-02,,Active,Monthly
2299,2835,2,2026-03-21,2026-06-07,Churned,Annual
2300,2836,1,2024-09-19,,Active,Monthly
2301,2837,1,2024-11-21,2025-03-20,Churned,Monthly
2302,2837,2,2024-10-22,,Active,Monthly
2303,2838,2,2024-09-11,,Active,Annual
2304,2838,2,2024-08-12,,Active,Monthly
2305,2839,2,2023-11-29,,Active,Monthly
2306,2840,2,2025-07-08,,Active,Annual
2307,2841,2,2026-03-15,,Active,Monthly
2308,2842,1,2024-09-12,,Active,Annual
2309,2843,2,2025-02-26,2026-04-03,Churned,Annual
2310,2844,1,2026-08-09,,Active,Annual
2311,2845,1,2026-03-20,,Paused,Monthly
2312,2846,2,2025-04-06,,Active,Monthly
2313,2846,1,2024-09-18,,Active,Monthly
2314,2847,1,2025-06-03,,Active,Monthly
2315,2848,1,2023-08-16,,Active,Annual
2316,2849,1,2025-10-27,,Active,Monthly
2317,2850,2,2025-10-04,,Active,Monthly
2318,2851,2,2025-01-25,,Active,Annual
2319,2852,2,2025-12-20,,Active,Monthly
2320,2853,1,2025-05-01,,Active,Monthly
2321,2853,1,2025-08-28,,Active,Monthly
2322,2854,1,2025-07-07,,Active,Monthly
2323,2855,3,2025-12-12,,Active,Annual
2324,2856,1,2023-03-08,,Active,Monthly
2325,2857,3,2025-07-18,,Active,Monthly
2326,2858,2,2026-09-17,2027-04-30,Churned,Monthly
2327,2859,2,2023-11-04,,Active,Monthly
2328,2860,1,2022-09-29,,Active,Monthly
2329,2861,2,2026-01-09,,Active,Annual
2330,2862,1,2024-04-06,,Active,Monthly
2331,2863,1,2024-03-09,2025-06-23,Churned,Annual
2332,2864,2,2025-05-09,,Active,Monthly
2333,2865,1,2026-05-09,,Active,Monthly
2334,2865,2,2026-08-27,2027-12-23,Churned,Monthly
2335,2866,1,2022-10-15,,Active,Annual
2336,2867,1,2025-09-26,,Active,Monthly
2337,2868,1,2026-11-29,,Active,Monthly
2338,2868,1,2027-05-22,,Active,Monthly
2339,2869,1,2026-06-27,,Active,Annual
2340,2870,1,2026-08-08,,Active,Monthly
2341,2871,3,2023-09-12,2024-08-16,Churned,Monthly
2342,2872,1,2024-12-01,2025-05-06,Churned,Monthly
2343,2873,2,2023-08-06,,Paused,Annual
2344,2874,1,2025-02-18,,Active,Monthly
2345,2874,2,2025-03-22,,Active,Annual
2346,2875,1,2025-04-26,,Active,Annual
2347,2876,1,2023-09-07,,Active,Monthly
2348,2877,1,2025-09-15,,Active,Monthly
2349,2878,1,2023-11-25,2024-10-13,Churned,Annual
2350,2878,1,2024-04-04,,Active,Monthly
2351,2879,1,2024-10-25,,Paused,Annual
2352,2880,3,2025-11-04,2026-01-08,Churned,Monthly
2353,2881,1,2023-11-10,,Active,Monthly
2354,2881,1,2023-11-17,2024-06-25,Churned,Monthly
2355,2882,1,2024-06-23,2024-10-24,Churned,Monthly
2356,2883,2,2024-03-09,,Active,Monthly
2357,2884,1,2025-10-07,,Active,Monthly
2358,2885,2,2026-05-21,,Active,Monthly
2359,2886,2,2027-01-19,2027-07-18,Churned,Monthly
2360,2887,1,2026-06-18,,Active,Monthly
2361,2888,3,2026-09-29,,Active,Monthly
2362,2889,3,2024-04-04,,Paused,Monthly
2363,2890,1,2024-11-12,2025-09-05,Churned,Monthly
2364,2891,1,2023-09-17,,Active,Monthly
2365,2891,1,2023-07-23,,Active,Annual
2366,2892,1,2023-10-14,,Active,Monthly
2367,2893,1,2024-06-06,,Active,Monthly
2368,2894,1,2023-05-08,,Active,Monthly
2369,2895,1,2025-09-28,2027-01-16,Churned,Monthly
2370,2895,1,2026-07-31,,Active,Monthly
2371,2896,2,2022-08-15,,Active,Annual
2372,2896,2,2022-12-23,,Active,Monthly
2373,2897,2,2026-07-29,,Active,Annual
2374,2898,1,2025-01-14,,Paused,Monthly
2375,2899,1,2023-03-03,2023-10-03,Churned,Annual
2376,2900,1,2024-11-16,,Active,Monthly
2377,2900,1,2025-02-06,,Active,Annual
2378,2901,1,2023-05-22,,Active,Annual
2379,2902,2,2026-03-28,,Active,Monthly
2380,2903,2,2025-07-09,,Active,Monthly
2381,2904,3,2023-11-09,,Active,Monthly
2382,2904,3,2023-02-06,2024-04-18,Churned,Monthly
2383,2905,1,2027-01-25,,Active,Monthly
2384,2906,1,2026-10-19,,Active,Annual
2385,2907,1,2023-01-13,,Active,Monthly
2386,2908,1,2025-04-20,2026-05-21,Churned,Monthly
2387,2909,1,2023-08-22,,Active,Monthly
2388,2910,2,2023-12-01,,Active,Monthly
2389,2911,2,2025-03-17,2026-01-14,Churned,Monthly
2390,2912,2,2025-04-14,2026-05-03,Churned,Monthly
2391,2913,3,2026-04-17,,Active,Monthly
2392,2914,1,2025-08-29,,Active,Monthly
2393,2915,1,2024-08-19,,Active,Annual
2394,2916,2,2025-12-12,,Active,Monthly
2395,2916,1,2025-07-01,,Active,Annual
2396,2917,2,2023-11-02,,Active,Monthly
2397,2918,1,2025-02-09,2025-08-18,Churned,Annual
2398,2919,2,2023-12-18,,Active,Monthly
2399,2919,1,2023-12-25,,Active,Annual
2400,2920,1,2025-08-16,,Active,Monthly
2401,2920,2,2025-05-09,,Active,Monthly
2402,2921,2,2025-09-05,2026-12-15,Churned,Monthly
2403,2922,3,2026-05-18,,Active,Monthly
2404,2923,2,2024-11-16,,Active,Monthly
2405,2924,1,2025-06-16,,Active,Monthly
2406,2925,2,2025-10-29,,Active,Monthly
2407,2926,1,2025-02-20,,Active,Monthly
2408,2927,1,2024-02-07,,Active,Monthly
2409,2928,3,2026-11-07,2027-12-08,Churned,Monthly
2410,2928,2,2026-09-05,,Active,Annual
2411,2929,2,2024-03-29,,Active,Monthly
2412,2930,1,2024-07-04,,Active,Monthly
2413,2930,1,2024-03-07,,Active,Monthly
2414,2931,2,2027-05-14,,Active,Monthly
2415,2932,1,2026-05-04,,Active,Annual
2416,2933,1,2026-06-27,,Active,Annual
2417,2934,2,2024-04-10,,Active,Monthly
2418,2935,2,2027-03-01,,Active,Monthly
2419,2935,1,2026-12-23,2028-01-13,Churned,Monthly
2420,2936,1,2023-04-10,,Active,Monthly
2421,2937,1,2025-07-27,2026-09-01,Churned,Monthly
2422,2938,1,2025-04-27,,Active,Monthly
2423,2938,1,2025-05-20,,Active,Monthly
2424,2939,1,2023-04-03,,Active,Monthly
2425,2940,1,2022-10-15,,Active,Annual
2426,2940,1,2023-04-05,,Active,Monthly
2427,2941,3,2024-11-13,,Active,Annual
2428,2941,2,2024-02-26,,Active,Monthly
2429,2942,2,2022-11-03,,Active,Annual
2430,2943,2,2025-08-06,,Active,Monthly
2431,2944,1,2026-07-30,,Active,Annual
2432,2944,1,2026-04-16,,Active,Monthly
2433,2945,1,2026-01-09,,Active,Monthly
2434,2946,1,2024-07-05,,Active,Monthly
2435,2947,3,2025-01-01,,Active,Monthly
2436,2948,1,2024-01-02,,Active,Annual
2437,2949,1,2025-11-13,2027-03-23,Churned,Monthly
2438,2950,1,2024-09-25,2025-12-15,Churned,Monthly
2439,2950,1,2024-12-17,2025-10-27,Churned,Monthly
2440,2951,3,2024-02-07,,Active,Monthly
2441,2951,1,2024-03-06,,Active,Monthly
2442,2952,1,2026-07-01,,Active,Monthly
2443,2953,1,2025-08-08,,Paused,Annual
2444,2954,1,2023-09-17,2023-12-21,Churned,Monthly
2445,2955,1,2026-01-08,2026-11-21,Churned,Monthly
2446,2956,2,2025-02-10,2025-05-14,Churned,Annual
2447,2957,1,2025-07-17,,Active,Monthly
2448,2958,3,2024-09-21,2025-03-23,Churned,Monthly
2449,2958,3,2023-11-13,,Active,Monthly
2450,2959,1,2026-11-11,,Active,Monthly
2451,2959,1,2026-08-17,,Active,Monthly
2452,2960,1,2023-12-31,,Active,Monthly
2453,2960,1,2024-06-20,2025-09-12,Churned,Annual
2454,2961,1,2026-04-21,2026-10-21,Churned,Monthly
2455,2962,2,2025-07-13,,Active,Monthly
2456,2962,1,2025-07-13,,Active,Monthly
2457,2963,2,2026-11-13,2027-04-22,Churned,Monthly
2458,2964,2,2026-08-24,,Active,Annual
2459,2965,3,2024-04-16,,Active,Monthly
2460,2966,1,2024-07-21,2025-08-30,Churned,Monthly
2461,2967,1,2025-11-17,,Active,Annual
2462,2968,2,2025-05-30,,Active,Monthly
2463,2969,1,2025-10-21,,Active,Monthly
2464,2970,1,2025-06-14,,Active,Monthly
2465,2971,1,2025-11-22,,Active,Monthly
2466,2972,2,2025-02-23,,Active,Monthly
2467,2973,1,2024-12-11,,Active,Monthly
2468,2974,2,2023-12-21,,Active,Monthly
2469,2974,1,2023-11-01,2024-12-07,Churned,Monthly
2470,2975,1,2023-10-03,,Active,Monthly
2471,2975,1,2023-09-02,,Active,Monthly
2472,2976,2,2026-05-01,,Active,Monthly
2473,2977,1,2026-08-12,2027-10-28,Churned,Annual
2474,2978,1,2026-09-30,,Active,Monthly
2475,2979,1,2024-08-15,2024-09-18,Churned,Monthly
2476,2980,1,2024-12-20,2025-03-24,Churned,Monthly
2477,2981,2,2023-08-19,,Active,Monthly
2478,2982,1,2025-02-17,,Active,Monthly
2479,2983,1,2024-04-28,,Active,Monthly
2480,2984,3,2024-09-20,,Active,Monthly
2481,2985,2,2024-09-08,,Active,Monthly
2482,2986,2,2024-08-06,,Active,Annual
2483,2986,2,2024-11-30,2026-01-07,Churned,Annual
2484,2987,1,2023-06-18,2023-08-16,Churned,Monthly
2485,2988,2,2023-06-02,,Active,Monthly
2486,2989,2,2023-02-15,,Active,Monthly
2487,2989,1,2022-09-20,,Active,Monthly
2488,2990,2,2024-01-11,,Active,Annual
2489,2990,2,2024-02-23,2025-05-23,Churned,Monthly
2490,2991,2,2026-12-20,,Active,Monthly
2491,2992,1,2026-12-30,,Active,Monthly
2492,2993,1,2025-08-27,,Paused,Monthly
2493,2993,1,2025-07-17,,Active,Annual
2494,2994,2,2025-10-03,,Active,Monthly
2495,2994,2,2025-07-14,,Active,Monthly
2496,2995,2,2024-06-04,,Active,Monthly
2497,2995,2,2023-12-28,,Active,Monthly
2498,2996,2,2026-02-28,,Active,Monthly
2499,2996,2,2026-05-14,,Active,Annual
2500,2997,1,2026-07-05,,Active,Annual
2501,2998,1,2025-01-11,,Paused,Annual
2502,2998,2,2024-12-16,,Active,Monthly
2503,2999,2,2023-02-18,,Active,Monthly
2504,3000,3,2024-11-06,,Active,Monthly
2505,3001,1,2023-10-12,2024-07-19,Churned,Monthly
2506,3002,1,2023-08-17,,Active,Annual
2507,3003,2,2024-11-17,2026-01-14,Churned,Monthly
2508,3004,2,2025-08-14,,Active,Monthly
2509,3005,1,2023-09-10,,Active,Monthly
2510,3006,1,2024-10-15,,Active,Monthly
2511,3006,1,2024-05-13,,Paused,Monthly
2512,3007,2,2023-11-01,2024-03-07,Churned,Monthly
2513,3007,1,2023-03-28,2023-11-15,Churned,Monthly
2514,3008,1,2026-07-24,,Active,Monthly
2515,3009,1,2026-09-07,,Active,Monthly
2516,3010,2,2025-02-20,,Active,Monthly
2517,3011,2,2026-03-22,,Active,Monthly
2518,3012,1,2026-08-28,2026-11-21,Churned,Monthly
2519,3013,2,2023-02-25,2023-12-08,Churned,Monthly
2520,3013,1,2022-12-29,,Active,Annual
2521,3014,1,2024-06-09,,Active,Monthly
2522,3015,1,2026-10-02,,Active,Monthly
2523,3016,2,2025-12-11,,Active,Monthly
2524,3016,1,2025-11-10,,Active,Monthly
2525,3017,3,2025-06-13,,Active,Monthly
2526,3017,2,2024-09-29,,Active,Monthly
2527,3018,2,2025-12-30,,Active,Monthly
2528,3019,1,2026-07-16,,Active,Monthly
2529,3019,3,2025-11-03,,Active,Monthly
2530,3020,1,2025-11-17,,Active,Monthly
2531,3021,1,2026-02-04,,Active,Annual
2532,3022,1,2023-06-30,,Active,Annual
2533,3023,1,2026-11-13,,Active,Annual
2534,3024,1,2024-01-16,,Active,Monthly
2535,3025,1,2023-11-19,2023-12-19,Churned,Annual
2536,3026,1,2026-05-14,,Active,Monthly
2537,3027,2,2022-10-05,,Active,Annual
2538,3027,2,2023-04-23,,Active,Monthly
2539,3028,1,2024-03-29,,Active,Monthly
2540,3029,1,2026-04-18,,Active,Monthly
2541,3030,1,2023-08-03,,Active,Annual
2542,3030,1,2023-03-27,,Active,Monthly
2543,3031,1,2024-10-14,,Active,Monthly
2544,3031,2,2024-08-30,,Active,Monthly
2545,3032,1,2025-03-07,2025-11-20,Churned,Annual
2546,3033,1,2025-09-19,,Active,Annual
2547,3033,2,2026-01-13,,Active,Monthly
2548,3034,1,2024-02-05,2024-06-12,Churned,Monthly
2549,3035,2,2024-03-28,,Active,Monthly
2550,3036,3,2024-07-06,,Active,Annual
2551,3036,1,2024-05-10,,Active,Monthly
2552,3037,1,2025-08-26,,Active,Annual
2553,3038,1,2024-04-09,2024-09-26,Churned,Monthly
2554,3039,2,2025-06-08,,Active,Monthly
2555,3040,1,2024-12-23,2026-03-15,Churned,Monthly
2556,3041,2,2027-03-12,,Active,Monthly
2557,3042,1,2025-03-31,,Active,Annual
2558,3043,1,2023-09-05,,Active,Monthly
2559,3043,1,2023-02-13,2023-07-04,Churned,Monthly
2560,3044,1,2024-04-27,,Active,Monthly
2561,3045,1,2024-03-28,,Active,Monthly
2562,3046,1,2023-04-30,,Active,Monthly
2563,3046,1,2023-02-25,,Active,Monthly
2564,3047,1,2025-05-09,2026-09-03,Churned,Monthly
2565,3048,1,2023-04-01,,Active,Monthly
2566,3049,2,2025-05-09,,Active,Monthly
2567,3050,1,2023-09-09,,Active,Monthly
2568,3051,3,2024-05-13,,Active,Monthly
2569,3052,2,2026-05-30,,Active,Annual
2570,3053,1,2026-07-15,,Paused,Monthly
2571,3054,1,2025-02-04,2025-03-14,Churned,Monthly
2572,3055,1,2026-01-05,2027-02-20,Churned,Monthly
2573,3056,1,2027-04-03,,Active,Monthly
2574,3057,2,2025-05-15,,Active,Monthly
2575,3058,3,2023-10-01,,Active,Monthly
2576,3059,1,2026-08-13,,Active,Monthly
2577,3060,2,2026-07-22,2026-11-21,Churned,Monthly
2578,3061,3,2025-02-10,2025-11-18,Churned,Monthly
2579,3062,2,2026-03-17,,Paused,Annual
2580,3062,2,2026-03-08,,Active,Monthly
2581,3063,2,2025-03-09,2025-05-14,Churned,Monthly
2582,3064,1,2026-03-23,,Active,Monthly
2583,3065,2,2025-01-28,2026-03-18,Churned,Monthly
2584,3066,3,2026-10-23,2027-06-06,Churned,Monthly
2585,3066,1,2025-12-29,2026-02-03,Churned,Monthly
2586,3067,2,2024-06-29,,Active,Monthly
2587,3067,2,2023-09-16,,Active,Monthly
2588,3068,3,2024-02-21,,Active,Monthly
2589,3069,1,2023-06-24,,Active,Monthly
2590,3070,2,2023-12-25,,Active,Monthly
2591,3071,2,2025-04-15,2025-06-12,Churned,Monthly
2592,3072,2,2025-10-09,,Active,Monthly
2593,3073,1,2024-10-02,,Active,Monthly
2594,3073,2,2025-03-11,2026-07-21,Churned,Annual
2595,3074,1,2023-01-24,,Active,Annual
2596,3075,1,2023-09-22,,Active,Monthly
2597,3076,1,2023-07-16,,Active,Monthly
2598,3077,1,2026-07-15,,Active,Monthly
2599,3078,2,2025-12-17,,Active,Annual
2600,3079,2,2024-12-07,,Active,Annual
2601,3080,2,2026-08-08,,Active,Monthly
2602,3081,1,2025-04-30,,Active,Monthly
2603,3082,3,2023-04-04,,Active,Annual
2604,3083,2,2026-04-05,,Active,Monthly
2605,3084,2,2023-10-16,,Active,Monthly
2606,3084,1,2024-04-02,,Active,Monthly
2607,3085,2,2023-11-16,2024-05-29,Churned,Annual
2608,3086,1,2026-08-27,,Active,Annual
2609,3086,2,2027-02-03,,Active,Monthly
2610,3087,1,2023-09-10,,Active,Monthly
2611,3088,2,2023-01-07,,Active,Monthly
2612,3089,2,2026-08-12,,Active,Annual
2613,3090,1,2027-01-03,,Active,Monthly
2614,3091,2,2025-02-15,,Active,Monthly
2615,3091,3,2024-10-27,,Active,Monthly
2616,3092,1,2024-09-17,,Active,Annual
2617,3093,1,2024-04-28,,Active,Annual
2618,3094,2,2023-07-04,,Active,Monthly
2619,3094,3,2024-01-31,,Active,Monthly
2620,3095,1,2026-09-13,2026-12-22,Churned,Monthly
2621,3096,1,2023-07-24,,Active,Annual
2622,3097,2,2025-12-10,,Active,Monthly
2623,3098,2,2022-08-13,,Active,Annual
2624,3099,2,2024-04-01,,Active,Monthly
2625,3100,2,2026-03-07,,Active,Monthly
2626,3101,2,2024-06-13,,Active,Annual
2627,3101,1,2024-10-08,,Active,Monthly
2628,3102,1,2026-03-23,,Active,Monthly
2629,3103,1,2024-12-24,2025-12-17,Churned,Monthly
2630,3104,1,2025-03-24,,Paused,Monthly
2631,3105,1,2024-11-22,,Active,Monthly
2632,3105,1,2024-12-08,,Active,Monthly
2633,3106,1,2024-06-20,,Active,Annual
2634,3107,1,2023-09-18,,Active,Annual
2635,3108,1,2024-02-22,,Active,Annual
2636,3109,2,2025-06-13,,Active,Annual
2637,3110,2,2025-05-12,,Active,Annual
2638,3111,2,2024-01-26,2024-09-02,Churned,Annual
2639,3111,2,2024-09-29,,Active,Monthly
2640,3112,1,2025-04-18,,Active,Monthly
2641,3113,2,2026-01-31,2026-04-25,Churned,Monthly
2642,3114,2,2026-06-04,2027-10-12,Churned,Monthly
2643,3115,1,2024-09-28,,Active,Monthly
2644,3116,2,2025-03-04,,Active,Monthly
2645,3117,1,2026-02-22,2026-09-01,Churned,Monthly
2646,3118,2,2024-03-25,2024-10-23,Churned,Monthly
2647,3119,2,2026-04-30,,Active,Monthly
2648,3119,3,2026-04-27,,Active,Monthly
2649,3120,1,2023-01-20,,Active,Monthly
2650,3121,1,2025-03-23,,Active,Monthly
2651,3122,2,2026-09-12,,Active,Monthly
2652,3123,1,2025-02-18,2025-11-12,Churned,Monthly
2653,3124,2,2023-10-15,2024-11-15,Churned,Monthly
2654,3125,1,2023-08-25,,Active,Monthly
2655,3126,2,2024-09-14,,Active,Annual
2656,3126,1,2025-05-01,,Active,Monthly
2657,3127,1,2023-07-20,,Active,Monthly
2658,3128,1,2025-01-03,2026-02-01,Churned,Annual
2659,3128,1,2025-05-12,,Active,Monthly
2660,3129,1,2024-06-01,,Active,Annual
2661,3130,2,2024-07-08,,Active,Annual
2662,3130,1,2024-10-25,,Active,Monthly
2663,3131,2,2025-05-18,,Active,Monthly
2664,3131,2,2025-06-29,,Active,Monthly
2665,3132,1,2026-07-03,,Active,Monthly
2666,3133,2,2023-10-17,,Active,Monthly
2667,3134,2,2023-06-14,,Active,Monthly
2668,3135,2,2023-08-16,,Active,Monthly
2669,3136,1,2025-11-22,,Active,Annual
2670,3137,1,2024-11-30,,Active,Monthly
2671,3138,2,2024-05-10,,Active,Monthly
2672,3139,2,2026-10-23,2027-10-17,Churned,Annual
2673,3140,1,2023-02-22,,Active,Monthly
2674,3141,2,2025-02-07,,Active,Monthly
2675,3142,1,2023-06-17,,Active,Monthly
2676,3143,2,2023-08-27,,Active,Annual
2677,3144,2,2024-03-29,2024-07-29,Churned,Monthly
2678,3144,1,2023-09-28,,Active,Annual
2679,3145,1,2024-08-20,,Active,Annual
2680,3145,2,2024-11-01,,Active,Monthly
2681,3146,1,2026-11-17,2027-08-06,Churned,Monthly
2682,3147,2,2026-06-08,,Active,Annual
2683,3148,2,2024-05-13,2025-04-15,Churned,Monthly
2684,3149,1,2024-06-25,,Active,Annual
2685,3149,1,2024-12-31,,Active,Monthly
2686,3150,1,2024-06-15,,Active,Monthly
2687,3151,1,2024-02-18,2024-05-30,Churned,Monthly
2688,3152,2,2025-06-21,2026-10-11,Churned,Monthly
2689,3153,3,2023-07-22,,Active,Monthly
2690,3154,1,2025-07-15,2026-11-18,Churned,Monthly
2691,3155,2,2025-11-28,2026-06-24,Churned,Monthly
2692,3156,3,2025-12-31,,Active,Monthly
2693,3156,1,2025-07-20,,Active,Monthly
2694,3157,1,2027-02-20,,Paused,Monthly
2695,3157,3,2027-03-05,2028-04-08,Churned,Monthly
2696,3158,2,2026-01-29,2027-02-03,Churned,Annual
2697,3159,1,2025-12-26,2027-04-29,Churned,Monthly
2698,3159,1,2026-03-08,,Active,Monthly
2699,3160,1,2024-11-28,,Active,Annual
2700,3161,2,2025-10-22,,Active,Monthly
2701,3162,1,2026-01-21,,Active,Annual
2702,3163,1,2024-02-27,,Active,Monthly
2703,3164,1,2023-05-20,,Active,Monthly
2704,3165,3,2027-01-25,,Paused,Monthly
2705,3166,2,2024-07-26,,Active,Monthly
2706,3166,2,2024-09-19,,Active,Monthly
2707,3167,1,2025-05-20,,Active,Annual
2708,3168,1,2023-01-09,2023-05-09,Churned,Annual
2709,3169,1,2024-05-19,2025-04-18,Churned,Monthly
2710,3170,1,2023-02-06,,Active,Annual
2711,3171,1,2024-12-23,,Active,Monthly
2712,3172,1,2024-02-28,,Active,Monthly
2713,3172,1,2024-03-02,2024-04-09,Churned,Monthly
2714,3173,1,2025-06-08,2026-07-26,Churned,Monthly
2715,3174,1,2023-05-03,2024-01-15,Churned,Monthly
2716,3174,1,2023-04-12,,Paused,Monthly
2717,3175,1,2025-01-14,,Active,Monthly
2718,3176,1,2023-01-29,2023-10-26,Churned,Monthly
2719,3177,1,2023-09-20,,Active,Monthly
2720,3177,2,2023-10-22,,Active,Monthly
2721,3178,1,2025-06-15,2026-01-22,Churned,Monthly
2722,3178,1,2025-03-19,,Active,Monthly
2723,3179,1,2025-12-09,,Active,Annual
2724,3180,1,2026-10-17,2028-02-24,Churned,Annual
2725,3181,1,2024-05-23,2025-07-31,Churned,Annual
2726,3182,2,2024-05-02,,Active,Monthly
2727,3183,1,2023-05-04,,Active,Monthly
2728,3184,2,2026-07-12,,Active,Monthly
2729,3184,1,2026-05-01,,Active,Monthly
2730,3185,1,2025-02-19,,Active,Annual
2731,3186,2,2026-06-20,,Active,Monthly
2732,3187,1,2025-01-18,,Active,Monthly
2733,3188,2,2026-07-07,,Active,Annual
2734,3188,1,2025-11-09,,Active,Monthly
2735,3189,3,2023-05-03,2024-06-30,Churned,Monthly
2736,3190,1,2025-12-07,,Active,Monthly
2737,3191,1,2026-07-23,,Active,Monthly
2738,3191,3,2025-12-09,,Active,Monthly
2739,3192,1,2024-12-23,,Active,Monthly
2740,3192,2,2025-02-18,2026-05-24,Churned,Monthly
2741,3193,1,2025-05-17,,Active,Monthly
2742,3194,2,2024-10-30,,Active,Monthly
2743,3195,1,2025-10-03,2026-09-03,Churned,Monthly
2744,3196,1,2026-01-15,,Active,Annual
2745,3197,2,2025-03-06,,Active,Monthly
2746,3198,1,2025-06-27,,Paused,Monthly
2747,3199,1,2026-06-06,2027-06-22,Churned,Annual
2748,3200,1,2023-03-13,,Active,Monthly
2749,3201,3,2026-03-14,2026-07-13,Churned,Monthly
2750,3202,1,2024-08-14,,Paused,Monthly
2751,3203,2,2026-07-26,,Active,Monthly
2752,3203,2,2026-11-05,2027-08-29,Churned,Monthly
2753,3204,1,2023-01-07,2023-02-21,Churned,Monthly
2754,3205,2,2025-04-14,,Active,Monthly
2755,3206,1,2023-02-04,,Paused,Annual
2756,3206,1,2023-02-16,,Active,Monthly
2757,3207,1,2025-12-11,,Active,Monthly
2758,3207,1,2025-09-12,,Active,Monthly
2759,3208,1,2025-05-31,,Active,Monthly
2760,3209,1,2025-03-11,2026-03-27,Churned,Monthly
2761,3209,1,2025-03-26,,Active,Monthly
2762,3210,1,2023-09-11,,Active,Annual
2763,3210,2,2023-07-22,,Active,Monthly
2764,3211,1,2023-02-15,,Active,Monthly
2765,3212,2,2024-05-24,2024-12-20,Churned,Annual
2766,3213,1,2025-09-19,,Active,Monthly
2767,3214,2,2025-01-25,,Active,Monthly
2768,3214,1,2025-03-14,,Active,Monthly
2769,3215,1,2024-05-25,,Active,Monthly
2770,3215,2,2024-05-10,,Active,Monthly
2771,3216,1,2023-12-02,,Active,Annual
2772,3217,1,2025-09-07,2026-09-24,Churned,Monthly
2773,3217,1,2025-07-12,,Active,Monthly
2774,3218,1,2026-12-04,,Active,Annual
2775,3219,1,2023-09-28,,Active,Monthly
2776,3220,1,2026-12-28,,Active,Annual
2777,3221,2,2026-01-23,,Active,Annual
2778,3222,1,2026-02-02,,Active,Annual
2779,3222,2,2025-09-18,,Active,Monthly
2780,3223,1,2025-10-11,2026-06-29,Churned,Monthly
2781,3223,1,2025-06-05,,Active,Monthly
2782,3224,2,2025-03-14,,Active,Monthly
2783,3225,1,2022-11-09,,Active,Monthly
2784,3225,1,2023-06-01,2024-03-30,Churned,Monthly
2785,3226,1,2025-09-18,,Paused,Monthly
2786,3226,1,2026-04-26,2027-07-10,Churned,Monthly
2787,3227,1,2026-05-30,,Active,Annual
2788,3228,1,2024-11-29,,Active,Monthly
2789,3229,1,2024-11-19,,Active,Monthly
2790,3230,1,2025-09-08,,Active,Monthly
2791,3230,1,2025-08-29,2025-10-22,Churned,Monthly
2792,3231,2,2024-12-30,2025-07-13,Churned,Monthly
2793,3231,1,2025-10-07,,Active,Annual
2794,3232,1,2026-07-17,,Active,Monthly
2795,3233,2,2026-04-01,,Active,Annual
2796,3234,2,2026-07-25,2027-01-26,Churned,Monthly
2797,3234,1,2026-07-07,,Active,Annual
2798,3235,1,2025-02-17,,Active,Monthly
2799,3235,2,2024-10-16,,Active,Monthly
2800,3236,1,2024-05-24,,Active,Monthly
2801,3237,1,2025-12-18,,Active,Monthly
2802,3237,3,2026-02-12,,Active,Monthly
2803,3238,2,2025-04-08,,Active,Monthly
2804,3239,1,2025-08-15,,Active,Monthly
2805,3240,1,2025-08-07,,Active,Monthly
2806,3241,1,2024-05-29,2025-03-08,Churned,Monthly
2807,3242,1,2024-05-06,,Active,Annual
2808,3243,1,2023-12-17,2024-05-01,Churned,Monthly
2809,3244,1,2024-05-29,,Active,Monthly
2810,3244,1,2024-02-08,,Active,Monthly
2811,3245,1,2024-06-09,,Active,Monthly
2812,3245,2,2024-10-19,,Active,Monthly
2813,3246,1,2023-07-24,,Active,Monthly
2814,3247,1,2023-11-09,,Active,Monthly
2815,3248,2,2023-10-25,2025-02-14,Churned,Monthly
2816,3249,1,2026-01-16,,Active,Annual
2817,3250,1,2024-01-05,,Active,Annual
2818,3251,1,2025-06-09,,Active,Monthly
2819,3252,3,2025-01-21,,Active,Monthly
2820,3253,1,2024-02-13,,Active,Monthly
2821,3254,1,2025-07-10,2025-11-13,Churned,Monthly
2822,3255,1,2026-10-15,,Active,Monthly
2823,3256,1,2024-12-02,,Active,Monthly
2824,3257,2,2026-07-11,2027-11-11,Churned,Monthly
2825,3257,2,2026-04-08,,Active,Annual
2826,3258,3,2026-10-30,,Active,Monthly
2827,3259,1,2023-05-14,,Active,Monthly
2828,3260,1,2024-10-15,,Active,Monthly
2829,3260,1,2024-02-08,,Active,Monthly
2830,3261,1,2023-12-31,2024-10-13,Churned,Monthly
2831,3262,2,2024-04-09,,Active,Monthly
2832,3262,1,2024-05-13,,Active,Monthly
2833,3263,2,2024-05-06,,Active,Monthly
2834,3264,2,2026-05-01,,Active,Monthly
2835,3264,2,2025-08-23,,Active,Monthly
2836,3265,1,2025-08-18,,Active,Monthly
2837,3266,2,2023-03-21,,Active,Monthly
2838,3267,2,2024-09-30,,Active,Monthly
2839,3268,1,2024-05-04,,Active,Monthly
2840,3268,1,2023-09-27,2024-12-11,Churned,Monthly
2841,3269,2,2026-07-08,,Active,Annual
2842,3270,2,2026-04-04,,Active,Monthly
2843,3271,1,2026-04-02,,Active,Monthly
2844,3272,1,2027-04-11,,Active,Monthly
2845,3273,1,2024-08-10,,Active,Monthly
2846,3274,1,2025-09-12,,Active,Monthly
2847,3275,1,2023-11-26,,Paused,Monthly
2848,3276,1,2025-02-02,,Active,Monthly
2849,3277,2,2022-12-09,,Active,Monthly
2850,3278,2,2026-09-30,,Active,Monthly
2851,3279,1,2026-12-06,,Active,Monthly
2852,3279,1,2026-07-18,,Active,Monthly
2853,3280,1,2024-07-10,,Active,Monthly
2854,3280,1,2024-05-12,,Paused,Monthly
2855,3281,1,2026-04-12,,Active,Annual
2856,3282,1,2026-02-04,,Active,Annual
2857,3282,1,2025-09-14,2025-10-18,Churned,Monthly
2858,3283,1,2023-08-02,2024-08-14,Churned,Monthly
2859,3284,1,2026-05-11,,Active,Monthly
2860,3285,1,2024-02-13,2024-08-11,Churned,Monthly
2861,3286,1,2024-02-14,,Active,Monthly
2862,3287,1,2023-12-06,,Active,Monthly
2863,3288,2,2025-03-17,2025-06-25,Churned,Annual
2864,3289,1,2024-11-10,,Active,Monthly
2865,3290,1,2026-03-05,2026-05-18,Churned,Monthly
2866,3290,1,2026-05-22,,Active,Monthly
2867,3291,2,2027-02-24,,Active,Monthly
2868,3292,2,2025-10-23,,Active,Monthly
2869,3293,1,2023-02-09,,Active,Monthly
2870,3294,2,2024-11-02,,Active,Monthly
2871,3295,1,2023-11-30,,Active,Monthly
2872,3296,3,2024-12-30,2025-11-08,Churned,Monthly
2873,3296,2,2024-12-04,,Active,Monthly
2874,3297,1,2026-04-08,,Active,Annual
2875,3298,2,2025-02-06,2025-12-02,Churned,Monthly
2876,3298,1,2025-02-09,,Active,Monthly
2877,3299,2,2026-07-26,,Active,Monthly
2878,3300,2,2025-09-29,,Active,Monthly
2879,3301,1,2024-12-22,2025-04-02,Churned,Annual
2880,3302,3,2023-03-25,,Active,Monthly
2881,3303,2,2026-10-09,,Active,Annual
2882,3304,2,2024-11-30,2025-12-08,Churned,Annual
2883,3305,1,2023-06-05,,Active,Monthly
2884,3306,2,2026-07-02,2027-06-01,Churned,Monthly
2885,3307,1,2026-04-25,,Active,Monthly
2886,3308,2,2022-09-06,,Active,Monthly
2887,3308,1,2022-08-02,,Active,Monthly
2888,3309,1,2024-12-24,2026-04-26,Churned,Monthly
2889,3310,1,2023-02-07,,Active,Monthly
2890,3311,2,2022-10-03,,Active,Monthly
2891,3311,3,2023-01-10,2023-02-09,Churned,Monthly
2892,3312,3,2023-12-01,,Active,Monthly
2893,3313,2,2024-12-05,,Active,Monthly
2894,3314,1,2023-06-13,,Active,Monthly
2895,3315,1,2023-12-04,,Active,Monthly
2896,3316,1,2023-08-26,,Active,Annual
2897,3316,1,2022-11-14,,Active,Annual
2898,3317,1,2025-05-07,,Active,Monthly
2899,3318,1,2024-08-13,,Active,Annual
2900,3319,1,2023-06-23,,Active,Monthly
2901,3320,1,2025-08-05,,Active,Monthly
2902,3321,2,2026-03-27,2026-12-16,Churned,Monthly
2903,3321,2,2026-03-13,,Paused,Monthly
2904,3322,2,2025-01-28,,Active,Monthly
2905,3323,1,2024-02-16,,Active,Annual
2906,3324,1,2025-05-20,2025-09-08,Churned,Monthly
2907,3325,2,2026-03-12,,Active,Monthly
2908,3326,1,2026-03-28,2027-03-28,Churned,Monthly
2909,3327,1,2025-08-18,,Active,Monthly
2910,3328,1,2024-05-10,,Active,Monthly
2911,3329,2,2024-08-17,2025-11-19,Churned,Monthly
2912,3330,2,2024-06-20,,Active,Monthly
2913,3331,2,2027-03-11,,Active,Annual
2914,3332,2,2024-06-06,,Active,Annual
2915,3333,1,2027-01-09,,Active,Monthly
2916,3334,2,2024-12-09,,Active,Monthly
2917,3335,1,2025-12-26,,Active,Monthly
2918,3336,1,2025-07-10,2026-11-02,Churned,Annual
2919,3336,2,2025-06-08,,Active,Monthly
2920,3337,1,2025-06-30,2025-12-05,Churned,Monthly
2921,3337,1,2025-07-26,2026-09-12,Churned,Monthly
2922,3338,1,2026-11-15,,Active,Monthly
2923,3339,1,2024-11-08,2025-07-26,Churned,Monthly
2924,3339,1,2024-12-07,2025-11-28,Churned,Monthly
2925,3340,2,2024-02-13,2024-11-20,Churned,Annual
2926,3341,1,2025-09-21,,Active,Monthly
2927,3342,3,2024-01-21,,Active,Annual
2928,3343,2,2026-11-09,,Active,Monthly
2929,3344,1,2024-04-01,,Active,Monthly
2930,3345,2,2026-12-04,,Active,Monthly
2931,3346,1,2026-04-09,,Active,Monthly
2932,3347,3,2026-10-12,,Active,Monthly
2933,3348,1,2022-09-24,,Active,Monthly
2934,3348,1,2023-06-01,,Active,Monthly
2935,3349,1,2026-02-09,,Active,Monthly
2936,3350,2,2024-05-17,,Paused,Monthly
2937,3351,1,2025-02-21,,Active,Monthly
2938,3351,1,2025-09-21,,Active,Monthly
2939,3352,1,2026-08-19,2027-07-09,Churned,Monthly
2940,3353,1,2026-11-22,,Active,Monthly
2941,3354,2,2026-04-13,,Active,Monthly
2942,3355,2,2023-05-06,,Paused,Monthly
2943,3356,1,2025-03-10,,Active,Monthly
2944,3357,2,2024-07-13,,Active,Annual
2945,3358,1,2025-05-25,,Active,Monthly
2946,3358,2,2026-02-06,,Active,Monthly
2947,3359,2,2026-04-20,,Active,Monthly
2948,3359,3,2026-11-01,,Active,Annual
2949,3360,1,2026-12-18,,Active,Monthly
2950,3361,1,2024-10-09,2025-07-25,Churned,Monthly
2951,3362,1,2023-09-16,,Active,Monthly
2952,3363,2,2023-03-17,2023-05-14,Churned,Annual
2953,3363,2,2022-12-04,,Active,Monthly
2954,3364,2,2024-08-23,,Active,Annual
2955,3365,2,2024-06-04,,Active,Monthly
2956,3366,2,2024-07-02,,Active,Monthly
2957,3367,3,2025-06-25,,Active,Annual
2958,3368,2,2026-01-06,,Active,Monthly
2959,3369,2,2026-04-23,,Active,Monthly
2960,3370,2,2025-11-18,,Active,Annual
2961,3370,1,2025-02-24,,Active,Monthly
2962,3371,2,2024-07-26,2024-11-25,Churned,Annual
2963,3372,2,2025-10-23,,Active,Monthly
2964,3373,2,2023-01-21,2023-09-11,Churned,Monthly
2965,3374,2,2025-06-29,,Active,Monthly
2966,3375,2,2022-12-05,,Active,Monthly
2967,3375,3,2023-02-20,,Active,Monthly
2968,3376,2,2025-07-22,,Active,Monthly
2969,3377,2,2027-02-23,,Active,Monthly
2970,3378,1,2026-03-01,,Active,Monthly
2971,3379,2,2026-03-06,,Active,Monthly
2972,3379,1,2025-04-19,,Active,Monthly
2973,3380,2,2023-01-29,,Active,Monthly
2974,3380,3,2022-12-04,,Active,Annual
2975,3381,1,2023-10-21,,Active,Monthly
2976,3382,2,2026-06-09,2027-09-10,Churned,Annual
2977,3383,2,2025-09-07,,Active,Monthly
2978,3384,1,2026-01-03,,Active,Monthly
2979,3384,2,2026-08-14,2027-03-27,Churned,Monthly
2980,3385,1,2024-05-03,,Active,Monthly
2981,3386,1,2023-09-06,2024-03-10,Churned,Monthly
2982,3387,1,2023-12-11,,Active,Annual
2983,3388,1,2024-01-03,,Active,Monthly
2984,3388,1,2024-05-12,,Paused,Monthly
2985,3389,1,2026-12-24,,Active,Monthly
2986,3390,1,2025-08-24,,Active,Annual
2987,3391,1,2027-03-27,,Active,Monthly
2988,3391,2,2027-01-12,,Active,Monthly
2989,3392,2,2027-03-09,,Active,Monthly
2990,3393,1,2026-10-06,2026-11-12,Churned,Monthly
2991,3394,3,2027-01-29,,Active,Monthly
2992,3395,1,2023-12-03,,Active,Monthly
2993,3396,1,2024-04-05,,Active,Annual
2994,3397,1,2023-08-15,2024-02-18,Churned,Annual
2995,3397,1,2023-07-26,,Active,Annual
2996,3398,1,2026-05-25,,Active,Annual
2997,3398,1,2026-06-05,2027-01-04,Churned,Annual
2998,3399,2,2024-08-14,,Active,Monthly
2999,3400,2,2023-11-18,,Active,Monthly
3000,3400,2,2023-08-01,,Active,Monthly
3001,3401,2,2023-11-26,,Active,Annual
3002,3401,1,2024-06-03,2025-09-22,Churned,Monthly
3003,3402,3,2023-10-07,,Active,Monthly
3004,3403,1,2024-03-11,,Active,Monthly
3005,3404,2,2025-07-15,2026-08-14,Churned,Annual
3006,3405,3,2022-11-30,2024-03-06,Churned,Monthly
3007,3405,1,2023-01-18,,Paused,Monthly
3008,3406,1,2023-08-02,2024-04-15,Churned,Monthly
3009,3407,1,2024-05-16,,Active,Annual
3010,3408,2,2026-04-06,,Active,Monthly
3011,3409,3,2023-02-20,2024-01-26,Churned,Annual
3012,3409,2,2023-06-11,,Active,Monthly
3013,3410,1,2025-02-28,,Active,Monthly
3014,3411,1,2026-04-19,2026-08-03,Churned,Monthly
3015,3412,3,2025-09-10,2026-01-26,Churned,Monthly
3016,3412,1,2026-02-04,,Active,Monthly
3017,3413,2,2024-06-04,,Active,Monthly
3018,3414,1,2027-02-27,2028-04-03,Churned,Annual
3019,3415,1,2025-08-12,2025-10-20,Churned,Annual
3020,3416,1,2024-06-08,,Active,Monthly
3021,3416,1,2025-01-02,,Active,Annual
3022,3417,2,2026-03-13,,Active,Monthly
3023,3418,1,2025-03-26,,Active,Monthly
3024,3419,2,2026-08-04,,Active,Monthly
3025,3419,1,2026-09-08,,Active,Monthly
3026,3420,1,2025-10-04,,Active,Annual
3027,3420,2,2025-05-12,,Active,Monthly
3028,3421,1,2026-04-19,,Active,Monthly
3029,3422,1,2024-06-06,,Active,Annual
3030,3423,1,2026-12-11,,Active,Monthly
3031,3423,1,2027-02-19,,Active,Monthly
3032,3424,2,2025-07-21,,Active,Annual
3033,3425,2,2023-12-12,,Active,Annual
3034,3426,2,2025-12-31,,Active,Monthly
3035,3427,1,2025-04-14,,Active,Annual
3036,3428,3,2023-08-19,,Active,Monthly
3037,3429,2,2025-12-04,2026-03-29,Churned,Monthly
3038,3430,1,2026-05-27,,Active,Annual
3039,3430,2,2026-10-05,,Active,Monthly
3040,3431,1,2026-02-16,,Active,Monthly
3041,3432,1,2025-07-22,,Active,Monthly
3042,3433,2,2026-05-08,2026-12-05,Churned,Monthly
3043,3433,2,2026-11-30,,Active,Monthly
3044,3434,2,2025-06-19,,Active,Annual
3045,3435,2,2024-09-19,,Active,Annual
3046,3436,1,2026-11-21,2028-03-23,Churned,Annual
3047,3436,1,2026-03-09,,Active,Annual
3048,3437,1,2025-02-12,,Active,Monthly
3049,3438,1,2024-02-09,,Active,Monthly
3050,3439,1,2024-09-27,2025-07-19,Churned,Monthly
3051,3440,2,2023-07-07,,Active,Monthly
3052,3440,2,2023-02-07,,Active,Monthly
3053,3441,1,2023-03-27,2024-05-06,Churned,Monthly
3054,3442,1,2023-09-04,,Active,Annual
3055,3442,2,2024-03-30,,Active,Annual
3056,3443,2,2023-06-28,,Active,Annual
3057,3444,1,2025-10-26,,Active,Monthly
3058,3444,1,2026-04-07,,Active,Annual
3059,3445,1,2026-05-21,2027-03-29,Churned,Annual
3060,3446,1,2025-01-09,2026-05-16,Churned,Monthly
3061,3446,1,2024-11-04,,Active,Monthly
3062,3447,3,2024-05-22,,Active,Monthly
3063,3447,2,2024-11-24,,Active,Monthly
3064,3448,2,2024-10-17,,Active,Monthly
3065,3449,1,2022-12-11,,Active,Monthly
3066,3450,2,2024-09-23,,Active,Monthly
3067,3451,1,2024-07-03,,Active,Monthly
3068,3452,2,2024-12-19,,Active,Annual
3069,3453,2,2026-04-08,,Active,Annual
3070,3454,1,2025-07-07,,Active,Monthly
3071,3455,1,2023-01-10,,Active,Monthly
3072,3456,2,2022-12-06,2023-10-17,Churned,Annual
3073,3456,1,2023-05-31,,Active,Monthly
3074,3457,2,2023-10-21,2024-01-29,Churned,Monthly
3075,3457,1,2023-09-30,,Active,Annual
3076,3458,1,2024-01-26,,Active,Annual
3077,3459,3,2024-11-16,,Active,Monthly
3078,3460,1,2024-06-17,,Active,Monthly
3079,3460,1,2023-09-28,,Active,Monthly
3080,3461,3,2026-01-27,2026-09-28,Churned,Monthly
3081,3462,1,2025-08-29,,Active,Monthly
3082,3463,1,2025-12-03,,Active,Monthly
3083,3464,1,2022-11-11,,Active,Monthly
3084,3464,2,2023-03-23,,Active,Annual
3085,3465,2,2024-05-27,,Active,Monthly
3086,3466,1,2026-02-25,,Active,Monthly
3087,3466,2,2026-02-04,,Active,Annual
3088,3467,2,2024-12-09,,Active,Monthly
3089,3468,1,2022-09-23,,Active,Annual
3090,3469,3,2026-01-27,,Active,Monthly
3091,3469,1,2025-06-05,,Active,Monthly
3092,3470,1,2024-11-10,2026-01-09,Churned,Monthly
3093,3470,3,2024-09-27,,Active,Monthly
3094,3471,2,2024-12-13,,Active,Annual
3095,3472,1,2023-03-09,,Active,Monthly
3096,3473,2,2025-08-27,,Active,Monthly
3097,3473,2,2025-06-16,,Active,Monthly
3098,3474,2,2026-05-02,,Active,Monthly
3099,3475,1,2023-02-11,,Active,Monthly
3100,3476,1,2026-03-28,,Active,Monthly
3101,3477,1,2023-07-18,,Active,Monthly
3102,3478,1,2025-09-30,,Active,Monthly
3103,3478,2,2025-05-27,,Active,Annual
3104,3479,2,2026-05-03,,Active,Annual
3105,3480,1,2022-10-21,,Active,Monthly
3106,3481,1,2024-11-14,2025-05-07,Churned,Annual
3107,3482,2,2022-12-25,,Active,Monthly
3108,3483,1,2024-05-29,,Active,Monthly
3109,3484,1,2025-07-28,,Active,Monthly
3110,3485,3,2026-07-24,,Active,Monthly
3111,3486,3,2023-12-10,,Active,Monthly
3112,3487,2,2024-04-17,2025-03-23,Churned,Annual
3113,3488,2,2024-05-30,,Active,Monthly
3114,3488,2,2024-05-19,,Active,Annual
3115,3489,1,2026-11-20,,Active,Monthly
3116,3490,1,2025-07-03,,Active,Annual
3117,3491,3,2026-10-16,,Active,Monthly
3118,3492,1,2024-10-04,,Active,Annual
3119,3493,1,2027-01-15,2027-06-08,Churned,Monthly
3120,3493,1,2026-11-06,,Active,Monthly
3121,3494,2,2026-05-19,,Active,Monthly
3122,3495,1,2025-03-02,,Active,Annual
3123,3496,1,2026-09-07,,Active,Monthly
3124,3497,2,2025-07-03,2026-06-13,Churned,Annual
3125,3498,1,2026-02-15,,Active,Monthly
3126,3498,1,2025-09-20,2026-06-29,Churned,Monthly
3127,3499,1,2023-10-01,,Active,Monthly
3128,3500,1,2026-03-08,,Active,Annual
3129,3501,1,2025-03-10,,Active,Monthly
3130,3502,1,2024-12-16,,Active,Monthly
3131,3503,2,2024-03-06,,Active,Annual
3132,3504,2,2023-08-20,,Active,Monthly
3133,3505,1,2023-04-29,,Active,Monthly
3134,3506,1,2025-07-19,2026-11-06,Churned,Monthly
3135,3507,2,2023-04-27,,Active,Annual
3136,3507,2,2024-02-22,,Active,Annual
3137,3508,3,2024-10-21,,Paused,Monthly
3138,3509,3,2025-02-07,,Active,Monthly
3139,3510,2,2023-04-25,,Active,Monthly
3140,3511,2,2024-04-02,,Active,Monthly
3141,3512,1,2025-07-01,,Active,Annual
3142,3512,1,2025-02-27,,Active,Monthly
3143,3513,1,2024-11-30,2025-12-31,Churned,Monthly
3144,3513,1,2025-05-22,2026-01-20,Churned,Monthly
3145,3514,1,2027-01-12,2027-02-13,Churned,Monthly
3146,3515,1,2025-02-22,2025-05-11,Churned,Monthly
3147,3516,3,2025-04-13,2026-03-28,Churned,Monthly
3148,3517,1,2026-05-25,2027-05-15,Churned,Monthly
3149,3518,1,2023-09-15,,Paused,Monthly
3150,3519,1,2023-04-17,,Active,Monthly
3151,3520,1,2026-07-02,,Active,Monthly
3152,3521,2,2024-05-16,,Active,Monthly
3153,3521,1,2023-09-11,,Active,Monthly
3154,3522,2,2024-02-07,,Active,Monthly
3155,3523,1,2024-02-07,,Active,Monthly
3156,3523,1,2024-02-01,,Active,Monthly
3157,3524,1,2027-01-22,,Active,Monthly
3158,3525,1,2023-06-27,,Active,Monthly
3159,3526,1,2026-01-27,2026-10-27,Churned,Monthly
3160,3526,2,2025-11-13,,Active,Monthly
3161,3527,3,2026-02-04,,Active,Monthly
3162,3528,1,2026-05-06,,Active,Monthly
3163,3529,2,2024-05-28,,Active,Monthly
3164,3530,1,2027-01-15,,Active,Monthly
3165,3531,3,2024-07-19,,Active,Monthly
3166,3532,3,2027-03-31,2027-12-09,Churned,Monthly
3167,3532,1,2027-01-12,,Active,Monthly
3168,3533,1,2025-12-15,,Active,Monthly
3169,3534,1,2026-04-03,,Active,Monthly
3170,3535,1,2023-10-24,,Active,Monthly
3171,3535,1,2024-02-10,,Active,Annual
3172,3536,1,2024-10-31,2025-12-17,Churned,Annual
3173,3537,1,2023-12-09,,Active,Monthly
3174,3537,1,2023-09-02,,Active,Monthly
3175,3538,3,2025-05-24,,Paused,Monthly
3176,3538,3,2025-06-03,2025-11-20,Churned,Annual
3177,3539,2,2024-04-30,2025-05-21,Churned,Monthly
3178,3540,2,2026-01-24,,Active,Monthly
3179,3541,1,2025-11-13,,Active,Monthly
3180,3541,2,2025-11-23,2027-01-10,Churned,Monthly
3181,3542,1,2024-02-29,,Paused,Annual
3182,3542,1,2023-06-09,,Active,Monthly
3183,3543,1,2025-05-19,,Active,Annual
3184,3544,1,2025-12-21,2026-12-12,Churned,Annual
3185,3545,3,2026-08-08,2027-06-12,Churned,Annual
3186,3546,1,2023-09-17,,Active,Monthly
3187,3547,3,2023-10-22,,Active,Annual
3188,3548,3,2026-09-07,,Active,Monthly
3189,3549,1,2025-11-19,,Active,Monthly
3190,3550,2,2026-04-07,2027-05-31,Churned,Monthly
3191,3551,1,2023-01-29,2023-10-13,Churned,Monthly
3192,3552,2,2026-11-11,2027-08-26,Churned,Monthly
3193,3553,1,2026-06-22,,Active,Monthly
3194,3554,1,2024-09-10,,Active,Monthly
3195,3555,3,2027-05-29,2028-02-20,Churned,Monthly
3196,3556,2,2022-08-22,2022-11-04,Churned,Annual
3197,3557,1,2025-11-18,,Paused,Annual
3198,3558,3,2024-07-26,,Active,Monthly
3199,3559,1,2023-02-18,,Active,Monthly
3200,3560,3,2023-04-02,,Active,Monthly
3201,3560,1,2023-06-02,2024-06-27,Churned,Annual
3202,3561,3,2024-10-04,2025-04-13,Churned,Monthly
3203,3562,1,2025-11-05,,Active,Monthly
3204,3563,1,2023-11-01,,Active,Annual
3205,3563,1,2024-02-27,,Active,Monthly
3206,3564,3,2024-05-18,,Active,Monthly
3207,3564,2,2023-11-20,2025-02-19,Churned,Monthly
3208,3565,2,2024-06-28,,Active,Annual
3209,3566,1,2023-04-09,,Active,Annual
3210,3567,3,2026-10-09,,Active,Annual
3211,3568,1,2026-06-30,2027-08-29,Churned,Monthly
3212,3568,1,2026-05-31,,Active,Monthly
3213,3569,1,2023-09-18,,Active,Monthly
3214,3570,2,2026-04-14,,Active,Monthly
3215,3571,2,2023-10-31,,Active,Annual
3216,3572,1,2024-01-07,,Paused,Monthly
3217,3573,2,2025-11-04,,Active,Monthly
3218,3574,1,2024-03-29,,Active,Annual
3219,3575,1,2023-11-22,,Active,Annual
3220,3576,3,2023-07-13,,Active,Monthly
3221,3577,2,2023-01-11,,Active,Monthly
3222,3577,2,2023-05-09,,Active,Annual
3223,3578,1,2024-10-23,,Active,Monthly
3224,3578,2,2025-03-12,2025-11-15,Churned,Monthly
3225,3579,3,2025-06-22,,Paused,Monthly
3226,3579,1,2025-05-20,2025-11-19,Churned,Monthly
3227,3580,2,2025-11-03,,Active,Annual
3228,3580,2,2025-08-28,,Active,Annual
3229,3581,2,2025-08-22,,Active,Monthly
3230,3582,1,2023-09-16,,Active,Monthly
3231,3582,1,2023-03-23,,Active,Monthly
3232,3583,3,2026-04-30,2026-09-27,Churned,Annual
3233,3584,1,2023-05-23,2023-10-25,Churned,Monthly
3234,3584,1,2022-12-29,,Active,Annual
3235,3585,1,2026-04-20,2026-07-10,Churned,Monthly
3236,3586,1,2025-01-25,,Active,Monthly
3237,3587,1,2026-01-16,,Active,Monthly
3238,3588,1,2024-03-02,,Active,Monthly
3239,3588,3,2024-03-21,,Active,Monthly
3240,3589,1,2025-02-08,,Active,Annual
3241,3590,1,2024-08-13,,Active,Monthly
3242,3591,2,2022-12-17,,Active,Monthly
3243,3591,1,2023-04-03,,Active,Annual
3244,3592,2,2027-04-05,,Active,Monthly
3245,3592,2,2026-07-06,,Active,Monthly
3246,3593,3,2026-09-18,,Active,Annual
3247,3594,1,2024-04-27,,Active,Monthly
3248,3595,1,2024-12-29,2025-08-31,Churned,Monthly
3249,3596,1,2023-07-03,,Active,Monthly
3250,3597,2,2022-09-27,,Active,Monthly
3251,3598,2,2024-04-18,,Paused,Annual
3252,3599,2,2025-11-21,,Active,Monthly
3253,3600,2,2024-11-30,,Active,Annual
3254,3601,1,2023-11-20,,Active,Monthly
3255,3601,3,2023-08-16,,Active,Monthly
3256,3602,1,2023-03-26,,Active,Monthly
3257,3603,2,2025-07-15,2025-11-13,Churned,Monthly
3258,3603,1,2025-08-15,,Active,Monthly
3259,3604,1,2025-12-22,2027-01-18,Churned,Monthly
3260,3605,3,2023-12-24,,Active,Monthly
3261,3606,2,2023-02-24,2023-08-17,Churned,Monthly
3262,3606,1,2022-08-06,2023-05-13,Churned,Annual
3263,3607,1,2025-10-03,,Active,Monthly
3264,3608,1,2024-08-04,,Active,Monthly
3265,3609,1,2026-01-05,2026-08-05,Churned,Monthly
3266,3610,2,2023-07-27,,Active,Monthly
3267,3611,1,2025-02-13,,Active,Monthly
3268,3612,1,2025-08-30,2025-11-16,Churned,Monthly
3269,3613,2,2023-06-12,,Active,Annual
3270,3614,1,2026-04-30,,Active,Monthly
3271,3615,1,2024-08-18,,Paused,Monthly
3272,3615,1,2024-05-09,,Active,Monthly
3273,3616,1,2024-07-02,,Active,Monthly
3274,3616,1,2024-04-29,,Active,Monthly
3275,3617,1,2024-09-11,,Paused,Monthly
3276,3617,2,2024-08-19,,Active,Monthly
3277,3618,1,2023-11-09,,Active,Monthly
3278,3619,1,2023-10-07,,Active,Annual
3279,3620,3,2024-04-29,,Active,Monthly
3280,3620,2,2024-01-07,,Active,Monthly
3281,3621,1,2024-10-16,,Active,Monthly
3282,3622,2,2024-06-25,,Active,Monthly
3283,3623,3,2025-11-15,,Paused,Monthly
3284,3624,1,2024-03-02,,Active,Annual
3285,3625,3,2024-02-29,,Active,Annual
3286,3625,2,2023-04-19,,Active,Monthly
3287,3626,1,2025-03-22,,Active,Monthly
3288,3627,1,2024-11-20,,Active,Annual
3289,3628,2,2024-09-03,,Active,Annual
3290,3628,1,2025-04-12,2026-07-23,Churned,Monthly
3291,3629,2,2023-07-13,,Active,Monthly
3292,3630,1,2024-11-06,2026-02-15,Churned,Monthly
3293,3631,2,2025-05-13,,Active,Annual
3294,3632,1,2023-01-23,,Active,Monthly
3295,3633,1,2026-03-21,,Active,Monthly
3296,3634,2,2026-05-22,2026-12-18,Churned,Monthly
3297,3635,3,2025-07-25,,Paused,Annual
3298,3636,1,2024-10-23,,Active,Monthly
3299,3636,1,2024-07-23,,Active,Annual
3300,3637,1,2022-09-13,2023-02-01,Churned,Monthly
3301,3638,1,2024-03-11,,Active,Monthly
3302,3639,1,2024-01-27,,Active,Monthly
3303,3640,3,2026-10-31,,Active,Monthly
3304,3641,1,2026-07-20,,Active,Monthly
3305,3642,1,2026-07-24,,Active,Monthly
3306,3642,1,2026-06-07,,Active,Annual
3307,3643,2,2025-05-29,2026-09-18,Churned,Monthly
3308,3644,1,2024-03-12,2025-06-09,Churned,Monthly
3309,3645,1,2025-09-09,,Active,Monthly
3310,3646,1,2023-08-26,,Active,Annual
3311,3647,1,2024-01-24,2024-06-16,Churned,Monthly
3312,3648,1,2025-06-16,,Active,Monthly
3313,3649,2,2024-11-19,,Active,Annual
3314,3650,1,2024-01-14,,Active,Monthly
3315,3651,1,2023-06-08,,Active,Monthly
3316,3651,1,2024-04-26,,Active,Annual
3317,3652,1,2025-04-26,,Active,Monthly
3318,3653,1,2026-09-13,,Active,Monthly
3319,3654,1,2026-05-01,2026-06-15,Churned,Monthly
3320,3655,1,2024-10-22,,Active,Annual
3321,3656,1,2026-02-17,,Active,Monthly
3322,3657,2,2023-04-11,,Active,Monthly
3323,3658,2,2025-05-31,,Active,Monthly
3324,3658,1,2025-04-15,2025-05-31,Churned,Monthly
3325,3659,1,2026-03-22,,Active,Monthly
3326,3660,2,2023-02-23,,Active,Monthly
3327,3660,1,2023-10-20,2024-12-20,Churned,Monthly
3328,3661,2,2023-04-04,,Active,Monthly
3329,3662,1,2024-07-10,,Active,Monthly
3330,3662,1,2024-06-30,,Active,Annual
3331,3663,1,2025-05-28,,Active,Annual
3332,3664,1,2023-05-14,,Active,Monthly
3333,3665,2,2025-05-21,,Active,Monthly
3334,3665,2,2025-05-07,,Active,Monthly
3335,3666,3,2024-03-24,,Active,Monthly
3336,3667,1,2026-10-22,,Active,Monthly
3337,3668,2,2024-06-01,,Active,Monthly
3338,3669,1,2026-04-01,,Active,Monthly
3339,3670,1,2024-05-30,,Paused,Monthly
3340,3670,1,2024-09-21,,Active,Monthly
3341,3671,2,2023-11-02,,Active,Annual
3342,3672,1,2027-05-06,,Active,Monthly
3343,3673,1,2022-10-06,,Active,Monthly
3344,3674,1,2025-07-12,2025-11-27,Churned,Annual
3345,3675,2,2023-04-28,,Active,Monthly
3346,3676,1,2026-04-09,,Active,Annual
3347,3677,2,2024-08-08,,Active,Monthly
3348,3678,1,2026-10-05,,Active,Monthly
3349,3679,2,2024-08-26,,Active,Monthly
3350,3680,1,2025-09-11,2025-11-13,Churned,Monthly
3351,3681,3,2026-05-07,,Active,Monthly
3352,3682,2,2025-03-16,,Active,Monthly
3353,3683,1,2026-11-18,,Active,Monthly
3354,3684,1,2026-05-18,,Active,Monthly
3355,3684,2,2026-02-25,,Active,Monthly
3356,3685,1,2023-08-11,,Active,Annual
3357,3686,1,2025-12-29,,Active,Monthly
3358,3686,1,2025-04-26,,Active,Annual
3359,3687,1,2025-05-03,,Active,Monthly
3360,3688,1,2025-01-03,,Active,Monthly
3361,3689,1,2026-10-24,,Active,Monthly
3362,3689,2,2026-09-15,,Active,Monthly
3363,3690,1,2026-05-27,,Active,Monthly
3364,3690,1,2026-07-15,,Active,Monthly
3365,3691,2,2024-04-05,,Active,Monthly
3366,3692,2,2024-11-17,2025-08-18,Churned,Monthly
3367,3693,1,2022-09-06,,Active,Monthly
3368,3694,2,2027-01-06,,Active,Monthly
3369,3695,1,2025-03-04,,Active,Annual
3370,3696,1,2026-08-22,,Active,Annual
3371,3697,1,2025-10-08,,Active,Monthly
3372,3698,1,2027-05-03,2028-02-16,Churned,Monthly
3373,3699,2,2026-09-20,,Active,Monthly
3374,3700,2,2024-11-06,,Active,Annual
3375,3700,1,2025-03-16,,Active,Annual
3376,3701,3,2023-06-03,,Active,Monthly
3377,3701,1,2023-11-17,,Active,Monthly
3378,3702,1,2024-02-27,,Active,Annual
3379,3703,1,2024-07-19,,Active,Monthly
3380,3703,1,2024-04-28,2024-07-22,Churned,Monthly
3381,3704,1,2024-03-11,,Active,Monthly
3382,3704,1,2024-08-20,,Active,Annual
3383,3705,1,2024-07-11,,Active,Annual
3384,3705,1,2024-06-14,2025-02-01,Churned,Monthly
3385,3706,3,2024-03-29,,Active,Monthly
3386,3706,3,2024-09-29,,Active,Monthly
3387,3707,1,2023-09-07,,Active,Annual
3388,3707,1,2023-09-25,,Active,Monthly
3389,3708,2,2025-05-12,,Active,Annual
3390,3709,2,2024-10-09,2025-06-02,Churned,Monthly
3391,3710,3,2027-01-16,,Active,Monthly
3392,3711,3,2024-10-31,2025-11-25,Churned,Monthly
3393,3711,2,2024-09-24,,Active,Annual
3394,3712,1,2024-10-28,2025-07-03,Churned,Annual
3395,3713,1,2025-02-02,,Active,Monthly
3396,3713,3,2024-12-08,,Active,Annual
3397,3714,1,2023-04-11,,Active,Monthly
3398,3715,2,2026-11-29,,Active,Annual
3399,3716,2,2024-09-22,,Active,Monthly
3400,3717,2,2023-03-09,,Active,Monthly
3401,3718,3,2025-01-07,2025-07-31,Churned,Monthly
3402,3719,2,2026-12-19,,Active,Monthly
3403,3720,1,2025-05-18,,Active,Monthly
3404,3721,3,2025-02-17,,Active,Monthly
3405,3722,2,2025-08-04,2026-01-06,Churned,Monthly
3406,3723,2,2023-11-08,,Active,Monthly
3407,3724,1,2025-11-26,,Active,Monthly
3408,3725,2,2024-03-21,,Active,Annual
3409,3725,2,2023-09-29,,Active,Monthly
3410,3726,1,2023-11-29,,Active,Monthly
3411,3726,1,2024-02-28,,Active,Monthly
3412,3727,2,2023-08-10,,Active,Annual
3413,3728,1,2027-02-03,,Active,Monthly
3414,3729,2,2024-11-21,,Active,Monthly
3415,3730,2,2023-11-20,2024-07-30,Churned,Monthly
3416,3730,1,2023-05-29,,Active,Annual
3417,3731,1,2024-04-18,,Active,Monthly
3418,3732,1,2025-09-20,,Active,Monthly
3419,3733,2,2023-07-02,2024-04-19,Churned,Monthly
3420,3733,2,2022-11-16,,Active,Monthly
3421,3734,3,2025-01-21,,Active,Monthly
3422,3735,1,2024-11-29,,Active,Monthly
3423,3736,2,2023-06-11,,Active,Annual
3424,3736,1,2024-02-20,,Active,Monthly
3425,3737,2,2023-06-24,,Active,Annual
3426,3737,2,2023-04-14,2024-07-11,Churned,Annual
3427,3738,2,2025-07-22,,Active,Monthly
3428,3739,1,2025-03-05,,Active,Annual
3429,3740,1,2026-09-09,,Active,Monthly
3430,3741,3,2024-05-19,,Active,Monthly
3431,3742,2,2024-09-07,,Active,Annual
3432,3743,3,2026-01-29,,Active,Monthly
3433,3744,1,2026-05-15,,Active,Annual
3434,3745,1,2025-08-26,,Active,Monthly
3435,3746,2,2023-07-18,,Active,Monthly
3436,3747,3,2024-08-23,,Paused,Monthly
3437,3747,1,2024-12-15,2025-07-25,Churned,Monthly
3438,3748,1,2026-05-06,,Active,Monthly
3439,3749,2,2025-06-23,,Active,Monthly
3440,3750,1,2023-04-04,,Active,Annual
3441,3751,2,2024-02-03,,Active,Monthly
3442,3752,3,2025-06-02,,Active,Monthly
3443,3753,3,2023-06-01,,Active,Monthly
3444,3754,2,2023-11-10,,Active,Annual
3445,3755,1,2023-06-24,,Active,Annual
3446,3756,2,2023-07-03,,Active,Monthly
3447,3756,1,2023-02-05,,Active,Annual
3448,3757,1,2026-02-02,2027-01-27,Churned,Annual
3449,3758,2,2023-09-03,2024-02-20,Churned,Monthly
3450,3758,1,2023-12-02,,Paused,Monthly
3451,3759,1,2022-09-28,,Active,Monthly
3452,3759,2,2022-09-17,2023-06-14,Churned,Monthly
3453,3760,2,2023-12-14,,Active,Annual
3454,3760,1,2024-10-16,,Active,Monthly
3455,3761,1,2025-11-01,2026-08-23,Churned,Monthly
3456,3761,1,2025-06-17,,Active,Monthly
3457,3762,1,2022-11-01,,Paused,Monthly
3458,3763,1,2024-09-27,,Active,Annual
3459,3764,1,2025-10-15,2025-11-27,Churned,Monthly
3460,3765,1,2024-07-23,2025-11-11,Churned,Monthly
3461,3766,1,2024-01-16,2024-08-26,Churned,Monthly
3462,3767,2,2023-11-03,2024-01-23,Churned,Monthly
3463,3767,1,2023-02-15,,Active,Monthly
3464,3768,2,2022-12-06,2023-09-05,Churned,Monthly
3465,3769,1,2026-05-19,,Active,Monthly
3466,3770,1,2026-10-24,,Paused,Monthly
3467,3771,1,2024-02-07,2025-02-07,Churned,Monthly
3468,3772,2,2025-01-15,,Active,Monthly
3469,3773,2,2026-05-23,2026-10-12,Churned,Monthly
3470,3774,1,2024-12-25,,Active,Monthly
3471,3775,2,2025-02-18,,Active,Monthly
3472,3776,3,2024-06-30,2025-07-02,Churned,Monthly
3473,3777,1,2025-11-27,,Active,Monthly
3474,3778,1,2027-03-20,,Active,Monthly
3475,3779,1,2024-10-04,,Active,Monthly
3476,3779,2,2025-02-10,,Active,Annual
3477,3780,1,2026-05-16,,Active,Monthly
3478,3781,1,2024-03-26,2024-05-12,Churned,Annual
3479,3781,1,2024-07-18,2025-01-29,Churned,Monthly
3480,3782,1,2024-02-20,,Active,Monthly
3481,3783,2,2024-03-11,,Active,Monthly
3482,3784,1,2023-10-06,,Active,Monthly
3483,3785,1,2023-04-20,,Active,Monthly
3484,3786,1,2024-01-17,,Active,Monthly
3485,3786,2,2024-06-16,,Active,Annual
3486,3787,1,2023-08-22,,Active,Monthly
3487,3787,1,2023-07-06,,Active,Annual
3488,3788,2,2024-12-19,,Active,Monthly
3489,3789,2,2026-06-21,,Active,Monthly
3490,3790,1,2024-01-26,,Active,Monthly
3491,3791,2,2025-04-18,2026-07-11,Churned,Monthly
3492,3791,1,2025-04-21,2026-07-25,Churned,Monthly
3493,3792,1,2025-09-22,2026-11-07,Churned,Annual
3494,3793,1,2027-01-05,,Active,Monthly
3495,3794,1,2024-02-16,,Active,Monthly
3496,3795,1,2026-09-19,2027-01-08,Churned,Monthly
3497,3796,1,2023-11-19,,Active,Annual
3498,3797,2,2025-08-26,,Active,Annual
3499,3798,1,2026-03-22,,Active,Monthly
3500,3799,1,2025-03-05,,Active,Annual
3501,3799,1,2025-05-08,,Active,Annual
3502,3800,1,2023-06-11,2023-11-16,Churned,Annual
3503,3801,2,2025-06-28,,Active,Monthly
3504,3802,3,2023-06-11,2024-02-06,Churned,Monthly
3505,3803,3,2026-07-08,,Active,Annual
3506,3804,3,2024-03-23,,Active,Monthly
3507,3804,1,2024-06-21,,Active,Monthly
3508,3805,3,2024-01-21,,Active,Monthly
3509,3805,1,2024-02-25,,Active,Monthly
3510,3806,2,2026-05-13,2027-01-25,Churned,Annual
3511,3807,1,2025-06-10,,Paused,Monthly
3512,3808,2,2024-10-26,,Active,Monthly
3513,3809,2,2023-01-05,,Active,Monthly
3514,3810,2,2024-10-02,,Active,Annual
3515,3811,1,2025-06-04,,Active,Monthly
3516,3811,2,2025-01-01,,Active,Monthly
3517,3812,2,2025-12-18,,Active,Monthly
3518,3813,2,2026-12-13,,Active,Monthly
3519,3814,1,2024-01-21,,Active,Monthly
3520,3815,3,2026-07-14,,Active,Annual
3521,3816,1,2025-01-09,,Active,Monthly
3522,3817,1,2023-03-02,,Active,Monthly
3523,3818,2,2025-06-04,,Active,Monthly
3524,3819,2,2025-01-26,,Active,Monthly
3525,3820,2,2024-04-07,,Active,Annual
3526,3821,1,2025-02-09,,Active,Monthly
3527,3822,2,2024-06-27,,Active,Monthly
3528,3823,1,2027-04-02,2028-07-04,Churned,Annual
3529,3824,2,2024-11-23,,Active,Monthly
3530,3824,2,2025-02-03,,Active,Monthly
3531,3825,3,2024-02-14,,Active,Monthly
3532,3825,2,2023-08-03,,Active,Annual
3533,3826,1,2024-11-15,,Paused,Annual
3534,3826,3,2024-08-18,,Active,Monthly
3535,3827,1,2023-08-13,,Active,Monthly
3536,3827,3,2022-12-06,2023-06-22,Churned,Monthly
3537,3828,2,2026-03-25,,Active,Monthly
3538,3829,1,2026-03-25,,Active,Monthly
3539,3829,3,2026-05-15,,Active,Monthly
3540,3830,1,2023-06-18,,Active,Annual
3541,3831,1,2026-04-23,,Active,Annual
3542,3832,1,2026-02-13,,Active,Annual
3543,3833,2,2022-10-26,,Active,Monthly
3544,3833,1,2023-01-16,,Active,Monthly
3545,3834,1,2025-01-30,,Active,Annual
3546,3834,1,2024-11-21,,Active,Monthly
3547,3835,1,2023-08-04,,Active,Monthly
3548,3836,1,2023-04-12,,Active,Annual
3549,3836,2,2023-02-08,,Active,Annual
3550,3837,3,2025-05-09,2025-11-13,Churned,Monthly
3551,3838,2,2024-09-18,,Active,Monthly
3552,3838,2,2024-07-08,,Active,Monthly
3553,3839,2,2024-06-07,2025-07-06,Churned,Monthly
3554,3840,1,2026-07-10,,Active,Monthly
3555,3841,1,2025-11-19,,Active,Monthly
3556,3842,2,2025-10-21,,Active,Annual
3557,3843,1,2025-06-05,,Paused,Monthly
3558,3844,1,2025-04-10,,Paused,Annual
3559,3845,1,2026-06-28,,Active,Monthly
3560,3846,1,2026-04-01,,Active,Monthly
3561,3847,1,2025-05-05,,Active,Monthly
3562,3848,1,2026-05-21,,Active,Monthly
3563,3849,1,2025-04-19,,Active,Monthly
3564,3850,1,2027-01-07,,Active,Monthly
3565,3850,1,2026-12-26,,Active,Annual
3566,3851,2,2023-05-11,,Active,Monthly
3567,3852,1,2024-11-15,,Active,Monthly
3568,3852,1,2025-09-02,,Active,Monthly
3569,3853,2,2023-12-25,,Active,Annual
3570,3854,2,2026-09-23,,Active,Monthly
3571,3855,1,2026-07-08,,Active,Monthly
3572,3856,1,2022-08-15,,Active,Annual
3573,3857,1,2023-02-23,,Active,Annual
3574,3858,1,2026-11-19,,Active,Monthly
3575,3859,1,2026-06-13,2027-06-27,Churned,Monthly
3576,3860,1,2025-01-20,,Active,Monthly
3577,3861,1,2027-05-23,,Active,Monthly
3578,3862,1,2023-08-01,,Active,Monthly
3579,3862,2,2024-01-11,,Active,Monthly
3580,3863,1,2023-03-28,,Active,Monthly
3581,3864,1,2022-12-20,,Active,Monthly
3582,3864,1,2023-08-04,,Paused,Monthly
3583,3865,1,2026-06-18,,Active,Annual
3584,3866,1,2023-05-24,,Active,Monthly
3585,3866,1,2023-07-09,,Active,Monthly
3586,3867,2,2023-01-16,,Paused,Monthly
3587,3868,3,2024-10-20,,Active,Monthly
3588,3868,1,2025-03-14,,Active,Monthly
3589,3869,2,2026-04-10,,Active,Monthly
3590,3870,2,2022-11-11,2023-06-10,Churned,Annual
3591,3870,1,2022-11-08,,Active,Monthly
3592,3871,1,2024-07-04,,Active,Annual
3593,3872,1,2026-02-17,,Active,Monthly
3594,3873,1,2024-01-24,,Active,Annual
3595,3873,2,2023-06-01,,Active,Monthly
3596,3874,2,2026-07-03,2027-04-29,Churned,Monthly
3597,3875,1,2026-09-04,,Paused,Monthly
3598,3876,2,2024-09-01,,Active,Monthly
3599,3876,1,2024-02-14,2025-01-26,Churned,Annual
3600,3877,1,2024-01-19,,Active,Monthly
3601,3878,1,2024-07-25,,Active,Monthly
3602,3878,2,2024-12-18,,Active,Monthly
3603,3879,1,2023-10-29,,Active,Monthly
3604,3880,3,2023-11-24,,Active,Monthly
3605,3881,1,2025-04-18,,Active,Annual
3606,3882,1,2026-07-10,,Active,Monthly
3607,3883,1,2027-03-10,2028-02-16,Churned,Monthly
3608,3884,1,2025-09-07,,Active,Monthly
3609,3884,2,2025-08-05,,Active,Monthly
3610,3885,2,2026-04-30,,Active,Monthly
3611,3886,2,2025-10-21,2026-06-14,Churned,Monthly
3612,3887,2,2024-04-15,,Active,Annual
3613,3888,2,2024-01-07,,Active,Monthly
3614,3888,2,2023-03-26,,Active,Monthly
3615,3889,1,2024-05-15,,Active,Monthly
3616,3890,3,2025-11-16,,Active,Monthly
3617,3891,2,2024-04-27,,Active,Monthly
3618,3892,1,2025-09-07,2025-10-19,Churned,Monthly
3619,3893,1,2023-12-24,,Active,Monthly
3620,3894,2,2024-12-20,,Active,Monthly
3621,3895,2,2025-05-28,2025-08-11,Churned,Monthly
3622,3896,1,2023-08-18,,Active,Monthly
3623,3897,1,2025-04-07,,Active,Annual
3624,3898,2,2025-11-05,,Active,Monthly
3625,3899,2,2026-12-18,,Active,Monthly
3626,3900,2,2025-02-18,,Active,Annual
3627,3901,1,2026-05-06,2026-09-08,Churned,Annual
3628,3902,2,2025-05-30,,Active,Monthly
3629,3902,1,2025-02-08,,Active,Monthly
3630,3903,1,2025-05-09,,Active,Annual
3631,3904,2,2025-01-14,,Active,Annual
3632,3904,2,2025-06-30,,Active,Annual
3633,3905,3,2026-09-26,,Active,Monthly
3634,3905,1,2026-06-07,2026-11-10,Churned,Monthly
3635,3906,1,2023-11-20,,Active,Annual
3636,3907,1,2026-04-16,,Active,Monthly
3637,3908,2,2023-12-08,,Paused,Monthly
3638,3909,1,2023-04-24,,Active,Monthly
3639,3909,1,2023-06-19,,Paused,Monthly
3640,3910,1,2022-10-21,,Active,Monthly
3641,3911,1,2023-07-07,2023-10-03,Churned,Monthly
3642,3912,1,2026-04-28,2027-02-26,Churned,Annual
3643,3913,1,2026-06-09,,Active,Annual
3644,3914,2,2024-04-17,,Active,Annual
3645,3915,1,2026-03-07,,Active,Monthly
3646,3916,1,2026-07-11,,Active,Monthly
3647,3916,3,2026-12-09,,Active,Monthly
3648,3917,3,2025-04-03,2025-08-28,Churned,Annual
3649,3918,1,2025-01-20,2026-03-16,Churned,Monthly
3650,3919,1,2026-03-20,,Active,Monthly
3651,3920,1,2024-04-24,,Active,Annual
3652,3921,1,2024-03-03,,Active,Monthly
3653,3922,1,2025-11-02,2025-12-09,Churned,Monthly
3654,3923,1,2026-11-30,,Active,Monthly
3655,3923,1,2026-09-06,,Active,Monthly
3656,3924,2,2024-12-26,,Active,Monthly
3657,3925,3,2024-03-14,2024-07-21,Churned,Monthly
3658,3926,1,2023-09-13,2024-05-25,Churned,Monthly
3659,3927,1,2025-07-14,,Active,Annual
3660,3928,2,2027-01-31,,Active,Monthly
3661,3929,2,2026-11-13,,Paused,Annual
3662,3930,2,2023-09-09,,Active,Annual
3663,3931,1,2024-07-09,2024-08-09,Churned,Monthly
3664,3932,2,2023-08-26,,Active,Monthly
3665,3933,2,2024-08-09,2025-06-14,Churned,Monthly
3666,3934,2,2024-10-16,,Active,Monthly
3667,3935,1,2025-10-11,,Active,Monthly
3668,3936,2,2025-12-22,,Active,Monthly
3669,3937,2,2024-02-02,,Active,Monthly
3670,3938,1,2023-05-18,,Active,Annual
3671,3939,1,2024-09-16,,Active,Monthly
3672,3940,1,2023-04-08,,Paused,Monthly
3673,3941,1,2024-01-18,2024-09-14,Churned,Monthly
3674,3941,3,2024-11-03,,Active,Monthly
3675,3942,1,2025-06-30,,Active,Annual
3676,3942,1,2025-11-20,,Active,Monthly
3677,3943,1,2026-05-20,,Active,Monthly
3678,3944,2,2025-10-29,,Active,Annual
3679,3945,1,2024-12-27,,Active,Monthly
3680,3946,2,2023-12-21,,Active,Monthly
3681,3946,1,2023-09-12,,Active,Monthly
3682,3947,1,2026-01-13,,Active,Monthly
3683,3948,3,2026-10-26,,Active,Annual
3684,3949,3,2023-06-08,,Active,Monthly
3685,3949,2,2023-01-12,,Active,Monthly
3686,3950,3,2023-12-16,,Active,Annual
3687,3951,3,2025-04-12,,Active,Annual
3688,3952,1,2026-08-12,,Active,Monthly
3689,3953,1,2025-07-19,2026-01-27,Churned,Monthly
3690,3954,3,2024-04-16,,Active,Monthly
3691,3955,2,2025-06-17,,Active,Monthly
3692,3956,1,2022-08-29,,Active,Monthly
3693,3957,1,2026-02-03,,Active,Monthly
3694,3958,2,2025-12-21,,Active,Monthly
3695,3958,1,2025-10-09,,Active,Annual
3696,3959,2,2026-09-30,,Active,Monthly
3697,3960,1,2025-02-05,2025-08-09,Churned,Monthly
3698,3961,1,2025-07-12,2026-11-04,Churned,Monthly
3699,3962,2,2023-11-21,2025-03-31,Churned,Monthly
3700,3963,3,2026-07-02,,Active,Monthly
3701,3964,1,2025-01-01,,Active,Annual
3702,3965,1,2025-03-27,,Active,Monthly
3703,3965,2,2024-06-10,,Active,Monthly
3704,3966,3,2023-06-18,,Active,Monthly
3705,3967,1,2023-04-18,,Active,Annual
3706,3968,1,2024-12-26,,Active,Monthly
3707,3969,2,2025-06-18,,Active,Monthly
3708,3970,1,2026-04-17,,Active,Monthly
3709,3971,2,2024-09-27,,Active,Monthly
3710,3971,1,2025-07-10,2026-06-29,Churned,Monthly
3711,3972,1,2025-03-11,,Active,Monthly
3712,3973,3,2023-07-18,2024-11-15,Churned,Monthly
3713,3974,1,2023-02-15,,Active,Annual
3714,3975,1,2026-09-15,,Paused,Annual
3715,3976,1,2023-04-02,2023-09-01,Churned,Monthly
3716,3977,3,2026-02-03,,Active,Monthly
3717,3978,1,2026-03-28,,Active,Monthly
3718,3979,3,2026-04-21,,Active,Annual
3719,3980,1,2026-02-23,2026-10-05,Churned,Annual
3720,3981,1,2024-02-23,,Paused,Monthly
3721,3982,2,2025-08-08,,Active,Monthly
3722,3983,1,2025-02-25,,Active,Monthly
3723,3984,1,2024-10-17,,Active,Annual
3724,3984,2,2024-10-20,2025-07-07,Churned,Monthly
3725,3985,2,2024-09-17,,Active,Monthly
3726,3985,2,2025-04-22,,Paused,Monthly
3727,3986,1,2023-01-31,,Active,Monthly
3728,3987,1,2026-05-29,,Active,Monthly
3729,3988,3,2024-05-07,,Active,Monthly
3730,3988,3,2024-10-24,,Active,Monthly
3731,3989,1,2025-01-31,,Active,Monthly
3732,3990,1,2024-11-30,,Active,Monthly
3733,3991,2,2026-03-30,2027-08-12,Churned,Annual
3734,3992,2,2024-11-24,2025-12-26,Churned,Monthly
3735,3993,1,2024-11-07,,Active,Annual
3736,3993,1,2025-02-21,2025-05-02,Churned,Annual
3737,3994,1,2025-04-17,,Active,Monthly
3738,3995,2,2025-09-04,,Active,Monthly
3739,3996,2,2025-10-15,,Active,Monthly
3740,3997,2,2023-07-23,2023-11-20,Churned,Annual
3741,3998,1,2026-02-17,2026-12-21,Churned,Monthly
3742,3998,1,2026-07-27,,Active,Monthly
3743,3999,2,2023-12-11,2025-03-19,Churned,Monthly
3744,4000,2,2023-10-09,2024-09-28,Churned,Monthly
3745,4001,1,2026-06-24,,Active,Monthly
3746,4001,1,2026-06-19,,Active,Annual
3747,4002,2,2026-08-13,,Active,Annual
3748,4003,1,2026-08-23,,Active,Annual
3749,4003,2,2026-05-18,2026-12-10,Churned,Monthly
3750,4004,2,2025-08-30,,Active,Monthly
3751,4004,1,2025-09-09,,Active,Monthly
3752,4005,1,2025-09-12,2026-08-09,Churned,Monthly
3753,4006,1,2026-01-08,,Active,Annual
3754,4006,1,2025-08-09,,Active,Monthly
3755,4007,2,2026-02-02,,Active,Annual
3756,4008,2,2026-03-16,,Active,Monthly
3757,4009,2,2024-08-26,2025-09-13,Churned,Monthly
3758,4010,1,2024-04-18,,Active,Monthly
3759,4011,2,2025-12-13,,Active,Annual
3760,4011,2,2026-01-07,2027-02-18,Churned,Monthly
3761,4012,1,2025-09-27,,Active,Monthly
3762,4012,3,2025-08-06,,Active,Monthly
3763,4013,2,2023-07-18,2024-09-25,Churned,Annual
3764,4014,1,2026-07-10,2026-11-11,Churned,Annual
3765,4014,2,2026-08-02,2027-03-20,Churned,Annual
3766,4015,1,2025-11-01,,Paused,Monthly
3767,4016,1,2023-04-23,,Active,Monthly
3768,4017,2,2026-06-10,,Active,Monthly
3769,4018,2,2023-07-28,,Active,Monthly
3770,4019,2,2024-12-11,2025-06-24,Churned,Monthly
3771,4020,1,2025-11-24,,Active,Monthly
3772,4021,2,2025-11-18,,Paused,Monthly
3773,4021,1,2026-01-04,,Active,Monthly
3774,4022,1,2027-04-14,,Active,Annual
3775,4023,2,2023-09-16,,Active,Monthly
3776,4024,1,2022-10-12,,Active,Monthly
3777,4025,3,2026-04-23,,Active,Monthly
3778,4026,2,2025-07-29,,Active,Monthly
3779,4026,2,2025-01-18,,Active,Annual
3780,4027,1,2024-10-02,,Active,Annual
3781,4028,2,2023-08-30,,Active,Monthly
3782,4029,2,2023-11-11,,Active,Monthly
3783,4029,2,2023-11-21,,Active,Monthly
3784,4030,2,2027-03-14,,Paused,Monthly
3785,4031,2,2026-07-13,,Active,Annual
3786,4032,2,2025-10-26,,Active,Monthly
3787,4033,2,2022-12-11,2023-07-28,Churned,Monthly
3788,4033,2,2022-11-03,,Active,Monthly
3789,4034,1,2023-04-14,,Active,Monthly
3790,4035,2,2024-04-17,,Active,Monthly
3791,4036,2,2026-03-29,,Active,Monthly
3792,4037,1,2025-02-12,,Active,Monthly
3793,4038,2,2024-04-24,,Active,Monthly
3794,4039,2,2022-10-20,,Active,Monthly
3795,4040,2,2023-06-02,,Active,Monthly
3796,4041,1,2025-10-05,,Active,Monthly
3797,4042,1,2026-03-13,,Active,Monthly
3798,4043,1,2024-09-29,,Active,Annual
3799,4044,1,2024-10-11,,Active,Monthly
3800,4045,2,2023-06-29,2024-06-03,Churned,Monthly
3801,4046,1,2025-01-10,,Active,Monthly
3802,4047,1,2025-05-20,,Active,Monthly
3803,4048,1,2024-09-14,,Active,Annual
3804,4049,1,2024-10-22,,Active,Monthly
3805,4050,2,2024-04-11,,Active,Monthly
3806,4051,1,2024-10-22,,Active,Annual
3807,4051,3,2025-10-02,2025-12-03,Churned,Annual
3808,4052,1,2025-02-02,2025-11-26,Churned,Annual
3809,4052,1,2025-02-14,,Active,Monthly
3810,4053,1,2023-12-07,,Active,Monthly
3811,4053,1,2023-07-13,,Active,Monthly
3812,4054,2,2023-10-08,,Active,Monthly
3813,4055,2,2025-09-05,,Active,Monthly
3814,4056,1,2026-01-30,,Active,Monthly
3815,4057,2,2022-10-04,2024-01-08,Churned,Monthly
3816,4058,2,2023-11-18,2024-04-08,Churned,Annual
3817,4059,3,2026-06-17,,Active,Monthly
3818,4059,1,2026-09-10,,Active,Monthly
3819,4060,2,2026-06-22,,Active,Annual
3820,4061,2,2025-04-17,,Active,Monthly
3821,4062,1,2024-04-07,2024-09-01,Churned,Annual
3822,4063,1,2023-02-27,,Active,Monthly
3823,4064,2,2025-11-01,,Active,Monthly
3824,4064,1,2025-06-02,2025-07-05,Churned,Monthly
3825,4065,1,2023-11-02,,Active,Monthly
3826,4065,1,2023-09-06,,Active,Annual
3827,4066,1,2025-02-10,,Active,Monthly
3828,4066,1,2025-02-12,,Active,Monthly
3829,4067,2,2025-09-30,,Active,Monthly
3830,4068,1,2023-07-12,,Active,Monthly
3831,4069,2,2024-04-24,,Active,Monthly
3832,4070,1,2024-07-09,,Active,Monthly
3833,4071,2,2026-06-28,,Active,Monthly
3834,4072,1,2024-03-31,,Active,Monthly
3835,4073,3,2026-03-09,,Paused,Monthly
3836,4073,1,2025-11-06,,Active,Monthly
3837,4074,1,2024-03-18,,Active,Monthly
3838,4075,2,2026-08-06,,Active,Annual
3839,4076,2,2024-07-17,,Active,Monthly
3840,4077,2,2026-04-03,2026-06-26,Churned,Monthly
3841,4078,1,2022-08-10,,Active,Annual
3842,4078,3,2022-12-13,,Active,Monthly
3843,4079,1,2026-03-25,,Active,Monthly
3844,4080,2,2026-01-06,2026-09-09,Churned,Annual
3845,4081,1,2025-03-22,2025-11-20,Churned,Monthly
3846,4082,1,2026-06-06,,Active,Monthly
3847,4083,2,2023-01-24,,Active,Annual
3848,4084,1,2023-01-24,2024-01-14,Churned,Monthly
3849,4084,1,2023-09-26,,Active,Monthly
3850,4085,1,2025-08-21,2025-11-03,Churned,Monthly
3851,4085,1,2025-09-21,,Active,Monthly
3852,4086,2,2025-02-13,,Active,Monthly
3853,4087,2,2023-10-23,2023-12-25,Churned,Monthly
3854,4088,2,2025-06-23,2026-04-03,Churned,Monthly
3855,4089,2,2023-09-10,,Active,Monthly
3856,4090,3,2023-09-28,,Active,Monthly
3857,4091,1,2025-08-20,,Active,Monthly
3858,4091,2,2025-01-05,2025-06-23,Churned,Annual
3859,4092,2,2023-05-11,,Active,Annual
3860,4092,2,2023-02-04,,Paused,Monthly
3861,4093,1,2025-03-29,,Active,Monthly
3862,4094,2,2023-04-10,,Active,Monthly
3863,4094,2,2023-09-21,,Active,Monthly
3864,4095,2,2025-10-04,,Active,Monthly
3865,4096,1,2025-07-22,,Active,Monthly
3866,4097,1,2025-12-05,,Active,Annual
3867,4098,1,2022-12-20,,Active,Annual
3868,4098,1,2023-06-16,,Active,Monthly
3869,4099,1,2024-05-10,,Active,Monthly
3870,4099,1,2024-09-13,,Active,Monthly
3871,4100,2,2027-01-23,,Active,Annual
3872,4101,3,2023-07-08,,Active,Annual
3873,4102,1,2025-09-23,,Active,Monthly
3874,4103,1,2025-08-15,2026-11-05,Churned,Monthly
3875,4104,2,2023-08-11,,Active,Annual
3876,4104,2,2022-10-18,,Active,Annual
3877,4105,1,2025-09-17,2026-07-25,Churned,Monthly
3878,4106,1,2026-01-14,,Active,Annual
3879,4107,3,2025-07-02,2026-08-10,Churned,Monthly
3880,4107,1,2025-05-04,,Active,Monthly
3881,4108,1,2024-11-25,,Active,Annual
3882,4109,1,2026-05-01,,Active,Monthly
3883,4110,1,2024-12-31,,Active,Annual
3884,4111,1,2024-12-06,,Active,Monthly
3885,4112,1,2023-11-27,,Active,Monthly
3886,4112,1,2023-07-02,,Active,Annual
3887,4113,2,2023-04-02,2023-05-17,Churned,Monthly
3888,4114,1,2023-11-02,2025-01-02,Churned,Annual
3889,4115,2,2023-12-27,,Active,Monthly
3890,4116,1,2025-09-15,,Paused,Monthly
3891,4117,2,2026-08-01,,Active,Annual
3892,4118,2,2026-03-15,,Active,Monthly
3893,4119,2,2024-08-29,,Paused,Monthly
3894,4120,2,2024-12-22,,Active,Monthly
3895,4121,1,2024-09-03,,Active,Annual
3896,4121,2,2024-09-28,,Active,Annual
3897,4122,1,2025-04-06,,Active,Monthly
3898,4122,2,2025-04-04,,Active,Annual
3899,4123,1,2024-09-01,2025-10-06,Churned,Monthly
3900,4124,1,2025-03-07,,Active,Monthly
3901,4124,2,2024-10-07,,Active,Monthly
3902,4125,3,2023-10-26,,Active,Annual
3903,4126,1,2023-11-15,,Paused,Monthly
3904,4127,2,2024-11-27,,Active,Annual
3905,4128,1,2026-08-19,2027-02-05,Churned,Monthly
3906,4129,1,2024-12-16,,Active,Monthly
3907,4130,1,2026-02-26,,Active,Monthly
3908,4131,2,2026-01-25,,Active,Monthly
3909,4132,2,2026-11-30,,Active,Annual
3910,4133,2,2023-04-29,2024-02-01,Churned,Monthly
3911,4133,1,2023-07-26,2024-09-25,Churned,Monthly
3912,4134,1,2024-10-27,,Active,Monthly
3913,4135,3,2025-02-10,,Active,Monthly
3914,4136,1,2023-07-06,,Active,Monthly
3915,4137,3,2026-01-06,2026-04-17,Churned,Annual
3916,4138,1,2026-07-05,,Active,Monthly
3917,4139,2,2025-09-24,,Active,Monthly
3918,4140,1,2026-05-07,,Active,Monthly
3919,4140,1,2026-06-30,2027-03-10,Churned,Monthly
3920,4141,1,2024-08-21,2024-11-03,Churned,Monthly
3921,4142,2,2026-11-22,,Active,Monthly
3922,4143,1,2024-01-08,2024-04-29,Churned,Annual
3923,4143,1,2023-12-13,,Active,Monthly
3924,4144,1,2024-03-17,,Active,Monthly
3925,4145,1,2025-05-03,2025-12-30,Churned,Monthly
3926,4146,2,2024-10-01,,Active,Monthly
3927,4147,2,2027-05-12,,Active,Annual
3928,4148,3,2023-12-15,2024-12-19,Churned,Monthly
3929,4149,1,2026-08-22,2027-12-15,Churned,Annual
3930,4150,2,2023-03-10,,Active,Monthly
3931,4150,1,2023-01-15,2023-10-15,Churned,Monthly
3932,4151,1,2025-11-29,2026-07-15,Churned,Monthly
3933,4152,1,2026-07-20,,Active,Monthly
3934,4153,2,2023-01-31,,Active,Monthly
3935,4154,1,2023-12-14,,Active,Monthly
3936,4154,1,2024-01-28,2025-01-12,Churned,Monthly
3937,4155,1,2023-11-02,,Active,Monthly
3938,4155,2,2023-04-30,,Active,Monthly
3939,4156,2,2023-02-13,,Paused,Annual
3940,4157,2,2023-09-23,,Active,Monthly
3941,4158,1,2026-01-29,,Active,Monthly
3942,4158,3,2026-08-12,,Active,Annual
3943,4159,1,2023-12-20,,Active,Monthly
3944,4159,2,2024-06-11,,Active,Annual
3945,4160,1,2023-10-05,,Active,Monthly
3946,4161,1,2025-05-22,2025-11-10,Churned,Monthly
3947,4161,2,2025-01-15,,Active,Annual
3948,4162,2,2025-09-16,,Active,Monthly
3949,4162,2,2025-09-09,,Active,Monthly
3950,4163,2,2026-06-03,,Active,Monthly
3951,4164,1,2024-10-08,,Active,Monthly
3952,4165,1,2023-08-24,2024-03-13,Churned,Monthly
3953,4166,2,2025-04-30,,Active,Monthly
3954,4167,1,2026-05-31,,Active,Monthly
3955,4168,2,2024-11-25,,Active,Monthly
3956,4169,1,2025-07-17,,Active,Monthly
3957,4169,1,2025-07-30,,Active,Monthly
3958,4170,2,2025-03-25,,Active,Monthly
3959,4171,2,2027-02-24,2028-02-02,Churned,Monthly
3960,4172,1,2025-11-07,,Active,Monthly
3961,4172,2,2025-12-03,,Active,Monthly
3962,4173,1,2025-04-27,,Active,Monthly
3963,4174,1,2022-08-27,,Active,Annual
3964,4175,3,2024-06-26,,Active,Monthly
3965,4176,1,2025-12-26,,Active,Monthly
3966,4177,2,2024-01-23,,Active,Annual
3967,4178,1,2024-10-17,,Active,Monthly
3968,4179,1,2027-01-05,,Paused,Monthly
3969,4179,2,2026-07-04,,Active,Annual
3970,4180,1,2024-05-14,,Active,Monthly
3971,4181,1,2023-01-08,,Active,Annual
3972,4182,1,2024-09-13,,Active,Monthly
3973,4183,1,2025-08-08,2025-11-08,Churned,Monthly
3974,4184,2,2026-03-27,2026-05-31,Churned,Monthly
3975,4185,1,2024-06-02,,Active,Monthly
3976,4186,1,2024-07-01,,Paused,Monthly
3977,4187,3,2025-10-01,2026-04-21,Churned,Monthly
3978,4188,2,2025-12-03,,Active,Monthly
3979,4188,3,2025-11-04,,Active,Monthly
3980,4189,1,2024-02-04,,Active,Monthly
3981,4190,1,2026-12-04,,Active,Monthly
3982,4191,3,2024-01-23,,Active,Annual
3983,4191,1,2023-10-01,2024-11-13,Churned,Monthly
3984,4192,1,2023-02-23,,Active,Annual
3985,4193,1,2023-10-13,,Active,Monthly
3986,4194,3,2023-06-03,,Active,Monthly
3987,4195,2,2023-09-05,,Active,Monthly
3988,4196,2,2024-01-27,,Active,Monthly
3989,4197,1,2024-06-24,,Active,Annual
3990,4197,2,2024-06-11,,Active,Monthly
3991,4198,1,2026-01-08,,Active,Monthly
3992,4199,2,2023-05-23,,Paused,Monthly
3993,4200,2,2026-03-24,,Active,Monthly
3994,4201,1,2025-08-10,2026-11-11,Churned,Annual
3995,4202,1,2024-06-21,2025-02-12,Churned,Annual
3996,4203,2,2026-01-01,,Active,Monthly
3997,4204,2,2026-09-10,,Active,Monthly
3998,4205,1,2026-03-11,,Active,Monthly
3999,4205,2,2026-03-17,2027-04-16,Churned,Monthly
4000,4206,1,2027-01-03,,Active,Monthly
4001,4206,1,2026-06-28,,Active,Monthly
4002,4207,1,2022-12-23,,Active,Monthly
4003,4207,1,2023-03-25,,Active,Monthly
4004,4208,2,2024-11-25,,Active,Monthly
4005,4209,1,2026-11-24,,Active,Annual
4006,4210,1,2025-01-18,2025-06-14,Churned,Monthly
4007,4210,2,2024-08-31,,Active,Monthly
4008,4211,3,2024-06-03,2024-08-12,Churned,Annual
4009,4212,1,2026-02-15,,Active,Annual
4010,4213,3,2026-02-25,,Active,Monthly
4011,4213,3,2026-05-03,,Active,Monthly
4012,4214,2,2025-10-04,,Active,Monthly
4013,4215,1,2026-08-14,,Active,Monthly
4014,4215,1,2026-12-18,,Active,Monthly
4015,4216,1,2023-04-01,,Active,Monthly
4016,4216,1,2023-02-11,,Active,Monthly
4017,4217,2,2027-01-30,,Active,Monthly
4018,4218,2,2024-09-22,,Active,Monthly
4019,4219,1,2025-09-12,,Active,Monthly
4020,4220,3,2026-02-23,,Active,Monthly
4021,4221,1,2024-09-21,2024-12-27,Churned,Monthly
4022,4222,1,2023-09-08,,Active,Monthly
4023,4223,1,2026-08-17,,Active,Monthly
4024,4224,1,2023-04-17,,Active,Monthly
4025,4225,2,2026-05-09,2026-11-02,Churned,Monthly
4026,4226,3,2024-06-20,,Active,Monthly
4027,4227,1,2025-04-30,,Active,Monthly
4028,4228,2,2024-09-01,,Active,Monthly
4029,4229,1,2025-06-21,,Active,Monthly
4030,4230,2,2026-06-09,,Active,Monthly
4031,4231,1,2024-06-01,,Active,Monthly
4032,4232,2,2025-02-03,,Active,Monthly
4033,4233,1,2023-06-10,,Active,Monthly
4034,4234,1,2024-10-16,,Active,Monthly
4035,4235,2,2023-08-10,,Active,Monthly
4036,4236,1,2023-04-27,,Active,Monthly
4037,4237,2,2025-07-16,,Active,Monthly
4038,4237,3,2025-12-03,,Active,Monthly
4039,4238,1,2024-12-05,,Active,Monthly
4040,4239,2,2027-04-21,,Active,Monthly
4041,4240,1,2024-07-10,,Active,Monthly
4042,4241,1,2025-07-01,,Active,Monthly
4043,4241,1,2026-02-09,,Paused,Monthly
4044,4242,2,2024-01-14,2024-07-31,Churned,Monthly
4045,4242,1,2023-08-21,,Active,Monthly
4046,4243,1,2022-11-23,2023-12-22,Churned,Monthly
4047,4244,1,2025-01-11,2025-06-01,Churned,Monthly
4048,4245,3,2024-05-22,2025-01-13,Churned,Monthly
4049,4246,1,2026-01-14,,Active,Annual
4050,4247,1,2023-09-02,,Active,Annual
4051,4248,1,2026-05-07,,Active,Monthly
4052,4248,2,2026-08-07,,Active,Annual
4053,4249,2,2022-09-23,,Active,Monthly
4054,4250,2,2026-05-29,,Active,Monthly
4055,4250,2,2026-11-01,,Active,Monthly
4056,4251,2,2024-09-08,,Active,Monthly
4057,4251,2,2024-11-12,2025-05-16,Churned,Monthly
4058,4252,2,2025-01-02,2025-11-19,Churned,Monthly
4059,4253,1,2025-11-24,,Active,Monthly
4060,4254,2,2023-01-18,2023-03-22,Churned,Monthly
4061,4254,2,2022-12-25,,Active,Monthly
4062,4255,2,2026-02-06,,Active,Monthly
4063,4256,1,2027-01-05,,Active,Monthly
4064,4257,2,2026-10-26,,Active,Monthly
4065,4258,1,2026-08-04,,Active,Monthly
4066,4258,1,2026-09-10,,Active,Annual
4067,4259,1,2025-05-25,,Active,Monthly
4068,4260,3,2026-06-28,,Active,Monthly
4069,4261,2,2023-12-26,,Active,Monthly
4070,4261,1,2024-02-02,,Active,Monthly
4071,4262,1,2023-03-19,,Active,Annual
4072,4262,1,2023-07-02,2023-10-15,Churned,Monthly
4073,4263,2,2025-04-09,,Active,Monthly
4074,4264,1,2025-06-24,,Active,Annual
4075,4264,2,2025-12-02,,Active,Monthly
4076,4265,2,2024-06-28,,Active,Annual
4077,4266,1,2025-01-25,2025-08-03,Churned,Monthly
4078,4266,1,2024-03-21,,Active,Annual
4079,4267,2,2026-03-27,,Active,Annual
4080,4268,3,2026-10-01,,Active,Monthly
4081,4269,1,2023-04-12,,Active,Monthly
4082,4270,1,2023-07-02,,Active,Monthly
4083,4270,2,2023-07-28,2024-02-10,Churned,Monthly
4084,4271,1,2026-06-10,2026-08-21,Churned,Annual
4085,4272,1,2023-09-30,2024-06-05,Churned,Monthly
4086,4272,2,2024-06-04,,Active,Monthly
4087,4273,3,2026-11-24,,Active,Monthly
4088,4273,2,2025-12-03,,Paused,Monthly
4089,4274,1,2026-04-30,,Active,Monthly
4090,4275,1,2024-12-24,,Paused,Monthly
4091,4276,1,2026-10-18,2027-09-11,Churned,Monthly
4092,4276,2,2026-06-13,,Active,Monthly
4093,4277,1,2023-03-20,,Active,Monthly
4094,4277,1,2023-08-20,2024-07-18,Churned,Annual
4095,4278,3,2025-10-01,2026-09-09,Churned,Annual
4096,4279,2,2026-05-29,,Active,Monthly
4097,4280,1,2023-10-19,,Active,Annual
4098,4281,1,2023-07-10,2024-10-18,Churned,Monthly
4099,4282,2,2023-10-28,,Active,Monthly
4100,4283,1,2025-05-28,,Active,Monthly
4101,4284,1,2023-10-27,,Active,Monthly
4102,4284,1,2023-09-01,,Active,Annual
4103,4285,2,2026-07-01,2026-09-09,Churned,Monthly
4104,4286,1,2023-05-24,2024-02-07,Churned,Monthly
4105,4287,3,2025-02-13,,Active,Monthly
4106,4288,2,2023-01-13,,Active,Monthly
4107,4289,1,2023-11-19,,Active,Annual
4108,4290,1,2026-05-23,,Active,Monthly
4109,4291,1,2025-08-29,,Active,Annual
4110,4292,2,2025-08-03,2026-11-12,Churned,Annual
4111,4293,1,2024-08-15,2025-05-26,Churned,Monthly
4112,4293,1,2024-09-22,,Active,Monthly
4113,4294,2,2023-06-04,,Active,Monthly
4114,4295,1,2026-12-27,,Active,Monthly
4115,4296,2,2027-04-08,,Active,Annual
4116,4296,1,2026-09-14,,Active,Monthly
4117,4297,1,2023-04-26,2024-08-20,Churned,Monthly
4118,4298,1,2025-08-13,,Active,Annual
4119,4299,1,2024-09-20,,Active,Monthly
4120,4299,1,2025-05-09,,Active,Monthly
4121,4300,1,2023-08-16,2024-05-19,Churned,Monthly
4122,4301,1,2026-10-04,,Active,Monthly
4123,4301,1,2027-01-04,,Active,Monthly
4124,4302,1,2025-05-29,,Active,Monthly
4125,4303,3,2025-02-19,2026-04-19,Churned,Monthly
4126,4304,2,2023-01-15,,Active,Annual
4127,4304,1,2023-10-02,,Active,Annual
4128,4305,3,2025-08-02,,Active,Monthly
4129,4306,2,2022-10-31,,Active,Monthly
4130,4307,1,2024-12-29,,Active,Annual
4131,4307,3,2024-12-20,,Active,Monthly
4132,4308,1,2023-03-05,,Active,Monthly
4133,4308,2,2023-12-07,,Active,Monthly
4134,4309,3,2023-04-21,,Active,Monthly
4135,4310,1,2025-08-07,,Active,Monthly
4136,4311,1,2023-10-07,,Active,Monthly
4137,4311,1,2023-12-19,2025-04-06,Churned,Annual
4138,4312,1,2027-05-19,,Active,Monthly
4139,4312,2,2027-05-31,2028-04-22,Churned,Monthly
4140,4313,2,2024-04-19,,Active,Annual
4141,4314,2,2025-02-25,,Active,Monthly
4142,4314,2,2025-05-16,,Paused,Annual
4143,4315,1,2023-12-13,,Active,Monthly
4144,4316,1,2025-12-04,,Active,Monthly
4145,4317,1,2025-11-07,,Active,Annual
4146,4318,2,2025-04-24,,Active,Monthly
4147,4318,1,2025-06-06,,Active,Annual
4148,4319,1,2025-07-22,2025-11-08,Churned,Monthly
4149,4320,2,2023-01-18,,Active,Monthly
4150,4320,1,2023-06-04,,Active,Monthly
4151,4321,3,2025-05-21,,Active,Annual
4152,4322,1,2025-10-15,2026-10-22,Churned,Monthly
4153,4323,1,2023-09-11,,Active,Monthly
4154,4324,2,2026-02-11,,Active,Monthly
4155,4325,2,2025-10-27,,Active,Monthly
4156,4326,2,2023-05-29,2023-12-20,Churned,Annual
4157,4327,1,2025-04-04,,Active,Monthly
4158,4328,2,2024-05-11,,Active,Annual
4159,4328,1,2024-01-08,,Active,Annual
4160,4329,1,2025-05-12,,Active,Monthly
4161,4329,1,2025-09-09,,Active,Annual
4162,4330,1,2025-08-23,,Active,Monthly
4163,4331,3,2024-12-27,,Active,Monthly
4164,4331,2,2025-02-08,,Active,Monthly
4165,4332,1,2022-12-01,2023-06-30,Churned,Monthly
4166,4333,2,2026-01-02,,Active,Monthly
4167,4334,2,2023-01-14,,Active,Annual
4168,4335,1,2024-09-04,,Active,Monthly
4169,4336,1,2023-12-25,,Active,Monthly
4170,4337,1,2024-09-20,2025-12-09,Churned,Annual
4171,4338,2,2025-01-30,,Active,Monthly
4172,4339,1,2026-09-30,2026-12-23,Churned,Monthly
4173,4339,3,2026-05-31,,Active,Monthly
4174,4340,3,2025-01-21,,Active,Annual
4175,4340,1,2024-04-18,,Active,Monthly
4176,4341,1,2023-10-25,,Active,Monthly
4177,4341,1,2023-06-29,,Paused,Monthly
4178,4342,2,2023-04-30,,Active,Monthly
4179,4343,1,2026-09-14,,Active,Monthly
4180,4343,1,2026-01-07,2026-06-21,Churned,Annual
4181,4344,2,2024-06-12,,Active,Monthly
4182,4344,2,2024-04-19,,Active,Monthly
4183,4345,1,2025-03-09,,Active,Monthly
4184,4346,3,2026-06-03,,Active,Monthly
4185,4347,1,2025-03-05,,Active,Annual
4186,4348,1,2025-07-28,,Active,Monthly
4187,4349,2,2025-09-08,2026-03-27,Churned,Monthly
4188,4350,2,2025-04-09,2025-06-26,Churned,Monthly
4189,4351,2,2027-01-12,2028-05-12,Churned,Annual
4190,4351,2,2026-11-16,2028-02-03,Churned,Monthly
4191,4352,2,2026-08-27,2026-12-16,Churned,Annual
4192,4353,3,2026-05-22,,Active,Annual
4193,4354,1,2023-11-06,,Active,Monthly
4194,4355,1,2025-04-26,,Active,Monthly
4195,4355,1,2025-06-05,2026-07-17,Churned,Annual
4196,4356,1,2023-11-02,,Active,Monthly
4197,4356,2,2022-11-20,,Active,Monthly
4198,4357,2,2023-01-26,,Active,Monthly
4199,4358,2,2025-05-02,,Active,Monthly
4200,4359,1,2023-12-12,2024-11-08,Churned,Monthly
4201,4360,1,2026-04-18,,Active,Monthly
4202,4361,1,2024-06-01,,Active,Monthly
4203,4361,1,2025-02-02,,Active,Monthly
4204,4362,3,2023-01-13,,Active,Annual
4205,4363,1,2027-02-10,,Active,Monthly
4206,4364,1,2025-04-17,2025-09-21,Churned,Monthly
4207,4365,1,2024-04-04,,Active,Monthly
4208,4366,2,2025-09-25,,Active,Annual
4209,4367,3,2024-07-01,2024-09-23,Churned,Monthly
4210,4368,2,2023-05-15,2024-06-18,Churned,Monthly
4211,4369,2,2024-04-09,,Active,Monthly
4212,4370,3,2024-09-06,,Active,Annual
4213,4371,1,2024-11-22,2025-07-09,Churned,Annual
4214,4372,2,2023-06-20,,Active,Monthly
4215,4373,2,2022-12-28,,Active,Monthly
4216,4374,2,2025-11-05,2027-03-05,Churned,Annual
4217,4375,2,2026-05-04,,Active,Annual
4218,4375,3,2025-11-07,,Active,Monthly
4219,4376,1,2025-07-01,,Active,Monthly
4220,4377,3,2026-04-13,,Active,Monthly
4221,4377,1,2027-02-03,,Active,Monthly
4222,4378,2,2024-08-03,,Active,Annual
4223,4378,1,2024-08-04,,Active,Monthly
4224,4379,3,2025-04-03,,Active,Monthly
4225,4380,2,2024-05-04,,Active,Monthly
4226,4380,2,2023-09-21,,Active,Monthly
4227,4381,2,2023-11-05,,Active,Annual
4228,4382,3,2026-07-05,2027-05-21,Churned,Annual
4229,4382,1,2026-02-03,,Active,Monthly
4230,4383,1,2024-12-13,,Active,Annual
4231,4383,1,2024-10-26,,Active,Annual
4232,4384,3,2026-12-06,,Paused,Monthly
4233,4385,2,2025-10-18,,Active,Annual
4234,4385,2,2025-12-04,,Paused,Monthly
4235,4386,2,2024-03-02,,Active,Monthly
4236,4387,2,2025-05-28,,Active,Monthly
4237,4388,1,2024-07-25,,Active,Annual
4238,4389,2,2025-08-16,,Active,Monthly
4239,4390,1,2023-09-21,2024-04-10,Churned,Annual
4240,4390,2,2023-10-07,,Active,Monthly
4241,4391,3,2025-11-22,,Active,Monthly
4242,4392,2,2024-03-16,,Active,Monthly
4243,4393,3,2023-09-02,,Active,Annual
4244,4394,1,2023-08-16,2024-06-21,Churned,Monthly
4245,4394,1,2024-02-20,,Active,Monthly
4246,4395,2,2023-08-13,2024-01-21,Churned,Monthly
4247,4396,1,2026-07-13,,Active,Monthly
4248,4397,2,2025-02-02,,Active,Annual
4249,4398,1,2025-11-23,2027-02-08,Churned,Annual
4250,4398,1,2025-05-22,,Active,Monthly
4251,4399,2,2025-11-30,2026-12-17,Churned,Monthly
4252,4400,1,2025-06-07,,Active,Annual
4253,4401,1,2025-08-19,,Active,Monthly
4254,4402,1,2023-04-24,2024-02-05,Churned,Annual
4255,4403,1,2024-01-18,,Active,Annual
4256,4404,1,2024-03-12,,Active,Monthly
4257,4405,1,2024-02-09,,Active,Annual
4258,4406,2,2023-08-28,2023-12-16,Churned,Monthly
4259,4407,1,2023-02-19,,Active,Monthly
4260,4408,1,2025-12-11,,Active,Monthly
4261,4409,2,2023-05-09,2023-08-07,Churned,Annual
4262,4410,1,2024-05-17,,Active,Annual
4263,4411,3,2027-03-31,,Active,Monthly
4264,4411,1,2026-07-04,,Paused,Annual
4265,4412,2,2026-06-12,2027-09-16,Churned,Monthly
4266,4413,2,2025-03-23,2025-07-11,Churned,Monthly
4267,4413,2,2025-05-15,2026-01-12,Churned,Monthly
4268,4414,2,2023-02-05,,Active,Monthly
4269,4415,1,2024-07-16,,Active,Monthly
4270,4416,1,2024-10-29,,Active,Annual
4271,4416,1,2024-06-17,,Active,Monthly
4272,4417,2,2024-10-12,,Active,Monthly
4273,4417,1,2024-08-30,,Active,Monthly
4274,4418,3,2026-11-03,,Active,Monthly
4275,4418,2,2026-06-24,2026-12-22,Churned,Monthly
4276,4419,2,2027-01-23,,Active,Monthly
4277,4420,2,2025-03-06,2025-05-02,Churned,Monthly
4278,4421,1,2027-04-23,,Active,Monthly
4279,4422,2,2025-06-05,,Active,Annual
4280,4423,1,2026-09-01,2027-01-01,Churned,Monthly
4281,4424,2,2026-09-28,,Active,Annual
4282,4425,2,2025-05-30,,Active,Annual
4283,4426,1,2022-11-20,,Active,Monthly
4284,4427,1,2026-06-09,,Active,Monthly
4285,4428,1,2024-02-26,,Active,Monthly
4286,4429,1,2025-11-25,,Active,Monthly
4287,4429,1,2025-10-19,,Active,Monthly
4288,4430,3,2027-03-29,2028-05-21,Churned,Monthly
4289,4431,1,2026-03-13,,Active,Monthly
4290,4432,2,2024-06-30,,Active,Monthly
4291,4433,1,2025-06-26,2026-09-13,Churned,Annual
4292,4433,1,2024-07-23,2024-11-14,Churned,Monthly
4293,4434,2,2023-10-29,,Active,Monthly
4294,4434,2,2023-03-14,,Active,Annual
4295,4435,2,2026-05-17,,Active,Annual
4296,4436,2,2027-03-22,2027-07-06,Churned,Monthly
4297,4437,1,2026-02-08,,Active,Monthly
4298,4437,1,2026-05-17,,Active,Annual
4299,4438,2,2025-01-18,,Active,Monthly
4300,4439,1,2025-06-15,,Active,Monthly
4301,4440,2,2022-11-20,2024-02-15,Churned,Monthly
4302,4440,2,2023-03-08,,Active,Monthly
4303,4441,1,2023-11-17,2024-07-26,Churned,Monthly
4304,4442,1,2023-01-31,,Paused,Annual
4305,4443,2,2026-01-27,,Active,Monthly
4306,4444,2,2025-08-24,,Active,Monthly
4307,4445,1,2023-09-18,,Active,Annual
4308,4446,2,2024-04-08,,Active,Monthly
4309,4447,2,2025-10-20,,Active,Monthly
4310,4448,1,2023-10-12,,Paused,Monthly
4311,4449,3,2025-06-21,,Active,Monthly
4312,4450,1,2026-12-09,,Active,Monthly
4313,4450,1,2026-03-07,,Active,Monthly
4314,4451,3,2026-06-07,2026-08-09,Churned,Annual
4315,4451,2,2025-10-12,,Paused,Monthly
4316,4452,1,2024-03-24,,Active,Annual
4317,4453,1,2023-06-26,,Active,Annual
4318,4453,2,2023-02-08,,Active,Monthly
4319,4454,1,2023-08-21,,Active,Monthly
4320,4455,1,2026-09-13,,Active,Monthly
4321,4456,2,2024-09-20,,Active,Annual
4322,4457,1,2026-05-26,,Active,Monthly
4323,4458,2,2023-10-24,,Active,Monthly
4324,4459,1,2024-05-31,,Paused,Monthly
4325,4460,1,2024-09-30,,Active,Monthly
4326,4460,1,2025-04-22,,Active,Monthly
4327,4461,1,2024-05-05,2025-08-25,Churned,Monthly
4328,4461,1,2024-01-18,,Active,Annual
4329,4462,2,2023-09-18,2024-11-05,Churned,Monthly
4330,4462,1,2023-09-10,,Active,Monthly
4331,4463,1,2023-03-04,,Active,Annual
4332,4464,1,2025-01-18,,Active,Monthly
4333,4465,1,2023-10-18,,Active,Annual
4334,4465,3,2024-03-12,,Active,Monthly
4335,4466,2,2026-09-16,,Active,Monthly
4336,4467,2,2025-11-28,,Active,Monthly
4337,4467,1,2026-05-24,,Active,Monthly
4338,4468,3,2025-05-11,,Active,Annual
4339,4469,1,2026-03-26,2027-04-12,Churned,Monthly
4340,4470,1,2024-01-26,,Active,Monthly
4341,4471,2,2026-04-30,,Active,Monthly
4342,4471,2,2026-06-28,2027-04-23,Churned,Monthly
4343,4472,1,2023-12-18,,Active,Monthly
4344,4473,3,2024-04-27,,Active,Annual
4345,4474,1,2023-12-15,,Active,Annual
4346,4475,3,2024-12-26,2025-05-06,Churned,Monthly
4347,4475,1,2024-07-24,,Active,Monthly
4348,4476,1,2024-05-27,2025-05-21,Churned,Monthly
4349,4477,1,2026-08-14,2027-04-09,Churned,Monthly
4350,4478,1,2025-08-15,,Active,Monthly
4351,4478,2,2026-05-16,,Active,Monthly
4352,4479,1,2026-09-20,2027-07-03,Churned,Monthly
4353,4479,1,2026-09-29,,Active,Annual
4354,4480,1,2023-06-23,2023-10-25,Churned,Monthly
4355,4481,1,2022-08-22,,Paused,Monthly
4356,4482,1,2023-05-21,2023-08-24,Churned,Monthly
4357,4483,2,2027-01-21,,Active,Monthly
4358,4483,2,2026-11-07,,Active,Monthly
4359,4484,1,2023-10-18,,Active,Monthly
4360,4485,1,2023-05-04,,Active,Annual
4361,4485,2,2023-09-17,,Active,Monthly
4362,4486,1,2023-02-27,,Active,Annual
4363,4486,1,2023-10-26,2024-01-27,Churned,Annual
4364,4487,1,2025-09-03,,Active,Annual
4365,4487,2,2025-07-14,,Active,Monthly
4366,4488,2,2024-03-26,,Active,Monthly
4367,4489,1,2024-02-22,2025-05-14,Churned,Monthly
4368,4489,1,2023-10-17,,Active,Monthly
4369,4490,1,2024-06-11,,Active,Monthly
4370,4491,1,2024-03-15,2024-05-02,Churned,Annual
4371,4492,1,2024-07-07,2025-05-07,Churned,Monthly
4372,4493,1,2023-05-13,,Active,Monthly
4373,4494,1,2025-11-30,,Active,Monthly
4374,4494,3,2026-01-16,,Active,Monthly
4375,4495,2,2025-07-06,2026-08-22,Churned,Monthly
4376,4496,1,2023-11-26,,Active,Monthly
4377,4497,2,2026-06-29,,Active,Monthly
4378,4497,2,2026-12-17,,Active,Monthly
4379,4498,2,2024-10-31,,Active,Monthly
4380,4498,1,2024-11-24,,Active,Monthly
4381,4499,1,2022-10-16,,Active,Monthly
4382,4500,1,2026-03-23,,Active,Monthly
4383,4501,1,2025-10-26,2026-10-11,Churned,Monthly
4384,4502,1,2026-08-04,,Active,Annual
4385,4502,2,2026-03-13,,Active,Monthly
4386,4503,1,2023-01-01,,Paused,Monthly
4387,4503,2,2022-12-07,,Active,Annual
4388,4504,1,2024-11-28,,Active,Annual
4389,4504,1,2024-08-12,,Active,Monthly
4390,4505,3,2024-10-08,2024-11-30,Churned,Annual
4391,4506,2,2023-10-17,,Active,Monthly
4392,4507,1,2025-01-18,,Active,Annual
4393,4508,2,2025-06-03,,Active,Monthly
4394,4509,1,2025-03-30,,Active,Annual
4395,4510,3,2022-07-17,,Active,Monthly
4396,4511,2,2025-04-20,,Active,Monthly
4397,4512,2,2024-06-07,,Active,Monthly
4398,4513,1,2024-10-18,,Active,Annual
4399,4513,3,2024-09-21,,Active,Monthly
4400,4514,2,2024-11-15,2025-09-08,Churned,Monthly
4401,4515,2,2023-07-23,,Active,Annual
4402,4516,1,2024-12-28,,Active,Annual
4403,4517,1,2025-03-31,,Active,Annual
4404,4518,1,2023-08-06,,Active,Monthly
4405,4519,1,2023-05-11,,Active,Monthly
4406,4520,1,2025-02-18,,Active,Monthly
4407,4520,2,2024-08-24,,Active,Annual
4408,4521,3,2023-06-24,2024-06-15,Churned,Annual
4409,4521,2,2022-12-24,,Active,Monthly
4410,4522,2,2026-03-05,,Active,Annual
4411,4522,1,2025-09-16,,Active,Monthly
4412,4523,1,2024-09-10,,Active,Annual
4413,4524,2,2025-02-19,,Active,Annual
4414,4525,1,2023-09-28,,Active,Monthly
4415,4526,3,2025-02-12,,Active,Monthly
4416,4526,1,2025-04-16,,Active,Monthly
4417,4527,2,2026-03-16,,Active,Monthly
4418,4528,1,2024-07-17,,Active,Monthly
4419,4529,1,2025-05-18,,Active,Monthly
4420,4530,2,2025-01-10,,Active,Monthly
4421,4530,2,2025-05-17,2026-08-14,Churned,Monthly
4422,4531,2,2024-06-07,,Active,Annual
4423,4532,2,2027-04-24,,Active,Monthly
4424,4533,3,2025-10-10,,Active,Monthly
4425,4533,2,2025-07-03,,Active,Monthly
4426,4534,2,2027-02-28,2028-01-24,Churned,Annual
4427,4535,1,2024-06-12,,Active,Monthly
4428,4535,1,2024-01-25,,Active,Monthly
4429,4536,1,2024-08-27,2025-09-02,Churned,Monthly
4430,4537,1,2025-05-29,,Active,Monthly
4431,4537,1,2025-05-06,2025-07-03,Churned,Monthly
4432,4538,2,2025-02-23,,Active,Monthly
4433,4539,2,2023-10-28,,Active,Monthly
4434,4540,1,2024-08-19,,Active,Monthly
4435,4540,1,2024-08-23,,Active,Monthly
4436,4541,2,2024-07-18,2025-08-29,Churned,Monthly
4437,4542,1,2024-10-26,,Active,Monthly
4438,4543,2,2022-11-13,,Active,Monthly
4439,4544,2,2027-05-08,2028-06-14,Churned,Annual
4440,4545,1,2023-09-07,,Paused,Monthly
4441,4546,1,2025-06-03,,Active,Monthly
4442,4547,1,2026-09-16,,Active,Annual
4443,4548,2,2024-03-26,,Active,Monthly
4444,4548,1,2024-02-21,2025-05-04,Churned,Monthly
4445,4549,1,2025-10-07,,Active,Annual
4446,4550,1,2024-08-01,,Active,Monthly
4447,4550,2,2025-05-12,2026-07-14,Churned,Monthly
4448,4551,2,2024-01-19,,Active,Monthly
4449,4552,2,2026-07-30,2027-04-18,Churned,Monthly
4450,4553,1,2024-02-12,,Active,Monthly
4451,4554,1,2026-09-07,,Active,Monthly
4452,4555,1,2024-04-20,,Active,Monthly
4453,4556,3,2026-05-03,,Active,Monthly
4454,4557,2,2026-07-04,2027-08-22,Churned,Monthly
4455,4558,1,2025-05-31,,Active,Annual
4456,4559,1,2025-09-06,,Active,Annual
4457,4560,1,2026-06-08,,Active,Monthly
4458,4561,2,2026-06-14,,Paused,Monthly
4459,4562,2,2026-09-25,,Active,Monthly
4460,4562,2,2026-06-23,,Paused,Monthly
4461,4563,2,2024-06-08,,Active,Annual
4462,4563,1,2024-03-01,,Active,Monthly
4463,4564,2,2025-02-04,,Active,Monthly
4464,4564,2,2024-09-26,,Active,Annual
4465,4565,2,2024-03-13,2024-07-16,Churned,Monthly
4466,4566,1,2026-04-26,,Active,Monthly
4467,4567,1,2024-01-25,,Active,Monthly
4468,4567,2,2024-02-14,2024-12-05,Churned,Monthly
4469,4568,3,2024-07-05,2025-05-10,Churned,Annual
4470,4568,3,2024-05-26,,Active,Monthly
4471,4569,2,2025-06-16,,Active,Monthly
4472,4570,1,2024-12-12,,Active,Monthly
4473,4570,2,2024-10-13,,Active,Monthly
4474,4571,1,2024-03-16,,Active,Monthly
4475,4572,2,2026-10-03,,Paused,Annual
4476,4573,1,2025-08-29,,Active,Monthly
4477,4573,3,2025-05-26,,Active,Monthly
4478,4574,2,2026-03-29,2027-07-12,Churned,Monthly
4479,4575,1,2025-08-19,,Active,Monthly
4480,4575,2,2025-07-05,,Paused,Monthly
4481,4576,1,2023-11-29,,Active,Monthly
4482,4576,2,2023-08-16,2024-08-02,Churned,Annual
4483,4577,2,2025-07-09,2026-02-25,Churned,Monthly
4484,4578,2,2024-03-24,,Active,Monthly
4485,4579,1,2024-03-24,,Active,Annual
4486,4580,1,2024-04-05,,Active,Monthly
4487,4581,1,2022-12-11,2023-10-29,Churned,Monthly
4488,4581,1,2022-11-23,,Active,Monthly
4489,4582,2,2026-03-01,,Active,Annual
4490,4583,2,2025-07-01,,Active,Monthly
4491,4584,1,2025-11-12,,Active,Monthly
4492,4585,2,2024-05-16,,Paused,Annual
4493,4585,3,2024-08-29,,Active,Monthly
4494,4586,1,2023-01-10,,Active,Monthly
4495,4587,1,2024-08-16,,Active,Monthly
4496,4587,3,2024-03-12,,Active,Monthly
4497,4588,1,2024-07-03,,Active,Monthly
4498,4589,1,2023-09-23,,Active,Annual
4499,4590,2,2023-02-08,,Active,Monthly
4500,4591,2,2025-03-03,,Active,Monthly
4501,4592,1,2025-07-03,2026-08-30,Churned,Monthly
4502,4593,1,2023-04-30,2024-04-09,Churned,Monthly
4503,4593,1,2023-09-13,,Active,Monthly
4504,4594,1,2024-12-29,,Active,Monthly
4505,4594,3,2025-07-21,,Active,Monthly
4506,4595,2,2023-01-29,,Active,Annual
4507,4596,2,2024-02-08,,Active,Monthly
4508,4597,1,2023-09-03,,Active,Monthly
4509,4597,2,2023-04-12,,Active,Annual
4510,4598,2,2023-03-27,,Active,Annual
4511,4599,1,2023-11-02,,Active,Monthly
4512,4600,3,2023-07-09,,Active,Monthly
4513,4600,1,2023-02-19,,Active,Monthly
4514,4601,2,2025-01-19,2026-01-28,Churned,Monthly
4515,4602,2,2023-10-18,,Active,Monthly
4516,4603,1,2026-02-08,,Active,Annual
4517,4604,1,2026-08-20,,Active,Monthly
4518,4605,1,2024-12-12,,Active,Monthly
4519,4606,1,2023-09-23,,Active,Monthly
4520,4607,3,2026-02-08,,Active,Monthly
4521,4607,1,2025-10-30,,Active,Monthly
4522,4608,1,2026-01-15,,Active,Monthly
4523,4609,2,2026-08-06,,Active,Annual
4524,4610,1,2023-07-10,2024-01-31,Churned,Monthly
4525,4610,1,2023-05-23,2024-04-11,Churned,Monthly
4526,4611,1,2024-08-18,,Active,Monthly
4527,4612,1,2025-02-02,,Active,Monthly
4528,4613,2,2023-11-17,2024-12-14,Churned,Monthly
4529,4614,1,2025-12-09,2026-12-04,Churned,Annual
4530,4615,1,2026-01-20,,Active,Monthly
4531,4616,1,2025-09-19,,Active,Monthly
4532,4617,1,2025-07-14,,Active,Monthly
4533,4617,1,2025-05-27,,Active,Monthly
4534,4618,2,2024-09-24,,Active,Monthly
4535,4618,2,2024-03-03,,Active,Annual
4536,4619,2,2023-07-24,,Active,Monthly
4537,4620,1,2025-11-25,,Active,Annual
4538,4621,2,2025-11-22,,Active,Monthly
4539,4622,1,2024-02-09,,Active,Annual
4540,4623,1,2023-01-06,,Active,Monthly
4541,4624,1,2025-02-05,,Active,Monthly
4542,4624,1,2024-07-26,,Active,Monthly
4543,4625,1,2025-01-01,2025-12-14,Churned,Annual
4544,4625,1,2025-04-24,,Active,Monthly
4545,4626,1,2026-04-06,,Active,Monthly
4546,4626,3,2026-03-26,2026-10-23,Churned,Annual
4547,4627,1,2026-01-03,,Active,Monthly
4548,4628,2,2026-05-12,,Active,Monthly
4549,4629,1,2024-03-10,,Paused,Monthly
4550,4630,3,2025-12-12,,Active,Monthly
4551,4631,1,2025-07-31,,Active,Monthly
4552,4631,1,2025-07-22,,Active,Monthly
4553,4632,1,2023-08-21,2024-03-04,Churned,Annual
4554,4632,1,2023-11-14,,Active,Monthly
4555,4633,1,2023-07-22,,Active,Annual
4556,4634,1,2023-08-27,,Active,Monthly
4557,4635,2,2024-06-14,,Active,Monthly
4558,4636,3,2025-01-19,,Active,Monthly
4559,4637,1,2025-02-23,,Active,Monthly
4560,4638,1,2026-04-23,,Active,Monthly
4561,4639,1,2027-05-16,,Active,Monthly
4562,4639,3,2026-08-04,,Paused,Monthly
4563,4640,1,2025-05-31,,Active,Monthly
4564,4641,1,2026-07-08,,Active,Monthly
4565,4642,2,2024-05-15,,Active,Monthly
4566,4643,1,2025-10-21,,Active,Monthly
4567,4643,1,2025-05-10,,Active,Annual
4568,4644,1,2025-04-27,,Active,Monthly
4569,4645,1,2022-11-12,,Active,Monthly
4570,4646,1,2026-03-17,,Active,Annual
4571,4647,2,2024-08-08,2025-11-16,Churned,Monthly
4572,4647,2,2024-11-18,,Active,Monthly
4573,4648,1,2027-01-14,,Active,Monthly
4574,4649,1,2025-10-21,2025-11-23,Churned,Monthly
4575,4650,2,2024-12-13,,Active,Monthly
4576,4651,3,2024-12-29,,Active,Annual
4577,4651,1,2025-04-30,,Active,Annual
4578,4652,1,2023-05-03,,Active,Monthly
4579,4653,2,2025-03-12,,Active,Monthly
4580,4654,1,2023-08-19,,Active,Monthly
4581,4655,2,2022-07-27,,Active,Monthly
4582,4656,1,2025-05-29,2026-06-30,Churned,Monthly
4583,4657,2,2025-05-10,2025-09-01,Churned,Monthly
4584,4658,3,2025-02-22,,Active,Monthly
4585,4658,2,2025-03-21,2025-07-21,Churned,Annual
4586,4659,3,2025-11-29,,Active,Monthly
4587,4659,1,2025-09-30,,Active,Annual
4588,4660,3,2026-08-06,,Active,Monthly
4589,4661,1,2024-06-04,2025-08-26,Churned,Monthly
4590,4662,1,2023-08-04,,Active,Annual
4591,4662,1,2023-07-29,,Active,Annual
4592,4663,1,2026-05-05,,Active,Annual
4593,4664,1,2026-01-25,,Active,Annual
4594,4664,3,2026-02-15,,Active,Monthly
4595,4665,2,2023-03-22,,Active,Monthly
4596,4666,1,2025-07-14,,Active,Annual
4597,4666,1,2026-04-21,,Active,Annual
4598,4667,2,2026-08-14,,Active,Monthly
4599,4668,1,2026-09-16,,Active,Monthly
4600,4669,1,2024-04-13,,Active,Annual
4601,4670,2,2025-11-21,,Active,Monthly
4602,4670,1,2025-10-11,,Active,Monthly
4603,4671,1,2024-08-09,,Active,Monthly
4604,4672,1,2027-01-23,,Active,Annual
4605,4673,1,2024-09-20,,Active,Monthly
4606,4674,3,2023-02-21,,Active,Monthly
4607,4675,2,2026-03-22,,Active,Monthly
4608,4676,1,2023-12-03,,Active,Monthly
4609,4677,1,2024-11-24,2025-03-23,Churned,Monthly
4610,4678,1,2025-02-06,2025-07-12,Churned,Monthly
4611,4679,1,2026-07-16,,Active,Monthly
4612,4680,2,2025-11-15,,Active,Annual
4613,4681,1,2023-03-06,,Active,Annual
4614,4681,1,2023-09-17,,Active,Monthly
4615,4682,1,2026-06-16,2027-01-18,Churned,Annual
4616,4682,2,2026-11-16,,Active,Monthly
4617,4683,1,2023-04-14,2024-08-08,Churned,Monthly
4618,4684,1,2025-10-16,,Active,Monthly
4619,4685,1,2024-11-21,,Active,Monthly
4620,4686,1,2024-06-25,,Active,Annual
4621,4687,1,2026-10-11,,Active,Monthly
4622,4688,1,2025-12-22,,Active,Annual
4623,4689,1,2026-06-22,,Active,Monthly
4624,4689,1,2026-11-03,,Active,Monthly
4625,4690,1,2026-10-05,,Active,Monthly
4626,4691,1,2023-05-05,,Active,Monthly
4627,4692,1,2023-12-25,,Active,Monthly
4628,4692,3,2023-03-19,,Active,Annual
4629,4693,2,2026-11-16,,Active,Monthly
4630,4694,2,2024-03-06,,Active,Annual
4631,4695,2,2025-03-25,2026-06-19,Churned,Monthly
4632,4696,1,2025-07-26,,Active,Annual
4633,4697,3,2027-03-02,,Active,Monthly
4634,4698,3,2025-08-17,,Active,Annual
4635,4698,1,2025-08-20,2025-12-08,Churned,Monthly
4636,4699,2,2025-02-08,,Active,Monthly
4637,4700,3,2026-11-16,2027-02-12,Churned,Monthly
4638,4701,2,2026-06-16,2026-09-11,Churned,Annual
4639,4702,1,2025-12-30,2026-05-01,Churned,Monthly
4640,4703,2,2026-10-01,,Active,Monthly
4641,4704,2,2026-02-08,,Active,Monthly
4642,4705,1,2024-02-18,2025-01-31,Churned,Monthly
4643,4706,1,2024-01-12,2024-11-29,Churned,Monthly
4644,4707,3,2023-02-24,,Active,Monthly
4645,4708,3,2026-03-01,,Active,Annual
4646,4709,3,2026-07-05,2027-08-30,Churned,Monthly
4647,4710,2,2025-06-25,2025-12-17,Churned,Monthly
4648,4710,1,2025-04-07,,Active,Annual
4649,4711,1,2025-07-07,,Active,Annual
4650,4712,2,2023-03-06,,Active,Monthly
4651,4713,1,2022-10-07,2024-01-01,Churned,Monthly
4652,4714,2,2026-02-05,,Active,Monthly
4653,4715,1,2025-02-13,,Active,Monthly
4654,4716,1,2025-08-02,2025-12-19,Churned,Monthly
4655,4717,1,2023-12-01,,Active,Monthly
4656,4718,1,2026-08-02,,Active,Monthly
4657,4719,2,2024-11-24,2025-05-14,Churned,Monthly
4658,4720,2,2026-12-26,,Active,Monthly
4659,4721,1,2025-07-23,,Paused,Monthly
4660,4722,1,2022-11-05,2023-08-08,Churned,Monthly
4661,4722,1,2022-09-14,,Active,Monthly
4662,4723,2,2026-05-28,,Active,Annual
4663,4724,1,2026-08-01,2027-09-03,Churned,Monthly
4664,4725,2,2024-07-10,,Active,Monthly
4665,4726,3,2026-05-25,2027-09-07,Churned,Monthly
4666,4727,3,2027-03-10,,Active,Monthly
4667,4728,1,2025-03-22,,Active,Monthly
4668,4729,3,2024-03-02,,Active,Monthly
4669,4730,2,2025-07-14,2026-06-24,Churned,Monthly
4670,4731,1,2023-05-16,,Active,Monthly
4671,4732,1,2024-11-07,,Active,Monthly
4672,4732,2,2024-08-25,,Active,Annual
4673,4733,2,2024-12-25,,Active,Annual
4674,4734,1,2026-08-29,,Active,Monthly
4675,4735,2,2022-12-15,,Paused,Annual
4676,4736,1,2024-01-01,,Active,Monthly
4677,4737,2,2024-07-04,,Active,Monthly
4678,4738,1,2023-03-20,,Active,Monthly
4679,4739,3,2022-10-17,,Active,Annual
4680,4740,2,2024-11-05,,Active,Monthly
4681,4741,2,2027-02-02,2028-01-01,Churned,Monthly
4682,4742,3,2023-12-17,,Active,Monthly
4683,4743,2,2024-04-18,,Active,Annual
4684,4744,1,2023-07-13,,Active,Annual
4685,4745,1,2024-08-10,,Active,Monthly
4686,4746,1,2023-12-17,,Active,Annual
4687,4746,2,2024-02-19,2025-03-15,Churned,Monthly
4688,4747,1,2023-11-21,,Active,Annual
4689,4748,1,2023-05-14,,Active,Monthly
4690,4749,2,2026-05-07,,Paused,Annual
4691,4750,2,2023-03-14,,Active,Monthly
4692,4751,3,2023-02-15,,Active,Monthly
4693,4751,1,2023-06-18,,Active,Monthly
4694,4752,3,2023-10-25,,Active,Monthly
4695,4752,1,2024-01-09,2024-06-10,Churned,Monthly
4696,4753,1,2023-12-15,,Paused,Annual
4697,4753,1,2023-01-20,,Active,Monthly
4698,4754,2,2023-12-03,,Active,Monthly
4699,4755,2,2023-10-22,,Active,Monthly
4700,4756,2,2024-09-17,,Active,Annual
4701,4757,2,2025-08-18,,Active,Monthly
4702,4758,3,2026-03-08,2027-04-08,Churned,Monthly
4703,4758,2,2026-03-14,,Active,Annual
4704,4759,3,2026-01-21,,Active,Monthly
4705,4760,1,2025-01-15,2026-03-22,Churned,Annual
4706,4761,1,2023-03-19,,Active,Monthly
4707,4762,3,2023-11-15,,Active,Monthly
4708,4762,1,2024-02-25,,Active,Monthly
4709,4763,1,2026-01-23,,Active,Monthly
4710,4764,1,2023-09-08,,Active,Annual
4711,4765,2,2026-07-02,,Active,Monthly
4712,4766,1,2025-07-26,,Active,Monthly
4713,4767,1,2024-06-23,,Active,Monthly
4714,4768,2,2024-10-12,,Active,Monthly
4715,4769,2,2026-07-05,,Active,Annual
4716,4770,1,2025-07-21,,Active,Monthly
4717,4771,2,2025-01-13,2026-04-09,Churned,Monthly
4718,4772,2,2026-06-15,,Active,Monthly
4719,4772,1,2027-02-24,2027-07-13,Churned,Monthly
4720,4773,3,2023-12-09,,Active,Monthly
4721,4774,1,2024-02-07,2024-04-05,Churned,Monthly
4722,4774,2,2024-03-05,,Active,Monthly
4723,4775,1,2026-10-19,,Active,Annual
4724,4776,2,2026-09-02,,Active,Monthly
4725,4776,1,2026-03-27,,Active,Monthly
4726,4777,1,2025-02-07,,Active,Monthly
4727,4778,1,2025-04-04,,Active,Monthly
4728,4778,1,2024-09-29,,Active,Annual
4729,4779,1,2026-02-11,,Active,Monthly
4730,4780,1,2025-08-18,,Active,Monthly
4731,4781,2,2026-07-07,,Active,Monthly
4732,4781,2,2026-03-05,,Active,Monthly
4733,4782,2,2024-09-03,,Active,Monthly
4734,4783,1,2023-10-24,,Active,Monthly
4735,4784,1,2025-04-24,2026-07-13,Churned,Monthly
4736,4784,1,2024-08-04,,Paused,Monthly
4737,4785,1,2025-09-11,,Active,Monthly
4738,4786,1,2023-12-02,,Active,Monthly
4739,4787,1,2025-03-25,,Active,Monthly
4740,4788,1,2027-03-05,,Active,Annual
4741,4788,2,2027-04-15,,Active,Monthly
4742,4789,1,2027-03-18,,Active,Monthly
4743,4790,1,2023-07-02,,Active,Monthly
4744,4791,1,2027-02-10,,Active,Monthly
4745,4791,2,2026-07-03,,Active,Monthly
4746,4792,1,2025-06-16,,Active,Monthly
4747,4793,1,2025-11-24,,Active,Annual
4748,4794,2,2025-09-10,,Active,Monthly
4749,4795,1,2026-07-06,,Active,Monthly
4750,4796,1,2024-11-18,,Active,Annual
4751,4797,1,2024-02-16,,Active,Annual
4752,4798,1,2024-07-24,,Active,Annual
4753,4799,2,2025-03-05,,Active,Monthly
4754,4800,1,2023-07-30,,Active,Annual
4755,4801,1,2023-08-10,2023-09-14,Churned,Annual
4756,4802,2,2023-11-16,2024-02-26,Churned,Monthly
4757,4803,3,2024-09-24,,Active,Annual
4758,4804,2,2023-07-22,,Active,Monthly
4759,4805,3,2025-12-10,,Active,Monthly
4760,4806,2,2026-08-16,,Active,Annual
4761,4807,1,2024-03-10,2024-08-19,Churned,Monthly
4762,4808,2,2023-07-01,,Active,Monthly
4763,4809,2,2024-05-26,2024-07-06,Churned,Monthly
4764,4810,1,2025-09-06,2025-11-12,Churned,Monthly
4765,4811,1,2024-05-17,,Active,Monthly
4766,4812,1,2023-07-21,,Active,Monthly
4767,4813,2,2024-08-08,,Active,Annual
4768,4814,1,2024-01-08,,Active,Monthly
4769,4815,1,2023-03-20,,Active,Monthly
4770,4816,3,2025-09-22,,Active,Monthly
4771,4817,1,2024-11-01,2025-02-23,Churned,Monthly
4772,4818,3,2024-09-07,,Active,Monthly
4773,4819,2,2026-11-05,2027-05-16,Churned,Monthly
4774,4820,1,2025-04-27,,Active,Annual
4775,4821,1,2023-04-16,,Active,Monthly
4776,4821,2,2023-05-20,,Active,Monthly
4777,4822,1,2025-10-04,2026-03-15,Churned,Monthly
4778,4823,1,2024-04-15,,Active,Monthly
4779,4824,1,2025-11-23,,Active,Annual
4780,4825,2,2025-01-26,,Active,Annual
4781,4826,1,2023-08-06,,Active,Monthly
4782,4827,1,2024-06-14,,Active,Monthly
4783,4828,2,2027-01-01,,Active,Annual
4784,4829,2,2026-09-19,,Active,Monthly
4785,4829,2,2026-08-09,,Active,Annual
4786,4830,1,2025-03-15,,Active,Monthly
4787,4831,1,2024-09-11,,Active,Monthly
4788,4832,2,2022-11-29,2023-11-08,Churned,Monthly
4789,4832,2,2023-01-12,,Active,Monthly
4790,4833,1,2024-11-24,,Active,Monthly
4791,4834,3,2024-01-22,,Paused,Monthly
4792,4835,2,2024-09-10,2025-09-24,Churned,Annual
4793,4836,1,2024-10-22,,Active,Annual
4794,4837,1,2023-02-03,,Active,Monthly
4795,4837,2,2023-02-11,,Active,Monthly
4796,4838,1,2024-06-03,,Active,Annual
4797,4839,2,2026-03-23,2026-05-04,Churned,Monthly
4798,4840,2,2025-09-07,,Active,Monthly
4799,4841,1,2025-01-07,,Paused,Monthly
4800,4842,1,2026-12-02,,Active,Monthly
4801,4842,1,2027-03-05,,Active,Annual
4802,4843,1,2024-06-26,,Active,Monthly
4803,4844,2,2026-11-06,,Active,Monthly
4804,4845,1,2023-04-15,,Active,Monthly
4805,4846,2,2026-06-18,,Active,Annual
4806,4847,2,2026-03-29,,Paused,Monthly
4807,4848,2,2024-02-24,,Active,Monthly
4808,4849,1,2024-08-05,,Active,Monthly
4809,4850,1,2025-02-01,,Active,Monthly
4810,4851,2,2023-07-11,,Active,Monthly
4811,4852,1,2024-06-27,,Active,Monthly
4812,4853,2,2025-09-18,2026-03-17,Churned,Monthly
4813,4853,1,2025-10-20,,Active,Monthly
4814,4854,1,2025-06-11,,Active,Annual
4815,4855,1,2024-09-15,,Active,Monthly
4816,4856,1,2023-10-31,,Active,Annual
4817,4857,1,2023-06-17,,Active,Monthly
4818,4858,1,2024-11-26,,Active,Annual
4819,4858,3,2024-10-04,2025-07-03,Churned,Monthly
4820,4859,2,2025-11-02,,Active,Monthly
4821,4860,2,2024-02-28,,Active,Annual
4822,4861,1,2024-07-15,,Active,Monthly
4823,4862,3,2024-01-06,,Active,Monthly
4824,4863,3,2025-06-18,,Active,Monthly
4825,4864,1,2023-08-11,,Active,Monthly
4826,4865,2,2023-09-28,,Active,Monthly
4827,4866,1,2025-09-17,,Active,Monthly
4828,4866,3,2026-01-21,,Active,Monthly
4829,4867,1,2025-03-10,,Active,Monthly
4830,4868,3,2023-05-06,,Active,Monthly
4831,4869,1,2024-01-21,2024-12-01,Churned,Monthly
4832,4870,1,2024-06-07,,Active,Monthly
4833,4871,1,2024-09-07,2025-09-18,Churned,Annual
4834,4872,1,2023-06-11,,Active,Monthly
4835,4872,1,2023-12-31,,Active,Annual
4836,4873,2,2024-10-25,2025-03-03,Churned,Monthly
4837,4873,1,2024-12-03,,Active,Monthly
4838,4874,2,2026-02-27,,Active,Monthly
4839,4875,1,2024-06-18,,Active,Monthly
4840,4875,2,2023-08-17,,Active,Monthly
4841,4876,1,2023-09-12,,Active,Monthly
4842,4877,1,2023-07-16,,Paused,Monthly
4843,4878,3,2027-03-26,,Active,Monthly
4844,4878,2,2026-07-22,,Active,Monthly
4845,4879,1,2024-06-13,2025-09-19,Churned,Annual
4846,4880,2,2023-05-05,,Active,Annual
4847,4881,1,2025-04-24,,Paused,Monthly
4848,4882,1,2026-05-26,,Active,Monthly
4849,4883,1,2023-09-25,,Active,Annual
4850,4883,1,2023-09-06,,Paused,Annual
4851,4884,1,2023-07-06,,Active,Monthly
4852,4884,1,2023-04-02,2024-07-21,Churned,Monthly
4853,4885,2,2026-01-19,,Active,Monthly
4854,4886,2,2025-09-16,,Active,Monthly
4855,4887,2,2027-05-22,,Active,Monthly
4856,4888,1,2024-06-18,,Active,Monthly
4857,4889,1,2023-10-31,,Active,Monthly
4858,4890,1,2025-04-24,2026-04-17,Churned,Monthly
4859,4891,1,2025-06-22,,Active,Annual
4860,4892,1,2027-01-24,,Active,Annual
4861,4893,1,2023-03-31,,Active,Monthly
4862,4894,1,2023-04-16,,Active,Monthly
4863,4895,2,2027-05-20,,Active,Annual
4864,4895,1,2026-11-09,,Active,Annual
4865,4896,2,2023-12-28,,Active,Annual
4866,4896,2,2024-01-14,,Active,Annual
4867,4897,2,2026-05-31,,Active,Monthly
4868,4897,1,2026-07-27,,Active,Monthly
4869,4898,2,2027-01-31,,Active,Annual
4870,4898,2,2026-07-13,,Active,Monthly
4871,4899,1,2026-06-26,,Active,Monthly
4872,4899,1,2027-03-13,,Paused,Monthly
4873,4900,1,2024-12-01,,Active,Monthly
4874,4900,1,2024-12-09,,Active,Monthly
4875,4901,1,2024-01-31,,Active,Monthly
4876,4902,3,2026-05-02,,Paused,Monthly
4877,4903,2,2025-05-24,2026-06-12,Churned,Monthly
4878,4904,2,2025-09-05,,Active,Monthly
4879,4905,2,2023-03-20,,Active,Annual
4880,4905,2,2023-04-14,,Active,Annual
4881,4906,2,2025-05-14,2025-07-25,Churned,Monthly
4882,4907,1,2026-07-07,,Active,Annual
4883,4907,2,2026-08-27,2027-10-01,Churned,Monthly
4884,4908,2,2026-07-12,,Active,Annual
4885,4909,2,2022-08-11,,Active,Annual
4886,4910,1,2024-09-16,,Active,Monthly
4887,4910,1,2025-02-03,,Active,Monthly
4888,4911,1,2025-06-14,,Active,Monthly
4889,4912,1,2023-07-10,2024-09-07,Churned,Monthly
4890,4913,1,2024-08-01,,Active,Monthly
4891,4913,1,2024-03-13,2025-06-04,Churned,Monthly
4892,4914,1,2025-03-08,,Active,Monthly
4893,4914,3,2025-05-03,,Active,Monthly
4894,4915,2,2023-06-06,,Active,Monthly
4895,4915,2,2024-04-20,,Active,Monthly
4896,4916,1,2027-05-13,,Active,Annual
4897,4917,1,2024-07-11,2025-10-14,Churned,Monthly
4898,4917,1,2023-11-07,,Paused,Monthly
4899,4918,3,2024-09-23,2025-09-02,Churned,Annual
4900,4919,1,2023-12-10,,Active,Monthly
4901,4919,3,2023-03-04,,Paused,Annual
4902,4920,1,2025-03-28,,Active,Monthly
4903,4920,1,2025-05-18,,Active,Annual
4904,4921,1,2024-10-27,,Active,Monthly
4905,4922,2,2024-05-23,,Active,Annual
4906,4923,2,2025-08-08,,Active,Monthly
4907,4924,2,2025-07-07,,Active,Annual
4908,4925,2,2024-02-02,2025-04-18,Churned,Monthly
4909,4926,2,2023-11-24,,Active,Monthly
4910,4927,2,2023-12-07,2024-11-05,Churned,Monthly
4911,4928,1,2025-05-03,,Active,Annual
4912,4929,1,2025-05-17,,Active,Monthly
4913,4929,1,2025-08-09,,Active,Monthly
4914,4930,2,2024-02-18,,Active,Monthly
4915,4931,1,2025-12-26,,Active,Monthly
4916,4931,1,2025-04-15,,Active,Monthly
4917,4932,2,2023-12-21,,Active,Monthly
4918,4933,2,2023-07-19,,Active,Monthly
4919,4934,1,2023-11-10,,Active,Monthly
4920,4935,1,2024-06-19,,Active,Annual
4921,4936,1,2024-02-06,,Active,Monthly
4922,4937,3,2022-11-25,2023-08-26,Churned,Monthly
4923,4938,1,2025-06-15,2025-08-11,Churned,Annual
4924,4939,1,2026-03-24,,Active,Annual
4925,4939,1,2026-01-15,2026-11-24,Churned,Monthly
4926,4940,1,2023-02-10,,Active,Monthly
4927,4941,2,2023-07-08,,Active,Monthly
4928,4942,2,2024-08-19,2025-12-07,Churned,Annual
4929,4942,1,2024-12-12,,Paused,Monthly
4930,4943,2,2023-07-19,2024-03-09,Churned,Monthly
4931,4944,1,2025-03-24,,Active,Monthly
4932,4945,2,2023-06-11,2024-09-06,Churned,Annual
4933,4945,2,2022-12-27,,Active,Monthly
4934,4946,2,2026-07-15,2027-05-27,Churned,Annual
4935,4946,2,2026-09-08,,Active,Annual
4936,4947,2,2023-09-19,2024-06-23,Churned,Monthly
4937,4947,1,2024-06-09,,Active,Annual
4938,4948,1,2023-07-19,,Active,Monthly
4939,4949,2,2024-05-09,,Active,Annual
4940,4950,3,2024-03-30,,Active,Annual
4941,4950,1,2024-01-04,2024-03-07,Churned,Annual
4942,4951,1,2023-06-10,,Active,Monthly
4943,4952,1,2025-02-04,2025-12-25,Churned,Monthly
4944,4952,3,2025-07-14,,Active,Monthly
4945,4953,2,2025-10-10,,Active,Monthly
4946,4953,1,2026-01-24,2026-04-05,Churned,Monthly
4947,4954,2,2026-02-22,,Active,Monthly
4948,4955,1,2023-10-07,2024-08-23,Churned,Monthly
4949,4955,1,2023-05-04,2023-06-19,Churned,Monthly
4950,4956,3,2025-12-19,,Active,Monthly
4951,4957,1,2024-07-22,,Active,Monthly
4952,4958,2,2022-09-29,,Active,Annual
4953,4958,3,2023-01-22,,Active,Monthly
4954,4959,3,2025-10-15,2026-08-31,Churned,Annual
4955,4960,2,2024-01-08,,Active,Monthly
4956,4961,2,2023-06-21,,Active,Monthly
4957,4961,2,2023-04-13,,Active,Monthly
4958,4962,2,2025-01-19,,Active,Monthly
4959,4963,1,2025-09-25,,Active,Annual
4960,4964,2,2023-12-21,2025-04-25,Churned,Monthly
4961,4965,1,2023-10-03,2024-04-20,Churned,Annual
4962,4965,1,2023-09-20,2024-11-19,Churned,Monthly
4963,4966,1,2026-09-09,,Active,Monthly
4964,4967,2,2026-07-17,,Active,Monthly
4965,4968,1,2023-03-03,,Active,Monthly
4966,4968,3,2023-01-01,,Active,Monthly
4967,4969,1,2025-07-24,,Active,Monthly
4968,4970,1,2022-11-19,,Active,Annual
4969,4971,1,2022-10-21,,Active,Monthly
4970,4972,1,2025-09-24,,Active,Monthly
4971,4972,1,2025-03-21,,Active,Annual
4972,4973,3,2024-11-11,,Active,Monthly
4973,4973,1,2024-03-04,,Active,Monthly
4974,4974,2,2023-04-13,,Active,Monthly
4975,4975,1,2025-02-25,,Active,Monthly
4976,4976,2,2024-04-24,2025-03-09,Churned,Monthly
4977,4977,1,2023-09-23,,Active,Monthly
4978,4978,2,2025-09-12,2026-06-21,Churned,Monthly
4979,4979,1,2023-07-15,,Active,Monthly
4980,4980,2,2026-04-17,2026-06-28,Churned,Monthly
4981,4981,3,2023-08-24,,Active,Monthly
4982,4981,2,2023-02-17,,Active,Monthly
4983,4982,1,2024-12-30,,Active,Monthly
4984,4983,3,2025-02-25,,Active,Monthly
4985,4984,3,2023-12-21,,Active,Monthly
4986,4985,1,2024-06-18,,Active,Monthly
4987,4985,2,2024-05-02,,Active,Monthly
4988,4986,1,2025-06-28,,Active,Monthly
4989,4987,2,2024-06-26,,Active,Monthly
4990,4987,1,2023-09-16,2024-05-16,Churned,Annual
4991,4988,2,2026-12-11,,Active,Monthly
4992,4988,1,2026-02-12,,Active,Annual
4993,4989,1,2026-07-03,,Active,Annual
4994,4989,1,2026-12-24,,Active,Monthly
4995,4990,1,2024-04-18,2024-10-09,Churned,Annual
4996,4990,3,2023-11-19,,Active,Annual
4997,4991,1,2026-08-26,2026-11-30,Churned,Annual
4998,4991,1,2026-04-25,,Paused,Monthly
4999,4992,1,2027-03-21,,Active,Monthly
5000,4993,3,2023-06-23,,Active,Monthly
5001,4993,1,2022-07-21,,Active,Monthly
5002,4994,1,2026-02-03,,Active,Monthly
5003,4995,2,2025-02-19,,Active,Monthly
5004,4996,2,2026-06-05,,Active,Monthly
5005,4997,1,2024-08-16,,Active,Monthly
5006,4998,1,2026-01-23,,Active,Monthly
5007,4999,1,2026-03-24,,Active,Monthly
5008,4999,1,2026-10-12,,Active,Annual
5009,5000,2,2023-08-29,,Active,Monthly
5010,5001,1,2023-08-01,,Paused,Monthly
5011,5002,2,2022-12-24,2023-09-29,Churned,Monthly
5012,5003,2,2026-12-23,2027-01-31,Churned,Monthly
5013,5004,1,2024-02-29,,Active,Monthly
5014,5005,1,2026-07-07,,Active,Monthly
5015,5006,1,2025-05-22,,Active,Annual
5016,5007,2,2026-09-29,,Active,Monthly
5017,5007,1,2026-05-07,,Active,Monthly
5018,5008,2,2026-12-11,,Active,Monthly
5019,5009,1,2023-11-23,2024-08-30,Churned,Monthly
5020,5009,1,2024-07-04,,Active,Annual
5021,5010,2,2024-06-21,2024-10-11,Churned,Monthly
5022,5011,2,2024-06-11,2024-10-27,Churned,Annual
5023,5012,1,2023-12-04,,Active,Monthly
5024,5012,1,2023-09-29,,Active,Monthly
5025,5013,2,2023-10-22,2024-02-24,Churned,Annual
5026,5014,1,2025-12-20,,Active,Annual
5027,5015,1,2023-01-24,,Active,Monthly
5028,5015,3,2022-08-27,,Paused,Annual
5029,5016,1,2023-03-24,,Paused,Monthly
5030,5017,1,2024-10-01,,Active,Monthly
5031,5018,2,2024-07-27,,Paused,Monthly
5032,5018,1,2024-01-07,2024-08-25,Churned,Monthly
5033,5019,1,2023-02-08,,Paused,Monthly
5034,5020,1,2024-02-05,,Active,Annual
5035,5020,2,2024-04-07,,Active,Monthly
5036,5021,1,2024-08-09,,Active,Monthly
5037,5022,2,2025-10-12,2026-11-23,Churned,Monthly
5038,5022,1,2026-06-28,,Active,Annual
5039,5023,2,2023-01-10,,Active,Monthly
5040,5024,2,2024-11-08,,Active,Monthly
5041,5025,1,2023-10-06,,Active,Annual
5042,5026,1,2024-07-29,,Active,Monthly
5043,5027,1,2026-09-07,2027-11-21,Churned,Annual
5044,5028,2,2024-09-15,,Active,Monthly
5045,5029,2,2023-05-19,,Active,Monthly
5046,5030,1,2025-11-22,,Active,Monthly
5047,5031,1,2024-02-03,,Active,Annual
5048,5032,2,2023-11-15,,Active,Monthly
5049,5032,2,2024-06-22,2024-09-17,Churned,Monthly
5050,5033,2,2026-10-10,,Active,Monthly
5051,5034,1,2027-02-27,,Active,Monthly
5052,5035,2,2023-04-30,2024-05-17,Churned,Monthly
5053,5036,1,2023-08-09,,Active,Monthly
5054,5037,1,2024-02-29,,Active,Monthly
5055,5037,2,2024-09-01,,Active,Monthly
5056,5038,3,2023-04-11,,Active,Monthly
5057,5039,2,2025-11-21,,Active,Monthly
5058,5039,2,2025-08-09,,Active,Monthly
5059,5040,2,2024-05-31,2025-03-20,Churned,Monthly
5060,5040,1,2023-09-08,2024-10-28,Churned,Monthly
5061,5041,1,2024-04-04,2025-02-10,Churned,Monthly
5062,5042,2,2023-06-26,,Active,Monthly
5063,5043,1,2026-07-25,2026-11-11,Churned,Monthly
5064,5043,2,2026-04-29,,Active,Annual
5065,5044,1,2023-10-22,,Active,Monthly
5066,5045,2,2027-01-26,,Active,Annual
5067,5045,1,2026-11-03,,Active,Annual
5068,5046,1,2023-12-06,2024-11-21,Churned,Monthly
5069,5047,1,2023-12-03,2024-04-17,Churned,Monthly
5070,5048,2,2026-02-15,,Active,Monthly
5071,5048,1,2026-01-17,,Active,Monthly
5072,5049,1,2023-03-31,,Active,Monthly
5073,5050,1,2023-09-15,,Active,Monthly
5074,5050,2,2023-07-19,,Active,Annual
5075,5051,1,2024-05-08,,Active,Monthly
5076,5051,1,2024-09-26,,Active,Annual
5077,5052,1,2026-10-01,,Active,Monthly
5078,5053,2,2023-11-13,,Active,Annual
5079,5054,1,2024-09-22,2024-11-27,Churned,Monthly
5080,5055,2,2026-06-17,2027-05-19,Churned,Monthly
5081,5056,1,2025-12-31,,Active,Monthly
5082,5057,1,2026-05-08,,Active,Annual
5083,5058,1,2022-11-19,,Active,Monthly
5084,5059,2,2024-08-18,,Active,Monthly
5085,5060,2,2023-03-22,2023-11-05,Churned,Annual
5086,5061,1,2026-05-17,,Active,Monthly
5087,5062,1,2026-03-22,,Paused,Annual
5088,5063,1,2023-09-07,,Active,Monthly
5089,5064,1,2026-04-25,,Active,Annual
5090,5064,2,2025-10-26,,Active,Annual
5091,5065,1,2025-02-05,,Active,Monthly
5092,5065,1,2025-06-27,,Active,Monthly
5093,5066,1,2024-05-05,,Paused,Monthly
5094,5067,2,2025-08-16,,Active,Annual
5095,5067,1,2025-12-03,,Active,Annual
5096,5068,1,2025-02-26,2026-02-22,Churned,Monthly
5097,5069,1,2022-11-13,,Active,Monthly
5098,5070,1,2025-05-15,,Active,Monthly
5099,5071,2,2026-02-13,,Active,Annual
5100,5072,1,2025-02-26,,Active,Annual
5101,5073,2,2023-10-26,2024-11-06,Churned,Annual
5102,5074,1,2025-04-02,,Active,Annual
5103,5075,2,2026-07-02,,Active,Annual
5104,5076,1,2024-05-14,,Active,Monthly
5105,5077,1,2024-03-09,,Active,Monthly
5106,5078,1,2027-02-06,,Active,Annual
5107,5079,1,2023-10-31,,Active,Monthly
5108,5080,1,2023-03-19,,Active,Monthly
5109,5080,1,2023-01-29,,Active,Monthly
5110,5081,1,2026-06-19,,Active,Annual
5111,5082,1,2024-10-28,,Active,Annual
5112,5083,3,2026-11-13,,Active,Monthly
5113,5084,2,2025-12-02,,Active,Monthly
5114,5085,1,2024-02-24,,Active,Monthly
5115,5085,1,2023-12-24,,Active,Annual
5116,5086,1,2027-01-13,,Active,Monthly
5117,5087,1,2025-01-06,,Active,Monthly
5118,5088,3,2023-04-24,,Active,Monthly
5119,5088,1,2023-01-29,,Active,Monthly
5120,5089,1,2026-08-21,,Active,Monthly
5121,5090,1,2025-10-18,2026-02-15,Churned,Monthly
5122,5091,2,2025-10-24,2026-11-15,Churned,Monthly
5123,5092,2,2026-07-10,,Active,Annual
5124,5092,3,2026-08-02,,Active,Monthly
5125,5093,3,2025-07-17,2026-03-08,Churned,Annual
5126,5094,2,2025-05-12,,Active,Monthly
5127,5095,1,2024-04-18,,Active,Annual
5128,5096,1,2025-02-25,2026-06-15,Churned,Monthly
5129,5096,1,2025-03-16,2025-10-20,Churned,Annual
5130,5097,1,2025-09-03,,Active,Annual
5131,5097,1,2025-05-22,2026-08-11,Churned,Monthly
5132,5098,1,2025-10-30,,Active,Monthly
5133,5099,1,2023-07-03,,Active,Monthly
5134,5100,1,2023-06-01,,Active,Monthly
5135,5101,2,2025-11-07,,Active,Monthly
5136,5102,1,2023-10-28,,Active,Monthly
5137,5103,1,2024-01-15,2025-01-09,Churned,Annual
5138,5104,1,2024-08-09,,Active,Monthly
5139,5105,1,2023-09-01,2023-12-01,Churned,Monthly
5140,5106,2,2026-10-06,,Active,Monthly
5141,5107,2,2026-02-12,2026-09-15,Churned,Monthly
5142,5108,1,2024-05-15,,Active,Monthly
5143,5108,1,2024-01-21,,Active,Monthly
5144,5109,3,2024-09-24,,Active,Monthly
5145,5110,2,2023-04-17,2023-08-24,Churned,Monthly
5146,5111,2,2024-03-12,,Active,Monthly
5147,5112,2,2026-05-10,,Active,Monthly
5148,5113,1,2024-09-01,,Active,Monthly
5149,5113,1,2025-02-04,2025-10-12,Churned,Monthly
5150,5114,1,2024-02-29,,Active,Monthly
5151,5115,2,2026-06-17,,Active,Monthly
5152,5116,1,2024-11-15,,Active,Monthly
5153,5117,2,2025-12-10,2026-07-16,Churned,Annual
5154,5117,1,2025-08-24,,Active,Monthly
5155,5118,1,2022-09-16,,Active,Monthly
5156,5119,2,2025-04-11,2025-08-14,Churned,Monthly
5157,5120,1,2026-01-18,,Active,Monthly
5158,5121,3,2026-03-10,,Active,Annual
5159,5122,2,2026-06-03,,Active,Monthly
5160,5123,1,2026-09-06,,Active,Annual
5161,5124,1,2024-04-17,2024-08-26,Churned,Monthly
5162,5125,1,2025-04-17,,Active,Monthly
5163,5126,1,2023-08-07,,Paused,Annual
5164,5126,1,2024-04-03,2025-05-09,Churned,Annual
5165,5127,2,2026-07-05,,Active,Annual
5166,5128,1,2024-01-17,,Active,Monthly
5167,5129,3,2023-06-27,,Active,Monthly
5168,5130,1,2024-05-20,,Active,Monthly
5169,5131,1,2026-04-14,,Active,Monthly
5170,5132,2,2025-01-09,,Active,Monthly
5171,5133,1,2024-07-22,,Active,Annual
5172,5134,1,2024-01-30,2024-08-26,Churned,Monthly
5173,5135,3,2025-05-04,,Active,Monthly
5174,5135,2,2025-06-15,,Paused,Monthly
5175,5136,2,2025-11-22,,Active,Monthly
5176,5137,1,2022-12-29,,Active,Monthly
5177,5137,1,2022-10-28,2023-08-05,Churned,Monthly
5178,5138,2,2023-03-08,2024-03-02,Churned,Monthly
5179,5139,2,2026-02-12,,Active,Monthly
5180,5139,2,2026-04-17,,Active,Annual
5181,5140,3,2026-06-15,,Active,Monthly
5182,5141,2,2024-12-13,,Active,Monthly
5183,5142,1,2024-02-16,,Active,Monthly
5184,5143,3,2025-02-25,2025-07-15,Churned,Annual
5185,5143,1,2025-12-08,,Active,Annual
5186,5144,2,2023-09-01,,Active,Monthly
5187,5145,2,2026-11-02,,Active,Monthly
5188,5145,1,2027-03-19,,Active,Annual
5189,5146,1,2025-12-13,,Active,Monthly
5190,5147,1,2024-08-19,,Active,Monthly
5191,5148,1,2025-12-11,,Active,Monthly
5192,5148,2,2025-08-07,,Active,Monthly
5193,5149,2,2023-06-04,,Active,Monthly
5194,5150,1,2025-04-07,,Active,Monthly
5195,5150,1,2025-04-01,,Active,Annual
5196,5151,1,2025-06-27,,Paused,Monthly
5197,5152,1,2022-11-22,,Active,Monthly
5198,5153,3,2025-03-16,,Active,Monthly
5199,5153,2,2025-03-19,2026-05-19,Churned,Annual
5200,5154,2,2024-05-25,,Active,Monthly
5201,5155,1,2026-12-24,,Active,Monthly
5202,5156,2,2025-03-11,,Active,Monthly
5203,5157,3,2023-07-09,2024-01-18,Churned,Monthly
5204,5158,1,2024-07-06,,Active,Monthly
5205,5159,1,2023-11-20,2024-12-22,Churned,Monthly
5206,5160,1,2024-12-04,,Active,Annual
5207,5161,1,2026-08-06,,Active,Monthly
5208,5162,3,2026-08-21,,Active,Annual
5209,5163,1,2023-09-03,,Active,Annual
5210,5164,1,2026-02-24,,Paused,Monthly
5211,5164,2,2026-04-05,2026-07-30,Churned,Annual
5212,5165,2,2026-04-30,,Active,Annual
5213,5166,1,2025-08-25,2026-10-02,Churned,Monthly
5214,5166,1,2025-11-17,2026-05-23,Churned,Monthly
5215,5167,1,2023-06-24,,Active,Monthly
5216,5168,2,2026-02-01,,Active,Annual
5217,5169,2,2024-06-17,2025-04-10,Churned,Monthly
5218,5170,2,2023-12-18,2024-09-24,Churned,Monthly
5219,5171,3,2023-12-02,2024-11-04,Churned,Monthly
5220,5171,1,2023-11-08,2024-11-05,Churned,Annual
5221,5172,3,2022-12-05,,Active,Monthly
5222,5173,1,2024-06-26,,Active,Annual
5223,5174,2,2026-03-30,,Active,Annual
5224,5175,1,2024-04-20,,Active,Monthly
5225,5176,1,2023-08-15,,Active,Monthly
5226,5177,1,2024-01-09,,Active,Monthly
5227,5178,1,2025-02-07,,Active,Monthly
5228,5178,1,2024-08-18,2024-11-19,Churned,Monthly
5229,5179,3,2022-10-09,2022-12-13,Churned,Monthly
5230,5180,1,2023-01-25,,Active,Monthly
5231,5181,2,2026-10-08,,Active,Monthly
5232,5182,1,2023-10-14,2023-12-08,Churned,Monthly
5233,5182,2,2023-02-11,2023-12-25,Churned,Monthly
5234,5183,1,2024-08-10,,Active,Monthly
5235,5184,1,2024-05-25,,Active,Monthly
5236,5185,2,2026-07-08,,Active,Monthly
5237,5186,2,2023-03-24,,Active,Monthly
5238,5186,2,2022-09-25,,Active,Monthly
5239,5187,3,2023-06-27,,Active,Monthly
5240,5188,1,2026-06-15,,Active,Monthly
5241,5189,1,2024-09-30,,Active,Monthly
5242,5190,1,2025-03-17,,Active,Monthly
5243,5191,3,2023-09-02,,Active,Monthly
5244,5192,1,2024-05-08,,Active,Monthly
5245,5193,1,2026-12-03,,Active,Monthly
5246,5194,1,2023-10-27,,Active,Monthly
5247,5195,3,2024-02-28,,Active,Monthly
5248,5196,1,2026-09-07,,Active,Annual
5249,5196,1,2026-04-14,,Active,Monthly
5250,5197,1,2026-02-22,,Active,Monthly
5251,5198,1,2024-10-26,,Active,Monthly
5252,5199,3,2025-05-10,,Active,Monthly
5253,5200,2,2024-08-25,,Active,Annual
5254,5201,1,2024-05-09,,Active,Annual
5255,5201,2,2024-07-08,,Active,Annual
5256,5202,1,2023-10-23,,Active,Annual
5257,5203,1,2023-05-23,2024-07-14,Churned,Annual
5258,5203,1,2023-12-20,,Active,Monthly
5259,5204,1,2024-12-03,2025-06-19,Churned,Monthly
5260,5205,1,2023-03-17,,Active,Monthly
5261,5206,1,2024-03-21,,Active,Monthly
5262,5206,1,2024-02-23,,Active,Monthly
5263,5207,2,2023-07-30,2023-09-02,Churned,Monthly
5264,5208,1,2023-05-20,,Active,Monthly
5265,5208,2,2022-10-28,2023-07-30,Churned,Monthly
5266,5209,1,2024-11-18,,Active,Monthly
5267,5209,3,2024-12-08,,Active,Monthly
5268,5210,2,2025-10-12,,Active,Monthly
5269,5211,2,2026-02-10,2026-03-17,Churned,Monthly
5270,5212,1,2023-11-28,,Active,Monthly
5271,5213,3,2023-05-07,2024-04-13,Churned,Monthly
5272,5214,1,2026-07-01,,Active,Monthly
5273,5215,2,2025-01-28,2026-04-01,Churned,Monthly
5274,5216,1,2025-01-08,,Active,Monthly
5275,5217,1,2024-02-11,,Active,Annual
5276,5218,1,2026-07-02,,Active,Annual
5277,5219,1,2026-09-20,,Active,Monthly
5278,5220,1,2023-12-03,,Active,Monthly
5279,5221,1,2026-04-22,2027-05-13,Churned,Monthly
5280,5222,2,2024-05-16,,Active,Monthly
5281,5223,1,2023-06-02,,Active,Monthly
5282,5223,2,2023-01-23,,Active,Monthly
5283,5224,2,2024-02-20,,Paused,Monthly
5284,5225,2,2024-02-18,,Active,Monthly
5285,5226,1,2025-12-22,2026-06-24,Churned,Annual
5286,5227,2,2025-02-01,,Active,Monthly
5287,5228,2,2024-03-07,,Active,Monthly
5288,5229,1,2023-07-16,2024-09-23,Churned,Monthly
5289,5229,1,2024-05-30,,Active,Annual
5290,5230,2,2024-09-24,,Active,Monthly
5291,5231,1,2027-04-08,2028-04-11,Churned,Monthly
5292,5232,1,2023-10-12,,Active,Monthly
5293,5232,1,2023-07-14,2023-09-01,Churned,Annual
5294,5233,3,2025-06-26,2025-11-19,Churned,Monthly
5295,5234,1,2025-04-08,,Active,Annual
5296,5235,1,2024-10-25,,Active,Annual
5297,5235,2,2024-06-08,2025-07-27,Churned,Monthly
5298,5236,1,2025-03-04,2025-06-10,Churned,Annual
5299,5237,2,2024-02-20,,Active,Monthly
5300,5238,1,2025-07-22,,Active,Annual
5301,5239,1,2026-03-23,,Active,Monthly
5302,5240,1,2026-02-24,,Active,Annual
5303,5241,2,2023-10-14,,Active,Monthly
5304,5242,1,2023-07-18,,Active,Monthly
5305,5243,2,2023-07-18,,Active,Monthly
5306,5243,2,2023-02-17,,Active,Monthly
5307,5244,2,2026-03-12,,Active,Annual
5308,5245,1,2024-08-17,,Active,Monthly
5309,5245,1,2025-03-01,,Active,Annual
5310,5246,2,2023-03-26,,Active,Monthly
5311,5247,1,2022-09-27,2023-07-30,Churned,Monthly
5312,5247,2,2022-12-20,,Active,Monthly
5313,5248,3,2025-04-02,2026-05-04,Churned,Monthly
5314,5248,1,2025-06-16,,Active,Monthly
5315,5249,1,2023-02-13,,Active,Monthly
5316,5250,1,2026-02-14,,Active,Annual
5317,5250,1,2026-04-23,,Active,Monthly
5318,5251,2,2024-07-01,,Active,Annual
5319,5252,1,2026-06-03,,Active,Annual
5320,5253,2,2026-01-10,,Active,Monthly
5321,5253,1,2026-04-11,,Active,Monthly
5322,5254,2,2024-12-24,2026-01-04,Churned,Monthly
5323,5254,1,2025-01-08,,Active,Monthly
5324,5255,1,2022-08-09,2023-02-17,Churned,Monthly
5325,5255,2,2023-05-10,2024-04-03,Churned,Monthly
5326,5256,1,2024-06-23,,Active,Monthly
5327,5256,2,2024-05-23,,Active,Annual
5328,5257,1,2024-03-12,,Active,Monthly
5329,5258,1,2026-10-03,,Active,Annual
5330,5259,1,2025-09-07,2025-11-20,Churned,Monthly
5331,5259,1,2025-08-11,2026-05-02,Churned,Monthly
5332,5260,2,2026-07-12,,Active,Monthly
5333,5260,1,2027-06-08,,Active,Monthly
5334,5261,1,2023-09-30,,Active,Monthly
5335,5262,1,2026-11-03,,Active,Annual
5336,5262,1,2026-11-19,,Paused,Annual
5337,5263,1,2023-02-18,,Active,Monthly
5338,5264,2,2025-10-02,,Active,Annual
5339,5265,1,2022-12-23,,Active,Annual
5340,5266,1,2023-10-15,2024-01-25,Churned,Monthly
5341,5267,1,2026-07-07,,Active,Monthly
5342,5267,1,2026-10-02,,Active,Monthly
5343,5268,1,2025-01-28,2025-04-25,Churned,Monthly
5344,5269,3,2023-03-31,,Active,Monthly
5345,5270,1,2027-02-12,,Active,Monthly
5346,5271,1,2023-12-12,,Active,Monthly
5347,5271,1,2024-03-24,,Active,Monthly
5348,5272,3,2024-01-06,,Active,Monthly
5349,5273,1,2026-06-16,,Active,Monthly
5350,5274,1,2022-07-08,,Paused,Monthly
5351,5275,2,2024-12-15,,Active,Monthly
5352,5276,2,2025-05-14,,Active,Monthly
5353,5277,1,2023-11-11,,Active,Annual
5354,5277,1,2023-06-28,,Active,Annual
5355,5278,2,2024-02-12,,Active,Annual
5356,5279,1,2023-02-23,,Active,Monthly
5357,5280,2,2026-01-03,,Active,Monthly
5358,5280,1,2025-10-22,,Active,Annual
5359,5281,1,2026-02-28,2027-02-02,Churned,Monthly
5360,5282,2,2027-05-22,,Active,Monthly
5361,5283,1,2026-04-07,,Active,Monthly
5362,5284,1,2025-09-01,,Active,Monthly
5363,5284,1,2025-07-15,,Active,Monthly
5364,5285,2,2025-03-22,,Active,Annual
5365,5286,1,2023-07-10,,Active,Monthly
5366,5287,1,2026-03-10,,Active,Monthly
5367,5288,2,2023-08-09,2024-08-12,Churned,Annual
5368,5289,1,2025-06-25,2026-07-02,Churned,Annual
5369,5290,1,2025-08-20,2026-09-24,Churned,Annual
5370,5291,2,2027-04-13,,Active,Monthly
5371,5292,2,2024-12-19,,Active,Annual
5372,5293,1,2025-01-25,2026-01-18,Churned,Monthly
5373,5294,1,2024-10-05,2026-01-02,Churned,Monthly
5374,5295,1,2026-03-28,,Active,Annual
5375,5296,2,2025-06-28,,Active,Monthly
5376,5297,2,2025-11-20,,Active,Annual
5377,5297,3,2025-09-08,,Paused,Monthly
5378,5298,1,2025-12-29,,Active,Monthly
5379,5298,1,2026-08-05,2027-02-09,Churned,Monthly
5380,5299,1,2022-11-07,,Active,Monthly
5381,5299,2,2022-09-21,,Active,Monthly
5382,5300,3,2024-04-18,,Active,Monthly
5383,5300,2,2023-12-11,,Active,Monthly
5384,5301,2,2026-08-13,,Active,Monthly
5385,5301,2,2026-08-19,,Active,Monthly
5386,5302,2,2025-10-21,,Active,Monthly
5387,5303,2,2022-10-06,,Active,Monthly
5388,5304,2,2024-12-13,2025-04-20,Churned,Monthly
5389,5305,2,2025-10-10,,Paused,Annual
5390,5306,1,2024-01-20,,Active,Monthly
5391,5307,2,2025-12-14,,Active,Monthly
5392,5308,1,2027-02-17,,Active,Monthly
5393,5309,2,2024-10-08,2025-12-01,Churned,Monthly
5394,5309,1,2024-09-18,,Active,Monthly
5395,5310,1,2025-08-24,,Active,Monthly
5396,5311,3,2025-06-19,2026-07-30,Churned,Monthly
5397,5312,1,2024-12-06,,Active,Monthly
5398,5313,2,2027-01-11,,Active,Monthly
5399,5314,3,2023-01-13,,Active,Monthly
5400,5315,3,2026-06-05,,Active,Annual
5401,5316,1,2024-05-23,,Active,Monthly
5402,5317,2,2023-12-02,,Active,Monthly
5403,5318,1,2024-06-03,,Active,Monthly
5404,5319,1,2023-12-14,,Active,Monthly
5405,5320,2,2024-07-14,,Active,Annual
5406,5321,2,2026-06-23,,Active,Annual
5407,5322,1,2024-12-04,,Active,Monthly
5408,5323,3,2023-05-28,,Active,Annual
5409,5324,2,2027-01-09,,Active,Monthly
5410,5324,2,2026-06-15,,Active,Annual
5411,5325,1,2024-05-30,,Active,Monthly
5412,5325,1,2025-03-07,,Active,Monthly
5413,5326,2,2025-03-27,2025-12-14,Churned,Monthly
5414,5326,1,2024-10-25,,Active,Annual
5415,5327,2,2023-12-06,2024-02-12,Churned,Monthly
5416,5327,3,2024-01-17,2024-10-31,Churned,Monthly
5417,5328,3,2025-04-13,,Active,Monthly
5418,5328,1,2025-03-20,2026-01-20,Churned,Monthly
5419,5329,1,2024-12-27,,Active,Monthly
5420,5329,2,2025-07-08,,Active,Monthly
5421,5330,1,2023-12-14,,Active,Annual
5422,5331,1,2023-09-09,,Active,Monthly
5423,5332,1,2025-11-17,2027-01-07,Churned,Monthly
5424,5333,2,2026-05-29,,Active,Annual
5425,5334,1,2024-02-22,,Active,Monthly
5426,5335,1,2023-04-13,,Active,Monthly
5427,5335,1,2023-08-04,,Active,Monthly
5428,5336,2,2026-03-04,,Active,Annual
5429,5337,1,2024-08-02,,Active,Monthly
5430,5338,3,2023-03-15,,Active,Monthly
5431,5339,2,2023-03-31,,Active,Annual
5432,5340,3,2024-09-30,,Active,Monthly
5433,5341,2,2025-03-29,,Active,Monthly
5434,5341,2,2024-12-27,,Active,Annual
5435,5342,1,2022-11-22,,Active,Annual
5436,5343,2,2026-08-10,,Active,Monthly
5437,5344,2,2025-03-19,,Paused,Monthly
5438,5345,1,2026-02-07,,Active,Annual
5439,5346,1,2024-06-03,,Active,Monthly
5440,5347,2,2026-10-02,,Active,Annual
5441,5347,2,2026-08-08,2027-04-19,Churned,Monthly
5442,5348,1,2023-06-28,,Active,Monthly
5443,5349,1,2025-01-28,,Active,Annual
5444,5350,2,2026-04-01,,Active,Monthly
5445,5351,1,2025-03-02,,Active,Annual
5446,5352,2,2024-10-15,,Active,Monthly
5447,5353,2,2025-11-19,,Active,Monthly
5448,5354,2,2023-07-20,,Active,Monthly
5449,5355,2,2025-05-09,2025-12-19,Churned,Monthly
5450,5356,1,2026-12-24,,Active,Monthly
5451,5357,3,2025-07-22,2026-07-14,Churned,Annual
5452,5358,2,2024-10-30,,Active,Annual
5453,5359,2,2026-06-13,2026-09-22,Churned,Monthly
5454,5360,2,2022-08-26,,Active,Monthly
5455,5360,1,2023-06-10,,Paused,Monthly
5456,5361,1,2023-07-30,,Active,Monthly
5457,5362,1,2026-05-29,2027-09-20,Churned,Monthly
5458,5363,2,2026-06-11,2027-06-16,Churned,Annual
5459,5364,2,2026-04-14,,Active,Monthly
5460,5364,1,2026-07-31,,Active,Annual
5461,5365,2,2024-02-25,,Active,Monthly
5462,5366,3,2026-12-01,,Active,Monthly
5463,5367,1,2024-03-05,,Active,Monthly
5464,5368,1,2026-01-10,2026-08-04,Churned,Annual
5465,5369,1,2026-08-04,,Active,Monthly
5466,5370,1,2027-01-05,,Active,Monthly
5467,5370,1,2026-09-05,,Active,Monthly
5468,5371,1,2026-02-22,2026-11-03,Churned,Monthly
5469,5372,2,2025-09-24,,Active,Monthly
5470,5372,2,2025-05-28,,Active,Monthly
5471,5373,2,2022-12-01,,Active,Monthly
5472,5373,1,2023-02-12,,Active,Monthly
5473,5374,2,2024-09-03,,Active,Monthly
5474,5375,1,2026-01-30,2026-06-27,Churned,Monthly
5475,5376,2,2025-07-29,,Active,Monthly
5476,5377,2,2025-05-02,,Active,Monthly
5477,5378,1,2024-09-24,,Active,Monthly
5478,5379,1,2024-01-31,2024-03-20,Churned,Monthly
5479,5379,2,2024-02-02,2025-04-05,Churned,Monthly
5480,5380,2,2026-06-28,,Active,Monthly
5481,5381,2,2023-05-14,2024-01-16,Churned,Annual
5482,5382,1,2026-08-16,,Active,Annual
5483,5382,1,2027-03-21,2027-08-18,Churned,Monthly
5484,5383,1,2024-04-26,,Active,Monthly
5485,5384,1,2025-05-02,,Active,Monthly
5486,5384,2,2025-07-08,,Active,Monthly
5487,5385,1,2025-02-17,,Active,Annual
5488,5385,3,2025-01-25,2026-05-04,Churned,Annual
5489,5386,2,2025-08-14,,Active,Monthly
5490,5386,1,2025-12-24,,Active,Monthly
5491,5387,3,2025-12-04,,Active,Monthly
5492,5388,1,2024-12-26,2026-02-08,Churned,Monthly
5493,5388,1,2024-07-01,,Active,Monthly
5494,5389,2,2024-11-23,,Active,Monthly
5495,5389,2,2025-02-18,,Active,Annual
5496,5390,2,2025-05-29,,Active,Monthly
5497,5391,3,2023-12-08,,Active,Annual
5498,5392,1,2024-06-18,,Active,Monthly
5499,5393,2,2025-08-07,,Active,Monthly
5500,5394,1,2026-04-18,2027-07-31,Churned,Monthly
5501,5395,2,2024-06-02,2025-03-16,Churned,Monthly
5502,5396,2,2025-04-26,,Active,Monthly
5503,5397,2,2025-10-07,,Active,Monthly
5504,5398,1,2025-08-31,2026-05-17,Churned,Annual
5505,5399,2,2025-04-15,,Active,Monthly
5506,5400,1,2023-10-11,,Active,Monthly
5507,5401,2,2024-04-12,2025-06-20,Churned,Monthly
5508,5401,1,2024-07-06,2025-05-29,Churned,Annual
5509,5402,2,2027-01-20,,Active,Monthly
5510,5403,2,2025-05-20,,Active,Monthly
5511,5403,2,2025-03-23,,Paused,Monthly
5512,5404,1,2025-05-02,,Active,Monthly
5513,5405,1,2023-06-14,,Active,Monthly
5514,5405,2,2023-03-20,,Active,Monthly
5515,5406,2,2024-05-15,,Active,Monthly
5516,5407,2,2023-07-25,2024-10-03,Churned,Monthly
5517,5407,1,2023-01-10,,Active,Monthly
5518,5408,2,2027-02-16,,Active,Monthly
5519,5409,2,2023-12-17,2025-01-04,Churned,Monthly
5520,5410,1,2025-01-17,,Active,Annual
5521,5411,1,2023-01-19,,Active,Annual
5522,5412,1,2022-11-03,,Active,Monthly
5523,5413,1,2025-10-21,,Active,Annual
5524,5414,3,2023-10-01,2024-07-02,Churned,Monthly
5525,5414,1,2023-09-03,,Active,Monthly
5526,5415,2,2023-11-04,,Active,Monthly
5527,5416,2,2026-02-01,,Active,Monthly
5528,5417,2,2025-10-08,,Active,Monthly
5529,5418,2,2026-07-28,2027-06-23,Churned,Annual
5530,5419,1,2024-10-21,,Active,Monthly
5531,5420,2,2025-01-18,,Active,Monthly
5532,5421,1,2026-02-20,,Active,Annual
5533,5422,3,2026-07-28,,Active,Annual
5534,5423,2,2026-02-14,,Active,Monthly
5535,5424,1,2024-05-19,,Active,Monthly
5536,5425,1,2026-04-30,,Active,Monthly
5537,5425,1,2026-11-07,,Active,Annual
5538,5426,3,2023-05-06,,Active,Annual
5539,5427,1,2023-06-11,,Active,Annual
5540,5427,1,2023-03-30,,Active,Monthly
5541,5428,2,2025-10-14,,Active,Monthly
5542,5429,3,2023-12-28,,Active,Monthly
5543,5430,1,2023-08-23,,Active,Monthly
5544,5431,2,2024-06-10,,Active,Monthly
5545,5431,2,2025-02-22,,Active,Monthly
5546,5432,2,2025-09-18,2026-04-04,Churned,Monthly
5547,5432,1,2025-11-18,,Active,Monthly
5548,5433,3,2025-05-02,,Active,Annual
5549,5434,1,2023-01-30,,Active,Monthly
5550,5434,1,2023-01-06,,Active,Annual
5551,5435,1,2023-05-04,2023-09-22,Churned,Monthly
5552,5436,3,2026-02-21,,Active,Monthly
5553,5437,1,2025-02-25,2025-05-07,Churned,Annual
5554,5438,1,2026-04-05,,Active,Monthly
5555,5439,1,2023-09-11,,Active,Monthly
5556,5440,2,2025-11-15,,Active,Monthly
5557,5441,1,2025-04-17,,Active,Monthly
5558,5441,1,2024-08-20,,Active,Monthly
5559,5442,2,2025-04-26,,Active,Annual
5560,5443,1,2023-05-28,,Active,Monthly
5561,5444,2,2026-12-26,,Active,Monthly
5562,5445,1,2026-10-03,,Paused,Monthly
5563,5445,1,2027-01-16,,Active,Annual
5564,5446,1,2026-03-15,2026-08-15,Churned,Annual
5565,5447,2,2024-01-19,2025-05-02,Churned,Monthly
5566,5447,3,2024-09-07,2025-07-27,Churned,Monthly
5567,5448,1,2025-07-05,2026-10-21,Churned,Monthly
5568,5448,1,2025-07-09,,Active,Monthly
5569,5449,1,2024-08-29,2025-06-26,Churned,Annual
5570,5450,2,2025-04-22,,Active,Annual
5571,5451,1,2024-10-21,,Active,Monthly
5572,5452,1,2023-08-24,,Active,Monthly
5573,5453,2,2024-02-04,,Active,Monthly
5574,5454,2,2024-11-09,,Active,Monthly
5575,5455,1,2023-10-04,,Active,Monthly
5576,5455,3,2024-06-26,,Active,Monthly
5577,5456,2,2023-05-14,2023-06-16,Churned,Monthly
5578,5457,1,2025-09-06,,Active,Monthly
5579,5458,1,2026-06-04,2027-05-24,Churned,Monthly
5580,5458,1,2026-03-25,,Active,Annual
5581,5459,1,2025-11-01,,Active,Monthly
5582,5460,1,2024-10-01,,Active,Monthly
5583,5461,1,2026-02-04,,Active,Monthly
5584,5462,1,2023-08-21,,Active,Monthly
5585,5463,2,2025-06-01,,Active,Monthly
5586,5463,1,2024-12-23,,Active,Monthly
5587,5464,1,2025-02-12,,Active,Monthly
5588,5464,1,2024-12-08,,Active,Monthly
5589,5465,1,2023-06-29,,Active,Monthly
5590,5466,2,2026-07-21,2026-10-12,Churned,Monthly
5591,5467,1,2023-12-09,,Active,Monthly
5592,5468,2,2023-07-23,,Active,Monthly
5593,5469,1,2026-10-05,,Active,Monthly
5594,5470,1,2023-10-04,2024-10-10,Churned,Monthly
5595,5470,1,2024-05-14,,Active,Monthly
5596,5471,3,2025-09-19,,Active,Monthly
5597,5471,1,2025-12-30,,Active,Monthly
5598,5472,2,2023-03-05,,Active,Annual
5599,5473,2,2023-06-27,,Active,Monthly
5600,5474,1,2023-08-27,,Active,Monthly
5601,5475,1,2024-08-26,,Active,Monthly
5602,5476,1,2024-07-29,,Active,Monthly
5603,5477,2,2025-04-19,,Active,Annual
5604,5478,1,2026-10-03,,Active,Monthly
5605,5479,2,2024-07-19,,Active,Annual
5606,5479,1,2025-02-02,,Active,Monthly
5607,5480,1,2023-07-01,2024-04-07,Churned,Monthly
5608,5481,2,2025-06-14,,Paused,Monthly
5609,5482,1,2025-10-08,,Active,Annual
5610,5482,2,2025-02-21,,Active,Annual
5611,5483,3,2024-09-04,,Active,Monthly
5612,5483,1,2025-06-16,,Active,Monthly
5613,5484,3,2026-06-02,,Active,Annual
5614,5485,2,2024-05-19,,Active,Monthly
5615,5486,1,2025-06-09,,Active,Annual
5616,5487,2,2023-06-26,2024-07-27,Churned,Monthly
5617,5488,1,2023-06-22,,Active,Monthly
5618,5489,2,2024-11-18,,Active,Monthly
5619,5489,1,2025-03-14,,Active,Monthly
5620,5490,3,2023-01-30,,Active,Monthly
5621,5491,1,2024-06-30,2025-10-06,Churned,Monthly
5622,5491,1,2024-05-14,,Active,Monthly
5623,5492,2,2024-02-20,,Active,Monthly
5624,5493,2,2023-03-25,,Active,Monthly
5625,5494,1,2025-10-27,,Active,Monthly
5626,5495,1,2025-01-05,2025-05-25,Churned,Monthly
5627,5495,2,2024-11-08,,Active,Monthly
5628,5496,1,2027-01-28,,Active,Monthly
5629,5497,2,2024-05-16,,Active,Monthly
5630,5498,1,2023-03-15,,Active,Monthly
5631,5498,1,2023-08-27,2024-10-03,Churned,Monthly
5632,5499,1,2024-12-02,2025-07-19,Churned,Annual
5633,5500,1,2024-04-06,,Active,Annual
5634,5500,1,2023-12-25,2024-10-03,Churned,Annual
5635,5501,1,2025-04-29,2025-06-05,Churned,Monthly
5636,5501,1,2025-06-30,,Active,Annual
5637,5502,1,2024-03-21,,Active,Monthly
5638,5503,1,2025-10-17,2026-04-21,Churned,Annual
5639,5503,1,2026-04-04,,Active,Monthly
5640,5504,3,2022-12-08,,Active,Annual
5641,5505,1,2027-01-31,,Active,Annual
5642,5506,1,2023-04-27,2023-11-14,Churned,Monthly
5643,5506,2,2023-08-09,,Active,Annual
5644,5507,1,2023-01-22,,Active,Monthly
5645,5508,1,2026-04-28,2026-11-17,Churned,Annual
5646,5508,3,2026-02-27,,Active,Monthly
5647,5509,2,2023-05-01,,Active,Monthly
5648,5510,2,2026-03-15,2026-12-06,Churned,Monthly
5649,5510,2,2026-06-27,,Active,Monthly
5650,5511,3,2024-12-12,,Active,Monthly
5651,5511,1,2025-01-11,2025-11-13,Churned,Annual
5652,5512,1,2026-09-06,2027-06-23,Churned,Monthly
5653,5512,1,2026-07-20,,Active,Annual
5654,5513,1,2023-12-05,2025-02-18,Churned,Monthly
5655,5514,1,2026-10-13,,Active,Annual
5656,5514,1,2026-09-25,,Active,Monthly
5657,5515,2,2024-07-20,,Active,Monthly
5658,5515,1,2024-06-29,,Paused,Annual
5659,5516,1,2022-12-24,,Active,Annual
5660,5517,2,2024-12-05,,Active,Monthly
5661,5518,1,2023-09-22,2024-01-03,Churned,Annual
5662,5518,2,2023-09-02,,Paused,Monthly
5663,5519,1,2023-05-10,,Active,Monthly
5664,5520,1,2025-04-02,,Active,Monthly
5665,5521,3,2026-03-23,,Active,Monthly
5666,5522,2,2025-06-11,2026-06-21,Churned,Monthly
5667,5523,1,2024-11-09,,Active,Monthly
5668,5524,1,2023-08-07,,Active,Monthly
5669,5525,1,2026-02-12,,Paused,Monthly
5670,5526,2,2023-05-10,,Active,Annual
5671,5526,2,2024-02-20,,Active,Monthly
5672,5527,2,2022-07-16,2022-10-08,Churned,Monthly
5673,5528,1,2024-02-14,,Active,Monthly
5674,5529,2,2024-07-01,2025-03-08,Churned,Monthly
5675,5530,1,2026-06-09,,Active,Monthly
5676,5531,1,2027-01-06,,Active,Annual
5677,5532,3,2023-09-20,,Active,Monthly
5678,5533,2,2023-10-30,,Active,Monthly
5679,5534,2,2023-04-16,,Active,Monthly
5680,5535,1,2024-03-18,,Active,Monthly
5681,5536,1,2025-08-15,2026-02-10,Churned,Monthly
5682,5537,1,2023-10-17,2024-06-26,Churned,Annual
5683,5538,2,2023-08-31,,Active,Monthly
5684,5539,1,2023-06-11,,Active,Monthly
5685,5539,1,2024-01-14,2024-05-24,Churned,Monthly
5686,5540,2,2025-10-21,,Active,Monthly
5687,5540,2,2026-02-04,,Active,Annual
5688,5541,2,2024-11-27,2025-10-16,Churned,Monthly
5689,5542,1,2025-03-24,,Active,Monthly
5690,5542,1,2024-11-09,,Paused,Monthly
5691,5543,2,2025-09-13,2026-10-20,Churned,Annual
5692,5544,2,2023-04-13,,Active,Monthly
5693,5545,2,2022-12-17,,Paused,Monthly
5694,5546,1,2026-11-19,,Active,Annual
5695,5547,1,2026-10-28,,Active,Monthly
5696,5548,2,2025-09-30,2026-07-21,Churned,Monthly
5697,5549,3,2024-03-17,,Active,Monthly
5698,5550,2,2023-10-19,2025-01-29,Churned,Monthly
5699,5551,1,2024-07-15,,Active,Monthly
5700,5551,2,2024-03-18,,Active,Annual
5701,5552,2,2025-01-23,,Active,Annual
5702,5553,2,2025-02-18,,Active,Monthly
5703,5554,2,2025-09-08,2026-11-19,Churned,Monthly
5704,5555,1,2024-06-19,,Active,Monthly
5705,5556,1,2024-07-07,,Active,Monthly
5706,5557,1,2022-11-14,2023-10-15,Churned,Monthly
5707,5558,3,2023-08-11,,Active,Monthly
5708,5558,2,2023-02-18,,Active,Monthly
5709,5559,1,2023-08-22,,Active,Annual
5710,5560,1,2023-08-31,,Active,Monthly
5711,5561,1,2025-03-29,,Active,Monthly
5712,5562,1,2027-03-03,,Active,Monthly
5713,5563,1,2024-02-09,,Active,Annual
5714,5563,2,2024-10-10,2025-05-13,Churned,Monthly
5715,5564,1,2023-06-04,,Active,Monthly
5716,5565,2,2025-08-04,,Active,Monthly
5717,5566,1,2024-06-12,,Active,Monthly
5718,5567,2,2026-09-17,2026-11-13,Churned,Monthly
5719,5568,1,2023-05-02,2024-08-25,Churned,Monthly
5720,5569,2,2023-05-26,,Active,Monthly
5721,5570,1,2025-06-04,,Active,Annual
5722,5571,1,2026-06-25,,Active,Monthly
5723,5572,1,2024-04-08,2025-08-07,Churned,Monthly
5724,5572,1,2024-10-25,2025-08-22,Churned,Monthly
5725,5573,1,2022-09-16,,Active,Monthly
5726,5574,2,2024-06-23,,Active,Monthly
5727,5574,3,2024-09-18,,Active,Monthly
5728,5575,1,2024-08-31,,Active,Monthly
5729,5576,2,2026-04-13,2026-06-30,Churned,Monthly
5730,5577,3,2023-12-08,,Active,Monthly
5731,5577,1,2023-08-13,2023-11-10,Churned,Monthly
5732,5578,2,2025-06-07,,Active,Annual
5733,5579,1,2023-06-18,,Active,Monthly
5734,5579,1,2023-07-14,2023-08-29,Churned,Monthly
5735,5580,1,2026-12-23,2027-02-19,Churned,Monthly
5736,5581,2,2023-06-30,2023-09-11,Churned,Monthly
5737,5582,1,2023-08-05,,Active,Monthly
5738,5583,1,2024-10-30,,Active,Monthly
5739,5584,1,2023-06-28,,Active,Annual
5740,5585,1,2024-05-22,,Active,Monthly
5741,5586,3,2025-08-05,,Active,Monthly
5742,5587,2,2022-11-03,,Active,Monthly
5743,5587,3,2022-11-21,,Active,Monthly
5744,5588,2,2025-03-03,,Active,Monthly
5745,5588,3,2025-05-11,,Active,Monthly
5746,5589,1,2023-02-23,,Paused,Monthly
5747,5590,3,2024-10-07,,Active,Monthly
5748,5591,1,2025-05-17,,Active,Monthly
5749,5592,1,2023-03-27,,Active,Monthly
5750,5593,1,2026-04-01,,Active,Annual
5751,5593,2,2026-05-15,2026-11-23,Churned,Annual
5752,5594,1,2027-03-01,2027-11-20,Churned,Monthly
5753,5594,1,2027-02-24,,Active,Monthly
5754,5595,1,2026-03-13,,Active,Monthly
5755,5595,3,2026-01-10,,Active,Monthly
5756,5596,2,2024-01-17,,Active,Monthly
5757,5596,1,2023-12-09,,Active,Monthly
5758,5597,1,2024-03-26,,Active,Monthly
5759,5598,2,2024-08-09,,Active,Annual
5760,5598,1,2024-11-18,,Active,Annual
5761,5599,1,2026-09-28,,Paused,Monthly
5762,5600,1,2025-12-03,,Active,Monthly
5763,5601,1,2024-04-15,,Active,Monthly
5764,5602,1,2023-04-06,,Active,Monthly
5765,5603,1,2024-05-12,,Active,Monthly
5766,5604,1,2025-12-31,2026-07-21,Churned,Monthly
5767,5605,2,2025-10-24,,Active,Monthly
5768,5605,1,2025-09-15,2026-02-23,Churned,Monthly
5769,5606,1,2026-02-27,2026-10-19,Churned,Monthly
5770,5607,1,2023-02-01,,Active,Monthly
5771,5608,1,2024-01-31,2025-02-27,Churned,Monthly
5772,5609,2,2026-03-26,,Active,Monthly
5773,5610,3,2026-03-24,2027-03-31,Churned,Monthly
5774,5611,3,2024-11-23,,Active,Monthly
5775,5612,1,2027-01-15,,Active,Monthly
5776,5612,1,2026-08-03,,Active,Annual
5777,5613,1,2025-03-15,,Active,Monthly
5778,5614,1,2022-10-01,,Active,Monthly
5779,5615,2,2024-04-03,2024-07-24,Churned,Annual
5780,5616,1,2026-10-22,,Active,Annual
5781,5616,3,2026-09-05,2027-10-11,Churned,Annual
5782,5617,2,2024-04-09,2024-11-30,Churned,Monthly
5783,5618,1,2023-10-09,,Active,Annual
5784,5619,3,2024-01-01,,Active,Monthly
5785,5620,1,2025-11-02,,Active,Annual
5786,5621,1,2023-08-31,,Active,Monthly
5787,5622,3,2026-04-09,,Active,Annual
5788,5623,3,2024-09-14,2025-12-01,Churned,Monthly
5789,5623,1,2025-01-08,2025-02-13,Churned,Monthly
5790,5624,1,2025-02-24,,Active,Monthly
5791,5625,2,2024-05-22,,Active,Annual
5792,5625,1,2024-05-06,,Active,Monthly
5793,5626,1,2022-08-31,,Active,Monthly
5794,5627,1,2026-02-17,,Active,Monthly
5795,5627,1,2026-11-15,,Active,Annual
5796,5628,1,2023-09-12,,Active,Monthly
5797,5628,2,2023-05-21,,Active,Monthly
5798,5629,3,2026-10-21,,Active,Monthly
5799,5629,3,2027-03-23,2027-08-05,Churned,Monthly
5800,5630,2,2026-02-09,,Active,Monthly
5801,5630,3,2026-08-15,2027-05-13,Churned,Monthly
5802,5631,1,2026-12-08,,Active,Monthly
5803,5631,1,2026-10-11,,Paused,Monthly
5804,5632,3,2024-05-03,,Active,Annual
5805,5633,1,2025-09-30,,Active,Monthly
5806,5634,2,2025-08-08,,Active,Monthly
5807,5635,2,2023-12-20,2024-05-01,Churned,Monthly
5808,5636,2,2025-07-12,,Active,Monthly
5809,5637,2,2026-07-10,,Active,Monthly
5810,5638,1,2025-01-24,,Active,Annual
5811,5638,1,2025-02-27,,Paused,Monthly
5812,5639,1,2024-10-26,2025-11-30,Churned,Monthly
5813,5639,1,2024-10-27,,Active,Monthly
5814,5640,1,2024-10-13,2025-02-06,Churned,Monthly
5815,5640,2,2024-12-29,,Active,Monthly
5816,5641,2,2024-01-31,,Active,Annual
5817,5642,2,2023-11-09,,Paused,Monthly
5818,5643,1,2025-12-12,,Active,Monthly
5819,5643,2,2025-08-06,,Active,Monthly
5820,5644,2,2022-12-30,,Active,Monthly
5821,5645,1,2024-10-01,,Active,Monthly
5822,5646,1,2026-03-08,,Active,Monthly
5823,5647,2,2023-10-31,,Active,Monthly
5824,5647,1,2024-04-11,,Active,Monthly
5825,5648,1,2024-05-30,,Paused,Monthly
5826,5649,2,2024-06-17,,Active,Annual
5827,5650,2,2023-11-06,,Active,Monthly
5828,5651,2,2024-06-08,,Active,Annual
5829,5651,1,2024-03-16,,Active,Monthly
5830,5652,2,2023-06-10,,Active,Annual
5831,5653,1,2026-02-25,,Active,Monthly
5832,5654,1,2024-01-29,,Active,Monthly
5833,5654,1,2024-04-06,2025-08-15,Churned,Monthly
5834,5655,2,2023-08-29,,Active,Monthly
5835,5656,2,2024-03-20,,Active,Monthly
5836,5657,1,2023-10-30,,Active,Monthly
5837,5657,1,2023-12-19,,Active,Monthly
5838,5658,3,2024-01-25,2024-04-24,Churned,Monthly
5839,5659,1,2025-08-09,,Active,Monthly
5840,5659,1,2025-06-08,,Active,Monthly
5841,5660,1,2026-04-29,,Active,Monthly
5842,5661,1,2026-12-16,,Active,Monthly
5843,5662,2,2026-03-20,2027-05-18,Churned,Monthly
5844,5662,2,2026-03-03,,Active,Monthly
5845,5663,2,2023-05-20,2024-04-17,Churned,Monthly
5846,5664,1,2025-05-11,,Active,Monthly
5847,5665,1,2024-12-04,,Active,Monthly
5848,5666,1,2025-10-16,,Active,Annual
5849,5667,1,2025-12-03,2026-06-02,Churned,Monthly
5850,5668,1,2023-08-10,,Active,Monthly
5851,5668,2,2023-07-08,,Active,Annual
5852,5669,1,2024-10-15,2024-12-17,Churned,Monthly
5853,5670,2,2026-03-29,,Active,Monthly
5854,5671,2,2024-08-29,,Active,Annual
5855,5672,2,2024-06-30,,Active,Monthly
5856,5672,2,2024-02-22,,Active,Annual
5857,5673,2,2024-09-10,,Active,Monthly
5858,5674,3,2026-07-27,,Active,Annual
5859,5675,3,2024-01-22,,Active,Monthly
5860,5676,2,2022-11-29,,Active,Monthly
5861,5677,1,2026-06-07,,Active,Monthly
5862,5678,2,2024-07-24,,Active,Annual
5863,5679,2,2023-05-08,,Active,Monthly
5864,5680,1,2025-10-30,2026-10-29,Churned,Monthly
5865,5681,2,2025-09-21,,Active,Monthly
5866,5681,2,2024-11-10,,Active,Monthly
5867,5682,3,2024-07-06,,Active,Monthly
5868,5682,2,2024-10-13,,Active,Annual
5869,5683,2,2025-11-22,,Active,Monthly
5870,5684,1,2025-09-26,,Active,Annual
5871,5685,1,2025-01-19,,Active,Monthly
5872,5686,2,2024-09-09,,Active,Annual
5873,5686,1,2024-03-21,,Active,Monthly
5874,5687,1,2026-08-15,2027-10-22,Churned,Monthly
5875,5687,1,2026-04-18,,Active,Annual
5876,5688,2,2026-08-19,,Active,Monthly
5877,5689,1,2025-07-03,,Active,Monthly
5878,5690,2,2025-03-11,,Active,Monthly
5879,5690,3,2025-08-18,,Active,Annual
5880,5691,1,2026-09-29,,Active,Monthly
5881,5692,2,2025-11-16,2027-02-24,Churned,Annual
5882,5693,1,2023-09-21,,Active,Monthly
5883,5694,1,2025-08-22,2025-12-22,Churned,Annual
5884,5694,2,2025-12-12,,Active,Monthly
5885,5695,1,2026-06-28,,Active,Monthly
5886,5695,2,2026-11-03,2027-10-28,Churned,Annual
5887,5696,2,2024-08-21,2024-10-28,Churned,Monthly
5888,5697,1,2026-10-24,,Active,Monthly
5889,5697,1,2027-02-22,2027-11-30,Churned,Monthly
5890,5698,1,2025-02-22,2025-08-21,Churned,Monthly
5891,5699,2,2025-02-27,,Active,Annual
5892,5700,1,2025-03-25,,Active,Monthly
5893,5700,1,2025-03-10,2025-06-01,Churned,Monthly
5894,5701,3,2026-10-30,2027-09-24,Churned,Monthly
5895,5701,1,2026-04-08,2027-08-11,Churned,Monthly
5896,5702,1,2026-07-30,,Active,Monthly
5897,5703,1,2023-11-22,2025-03-21,Churned,Monthly
5898,5703,2,2024-03-30,2024-11-18,Churned,Monthly
5899,5704,1,2025-06-03,2026-04-08,Churned,Annual
5900,5705,1,2023-04-05,,Active,Annual
5901,5706,3,2025-08-01,,Active,Monthly
5902,5706,1,2025-07-21,,Active,Monthly
5903,5707,2,2027-02-17,2027-04-04,Churned,Monthly
5904,5707,2,2026-07-31,,Active,Annual
5905,5708,2,2027-01-09,2028-05-22,Churned,Annual
5906,5709,2,2023-08-28,,Active,Annual
5907,5710,1,2024-06-17,,Active,Monthly
5908,5710,2,2024-11-04,,Active,Monthly
5909,5711,1,2026-01-22,,Paused,Monthly
5910,5712,1,2026-01-10,,Active,Monthly
5911,5713,1,2026-04-06,,Active,Annual
5912,5714,1,2025-02-02,,Active,Annual
5913,5715,1,2025-03-28,2026-05-20,Churned,Monthly
5914,5716,1,2024-10-25,,Active,Monthly
5915,5717,2,2023-01-12,,Active,Annual
5916,5718,2,2026-09-09,,Active,Monthly
5917,5719,2,2024-07-02,,Active,Monthly
5918,5719,1,2024-02-26,,Active,Annual
5919,5720,2,2022-12-27,,Active,Monthly
5920,5721,3,2025-02-18,,Paused,Annual
5921,5722,1,2023-06-15,,Active,Monthly
5922,5723,3,2024-04-23,,Active,Monthly
5923,5723,1,2024-04-20,,Paused,Monthly
5924,5724,2,2022-08-18,,Active,Monthly
5925,5725,2,2024-08-05,,Active,Monthly
5926,5726,2,2023-09-08,,Active,Annual
5927,5726,3,2023-07-01,,Active,Monthly
5928,5727,3,2026-05-23,,Active,Annual
5929,5728,1,2025-08-16,,Active,Annual
5930,5729,1,2024-11-22,,Paused,Monthly
5931,5729,2,2025-01-27,,Active,Monthly
5932,5730,1,2025-06-24,2026-10-19,Churned,Annual
5933,5731,1,2024-12-05,,Active,Annual
5934,5732,1,2024-12-24,,Active,Annual
5935,5733,1,2026-05-31,,Active,Monthly
5936,5734,1,2025-02-27,2026-04-30,Churned,Monthly
5937,5734,1,2024-08-17,2024-12-08,Churned,Monthly
5938,5735,1,2023-12-15,,Active,Monthly
5939,5736,3,2025-03-01,,Paused,Monthly
5940,5737,2,2025-02-11,,Active,Annual
5941,5738,1,2024-12-22,,Active,Monthly
5942,5739,1,2026-07-14,,Active,Monthly
5943,5739,1,2027-04-17,,Active,Monthly
5944,5740,1,2027-03-18,2027-05-15,Churned,Annual
5945,5741,2,2023-01-26,,Active,Annual
5946,5742,2,2023-09-03,,Active,Monthly
5947,5743,1,2026-06-26,,Active,Monthly
5948,5744,2,2026-01-20,2026-06-03,Churned,Annual
5949,5744,1,2025-10-13,,Active,Monthly
5950,5745,2,2026-08-11,2027-04-26,Churned,Annual
5951,5746,1,2025-06-19,2026-01-25,Churned,Monthly
5952,5747,2,2026-03-30,2026-12-01,Churned,Monthly
5953,5748,2,2024-01-28,,Active,Annual
5954,5748,3,2024-05-27,,Active,Monthly
5955,5749,1,2023-01-31,,Active,Monthly
5956,5750,2,2025-02-06,,Active,Monthly
5957,5751,3,2026-04-03,2027-05-17,Churned,Monthly
5958,5752,2,2025-10-11,,Active,Monthly
5959,5752,1,2025-06-27,2026-07-23,Churned,Monthly
5960,5753,1,2024-04-18,,Active,Annual
5961,5754,1,2026-10-14,2027-02-28,Churned,Monthly
5962,5755,1,2024-09-30,2025-09-22,Churned,Monthly
5963,5756,1,2026-03-31,,Paused,Annual
5964,5757,3,2024-03-19,,Active,Monthly
5965,5757,2,2023-09-24,,Active,Monthly
5966,5758,1,2025-01-30,,Active,Monthly
5967,5759,1,2026-01-15,,Active,Monthly
5968,5760,1,2024-02-13,,Active,Monthly
5969,5760,1,2023-12-30,,Active,Monthly
5970,5761,1,2022-08-03,,Active,Monthly
5971,5762,1,2023-06-15,,Active,Monthly
5972,5763,1,2023-05-13,,Active,Annual
5973,5764,1,2024-12-29,,Active,Annual
5974,5765,1,2025-01-17,2025-10-13,Churned,Annual
5975,5765,1,2025-09-22,,Active,Monthly
5976,5766,1,2027-01-31,,Active,Monthly
5977,5767,2,2025-02-20,,Active,Monthly
5978,5767,1,2025-02-28,2026-04-30,Churned,Monthly
5979,5768,3,2024-08-02,,Active,Annual
5980,5769,2,2025-07-24,2026-05-10,Churned,Monthly
5981,5770,1,2024-08-14,2025-07-09,Churned,Annual
5982,5771,2,2024-05-29,,Active,Annual
5983,5771,2,2024-10-17,,Active,Annual
5984,5772,2,2023-05-31,,Active,Monthly
5985,5773,2,2024-09-25,2024-12-18,Churned,Monthly
5986,5774,2,2024-12-07,,Active,Annual
5987,5775,1,2024-08-07,,Active,Monthly
5988,5776,1,2024-12-04,,Active,Annual
5989,5777,2,2026-04-27,,Active,Annual
5990,5778,2,2024-05-24,,Active,Monthly
5991,5778,1,2024-07-27,,Active,Annual
5992,5779,1,2023-08-20,,Active,Monthly
5993,5780,1,2024-09-10,,Active,Annual
5994,5781,1,2026-04-15,,Active,Annual
5995,5782,2,2023-03-28,,Active,Monthly
5996,5782,2,2023-06-09,2024-03-09,Churned,Annual
5997,5783,2,2024-12-25,2026-01-26,Churned,Monthly
5998,5783,3,2024-05-26,,Paused,Monthly
5999,5784,1,2026-11-25,,Active,Monthly
6000,5784,1,2026-05-17,,Active,Monthly
6001,5785,2,2023-10-11,2024-09-08,Churned,Monthly
6002,5786,1,2024-03-27,,Active,Monthly
6003,5787,2,2027-02-07,2027-11-12,Churned,Monthly
6004,5788,2,2026-01-28,,Active,Monthly
6005,5789,2,2023-04-28,,Active,Annual
6006,5789,2,2023-05-07,,Active,Monthly
6007,5790,1,2024-12-25,,Active,Monthly
6008,5791,2,2023-01-18,,Active,Monthly
6009,5792,1,2024-08-30,,Active,Monthly
6010,5793,2,2024-07-19,,Active,Monthly
6011,5794,3,2025-06-30,,Active,Monthly
6012,5794,1,2026-02-13,,Active,Monthly
6013,5795,1,2025-12-01,,Active,Annual
6014,5796,1,2023-03-22,,Active,Monthly
6015,5796,2,2023-06-27,2024-08-13,Churned,Monthly
6016,5797,3,2025-03-25,,Active,Monthly
6017,5798,1,2023-08-25,,Active,Monthly
6018,5799,2,2023-06-14,,Active,Monthly
6019,5799,3,2023-10-04,,Active,Monthly
6020,5800,3,2025-07-08,,Active,Annual
6021,5800,1,2025-10-16,,Active,Monthly
6022,5801,1,2024-11-03,2025-01-16,Churned,Monthly
6023,5802,1,2026-08-06,,Active,Monthly
6024,5802,1,2026-02-22,,Active,Monthly
6025,5803,1,2025-04-15,,Active,Monthly
6026,5803,1,2025-04-05,,Active,Monthly
6027,5804,1,2024-05-17,,Active,Annual
6028,5805,1,2024-05-31,,Active,Annual
6029,5806,2,2025-07-10,,Paused,Monthly
6030,5807,1,2024-03-06,,Active,Monthly
6031,5808,1,2025-08-20,,Active,Annual
6032,5809,3,2023-05-02,2024-02-20,Churned,Annual
6033,5810,2,2025-07-29,,Active,Monthly
6034,5811,1,2025-05-11,,Active,Monthly
6035,5811,2,2025-10-29,,Active,Monthly
6036,5812,3,2026-08-07,2027-03-25,Churned,Monthly
6037,5813,1,2024-04-02,,Active,Annual
6038,5814,3,2023-12-30,,Active,Monthly
6039,5815,1,2024-04-21,,Paused,Monthly
6040,5816,1,2025-01-25,,Active,Monthly
6041,5817,1,2025-10-14,,Active,Monthly
6042,5818,1,2023-08-20,,Active,Monthly
6043,5819,2,2025-01-07,,Active,Annual
6044,5820,1,2025-08-05,,Active,Annual
6045,5820,1,2025-09-07,,Active,Monthly
6046,5821,3,2024-05-30,,Active,Monthly
6047,5821,1,2024-03-06,,Active,Monthly
6048,5822,1,2026-03-08,,Active,Monthly
6049,5823,1,2025-10-05,,Active,Monthly
6050,5824,2,2024-11-16,2026-02-20,Churned,Monthly
6051,5825,1,2027-02-02,,Paused,Monthly
6052,5826,2,2026-08-05,,Active,Monthly
6053,5827,2,2023-10-10,,Active,Annual
6054,5828,1,2023-10-20,,Active,Annual
6055,5829,2,2026-05-28,,Active,Annual
6056,5830,2,2024-12-23,,Active,Monthly
6057,5831,2,2023-04-05,,Active,Monthly
6058,5832,1,2026-11-11,,Active,Monthly
6059,5832,1,2026-05-08,,Active,Monthly
6060,5833,1,2023-09-26,,Active,Monthly
6061,5834,3,2026-01-07,,Active,Annual
6062,5835,2,2025-01-28,,Active,Annual
6063,5836,3,2025-09-01,,Active,Annual
6064,5837,1,2026-02-23,,Active,Monthly
6065,5838,1,2025-12-30,,Active,Monthly
6066,5839,2,2023-11-13,2025-02-17,Churned,Monthly
6067,5839,1,2023-10-01,,Active,Monthly
6068,5840,1,2025-02-16,,Active,Monthly
6069,5840,2,2024-05-20,,Active,Monthly
6070,5841,2,2025-05-09,,Active,Monthly
6071,5842,2,2025-09-30,,Active,Monthly
6072,5843,1,2023-01-22,,Active,Monthly
6073,5844,2,2024-01-01,,Active,Monthly
6074,5844,1,2024-11-07,,Paused,Monthly
6075,5845,2,2023-07-23,,Active,Monthly
6076,5846,1,2023-05-29,2024-04-13,Churned,Monthly
6077,5847,1,2026-07-11,,Active,Monthly
6078,5847,1,2026-11-21,,Active,Monthly
6079,5848,2,2023-09-24,,Active,Monthly
6080,5848,2,2023-05-31,,Active,Monthly
6081,5849,1,2023-05-30,2024-04-24,Churned,Monthly
6082,5850,2,2025-07-14,,Active,Monthly
6083,5851,1,2024-07-07,,Active,Monthly
6084,5852,3,2025-04-24,,Active,Monthly
6085,5853,1,2023-11-24,,Active,Monthly
6086,5853,2,2023-07-23,,Active,Monthly
6087,5854,2,2025-02-20,,Active,Monthly
6088,5855,1,2024-05-05,,Active,Monthly
6089,5856,1,2023-05-20,,Active,Monthly
6090,5857,1,2026-09-27,,Active,Monthly
6091,5857,2,2026-09-30,,Active,Monthly
6092,5858,2,2023-10-26,,Active,Monthly
6093,5859,2,2024-03-05,,Active,Annual
6094,5859,2,2024-08-26,,Active,Monthly
6095,5860,2,2024-11-13,,Active,Annual
6096,5861,1,2025-11-23,2027-03-20,Churned,Monthly
6097,5862,2,2024-12-15,,Active,Monthly
6098,5863,1,2026-02-13,,Active,Monthly
6099,5863,1,2026-10-16,,Active,Monthly
6100,5864,1,2026-12-28,,Active,Monthly
6101,5864,1,2026-05-10,,Active,Monthly
6102,5865,1,2024-07-15,,Active,Monthly
6103,5866,1,2026-02-20,2027-06-15,Churned,Monthly
6104,5867,1,2024-10-20,,Active,Monthly
6105,5868,1,2025-03-04,,Active,Monthly
6106,5869,2,2024-10-17,,Active,Monthly
6107,5870,1,2022-12-02,,Active,Monthly
6108,5871,1,2025-09-26,,Paused,Monthly
6109,5872,2,2025-10-23,,Active,Monthly
6110,5873,3,2024-05-11,,Active,Annual
6111,5873,1,2024-06-27,2025-02-26,Churned,Annual
6112,5874,2,2025-03-27,,Active,Annual
6113,5875,2,2023-01-17,,Active,Monthly
6114,5876,1,2026-02-01,2026-12-13,Churned,Monthly
6115,5877,1,2024-02-17,,Active,Monthly
6116,5878,3,2024-10-15,,Active,Monthly
6117,5879,2,2024-05-13,2025-09-16,Churned,Monthly
6118,5879,1,2024-02-23,,Active,Monthly
6119,5880,1,2025-05-10,,Active,Annual
6120,5880,1,2025-03-05,,Active,Monthly
6121,5881,1,2026-11-14,,Active,Monthly
6122,5881,1,2026-03-16,,Active,Monthly
6123,5882,1,2024-01-31,2024-05-23,Churned,Monthly
6124,5883,1,2024-07-05,,Active,Annual
6125,5884,1,2024-02-01,,Active,Monthly
6126,5885,2,2025-09-05,,Active,Monthly
6127,5886,2,2025-11-26,2026-11-03,Churned,Annual
6128,5887,1,2024-06-05,2025-10-18,Churned,Monthly
6129,5888,1,2025-12-07,,Active,Annual
6130,5888,1,2026-07-24,,Active,Monthly
6131,5889,2,2026-09-07,,Active,Monthly
6132,5890,1,2023-09-04,,Active,Monthly
6133,5891,1,2023-07-16,,Active,Monthly
6134,5892,1,2023-03-24,,Active,Monthly
6135,5892,2,2023-08-11,2024-03-08,Churned,Monthly
6136,5893,2,2024-03-06,,Active,Monthly
6137,5893,1,2024-02-09,,Active,Monthly
6138,5894,1,2024-02-25,,Active,Annual
6139,5895,3,2026-01-18,,Active,Monthly
6140,5896,1,2025-11-08,,Active,Monthly
6141,5897,1,2024-09-23,,Active,Monthly
6142,5898,2,2026-12-05,,Active,Annual
6143,5898,2,2026-01-23,,Active,Monthly
6144,5899,3,2023-02-13,2023-10-11,Churned,Monthly
6145,5900,1,2026-02-14,2026-10-15,Churned,Monthly
6146,5901,2,2025-10-04,,Active,Monthly
6147,5902,1,2023-12-13,,Active,Monthly
6148,5903,2,2025-10-23,,Active,Monthly
6149,5903,2,2025-10-24,,Active,Annual
6150,5904,3,2026-02-03,,Active,Annual
6151,5905,1,2023-01-18,,Active,Monthly
6152,5905,1,2023-03-08,,Active,Monthly
6153,5906,3,2023-08-02,2023-11-02,Churned,Annual
6154,5906,1,2023-04-28,,Active,Monthly
6155,5907,1,2024-08-21,,Active,Monthly
6156,5908,1,2026-03-20,,Active,Monthly
6157,5909,2,2025-09-15,2025-12-18,Churned,Annual
6158,5909,1,2025-06-07,2025-07-09,Churned,Monthly
6159,5910,2,2025-01-31,,Active,Monthly
6160,5910,1,2025-08-08,,Active,Monthly
6161,5911,2,2026-07-26,,Active,Monthly
6162,5912,2,2023-08-05,,Active,Monthly
6163,5912,2,2023-03-19,,Active,Monthly
6164,5913,1,2023-03-03,,Paused,Annual
6165,5914,2,2027-01-15,,Active,Annual
6166,5915,2,2024-10-02,,Paused,Monthly
6167,5916,1,2026-10-27,,Active,Monthly
6168,5917,2,2025-08-20,,Active,Monthly
6169,5918,2,2025-07-02,,Active,Monthly
6170,5919,2,2026-01-24,2026-11-15,Churned,Monthly
6171,5919,1,2025-05-30,,Active,Annual
6172,5920,1,2023-06-10,,Active,Monthly
6173,5921,1,2023-03-27,,Active,Monthly
6174,5921,1,2023-12-17,,Active,Monthly
6175,5922,2,2023-04-03,,Active,Monthly
6176,5923,1,2024-02-27,,Active,Monthly
6177,5924,2,2025-12-26,,Active,Monthly
6178,5925,1,2026-06-09,,Active,Monthly
6179,5925,1,2026-07-19,,Active,Monthly
6180,5926,1,2025-07-24,,Active,Monthly
6181,5927,1,2024-10-31,,Active,Annual
6182,5927,2,2025-04-03,,Active,Monthly
6183,5928,1,2025-02-14,,Active,Annual
6184,5929,1,2026-07-20,,Active,Annual
6185,5930,1,2025-02-05,,Active,Monthly
6186,5931,2,2023-04-18,,Active,Monthly
6187,5932,3,2026-03-01,,Active,Annual
6188,5933,1,2025-06-13,2025-12-30,Churned,Monthly
6189,5934,2,2023-08-21,,Active,Monthly
6190,5934,1,2023-02-05,,Active,Monthly
6191,5935,1,2024-03-13,,Active,Annual
6192,5936,1,2024-12-19,,Active,Monthly
6193,5937,2,2023-06-14,,Active,Monthly
6194,5938,2,2024-08-31,,Active,Annual
6195,5939,1,2026-02-13,,Active,Monthly
6196,5940,1,2025-05-07,,Active,Monthly
6197,5941,1,2022-12-30,,Active,Monthly
6198,5941,1,2023-11-11,,Active,Monthly
6199,5942,1,2027-01-03,,Active,Annual
6200,5943,2,2026-10-30,,Active,Monthly
6201,5944,3,2023-08-18,,Paused,Monthly
6202,5945,1,2026-03-02,,Active,Monthly
6203,5945,1,2025-11-13,,Active,Monthly
6204,5946,3,2026-07-06,,Active,Annual
6205,5947,2,2025-01-27,,Active,Annual
6206,5948,1,2023-10-20,,Paused,Monthly
6207,5949,1,2025-07-10,2026-01-01,Churned,Monthly
6208,5950,1,2025-06-13,,Active,Annual
6209,5951,2,2025-12-04,,Active,Monthly
6210,5952,1,2023-03-03,,Active,Monthly
6211,5953,3,2027-04-25,,Active,Monthly
6212,5953,2,2027-01-27,2027-06-13,Churned,Annual
6213,5954,2,2025-12-26,,Active,Monthly
6214,5955,1,2024-06-25,,Active,Monthly
6215,5956,2,2024-01-16,,Active,Monthly
6216,5956,2,2024-02-23,,Active,Monthly
6217,5957,1,2023-07-06,,Active,Monthly
6218,5958,1,2023-10-24,,Active,Annual
6219,5959,1,2024-04-14,,Active,Monthly
6220,5959,1,2024-03-06,,Active,Monthly
6221,5960,1,2025-08-04,2025-10-01,Churned,Annual
6222,5961,1,2027-01-09,,Active,Annual
6223,5961,1,2026-03-16,,Active,Monthly
6224,5962,2,2026-03-11,,Active,Monthly
6225,5963,1,2025-10-26,,Active,Monthly
6226,5963,1,2025-11-15,2026-11-27,Churned,Monthly
6227,5964,2,2025-10-18,,Active,Monthly
6228,5965,3,2026-08-23,,Active,Monthly
6229,5965,1,2025-12-25,2026-05-06,Churned,Monthly
6230,5966,1,2024-02-21,,Active,Monthly
6231,5967,1,2025-04-15,,Active,Annual
6232,5968,2,2024-09-27,,Active,Monthly
6233,5969,1,2022-10-04,,Active,Annual
6234,5970,1,2026-12-21,,Active,Annual
6235,5971,1,2023-06-09,,Active,Monthly
6236,5972,3,2023-02-28,,Active,Monthly
6237,5973,2,2024-09-10,,Active,Monthly
6238,5974,1,2025-06-10,,Active,Annual
6239,5974,2,2026-04-24,,Active,Monthly
6240,5975,1,2022-10-10,,Active,Monthly
6241,5975,1,2023-03-18,,Active,Monthly
6242,5976,2,2022-11-19,,Active,Monthly
6243,5977,2,2024-03-27,,Active,Annual
6244,5977,1,2024-04-06,2024-10-20,Churned,Annual
6245,5978,3,2024-11-13,,Paused,Monthly
6246,5979,1,2023-03-21,2023-11-02,Churned,Monthly
6247,5980,2,2024-09-10,,Active,Monthly
6248,5981,2,2025-01-04,,Paused,Monthly
6249,5982,2,2025-10-20,,Active,Annual
6250,5982,3,2025-02-24,,Paused,Monthly
6251,5983,1,2025-08-17,,Active,Monthly
6252,5984,1,2025-12-11,,Active,Monthly
6253,5985,3,2023-07-22,,Active,Annual
6254,5986,1,2026-01-14,,Active,Annual
6255,5987,1,2025-11-20,2027-01-03,Churned,Monthly
6256,5988,2,2025-09-13,2025-12-21,Churned,Annual
6257,5989,1,2023-09-20,,Active,Annual
6258,5990,2,2023-06-30,,Active,Monthly
6259,5990,1,2023-10-29,,Active,Monthly
6260,5991,2,2025-11-28,,Active,Monthly
6261,5992,1,2025-04-03,,Active,Monthly
6262,5993,2,2023-06-05,,Active,Monthly
6263,5994,1,2026-06-28,,Active,Annual
6264,5995,2,2023-07-16,,Active,Annual
6265,5996,3,2024-04-29,,Active,Annual
6266,5997,3,2024-08-14,,Active,Annual
6267,5998,2,2025-08-27,,Active,Monthly
6268,5999,2,2025-11-19,,Active,Monthly
6269,6000,1,2026-04-02,,Active,Monthly
