ticket_id,customer_id,created_date,priority,status
1,4591,2024-04-21,High,Open
2,3429,2024-04-11,Low,In Progress
3,1265,2024-06-23,Medium,Closed
4,4260,2023-12-22,Low,Closed
5,1843,2024-06-21,Low,Closed
6,1665,2023-10-02,Low,In Progress
7,3052,2023-07-09,Medium,In Progress
8,5167,2024-08-15,Low,Closed
9,1548,2025-07-10,Medium,Closed
10,4292,2025-06-14,Medium,Open
11,2467,2024-11-23,Medium,Closed
12,1596,2024-05-06,Medium,Closed
13,4500,2026-06-11,Medium,Closed
14,2522,2025-04-21,High,In Progress
15,1586,2024-04-26,High,Closed
16,1429,2026-01-27,Low,Open
17,2106,2024-05-21,Low,Closed
18,1045,2023-09-11,Medium,Closed
19,4855,2025-06-02,Low,Closed
20,4389,2023-09-06,Medium,Closed
21,3971,2025-10-29,Low,Closed
22,3067,2025-04-27,High,Closed
23,5457,2023-12-30,High,In Progress
24,3112,2024-12-24,Medium,In Progress
25,1214,2025-12-05,High,Closed
26,1612,2025-09-17,Medium,Closed
27,1440,2024-03-14,Low,Closed
28,5221,2024-02-24,High,In Progress
29,3488,2025-02-26,Low,Closed
30,1528,2024-04-30,Low,Closed
31,2198,2026-01-18,High,In Progress
32,1542,2026-04-20,Critical,Closed
33,4160,2023-12-02,Low,Closed
34,5707,2024-11-20,Low,Closed
35,3459,2025-04-29,Medium,Closed
36,4528,2025-04-15,High,Closed
37,1483,2023-11-05,Critical,Closed
38,1892,2024-12-20,High,Closed
39,3115,2023-06-27,Medium,Closed
40,4728,2024-03-30,Medium,Closed
41,1681,2024-06-11,Low,Open
42,4840,2025-02-27,Low,Open
43,3206,2024-10-15,Low,Closed
44,1223,2026-05-10,Critical,Closed
45,4454,2024-08-11,Critical,Closed
46,4856,2024-07-11,Low,Closed
47,5182,2024-11-12,Low,Closed
48,3200,2023-10-09,Low,Open
49,1909,2023-11-27,Medium,Closed
50,1674,2023-08-07,Low,Closed
51,3531,2025-02-04,Low,Closed
52,3451,2023-12-16,Medium,Closed
53,1600,2024-02-05,Low,Closed
54,5920,2025-04-16,Medium,Open
55,3791,2025-01-17,Low,In Progress
56,4901,2025-07-05,High,Closed
57,3338,2025-07-31,High,Closed
58,4410,2025-03-20,Low,In Progress
59,1727,2024-04-06,Low,In Progress
60,3271,2023-11-27,Low,In Progress
61,3106,2024-05-01,Low,Closed
62,2174,2026-05-09,Low,Closed
63,2621,2024-08-26,Medium,Closed
64,4722,2024-11-12,Low,Closed
65,2520,2024-07-18,Critical,Closed
66,3229,2023-12-09,Low,Closed
67,2060,2025-02-03,Low,Closed
68,1628,2024-11-25,High,Open
69,2800,2024-01-11,Low,Closed
70,2243,2025-01-28,Low,Closed
71,5739,2024-05-01,Medium,In Progress
72,4547,2025-07-10,Medium,Closed
73,5237,2025-02-19,Critical,Closed
74,1840,2024-09-16,Low,Open
75,1815,2023-09-18,Medium,Closed
76,2256,2023-07-26,High,In Progress
77,5283,2024-09-12,Low,Closed
78,4619,2025-08-20,Critical,Closed
79,1748,2024-09-05,Medium,Closed
80,1818,2025-03-29,Low,Closed
81,4000,2024-04-21,Medium,Closed
82,1575,2025-03-06,Low,Closed
83,1307,2026-03-09,Medium,Closed
84,3122,2025-06-26,Low,Closed
85,4137,2026-01-07,Medium,Open
86,4268,2023-07-18,Medium,Closed
87,5433,2025-02-14,Medium,Closed
88,3599,2024-01-15,Low,Closed
89,1966,2023-08-28,Medium,Closed
90,2956,2026-06-18,Low,Closed
91,5503,2024-02-28,Medium,In Progress
92,2580,2024-05-19,High,Closed
93,3144,2023-08-02,High,Closed
94,1988,2026-03-29,Low,In Progress
95,3717,2025-10-05,Low,Closed
96,4491,2024-08-24,Low,In Progress
97,2157,2025-09-05,High,Closed
98,3173,2025-06-10,Low,In Progress
99,4356,2025-04-21,Medium,Closed
100,2287,2025-05-17,High,Closed
101,2328,2023-10-07,Low,In Progress
102,3074,2023-10-23,High,Closed
103,5005,2023-12-31,Low,Closed
104,4199,2025-07-02,Critical,Closed
105,4368,2024-03-06,Low,Closed
106,2139,2025-04-27,Medium,Closed
107,5511,2023-12-22,Low,Closed
108,3270,2024-06-29,Low,Open
109,1624,2026-02-07,High,Closed
110,2821,2023-08-16,Low,Open
111,3628,2025-02-28,High,Closed
112,3730,2024-07-08,High,Closed
113,5968,2024-03-12,Low,Closed
114,4991,2024-05-16,Low,Closed
115,2967,2023-12-30,Critical,Closed
116,5914,2026-03-23,High,Closed
117,3419,2025-12-14,Medium,Closed
118,1760,2025-06-13,Low,Closed
119,3813,2024-05-23,Low,In Progress
120,5521,2025-03-05,Medium,Closed
121,3036,2024-05-13,High,Closed
122,4770,2024-09-08,Medium,Closed
123,4132,2026-06-20,Medium,Closed
124,3307,2024-09-19,Medium,Closed
125,1990,2026-01-06,Medium,Open
126,2175,2025-03-18,Low,Closed
127,3911,2024-09-11,High,Closed
128,1728,2023-07-30,Medium,Closed
129,1424,2023-11-10,Medium,Closed
130,1319,2024-06-22,High,Closed
131,4803,2023-08-15,Medium,In Progress
132,5246,2025-05-07,Low,Closed
133,1599,2023-10-10,High,Closed
134,4435,2025-09-23,High,Open
135,3972,2024-12-09,Low,Closed
136,2839,2024-05-31,Low,Closed
137,1160,2024-10-19,High,Closed
138,1267,2023-09-11,Critical,Closed
139,3984,2024-10-10,Medium,Closed
140,5551,2026-05-17,Low,In Progress
141,2158,2023-07-22,High,Closed
142,3891,2024-04-17,Medium,Closed
143,3143,2024-08-03,Critical,Closed
144,3097,2025-09-24,Low,Closed
145,2414,2024-04-01,Medium,Closed
146,1496,2025-01-01,Medium,Open
147,4885,2023-07-17,High,In Progress
148,3824,2024-04-28,High,Closed
149,1756,2024-06-26,Low,Closed
150,2735,2024-10-25,Critical,Closed
151,5472,2024-01-12,Low,Closed
152,1234,2026-05-21,Low,Closed
153,5896,2024-04-11,Medium,Open
154,4637,2024-07-24,Medium,Closed
155,2621,2025-01-26,Low,In Progress
156,2285,2025-01-22,Low,In Progress
157,1968,2025-12-14,High,Open
158,2532,2024-07-18,Low,Closed
159,3022,2025-12-27,Low,Closed
160,5501,2026-03-28,Low,Open
161,1567,2024-03-06,Medium,Closed
162,5014,2024-12-27,High,Closed
163,2117,2025-05-18,Low,Closed
164,3165,2026-01-02,Low,Open
165,5683,2025-09-16,Medium,In Progress
166,5156,2024-05-31,Medium,Closed
167,2442,2026-05-01,Low,In Progress
168,2018,2025-02-21,Low,Closed
169,2028,2024-01-09,Low,Closed
170,1882,2024-10-26,Low,Open
171,2094,2025-02-14,Medium,Closed
172,4604,2025-07-15,Medium,Closed
173,1360,2026-06-18,Medium,In Progress
174,3664,2026-05-24,Medium,In Progress
175,3835,2024-06-02,Medium,Open
176,3285,2025-12-30,Medium,Open
177,2839,2026-04-13,Low,Closed
178,5481,2026-05-19,Low,Open
179,4798,2023-09-07,Low,Closed
180,5270,2025-05-28,Low,Closed
181,4614,2023-10-03,Low,Closed
182,2049,2023-06-27,High,Closed
183,4924,2024-06-02,Low,Closed
184,5179,2025-08-22,Low,Closed
185,5866,2023-10-23,Medium,Closed
186,3442,2026-06-10,Low,Closed
187,2237,2024-07-10,Critical,Closed
188,3131,2025-07-19,High,Closed
189,5767,2024-08-06,Low,In Progress
190,3263,2025-06-26,Low,Closed
191,5028,2026-01-26,Medium,Closed
192,3173,2025-01-09,Critical,Closed
193,1176,2023-12-21,High,Closed
194,3100,2025-04-05,Medium,Closed
195,3881,2023-08-17,High,In Progress
196,5081,2024-04-19,Medium,Closed
197,3334,2023-11-21,Low,Closed
198,4789,2025-02-02,High,Closed
199,5067,2024-05-15,Low,In Progress
200,4722,2023-08-18,Low,Closed
201,5372,2025-08-13,Low,Closed
202,3106,2024-09-15,Low,Closed
203,3102,2024-07-12,Low,Closed
204,3717,2024-07-11,Medium,Closed
205,5396,2025-07-07,Low,Closed
206,5599,2025-11-05,Low,Closed
207,2029,2023-11-18,Critical,Closed
208,3467,2024-12-22,High,Open
209,1590,2025-10-12,Medium,Closed
210,2556,2025-08-16,High,Closed
211,2494,2025-12-18,High,In Progress
212,3092,2024-06-19,Low,Closed
213,1794,2025-07-12,Low,Open
214,5854,2024-05-23,Low,Closed
215,5465,2024-08-11,Medium,Closed
216,5917,2025-11-29,Low,Closed
217,3958,2023-12-28,Medium,In Progress
218,3494,2024-12-08,Medium,Closed
219,3762,2025-07-26,Critical,Closed
220,4844,2024-09-02,Critical,Closed
221,5551,2025-02-20,Medium,Closed
222,4134,2024-11-08,High,Closed
223,3374,2024-07-04,Medium,Closed
224,1915,2026-03-31,Critical,Closed
225,5465,2024-07-31,Medium,In Progress
226,5127,2025-08-27,Low,Open
227,5253,2025-06-24,Low,Closed
228,3775,2026-06-04,Medium,Closed
229,4461,2025-11-05,High,Open
230,5943,2025-11-04,Medium,Closed
231,3247,2024-04-24,Medium,Closed
232,2426,2026-04-12,Medium,Closed
233,3279,2023-08-20,Low,Closed
234,3128,2025-03-02,Medium,Closed
235,5234,2023-10-20,High,Closed
236,3483,2025-06-01,Low,Closed
237,3861,2025-01-30,Low,Closed
238,2655,2024-10-12,Medium,Closed
239,3351,2024-07-28,High,Closed
240,5395,2023-12-16,High,Closed
241,2755,2023-07-31,Low,Closed
242,1978,2023-12-02,High,In Progress
243,4318,2024-02-26,Low,Closed
244,2128,2025-05-12,Low,Closed
245,1305,2025-08-18,Low,Closed
246,5241,2025-10-17,Medium,In Progress
247,3685,2026-02-21,Critical,In Progress
248,2240,2024-10-14,Low,Closed
249,1092,2025-03-26,Medium,Closed
250,4969,2025-02-28,Medium,Closed
251,5687,2024-02-22,Medium,Closed
252,4078,2026-01-21,Low,Open
253,1375,2024-06-27,Critical,In Progress
254,1709,2024-12-29,Low,Closed
255,2827,2024-10-27,Low,Closed
256,2125,2025-01-20,Critical,Closed
257,1200,2023-11-18,Critical,Open
258,2107,2026-04-15,Critical,Closed
259,1503,2025-07-18,Medium,Closed
260,2348,2024-05-28,Low,Closed
261,5291,2026-01-29,Low,In Progress
262,1899,2024-07-20,Low,Closed
263,2197,2023-10-06,Medium,In Progress
264,4767,2024-06-05,High,In Progress
265,2388,2024-05-25,Medium,Closed
266,5841,2024-09-20,Low,Closed
267,5496,2023-08-13,Medium,Closed
268,1899,2023-12-26,Medium,In Progress
269,1109,2023-12-27,Medium,Closed
270,1642,2026-02-28,Low,Closed
271,3860,2023-08-28,Medium,Closed
272,4262,2026-03-29,High,In Progress
273,5472,2025-10-11,Critical,Closed
274,3831,2026-01-08,Medium,Closed
275,1238,2023-07-28,Medium,Closed
276,4478,2025-05-16,Critical,Closed
277,4351,2026-06-15,High,Closed
278,3989,2024-06-09,High,Closed
279,2419,2024-01-21,Low,Closed
280,4485,2025-04-15,High,Closed
281,5468,2025-09-29,Low,Closed
282,5129,2025-08-05,Medium,Closed
283,1470,2025-05-14,Medium,Closed
284,2886,2025-02-07,Critical,Closed
285,4874,2024-08-09,Low,Closed
286,3467,2025-08-28,Medium,Closed
287,5179,2024-11-20,Low,In Progress
288,3586,2025-01-22,Low,Closed
289,5682,2025-03-25,Low,Closed
290,4613,2023-12-01,Low,Closed
291,5959,2023-11-08,Medium,In Progress
292,2717,2024-04-12,Low,In Progress
293,2779,2025-05-21,Low,Open
294,2523,2024-12-31,Medium,Closed
295,1681,2025-08-28,Medium,Closed
296,5884,2025-12-28,Medium,Open
297,1095,2023-11-03,Medium,In Progress
298,1116,2023-12-13,Low,Closed
299,2409,2024-04-30,Medium,In Progress
300,5996,2025-08-13,High,Open
301,4191,2024-03-04,Low,Closed
302,1547,2025-03-07,Low,Closed
303,3998,2024-09-01,Medium,Closed
304,4246,2024-12-03,Medium,Closed
305,3284,2024-07-07,Critical,In Progress
306,1678,2025-09-01,Low,Closed
307,2047,2024-01-25,High,Closed
308,3599,2024-04-05,Low,Closed
309,5795,2023-08-06,Low,Closed
310,1653,2025-11-01,Critical,Closed
311,1727,2025-05-27,Low,Closed
312,4239,2025-03-03,High,Closed
313,3619,2024-07-02,Medium,Closed
314,5484,2024-10-22,Low,Closed
315,4991,2025-11-04,Medium,Open
316,2861,2026-01-20,High,Closed
317,4279,2023-07-30,Medium,Open
318,3362,2025-03-24,Medium,In Progress
319,4149,2024-02-12,High,Closed
320,4810,2025-02-21,High,Closed
321,3520,2024-09-05,Low,Closed
322,5645,2026-06-06,Critical,Closed
323,2599,2023-10-09,Low,In Progress
324,1520,2024-01-14,High,Closed
325,3328,2026-02-13,Medium,Closed
326,4696,2025-01-14,Critical,Closed
327,2659,2025-03-18,Low,In Progress
328,4594,2024-01-18,Medium,Closed
329,3578,2026-04-13,Low,Closed
330,2663,2025-04-13,Medium,Closed
331,2690,2023-07-06,Medium,Closed
332,2381,2024-10-20,Medium,In Progress
333,1071,2024-10-13,Medium,Closed
334,1477,2024-09-18,Low,Closed
335,3282,2024-02-16,Critical,Open
336,3288,2024-01-03,High,Open
337,3545,2026-02-23,High,In Progress
338,3102,2025-11-15,High,Closed
339,5867,2025-06-12,Medium,Closed
340,2824,2024-09-10,Medium,Closed
341,3608,2023-09-06,Critical,Closed
342,4103,2025-07-30,Medium,Closed
343,2771,2024-05-19,Low,Closed
344,3749,2023-12-15,Medium,In Progress
345,5726,2024-03-07,Low,Closed
346,5148,2023-12-20,Medium,Closed
347,3050,2025-07-14,Low,Closed
348,4697,2024-02-11,Critical,Closed
349,4124,2023-07-06,Critical,In Progress
350,3469,2024-01-14,Medium,Closed
351,3628,2026-05-05,Medium,Closed
352,4504,2026-05-11,Medium,Closed
353,4257,2025-03-13,Low,Closed
354,1267,2024-12-28,Low,Open
355,2333,2025-08-01,Medium,Open
356,3275,2023-06-28,High,Closed
357,3012,2024-01-01,Medium,Open
358,3694,2024-09-06,Medium,Closed
359,4587,2023-09-25,High,Closed
360,2970,2024-03-27,Critical,Closed
361,3864,2025-08-08,High,Closed
362,1270,2024-09-12,Low,Closed
363,2180,2024-09-17,Critical,In Progress
364,1895,2025-05-26,Critical,Closed
365,1226,2025-05-07,Medium,In Progress
366,5288,2025-01-04,Medium,Closed
367,1626,2024-11-05,Medium,Closed
368,4177,2024-11-04,Low,Closed
369,2716,2023-07-14,Medium,Open
370,2926,2023-10-12,Critical,Closed
371,4508,2026-01-18,High,In Progress
372,3769,2025-02-07,Low,Closed
373,5703,2025-02-05,Medium,Open
374,4276,2025-02-23,Medium,Closed
375,4142,2024-04-28,Medium,Closed
376,2916,2024-05-22,High,Closed
377,4993,2025-02-07,Medium,Closed
378,2981,2025-07-25,Medium,In Progress
379,1269,2023-07-28,Critical,Closed
380,2613,2026-04-23,Critical,In Progress
381,3073,2025-08-07,Critical,In Progress
382,1585,2024-05-08,Low,Closed
383,2860,2026-05-27,Medium,Closed
384,2542,2024-11-27,Medium,Closed
385,4273,2023-12-10,High,Closed
386,1006,2023-08-28,Low,Closed
387,5245,2025-03-05,Low,Closed
388,1091,2024-06-22,Low,Closed
389,5245,2024-06-28,Medium,Closed
390,3052,2026-01-10,Medium,Closed
391,4879,2024-01-16,Medium,Closed
392,4767,2023-10-31,Low,Closed
393,4256,2025-02-20,Low,Closed
394,4101,2025-08-29,Low,Closed
395,5637,2024-02-16,Medium,Closed
396,5497,2024-06-29,High,Closed
397,4960,2025-05-30,Low,Closed
398,3350,2025-01-16,Low,In Progress
399,5822,2023-10-21,Low,Closed
400,1335,2026-02-07,Low,Open
401,5023,2024-10-28,Low,Closed
402,4004,2023-08-10,Medium,Closed
403,5361,2023-08-10,Medium,Closed
404,3525,2024-06-28,Medium,Open
405,4879,2025-10-09,High,Closed
406,5008,2025-11-07,High,Open
407,5842,2025-01-22,Critical,Closed
408,4777,2024-05-26,Medium,Open
409,5067,2024-05-17,Medium,Open
410,5315,2025-08-24,High,Closed
411,3726,2024-04-16,Low,Closed
412,5372,2024-02-10,Critical,In Progress
413,2817,2024-07-26,Critical,Open
414,3956,2025-10-28,High,Closed
415,3283,2026-02-16,Medium,Closed
416,3951,2024-12-17,High,Open
417,4844,2024-03-10,Medium,Closed
418,3069,2024-03-30,Medium,Closed
419,4427,2024-12-08,High,Closed
420,3963,2024-02-12,Low,Closed
421,4764,2023-11-11,Low,Closed
422,1566,2023-12-06,Low,Closed
423,3074,2025-06-15,Medium,In Progress
424,3674,2025-11-14,Medium,Closed
425,1203,2025-06-28,Low,Closed
426,2202,2024-01-30,Medium,Closed
427,2005,2026-03-30,High,Closed
428,3764,2023-11-07,Low,Closed
429,4256,2025-03-26,Critical,In Progress
430,1101,2024-07-20,Critical,In Progress
431,2397,2025-10-06,Medium,Closed
432,5318,2025-04-11,Low,Closed
433,1117,2025-08-31,Medium,Closed
434,1535,2024-01-14,High,Closed
435,1591,2025-01-04,Critical,Closed
436,1498,2024-02-01,Low,Closed
437,5280,2024-12-09,Medium,Closed
438,2001,2025-09-20,High,Closed
439,5093,2025-04-05,High,Closed
440,2650,2025-06-26,High,Closed
441,2994,2025-06-27,Medium,Closed
442,5023,2026-05-03,Critical,In Progress
443,5545,2024-11-11,Medium,In Progress
444,3115,2023-09-19,High,In Progress
445,1489,2024-03-02,Low,Open
446,1878,2024-11-20,High,In Progress
447,3070,2025-10-07,Low,Closed
448,1992,2023-08-04,Low,Closed
449,4399,2024-05-27,Low,In Progress
450,2392,2023-08-14,High,Closed
451,3052,2024-04-18,High,Closed
452,3892,2024-05-27,High,Closed
453,4413,2024-11-27,Critical,Closed
454,4015,2025-02-16,High,In Progress
455,4179,2023-09-01,Critical,Closed
456,1738,2025-04-02,Low,Open
457,1094,2025-02-05,Medium,Closed
458,2477,2023-07-18,Low,Closed
459,4315,2025-07-01,High,Closed
460,3658,2024-07-11,Low,Closed
461,5694,2025-12-11,Low,In Progress
462,2973,2025-04-10,Low,Closed
463,1539,2024-11-08,Low,In Progress
464,5446,2025-11-26,Medium,Closed
465,3278,2025-10-24,High,Closed
466,5580,2024-10-24,High,Open
467,4386,2023-09-12,High,Closed
468,2930,2026-03-04,Low,Closed
469,4432,2026-03-28,Medium,Closed
470,5774,2024-05-10,Low,Closed
471,1667,2024-05-08,Medium,Closed
472,3589,2024-07-29,Critical,Closed
473,5706,2025-06-09,Low,Closed
474,3443,2025-10-06,Low,Closed
475,4248,2024-02-24,Low,In Progress
476,1134,2025-09-09,Medium,Closed
477,1527,2023-12-23,Medium,Closed
478,2878,2024-10-28,High,Closed
479,3315,2025-09-19,Critical,Closed
480,5100,2025-10-16,High,Closed
481,5888,2024-09-15,Low,Closed
482,5862,2026-04-17,Medium,In Progress
483,2311,2025-05-13,Medium,Closed
484,1547,2025-07-05,High,Closed
485,2080,2025-03-24,Medium,Closed
486,5836,2025-07-27,Low,Closed
487,3071,2026-03-21,High,Closed
488,4239,2024-09-20,Medium,Closed
489,5134,2024-01-03,Low,In Progress
490,3455,2026-02-14,Critical,Closed
491,3894,2025-06-14,High,Closed
492,2171,2026-03-30,Medium,In Progress
493,1683,2024-08-29,Medium,Closed
494,1612,2024-12-14,Low,Open
495,2597,2026-05-23,Medium,Closed
496,3548,2026-02-23,Medium,In Progress
497,2390,2025-01-02,Medium,Closed
498,3574,2026-03-16,Low,Open
499,2550,2023-11-09,Low,Closed
500,5426,2025-07-30,Critical,Open
501,2653,2025-11-02,Medium,In Progress
502,4543,2023-06-30,Medium,In Progress
503,5601,2024-04-07,Medium,Closed
504,3095,2023-08-04,High,Closed
505,2458,2024-01-28,High,In Progress
506,1692,2024-10-31,High,Closed
507,2287,2023-07-11,High,Closed
508,1824,2023-07-08,Low,Closed
509,1117,2023-12-08,Low,Closed
510,5166,2024-03-06,High,Closed
511,4729,2025-05-22,High,Closed
512,4721,2025-12-02,Medium,Open
513,5145,2025-07-15,High,Closed
514,1038,2026-02-02,Low,Closed
515,1304,2024-01-25,Medium,Open
516,3452,2025-09-01,High,Closed
517,3524,2024-04-17,High,Closed
518,5040,2024-10-03,Low,Closed
519,5161,2025-10-17,Low,In Progress
520,3993,2026-04-28,Low,Closed
521,4467,2024-07-19,Medium,Closed
522,1936,2024-06-09,Medium,Open
523,2584,2025-09-28,Low,Closed
524,5005,2026-05-13,Medium,Closed
525,1658,2026-06-13,High,Closed
526,3245,2024-12-04,High,Closed
527,2250,2026-05-20,Low,Closed
528,2007,2025-12-14,Medium,Closed
529,3411,2023-06-27,High,Closed
530,3230,2024-06-15,Medium,In Progress
531,5627,2024-11-25,High,In Progress
532,5661,2024-08-25,Medium,Closed
533,3607,2024-12-05,Medium,In Progress
534,3072,2026-06-18,Low,Closed
535,4995,2024-06-04,Medium,Closed
536,5264,2023-12-12,Low,Closed
537,3630,2024-12-31,Medium,Closed
538,2472,2026-02-17,Low,Closed
539,3897,2024-07-03,Critical,Closed
540,1552,2024-05-13,Medium,Closed
541,1044,2023-12-08,Low,Closed
542,3346,2025-01-18,Low,Closed
543,4244,2026-02-18,Low,Closed
544,2569,2026-06-12,Medium,Closed
545,5922,2023-11-05,Medium,Closed
546,5331,2023-08-27,Low,In Progress
547,1217,2025-11-04,Medium,Closed
548,1508,2024-09-19,Low,Closed
549,5656,2024-12-18,Low,Closed
550,2825,2025-04-20,Low,Closed
551,5784,2025-08-12,Low,Closed
552,2508,2023-12-03,Critical,Closed
553,1959,2023-07-17,High,In Progress
554,1586,2026-01-29,Medium,Open
555,3991,2025-04-06,Medium,Closed
556,5625,2025-11-06,High,Closed
557,1287,2023-12-07,Medium,Closed
558,3164,2026-01-07,Medium,Open
559,5955,2024-08-03,High,Closed
560,5945,2024-05-22,Low,Open
561,1360,2023-12-23,Critical,Closed
562,5239,2023-11-11,Medium,Closed
563,1609,2024-05-20,Low,Closed
564,1059,2024-02-12,High,In Progress
565,5790,2024-05-23,High,Closed
566,1269,2026-02-06,Medium,In Progress
567,5398,2026-02-11,High,Closed
568,3548,2023-10-17,Medium,Closed
569,5285,2023-07-10,Medium,Closed
570,5244,2024-10-24,Low,In Progress
571,2430,2024-07-03,Medium,Closed
572,4069,2025-02-03,High,Closed
573,4440,2025-09-01,Medium,Closed
574,2309,2026-04-20,Low,Closed
575,2867,2025-11-13,Critical,Closed
576,1435,2026-06-20,Low,Closed
577,4349,2025-01-31,Medium,Closed
578,4782,2024-04-11,Critical,In Progress
579,3414,2024-06-28,Low,Closed
580,3233,2024-07-14,Critical,In Progress
581,1469,2024-06-07,Medium,Closed
582,4770,2025-09-01,Medium,Closed
583,4060,2025-09-23,Critical,Closed
584,4706,2025-02-26,Critical,Closed
585,5249,2024-06-15,Low,Closed
586,2650,2025-07-31,Low,Closed
587,3516,2023-08-10,Low,Closed
588,3314,2025-02-26,Medium,Closed
589,3530,2024-09-24,Medium,In Progress
590,1069,2024-06-24,Critical,Closed
591,1680,2026-02-12,Critical,Closed
592,3370,2023-09-08,Low,Closed
593,2401,2023-09-24,Low,In Progress
594,4059,2026-06-26,Low,Closed
595,2940,2024-05-03,High,Closed
596,1542,2024-03-12,Low,In Progress
597,2576,2026-04-10,Medium,In Progress
598,1297,2025-09-06,Low,Closed
599,2417,2024-03-26,Low,Closed
600,1079,2025-10-14,Medium,In Progress
601,3690,2024-05-01,Low,Closed
602,3718,2024-05-26,Medium,Closed
603,3193,2026-05-12,Medium,Open
604,2185,2023-07-10,Medium,Closed
605,2339,2024-09-02,Low,Closed
606,2695,2024-10-13,High,Open
607,1797,2024-09-11,Medium,Closed
608,1816,2026-03-12,Low,In Progress
609,2563,2023-12-15,Critical,Closed
610,2115,2023-08-11,Low,Open
611,5229,2026-02-11,High,Closed
612,1632,2025-08-02,Low,Open
613,5305,2024-10-05,Medium,Closed
614,3569,2024-08-21,Low,Closed
615,4295,2025-05-23,Medium,Closed
616,3508,2025-02-09,Low,Closed
617,4011,2025-10-03,Medium,In Progress
618,4213,2024-02-23,Critical,Open
619,1414,2025-09-01,Medium,Closed
620,1380,2026-03-03,Low,Closed
621,1816,2026-05-17,Critical,Open
622,1845,2025-03-20,Low,Closed
623,3978,2025-03-11,Low,In Progress
624,3810,2025-09-18,Medium,Closed
625,4638,2025-04-01,High,Closed
626,5801,2024-05-28,Medium,In Progress
627,2933,2025-03-10,Medium,Closed
628,2181,2025-07-26,Low,Closed
629,4779,2026-04-06,Medium,Closed
630,2134,2025-12-07,High,Closed
631,2719,2025-11-14,High,Closed
632,3108,2024-02-18,Low,Closed
633,3629,2025-06-24,Critical,Closed
634,3828,2025-04-19,High,Closed
635,1968,2026-04-09,Medium,Closed
636,1183,2023-10-20,Low,Closed
637,2042,2025-10-15,High,In Progress
638,1655,2024-04-14,Critical,Closed
639,4736,2026-03-31,Critical,In Progress
640,3251,2025-11-01,Low,Closed
641,5444,2025-10-27,Medium,Closed
642,3242,2024-01-29,Low,Open
643,5635,2023-08-06,Medium,Closed
644,2563,2023-06-29,Critical,Closed
645,1881,2024-05-06,Medium,Closed
646,2843,2023-08-02,High,Closed
647,3838,2026-03-19,Medium,Closed
648,4922,2025-03-03,High,Closed
649,3764,2026-02-13,Critical,Open
650,4883,2025-11-14,Critical,Closed
651,3796,2024-04-17,Low,Closed
652,4557,2024-05-09,Low,Closed
653,3359,2025-08-08,Medium,In Progress
654,3194,2026-03-20,Low,In Progress
655,1573,2024-06-28,Critical,Closed
656,1984,2026-01-18,Low,Closed
657,3407,2024-05-13,Medium,Closed
658,5956,2026-06-17,Medium,In Progress
659,3517,2024-02-03,Low,Closed
660,3724,2026-03-07,High,Closed
661,4554,2024-08-15,Medium,Closed
662,1266,2023-08-18,Critical,Closed
663,4617,2024-04-30,Critical,Closed
664,1731,2025-10-30,Low,Closed
665,4558,2025-03-26,Medium,In Progress
666,3023,2023-12-20,Medium,Open
667,4976,2025-04-19,High,Closed
668,2800,2025-09-15,High,Closed
669,3752,2025-01-28,Low,Closed
670,4625,2025-06-13,Medium,Open
671,3007,2023-12-09,High,Closed
672,4188,2024-08-27,High,In Progress
673,4724,2026-03-25,Medium,In Progress
674,2172,2025-05-09,Low,Closed
675,1237,2025-05-02,Medium,Closed
676,2676,2025-03-16,High,Closed
677,4487,2025-04-18,Low,Closed
678,5372,2024-11-26,Low,Closed
679,3117,2025-12-29,Medium,Open
680,4895,2023-10-27,Medium,Closed
681,5448,2025-04-10,High,Closed
682,2470,2023-09-11,High,Closed
683,3945,2024-04-21,Low,Closed
684,5202,2023-12-09,Low,Closed
685,3374,2024-11-01,Low,Closed
686,1478,2025-04-05,Low,Closed
687,2309,2024-08-12,Low,Closed
688,1748,2023-11-02,Medium,Closed
689,4259,2025-01-13,Medium,Closed
690,1800,2024-01-03,Medium,Open
691,2462,2024-04-29,High,Closed
692,4738,2024-11-13,Critical,Closed
693,1657,2024-09-08,Medium,Closed
694,1108,2025-11-16,Critical,Closed
695,5971,2024-12-06,Critical,Closed
696,4394,2025-03-23,Low,Closed
697,2135,2024-10-22,Medium,Closed
698,2837,2024-03-08,High,Closed
699,4326,2024-02-11,High,Open
700,1414,2024-02-17,High,Open
701,3294,2026-04-28,Low,Closed
702,2187,2024-02-20,Medium,In Progress
703,1098,2024-04-28,Medium,Closed
704,2789,2025-06-21,Low,Closed
705,3480,2025-12-17,Low,Closed
706,2764,2025-11-01,Low,Closed
707,4815,2024-02-19,Medium,Closed
708,5134,2023-11-11,Medium,Closed
709,2254,2024-02-01,Medium,In Progress
710,1285,2024-01-12,Medium,Closed
711,3980,2026-05-18,Critical,Open
712,5638,2024-03-23,Critical,Closed
713,5911,2024-08-18,Low,Closed
714,2554,2025-07-06,Critical,Open
715,4352,2024-06-13,Low,Closed
716,2745,2023-10-03,Low,Closed
717,3708,2025-09-19,Low,Closed
718,2096,2025-07-08,Low,Open
719,4392,2024-05-05,Low,Closed
720,5042,2024-05-07,Medium,Closed
721,5279,2026-05-13,Low,Closed
722,1150,2026-04-22,Low,Open
723,2354,2024-07-16,Medium,Closed
724,2944,2023-08-31,Low,In Progress
725,5292,2025-12-08,Low,Closed
726,1037,2025-04-27,High,Open
727,5644,2025-08-23,High,Closed
728,2425,2025-05-29,Medium,Closed
729,2644,2024-06-22,Critical,Open
730,2836,2023-10-16,Medium,Closed
731,4643,2024-10-17,Low,Closed
732,4353,2025-09-20,Low,Closed
733,1442,2026-04-13,Critical,Open
734,2460,2025-07-15,Medium,In Progress
735,1946,2023-06-30,Critical,Closed
736,2199,2024-05-21,Medium,In Progress
737,3516,2025-04-20,Medium,Closed
738,1162,2025-07-31,Critical,Closed
739,3339,2023-09-27,High,Closed
740,5045,2026-03-12,Low,Closed
741,3400,2023-11-24,Critical,Closed
742,4412,2024-02-22,Low,Closed
743,4937,2024-08-04,Medium,Closed
744,3951,2024-10-17,Low,Closed
745,4500,2023-07-31,Low,Open
746,3635,2024-04-15,Medium,Closed
747,5452,2023-08-16,Medium,Closed
748,4267,2025-06-12,High,Closed
749,5970,2025-06-29,Medium,Closed
750,4144,2024-05-06,High,Closed
751,5139,2023-08-15,Medium,Closed
752,3234,2026-03-26,High,Open
753,4588,2023-08-05,Medium,Closed
754,5237,2025-03-30,Medium,In Progress
755,4400,2024-04-21,Medium,Closed
756,5159,2025-07-10,Medium,Closed
757,2100,2024-04-17,High,In Progress
758,5641,2026-05-11,High,In Progress
759,2064,2025-10-07,Low,Closed
760,2929,2024-11-07,Critical,Closed
761,5180,2025-07-01,Medium,Open
762,2203,2026-02-16,Medium,Closed
763,1894,2025-10-21,Low,Closed
764,4403,2025-08-10,Medium,Closed
765,4045,2025-06-06,Medium,Closed
766,3027,2024-06-30,Low,Closed
767,2751,2024-01-10,High,Closed
768,1175,2025-05-01,Medium,In Progress
769,4917,2024-08-17,Medium,Closed
770,1701,2025-07-28,Low,Open
771,3793,2025-01-03,Low,Closed
772,4664,2025-04-02,High,Closed
773,2540,2025-06-18,Medium,Closed
774,1662,2024-08-18,Medium,Closed
775,3047,2025-10-29,Medium,Closed
776,3491,2024-03-09,Medium,Closed
777,5517,2025-09-14,Low,Closed
778,1623,2024-05-21,Critical,Closed
779,5167,2026-04-25,Low,Closed
780,2574,2026-05-07,Medium,In Progress
781,1025,2025-02-09,Medium,Closed
782,1257,2026-04-28,Low,Closed
783,5483,2024-04-02,Critical,Closed
784,2678,2024-08-23,Low,Closed
785,5431,2024-09-14,Medium,Closed
786,5327,2026-02-19,Critical,In Progress
787,4511,2025-04-25,Medium,Open
788,3434,2025-04-02,High,Closed
789,3939,2024-01-14,Low,Closed
790,3502,2024-11-21,Low,Closed
791,1974,2026-06-14,Low,Open
792,5294,2024-10-21,Medium,Closed
793,5946,2026-01-18,Low,Closed
794,2670,2026-05-01,Medium,Closed
795,4894,2024-09-08,Low,Closed
796,4361,2023-11-06,Medium,Closed
797,1116,2025-12-14,Medium,Open
798,3900,2026-04-20,Medium,Closed
799,3585,2025-06-26,Low,Closed
800,3271,2025-06-12,High,Closed
801,4294,2026-05-03,Critical,Closed
802,2484,2025-01-17,Low,Closed
803,2736,2025-05-10,Low,Open
804,5176,2025-03-25,Low,Closed
805,2247,2024-03-17,High,Closed
806,2170,2023-07-16,Medium,Closed
807,1578,2024-07-25,Low,Closed
808,5142,2023-12-15,High,Closed
809,1286,2024-01-14,Low,Closed
810,4035,2024-05-02,Low,Open
811,4521,2024-07-30,Medium,In Progress
812,5470,2024-07-01,Low,Closed
813,5833,2023-07-14,High,In Progress
814,3040,2026-05-12,Medium,Closed
815,5718,2023-11-06,Medium,Open
816,1573,2024-02-20,Low,Open
817,1353,2024-04-24,Medium,Closed
818,1526,2023-12-02,Low,Closed
819,1033,2026-05-05,Low,Closed
820,3993,2026-06-18,Low,Closed
821,1568,2024-09-22,Critical,Closed
822,2018,2024-08-14,Low,In Progress
823,3972,2024-04-17,High,Closed
824,5154,2025-06-21,Low,Closed
825,4775,2024-07-27,Low,Closed
826,1577,2024-03-27,Low,Closed
827,4216,2023-12-22,Low,Closed
828,4431,2024-05-28,Low,In Progress
829,3884,2025-04-20,High,Closed
830,2924,2024-12-12,High,Closed
831,2198,2025-02-25,Medium,In Progress
832,5178,2025-01-05,Low,Closed
833,4705,2026-04-14,High,Closed
834,5128,2025-06-14,Medium,Closed
835,4495,2025-07-26,High,In Progress
836,5331,2024-02-12,Medium,Closed
837,5010,2023-12-06,High,Closed
838,5103,2023-12-31,Low,Closed
839,1148,2024-06-18,Medium,Closed
840,5451,2025-05-05,High,Closed
841,3056,2025-07-23,High,Closed
842,3594,2024-02-15,High,Closed
843,5969,2026-06-03,Medium,Closed
844,3029,2026-01-19,Medium,Closed
845,3154,2024-08-10,Critical,Closed
846,3972,2025-08-15,High,In Progress
847,3350,2024-02-29,Low,Open
848,5646,2025-07-27,Critical,Open
849,2720,2024-08-11,High,Closed
850,4712,2024-09-03,Low,Closed
851,1118,2024-02-19,High,In Progress
852,2188,2023-08-13,High,Closed
853,2852,2023-06-28,Critical,Closed
854,1701,2025-09-06,Critical,Open
855,4321,2025-11-02,Medium,Closed
856,4156,2024-02-22,Low,Closed
857,2045,2023-07-15,Low,Closed
858,3159,2025-07-01,Medium,In Progress
859,4674,2024-03-13,Low,Closed
860,4501,2023-11-26,Low,Closed
861,2839,2023-11-08,Low,Closed
862,4414,2023-07-31,High,Closed
863,5420,2025-03-20,Medium,In Progress
864,1960,2024-09-21,High,Closed
865,4085,2026-06-06,High,Closed
866,3704,2024-07-27,High,Closed
867,3479,2025-03-23,Medium,Closed
868,2734,2026-01-02,Low,Closed
869,4779,2026-01-09,High,Closed
870,2415,2023-09-23,High,Closed
871,3939,2025-04-03,Medium,Closed
872,2785,2024-03-24,High,Closed
873,2909,2025-07-29,High,Closed
874,2681,2024-10-20,Low,Closed
875,1159,2024-09-01,High,Closed
876,2361,2023-10-01,Low,Closed
877,1715,2023-11-28,Medium,Open
878,5484,2025-02-17,Medium,Closed
879,1046,2026-06-01,Medium,Closed
880,3020,2023-08-12,Low,Closed
881,3062,2024-04-25,Medium,Closed
882,4971,2024-07-25,High,Open
883,1479,2025-11-10,Critical,Closed
884,1661,2025-12-11,Medium,Closed
885,5359,2024-11-24,High,Closed
886,4024,2023-08-04,High,Closed
887,3378,2024-11-12,High,Closed
888,3582,2025-12-12,Low,Open
889,5429,2024-04-29,Medium,Closed
890,5641,2024-11-11,Low,In Progress
891,4769,2025-01-10,Medium,Closed
892,4915,2025-12-16,Medium,In Progress
893,4426,2024-04-11,Low,Closed
894,2780,2024-02-18,Medium,Closed
895,5761,2026-05-13,High,Closed
896,5719,2024-03-27,Medium,Closed
897,4374,2024-04-22,Low,Closed
898,5518,2024-01-29,Low,Open
899,2836,2026-04-30,High,Closed
900,4042,2025-05-07,Low,Closed
901,5147,2025-01-01,Low,Open
902,2508,2024-09-03,Medium,Closed
903,3848,2023-11-04,Medium,Closed
904,5376,2026-03-02,Critical,Closed
905,1481,2026-01-12,Medium,In Progress
906,5098,2025-07-22,Low,Closed
907,5853,2023-12-25,Critical,Closed
908,3121,2025-12-10,Medium,In Progress
909,5267,2025-04-26,Medium,Closed
910,3624,2024-05-02,High,Closed
911,4234,2026-04-30,Medium,Closed
912,5471,2026-01-17,Medium,Closed
913,5904,2025-10-21,Critical,Closed
914,5914,2024-07-11,Medium,Open
915,3584,2025-11-28,Medium,Closed
916,1885,2026-03-07,Medium,Open
917,1034,2024-10-25,Medium,Closed
918,3120,2024-12-23,Critical,Closed
919,2124,2026-06-01,Low,Closed
920,5890,2025-05-14,Low,In Progress
921,1119,2025-04-06,Medium,Closed
922,3898,2023-08-28,Low,In Progress
923,1919,2025-03-25,Low,Closed
924,3029,2025-07-01,Low,Closed
925,5115,2025-06-17,Medium,In Progress
926,4751,2024-05-04,High,Closed
927,5793,2025-07-17,Low,Closed
928,4587,2025-01-20,Medium,Closed
929,2381,2023-09-22,Critical,Closed
930,5842,2026-05-17,High,Closed
931,4158,2025-07-19,High,Closed
932,1172,2023-11-21,Low,Closed
933,4719,2026-06-24,Medium,Closed
934,5336,2023-09-20,High,Closed
935,4214,2024-02-09,Low,Closed
936,3322,2024-11-15,Low,Closed
937,4531,2026-04-10,High,Closed
938,4956,2023-10-23,Low,In Progress
939,5385,2026-05-06,Low,Closed
940,4233,2025-07-14,Low,Closed
941,1464,2026-04-19,Medium,In Progress
942,1388,2024-06-11,Critical,Closed
943,1947,2024-05-19,High,Closed
944,2408,2026-02-22,High,Closed
945,2273,2024-05-10,Medium,Closed
946,2762,2026-01-18,Low,Open
947,2905,2025-09-24,Medium,Closed
948,5897,2024-07-24,Medium,Closed
949,5872,2024-01-23,Low,Closed
950,5335,2023-09-04,Low,Closed
951,4886,2025-03-11,Critical,In Progress
952,5190,2024-02-29,High,Closed
953,5113,2026-03-22,Critical,Closed
954,5520,2023-11-21,High,Open
955,3392,2025-05-27,Low,Closed
956,5345,2024-01-06,Medium,Closed
957,2334,2026-01-31,High,Closed
958,2194,2024-09-07,Medium,Closed
959,5713,2023-09-18,Low,Closed
960,5651,2026-05-07,Low,Closed
961,1861,2024-08-16,Low,Closed
962,2072,2026-01-25,High,Closed
963,1203,2025-12-27,Critical,Closed
964,2444,2026-03-31,High,Closed
965,3823,2024-05-03,Critical,Closed
966,5997,2023-10-18,Medium,Closed
967,3377,2026-04-11,Low,Closed
968,1338,2024-09-27,Medium,Closed
969,2058,2023-10-31,Critical,Closed
970,1504,2026-03-07,Critical,In Progress
971,2630,2026-03-06,Medium,Closed
972,4072,2024-11-27,Medium,Closed
973,3371,2023-09-10,Medium,Closed
974,5583,2025-08-24,Medium,Closed
975,2740,2025-01-06,High,Closed
976,3990,2025-11-04,Medium,Closed
977,5598,2025-04-14,High,Closed
978,3512,2025-11-12,Medium,Closed
979,3611,2024-07-23,High,Open
980,4477,2024-01-29,High,Open
981,5821,2026-02-28,Medium,Closed
982,5172,2024-09-07,Medium,Closed
983,2330,2026-06-06,Medium,Closed
984,4156,2025-08-06,Low,Closed
985,4893,2025-12-17,Low,Closed
986,5580,2024-04-11,Low,Closed
987,1443,2026-05-23,Medium,Closed
988,5422,2025-01-10,High,Closed
989,5064,2025-08-12,Medium,Closed
990,2482,2025-10-07,Medium,In Progress
991,1928,2024-03-24,Medium,Closed
992,5595,2025-04-01,Medium,Closed
993,2769,2024-07-30,Medium,Closed
994,1794,2024-01-21,Medium,Closed
995,1688,2026-05-25,Low,Closed
996,5693,2025-02-17,Low,Closed
997,3980,2026-02-19,Medium,In Progress
998,2097,2025-07-10,Medium,Closed
999,3037,2024-01-03,Medium,Closed
1000,2521,2025-12-17,High,Closed
1001,4891,2024-04-03,Medium,Open
1002,1622,2024-12-01,Low,Closed
1003,5703,2025-10-10,Medium,Closed
1004,1911,2024-12-25,Medium,Closed
1005,5998,2025-02-14,Critical,In Progress
1006,2035,2025-02-18,Medium,Closed
1007,3122,2023-07-17,Medium,In Progress
1008,1102,2024-06-24,Critical,Closed
1009,4212,2025-06-15,Medium,Closed
1010,5238,2026-02-10,High,Closed
1011,5371,2025-11-24,Low,Closed
1012,2718,2023-11-05,High,Closed
1013,2782,2025-09-18,Low,Closed
1014,2176,2024-03-26,Low,Closed
1015,3419,2023-08-07,Low,In Progress
1016,3025,2025-04-04,Medium,Open
1017,5854,2026-02-11,Critical,In Progress
1018,3300,2024-07-01,Low,In Progress
1019,3326,2025-08-19,Medium,Closed
1020,2161,2024-08-21,Low,Closed
1021,2913,2026-03-05,High,In Progress
1022,3743,2024-12-04,Low,Closed
1023,3089,2023-09-10,Critical,Closed
1024,3822,2024-05-11,Low,Open
1025,1796,2025-06-23,Low,Closed
1026,3730,2025-06-10,Medium,Open
1027,3564,2023-09-06,Low,Closed
1028,1302,2024-03-24,Low,In Progress
1029,1055,2025-09-19,Low,Closed
1030,1531,2024-11-08,Low,Closed
1031,3040,2024-05-09,High,Closed
1032,4628,2025-06-12,Critical,Closed
1033,4136,2024-05-13,Low,Closed
1034,4046,2024-11-28,Medium,Closed
1035,3235,2023-11-08,Low,Closed
1036,3873,2023-11-19,High,Closed
1037,1938,2024-01-21,Medium,Closed
1038,1647,2025-10-06,Medium,Closed
1039,4637,2025-01-12,High,Closed
1040,2759,2025-09-26,High,Closed
1041,1197,2023-09-15,High,Closed
1042,1927,2024-07-25,Low,In Progress
1043,5316,2024-08-30,Low,Closed
1044,3196,2023-06-30,Low,Closed
1045,2210,2026-04-21,Low,Open
1046,3340,2024-10-01,Critical,In Progress
1047,2542,2025-08-05,Medium,Closed
1048,5272,2023-10-10,High,In Progress
1049,3360,2023-06-28,Critical,Closed
1050,1427,2025-01-30,Medium,Closed
1051,1125,2026-03-01,High,Closed
1052,4195,2025-08-23,Low,Closed
1053,4749,2026-04-08,Medium,Open
1054,5948,2025-09-09,High,In Progress
1055,3594,2026-04-05,Low,Open
1056,3414,2025-06-16,Critical,Closed
1057,3722,2024-11-04,High,Open
1058,3249,2025-03-23,Low,In Progress
1059,4620,2025-03-05,Medium,Closed
1060,2326,2023-07-11,Medium,In Progress
1061,3976,2025-07-06,Medium,Closed
1062,2758,2023-08-01,Low,Closed
1063,2374,2026-03-15,High,Closed
1064,5259,2023-12-04,Critical,Closed
1065,1376,2026-04-18,Medium,In Progress
1066,3830,2025-12-03,Medium,Closed
1067,2632,2024-09-17,Low,In Progress
1068,5117,2025-09-04,Critical,Closed
1069,5164,2025-12-14,Medium,Open
1070,2892,2024-03-02,Critical,Closed
1071,2613,2024-11-06,High,Closed
1072,5695,2025-09-02,Medium,Open
1073,5257,2025-04-27,High,Closed
1074,1472,2025-03-16,Medium,Open
1075,4714,2026-01-23,High,Closed
1076,1356,2025-08-11,Low,Closed
1077,1399,2024-06-30,Medium,Closed
1078,5396,2023-10-06,High,Closed
1079,1173,2025-11-27,Medium,Closed
1080,4392,2025-10-12,Critical,Closed
1081,1598,2025-08-25,Low,In Progress
1082,2029,2025-07-27,Medium,Closed
1083,3217,2025-09-15,Medium,Closed
1084,3518,2025-01-17,Low,Closed
1085,2371,2024-03-25,Low,In Progress
1086,3603,2023-07-17,Low,Closed
1087,2265,2025-07-01,Medium,Closed
1088,5123,2023-07-20,Low,Closed
1089,2185,2024-06-19,Medium,Closed
1090,1805,2024-06-21,Low,Closed
1091,4034,2026-02-25,Critical,Closed
1092,5337,2026-02-12,Low,Open
1093,2403,2024-01-24,High,In Progress
1094,4528,2023-11-06,Low,Closed
1095,1420,2024-08-17,Low,Open
1096,1888,2023-08-10,Critical,Closed
1097,2160,2025-07-15,Critical,Closed
1098,4381,2023-10-21,Low,Closed
1099,4968,2026-04-01,Medium,Open
1100,1046,2024-02-23,Low,Open
1101,2844,2024-10-15,Low,Closed
1102,5555,2024-01-08,Low,Closed
1103,1903,2025-08-27,Medium,In Progress
1104,5118,2024-09-21,Low,In Progress
1105,5846,2023-10-11,Low,Closed
1106,4546,2024-10-08,Low,Closed
1107,2138,2024-07-24,Medium,Closed
1108,4292,2023-09-01,Medium,In Progress
1109,5561,2025-09-17,Medium,Closed
1110,1149,2023-12-13,Medium,In Progress
1111,1055,2026-01-30,Low,In Progress
1112,1614,2025-04-21,Low,Closed
1113,1295,2024-06-01,High,Closed
1114,3578,2024-03-02,Medium,Closed
1115,4411,2024-08-19,Medium,Open
1116,1380,2023-09-29,Medium,Closed
1117,4093,2024-07-21,Low,Open
1118,1678,2024-04-14,Medium,In Progress
1119,1512,2024-08-10,Medium,Closed
1120,3716,2024-12-19,Medium,Closed
1121,5740,2023-10-16,High,Closed
1122,2865,2024-02-29,Low,Closed
1123,1493,2023-08-17,Medium,Closed
1124,3249,2024-04-30,High,Closed
1125,5274,2023-08-10,Medium,Open
1126,5382,2025-01-31,Low,In Progress
1127,5573,2024-04-14,Low,Closed
1128,2412,2024-02-19,Medium,Closed
1129,1567,2023-11-13,Low,Closed
1130,4876,2023-10-06,Medium,Closed
1131,4087,2025-08-02,Low,Closed
1132,5620,2025-02-05,High,Closed
1133,2667,2025-06-18,Critical,Closed
1134,3659,2024-01-23,High,Closed
1135,1119,2025-05-12,High,Closed
1136,4664,2025-04-01,Medium,Closed
1137,3199,2025-05-08,Medium,In Progress
1138,5533,2024-12-06,Low,In Progress
1139,2264,2025-10-13,Low,Open
1140,1936,2023-07-10,High,Closed
1141,1264,2025-05-25,Low,Closed
1142,3637,2026-05-15,Critical,Closed
1143,2090,2025-05-10,High,In Progress
1144,3460,2024-05-04,High,Closed
1145,3639,2025-12-06,Medium,Closed
1146,2040,2025-07-08,High,Closed
1147,3093,2024-01-30,Critical,Closed
1148,5972,2024-01-23,Low,In Progress
1149,5156,2023-08-27,Low,Open
1150,4099,2025-11-06,Low,Closed
1151,1025,2025-03-03,Critical,Closed
1152,4935,2026-05-30,Critical,Open
1153,3327,2024-09-14,Low,Closed
1154,2210,2026-01-08,Low,Closed
1155,4631,2024-02-27,Low,Closed
1156,4941,2023-11-11,Low,In Progress
1157,1687,2025-08-02,Low,Closed
1158,4410,2024-11-23,Low,Open
1159,3941,2023-10-24,Medium,In Progress
1160,3337,2024-05-18,High,Closed
1161,5952,2024-12-09,Medium,Open
1162,5646,2025-03-21,Low,Closed
1163,2424,2023-09-25,Low,Closed
1164,4699,2025-09-27,Low,Closed
1165,5671,2024-12-05,Low,Closed
1166,4091,2025-07-25,High,In Progress
1167,5955,2025-10-31,High,Closed
1168,2144,2024-10-30,Low,Closed
1169,5348,2024-04-22,Low,Closed
1170,1496,2026-04-05,Low,Closed
1171,4401,2024-08-28,Medium,Closed
1172,5348,2023-07-17,Critical,Closed
1173,4602,2025-03-06,Low,Closed
1174,5951,2024-10-31,Low,Closed
1175,1275,2025-05-16,High,Closed
1176,4084,2026-04-05,Critical,Closed
1177,3935,2024-07-07,Medium,Closed
1178,5879,2025-06-23,Low,Closed
1179,2936,2024-12-08,Medium,Closed
1180,2836,2024-05-04,Low,Closed
1181,4530,2024-03-07,Critical,Closed
1182,2669,2026-04-14,Low,Closed
1183,5176,2026-03-05,High,Closed
1184,5423,2025-06-01,Medium,Closed
1185,5517,2026-04-04,Critical,Open
1186,4594,2024-01-09,Medium,Closed
1187,3231,2024-09-07,Low,Open
1188,3995,2025-06-18,Critical,Closed
1189,4843,2024-08-29,High,In Progress
1190,3231,2026-02-10,Low,Closed
1191,3448,2026-05-18,Medium,Closed
1192,1584,2025-03-13,Low,Open
1193,3829,2023-10-03,Low,Closed
1194,2949,2025-03-13,Medium,Closed
1195,3730,2024-09-24,High,Closed
1196,1379,2025-04-16,Critical,Open
1197,1087,2025-01-29,Medium,Closed
1198,2754,2025-09-20,Low,Open
1199,1132,2026-02-13,High,In Progress
1200,1552,2024-03-24,Critical,Closed
1201,1478,2026-03-27,High,Closed
1202,4109,2026-04-15,Medium,Closed
1203,4658,2025-12-12,Low,Closed
1204,4973,2025-04-29,Medium,Closed
1205,4995,2025-05-25,Low,Closed
1206,2064,2026-05-27,High,Closed
1207,3874,2023-10-30,Medium,Closed
1208,4436,2024-02-25,High,Closed
1209,4597,2024-06-05,High,Closed
1210,2966,2025-12-28,High,Closed
1211,3808,2024-11-02,Medium,Closed
1212,5536,2025-05-25,High,Closed
1213,3693,2025-12-03,Low,In Progress
1214,3513,2024-08-14,Low,Closed
1215,3434,2024-03-11,Low,Closed
1216,4979,2025-01-13,Medium,In Progress
1217,1666,2026-06-23,Low,In Progress
1218,5952,2025-01-10,Medium,Closed
1219,5208,2026-06-11,Medium,Closed
1220,3871,2026-04-19,Medium,Closed
1221,3632,2024-04-17,Low,In Progress
1222,5477,2023-09-27,Medium,Closed
1223,3950,2025-11-06,High,Closed
1224,3627,2025-12-02,Medium,Closed
1225,1935,2025-10-03,High,Open
1226,1914,2025-06-07,Low,Closed
1227,2175,2024-11-22,Low,Closed
1228,1486,2026-06-10,Low,Open
1229,2254,2023-07-30,Low,Closed
1230,4653,2026-01-07,Low,Closed
1231,1878,2025-06-11,Low,Closed
1232,1564,2023-12-26,Low,In Progress
1233,4215,2023-11-22,Medium,Closed
1234,2876,2025-06-10,Critical,Closed
1235,3424,2026-01-13,Low,Closed
1236,5123,2024-06-29,Low,Closed
1237,3741,2023-09-01,Low,Closed
1238,5905,2024-10-15,High,Closed
1239,3113,2024-09-14,Medium,Closed
1240,1757,2024-08-21,Low,Open
1241,1922,2024-10-08,Low,Closed
1242,1720,2025-06-05,Low,Closed
1243,1907,2025-08-18,Low,Closed
1244,4397,2024-07-10,Medium,In Progress
1245,2165,2024-07-04,Medium,Closed
1246,5706,2026-02-04,Medium,In Progress
1247,2754,2025-08-01,Critical,Closed
1248,2290,2025-07-18,Critical,Closed
1249,3036,2026-06-26,High,Open
1250,1639,2026-04-19,Low,Closed
1251,5285,2024-11-13,Medium,Closed
1252,5288,2026-01-05,Medium,Closed
1253,5526,2025-03-29,Medium,In Progress
1254,3950,2024-05-05,High,In Progress
1255,4944,2023-10-22,High,Closed
1256,3251,2024-07-10,Low,Closed
1257,2331,2025-05-04,Low,Closed
1258,1581,2026-01-06,Medium,Closed
1259,4127,2025-06-08,High,Closed
1260,1036,2025-05-22,Low,Closed
1261,4668,2025-03-01,Low,Closed
1262,4112,2023-08-03,Medium,Open
1263,3478,2026-03-18,Medium,Closed
1264,1611,2025-07-15,Medium,Closed
1265,5292,2023-09-29,Medium,Open
1266,3163,2026-06-02,Low,Open
1267,1216,2025-05-10,Medium,Closed
1268,5716,2025-09-15,Medium,Closed
1269,5176,2023-10-20,Low,In Progress
1270,4106,2024-05-25,High,Closed
1271,4924,2026-06-05,Low,Closed
1272,4574,2026-05-22,High,Closed
1273,3085,2024-08-29,Medium,In Progress
1274,2895,2024-05-17,Low,Closed
1275,5624,2025-02-27,Low,Closed
1276,1082,2023-08-07,Low,Closed
1277,2244,2024-06-16,Medium,Open
1278,1961,2023-12-06,High,Closed
1279,3270,2026-04-15,Medium,Closed
1280,1233,2024-04-11,Medium,Closed
1281,3849,2025-01-24,High,Closed
1282,3373,2024-08-06,Low,Closed
1283,1091,2025-08-07,Medium,Closed
1284,5231,2025-07-31,Low,Closed
1285,3613,2025-11-23,Low,Closed
1286,5143,2026-04-17,Low,Closed
1287,5088,2024-11-10,High,Closed
1288,1342,2024-09-24,Medium,Open
1289,5193,2024-02-16,Low,Closed
1290,2740,2025-11-28,Low,Closed
1291,3217,2024-12-19,Medium,Closed
1292,2491,2024-03-07,Medium,Closed
1293,2333,2023-07-15,Low,Closed
1294,4264,2025-10-31,Low,Closed
1295,1406,2026-03-09,Low,Closed
1296,4556,2024-04-29,Medium,Closed
1297,3290,2024-03-20,High,Closed
1298,3784,2023-10-13,High,Closed
1299,1357,2023-07-15,Low,Closed
1300,2458,2023-10-21,Medium,Closed
1301,3303,2025-08-30,Low,Closed
1302,3674,2025-08-31,Low,Closed
1303,4906,2025-06-17,Low,Closed
1304,5085,2023-10-30,High,Closed
1305,4495,2024-02-02,Medium,Closed
1306,4181,2023-08-06,High,Closed
1307,1512,2024-12-15,Low,Closed
1308,3598,2025-11-04,Medium,Closed
1309,2396,2025-11-11,Medium,Closed
1310,2631,2024-10-05,Medium,Closed
1311,5351,2024-01-06,Critical,Closed
1312,1369,2023-08-03,High,Closed
1313,2414,2023-08-18,Low,Closed
1314,4821,2025-07-28,Medium,Closed
1315,4119,2024-01-04,Low,Closed
1316,4496,2026-05-22,Low,In Progress
1317,2509,2025-01-02,High,Closed
1318,5598,2026-06-20,Low,Closed
1319,1281,2023-11-18,High,Closed
1320,2497,2026-01-30,Low,In Progress
1321,3516,2025-06-12,Medium,Closed
1322,5120,2024-06-27,High,Closed
1323,5769,2024-11-12,Low,Open
1324,5148,2023-09-30,Medium,Closed
1325,1624,2024-11-27,Medium,Closed
1326,5850,2026-01-23,Low,In Progress
1327,3504,2025-06-15,Low,In Progress
1328,3081,2023-08-10,Low,In Progress
1329,1535,2024-04-28,Medium,Closed
1330,1127,2025-09-13,High,Open
1331,5198,2024-08-16,High,In Progress
1332,3347,2024-11-26,Low,Closed
1333,4820,2024-08-08,Medium,In Progress
1334,5888,2024-06-22,Low,In Progress
1335,2248,2025-03-03,Medium,In Progress
1336,3249,2023-09-12,High,Closed
1337,2333,2023-08-06,Medium,In Progress
1338,3984,2025-03-29,Low,Closed
1339,1224,2024-06-27,High,Open
1340,2194,2025-09-30,Critical,Closed
1341,1346,2023-08-08,Medium,Closed
1342,1904,2026-02-28,Low,Closed
1343,3630,2024-01-06,High,Closed
1344,5433,2026-01-25,Medium,Closed
1345,3966,2025-05-03,Low,In Progress
1346,2504,2025-03-25,Medium,Closed
1347,1284,2024-01-22,Medium,Closed
1348,5593,2025-12-15,Medium,Closed
1349,2562,2023-10-14,Low,In Progress
1350,1849,2025-08-25,Medium,Closed
1351,1400,2023-09-29,Critical,Closed
1352,1675,2025-12-01,Medium,Closed
1353,5365,2025-12-01,Low,Closed
1354,5637,2024-05-10,Low,Closed
1355,2618,2024-03-03,Medium,Closed
1356,3840,2026-01-04,High,Closed
1357,3209,2024-06-03,Low,Closed
1358,1286,2025-12-14,Low,Closed
1359,1946,2025-04-26,Medium,Closed
1360,3821,2023-11-18,High,Closed
1361,4652,2026-03-14,Low,Closed
1362,2883,2024-09-04,Medium,Open
1363,1113,2026-02-03,Medium,Closed
1364,4645,2024-07-15,Critical,Closed
1365,4136,2025-11-11,Medium,Closed
1366,2205,2023-11-29,Low,In Progress
1367,5411,2025-12-26,Medium,Closed
1368,2688,2025-04-10,Medium,Closed
1369,5154,2023-11-18,High,Open
1370,1147,2025-01-05,Critical,Closed
1371,5704,2024-07-14,Low,In Progress
1372,5095,2025-07-06,Low,Closed
1373,4022,2024-12-03,Low,Closed
1374,3834,2025-01-24,Medium,Closed
1375,2694,2023-08-26,Medium,In Progress
1376,5634,2024-09-07,Low,Closed
1377,5360,2024-12-26,Critical,Open
1378,5773,2025-09-16,Medium,Closed
1379,1356,2025-06-30,Low,Closed
1380,3450,2023-08-02,Medium,Closed
1381,1578,2025-06-19,Medium,Closed
1382,2300,2025-12-28,Medium,In Progress
1383,2698,2025-05-31,High,Closed
1384,1066,2024-06-05,Medium,Open
1385,3059,2025-06-19,Low,Closed
1386,3745,2023-12-08,High,Closed
1387,4254,2025-11-09,Low,Closed
1388,3292,2026-01-29,Medium,Closed
1389,3425,2025-07-31,Medium,Closed
1390,4263,2024-05-27,Medium,Closed
1391,5236,2023-12-17,Medium,Closed
1392,2680,2024-01-25,Low,Closed
1393,5206,2023-09-12,Low,Closed
1394,3633,2026-05-15,Critical,Closed
1395,2525,2023-10-23,Medium,Closed
1396,2951,2026-02-02,High,Closed
1397,4482,2024-12-01,Medium,In Progress
1398,2521,2024-07-09,Medium,Closed
1399,1591,2024-12-26,Medium,In Progress
1400,4865,2025-02-14,Medium,Closed
1401,5059,2025-05-15,Medium,In Progress
1402,5886,2026-03-18,Medium,Closed
1403,1142,2025-04-25,High,Closed
1404,1865,2025-04-05,Low,Closed
1405,1849,2025-02-08,High,Closed
1406,4686,2024-04-30,Low,In Progress
1407,2312,2025-02-20,High,Closed
1408,1555,2025-11-20,High,Closed
1409,5526,2025-08-12,High,Closed
1410,3963,2025-04-30,Medium,Closed
1411,4520,2025-10-20,Medium,Closed
1412,2789,2026-05-29,Medium,Closed
1413,5615,2023-09-29,High,Closed
1414,4860,2025-01-10,Low,Closed
1415,3039,2026-05-04,Medium,Closed
1416,2768,2026-06-14,Low,Closed
1417,2469,2025-02-15,High,Closed
1418,5613,2025-03-22,Medium,In Progress
1419,5397,2025-03-14,High,Open
1420,5856,2023-07-03,Medium,Closed
1421,5227,2024-08-30,Medium,Open
1422,2491,2025-02-06,Medium,Closed
1423,5716,2024-04-15,Low,Open
1424,5181,2026-04-10,High,Closed
1425,1609,2025-12-17,Critical,Closed
1426,5803,2023-10-15,High,Closed
1427,5992,2025-06-24,Low,Closed
1428,2531,2024-12-16,High,Closed
1429,5231,2023-08-14,Medium,In Progress
1430,4306,2025-12-30,Critical,Open
1431,3670,2024-09-24,Low,Closed
1432,5073,2025-10-26,Low,Closed
1433,3757,2024-01-23,High,Closed
1434,4657,2024-04-14,Low,Closed
1435,3934,2024-05-07,Low,Closed
1436,5667,2024-04-16,High,In Progress
1437,3867,2024-11-19,Medium,Closed
1438,5661,2024-08-21,High,Closed
1439,5673,2024-08-12,Low,Closed
1440,3727,2025-07-20,Medium,Closed
1441,2989,2024-03-22,Low,Open
1442,4159,2025-05-13,High,Closed
1443,5326,2026-05-19,High,Closed
1444,2095,2024-06-18,Medium,Closed
1445,2867,2024-02-19,Medium,In Progress
1446,1091,2026-04-27,High,Closed
1447,3661,2023-08-09,Low,Closed
1448,2575,2024-09-18,Critical,Closed
1449,2058,2025-10-30,Low,Closed
1450,1073,2025-11-06,Low,Open
1451,4273,2024-11-11,High,Closed
1452,5814,2023-11-23,Low,Open
1453,5061,2026-04-13,Low,Closed
1454,5351,2023-10-26,High,Open
1455,1362,2026-03-06,Low,Closed
1456,5995,2025-12-28,High,Closed
1457,4585,2026-02-03,Medium,In Progress
1458,1720,2023-07-06,Low,Closed
1459,1046,2025-04-20,Medium,Closed
1460,3230,2024-12-15,Medium,Closed
1461,3945,2025-03-30,Low,Closed
1462,1077,2023-12-06,Medium,Open
1463,1467,2025-12-25,Medium,Closed
1464,4992,2023-08-17,Medium,Closed
1465,3928,2024-06-09,High,Closed
1466,2256,2025-05-15,High,Closed
1467,4024,2026-05-08,High,Closed
1468,5599,2025-04-08,Low,Closed
1469,1722,2023-10-11,Low,Closed
1470,2299,2026-05-26,Medium,Closed
1471,2242,2024-02-12,Low,Closed
1472,2246,2024-12-08,Medium,Closed
1473,5300,2024-11-03,Critical,Open
1474,1178,2025-04-25,Medium,Closed
1475,4876,2026-02-19,Medium,In Progress
1476,1624,2025-08-18,High,Closed
1477,1596,2025-09-09,Low,In Progress
1478,3588,2023-11-04,Medium,Closed
1479,1224,2025-09-29,Medium,Closed
1480,3172,2024-11-10,High,Closed
1481,3843,2026-04-20,Medium,Closed
1482,3732,2025-03-14,Medium,Closed
1483,5765,2023-10-09,Medium,Closed
1484,4370,2026-03-12,Low,Closed
1485,3634,2025-01-17,Low,In Progress
1486,3028,2024-03-20,Medium,Closed
1487,2477,2025-03-10,Medium,In Progress
1488,5864,2023-07-07,Medium,In Progress
1489,5120,2024-11-23,Medium,In Progress
1490,4964,2024-06-28,High,Open
1491,3279,2023-11-22,Low,Closed
1492,4336,2024-12-29,Low,Closed
1493,4836,2025-09-28,High,Closed
1494,4168,2025-03-24,Medium,Closed
1495,1515,2024-06-21,Critical,Closed
1496,1945,2024-03-12,Medium,Closed
1497,2096,2026-01-10,Medium,Closed
1498,5932,2024-05-08,Low,Closed
1499,5419,2025-05-05,High,In Progress
1500,4569,2023-07-27,Low,Closed
1501,2264,2025-07-30,Low,Open
1502,1595,2024-01-30,Critical,Closed
1503,5381,2025-07-20,Medium,Closed
1504,5588,2025-07-31,Low,Closed
1505,4914,2024-04-23,High,Closed
1506,4426,2023-08-24,Medium,Closed
1507,2105,2026-05-01,Low,Closed
1508,5934,2026-01-15,Medium,Closed
1509,2951,2025-07-15,High,Closed
1510,3958,2024-12-13,Low,Closed
1511,3633,2025-01-08,Medium,Open
1512,3673,2024-10-01,High,Closed
1513,2917,2026-04-02,Medium,Closed
1514,4230,2024-09-22,Medium,Closed
1515,1885,2026-05-01,High,Closed
1516,2470,2025-11-24,Medium,Closed
1517,4919,2024-01-28,Low,Closed
1518,2551,2024-08-07,Low,Closed
1519,2392,2023-11-08,Medium,Closed
1520,3469,2025-07-31,High,Closed
1521,3688,2023-11-20,Medium,Closed
1522,4966,2026-04-03,Medium,Closed
1523,4281,2025-08-22,Low,Closed
1524,1849,2024-09-21,Low,Closed
1525,3841,2023-10-09,High,In Progress
1526,5691,2025-12-24,High,In Progress
1527,3339,2026-05-03,Low,In Progress
1528,3341,2023-11-16,High,Closed
1529,5598,2024-03-06,Low,Closed
1530,1831,2023-07-03,Low,In Progress
1531,2302,2024-03-26,Medium,In Progress
1532,3875,2025-04-02,Medium,Closed
1533,1247,2025-12-23,Medium,Closed
1534,3083,2025-05-12,Low,In Progress
1535,1458,2025-08-23,Low,Open
1536,5788,2023-12-30,Low,Closed
1537,3611,2024-06-12,Medium,Closed
1538,1027,2024-05-14,High,In Progress
1539,1693,2025-07-04,High,Open
1540,3829,2025-12-01,Critical,In Progress
1541,4335,2024-12-23,Low,Closed
1542,5042,2026-06-04,Medium,Closed
1543,5273,2024-08-24,Critical,Open
1544,4381,2024-01-27,Low,In Progress
1545,1475,2026-06-03,Medium,Open
1546,2200,2025-04-16,High,Closed
1547,5041,2023-07-17,Low,Closed
1548,1292,2023-08-24,Medium,Closed
1549,4574,2024-11-28,Low,In Progress
1550,3034,2025-05-04,Low,Closed
1551,1758,2023-12-16,Medium,In Progress
1552,1413,2026-04-16,Medium,Closed
1553,1982,2025-07-19,Medium,Closed
1554,4351,2025-01-28,Low,Closed
1555,4625,2025-01-24,Low,Open
1556,3866,2024-09-08,Medium,In Progress
1557,2651,2025-05-30,High,Open
1558,5671,2024-03-10,Critical,Closed
1559,2859,2025-07-07,Low,Closed
1560,2137,2025-10-04,Critical,Closed
1561,4764,2024-04-09,High,Closed
1562,5012,2024-07-18,High,Closed
1563,4786,2023-12-10,Medium,Closed
1564,2719,2025-05-22,Low,In Progress
1565,3744,2024-01-22,Medium,In Progress
1566,5447,2025-05-17,Medium,Closed
1567,5047,2024-08-29,Low,Closed
1568,4309,2025-02-23,Critical,Closed
1569,5735,2024-12-11,High,Open
1570,4628,2024-07-14,Medium,Closed
1571,1440,2025-03-11,Medium,Open
1572,5419,2025-10-15,Low,Closed
1573,4302,2023-07-12,Low,Closed
1574,2162,2026-03-30,Medium,Closed
1575,2388,2025-03-12,Medium,Closed
1576,2831,2024-02-11,Critical,Closed
1577,5606,2024-02-03,Medium,Closed
1578,2448,2026-04-06,Low,Closed
1579,2070,2023-11-13,Critical,Closed
1580,4099,2025-02-16,Critical,Closed
1581,2059,2024-10-02,High,Closed
1582,5581,2026-06-13,Critical,In Progress
1583,1803,2025-06-24,Low,Closed
1584,4954,2025-09-06,Low,Closed
1585,5944,2025-06-08,Medium,Open
1586,5760,2024-06-06,Medium,In Progress
1587,4560,2025-03-04,Medium,Open
1588,5439,2025-02-15,Low,Closed
1589,2818,2023-10-05,Low,Closed
1590,3788,2026-02-11,Medium,Closed
1591,4594,2025-11-26,Medium,In Progress
1592,5333,2026-02-20,Medium,Closed
1593,1083,2025-03-24,Low,Closed
1594,3025,2026-06-18,Low,Closed
1595,1366,2023-10-17,Low,Closed
1596,2494,2025-01-04,Low,In Progress
1597,1646,2024-05-21,Medium,Closed
1598,3815,2026-03-24,Low,Closed
1599,2551,2025-08-22,Low,Closed
1600,3685,2024-02-13,Low,Closed
1601,4008,2025-06-14,Low,Closed
1602,3568,2025-04-18,Low,In Progress
1603,1733,2024-08-21,Low,Closed
1604,1982,2025-01-01,High,Closed
1605,3770,2026-01-23,High,Closed
1606,1972,2025-09-30,Medium,In Progress
1607,2310,2024-02-27,Low,Closed
1608,3288,2025-02-23,Low,Closed
1609,3819,2025-11-23,High,Closed
1610,1518,2025-08-18,High,Closed
1611,2654,2025-06-22,Low,Closed
1612,3799,2023-11-22,High,Closed
1613,1606,2024-06-17,Low,Open
1614,2693,2025-07-05,Low,Closed
1615,5178,2025-05-26,Critical,Closed
1616,5534,2025-07-21,Medium,Closed
1617,1954,2024-07-23,High,Open
1618,4265,2024-12-25,Medium,Closed
1619,4829,2024-11-21,Low,Closed
1620,2508,2025-02-27,High,Closed
1621,3876,2025-02-25,High,Open
1622,3729,2024-01-17,Low,Closed
1623,1050,2024-08-30,Medium,Closed
1624,2748,2025-11-28,High,Closed
1625,3813,2024-04-24,Medium,Closed
1626,2050,2025-08-23,Low,Closed
1627,5189,2023-08-19,Medium,Closed
1628,5820,2024-09-05,High,In Progress
1629,3992,2026-05-03,Medium,Closed
1630,3389,2023-12-22,Low,Closed
1631,4226,2024-04-30,Low,Closed
1632,2617,2025-11-24,Low,Closed
1633,5758,2025-09-28,Critical,Closed
1634,4595,2025-04-11,High,Closed
1635,1770,2023-07-20,Medium,Closed
1636,1265,2024-04-14,Medium,Closed
1637,5208,2025-08-03,Medium,In Progress
1638,5578,2025-10-25,Low,Closed
1639,2187,2023-08-05,Medium,Closed
1640,4034,2025-11-03,Medium,Closed
1641,1689,2024-09-20,Medium,Closed
1642,3830,2025-11-22,Medium,Closed
1643,5008,2024-10-26,Critical,Closed
1644,5244,2025-01-23,Medium,In Progress
1645,5514,2023-11-12,Critical,Closed
1646,3584,2024-01-23,Medium,Closed
1647,5901,2025-12-08,High,In Progress
1648,4851,2026-06-20,High,Open
1649,1743,2023-12-16,Critical,Closed
1650,1495,2026-06-21,Low,Closed
1651,2766,2024-07-25,Low,Closed
1652,5751,2024-05-27,Critical,Closed
1653,4422,2026-01-29,Low,Closed
1654,2793,2024-11-04,Medium,Closed
1655,5149,2026-02-13,Low,Closed
1656,4190,2025-07-29,Critical,Closed
1657,1463,2025-04-24,Medium,Open
1658,3461,2023-08-14,Low,Closed
1659,2642,2024-07-21,Low,In Progress
1660,1226,2025-01-18,Low,Closed
1661,1715,2024-02-07,Low,Closed
1662,5710,2025-12-26,Medium,Open
1663,3593,2025-10-03,Medium,Closed
1664,1385,2024-09-22,High,Closed
1665,2892,2024-08-13,Medium,Closed
1666,4589,2023-11-01,Medium,Closed
1667,4086,2023-12-30,Low,Open
1668,1029,2025-12-08,Medium,Open
1669,2708,2024-04-02,Low,In Progress
1670,4654,2023-12-17,Medium,Closed
1671,5690,2025-06-19,Low,In Progress
1672,1069,2025-11-28,Critical,Closed
1673,2298,2023-09-20,Low,In Progress
1674,3318,2025-07-06,High,In Progress
1675,3628,2024-05-30,Low,Closed
1676,2530,2024-06-09,Low,Open
1677,5227,2026-03-16,Low,Closed
1678,4100,2024-03-14,Low,Closed
1679,3627,2024-12-25,High,Closed
1680,2293,2023-10-16,Low,Closed
1681,1435,2026-05-26,Low,Open
1682,4147,2025-10-07,Low,In Progress
1683,3989,2025-12-11,Low,Closed
1684,1553,2025-10-11,High,Closed
1685,5940,2026-06-07,Medium,Closed
1686,1314,2025-04-05,Low,In Progress
1687,5567,2026-02-22,Low,Closed
1688,1171,2026-02-25,Low,Closed
1689,4520,2024-11-08,Medium,Open
1690,5565,2026-06-01,Critical,Closed
1691,2974,2023-11-28,High,Closed
1692,5581,2025-07-21,Critical,Closed
1693,1113,2024-07-18,High,Closed
1694,4604,2025-05-10,Low,Closed
1695,5072,2023-12-15,Low,Closed
1696,1163,2026-01-19,Low,Closed
1697,3994,2023-08-07,Low,Closed
1698,4483,2024-08-05,High,Closed
1699,4082,2025-04-02,Low,Closed
1700,5080,2024-01-08,Medium,Open
1701,1619,2026-02-07,Low,In Progress
1702,5861,2024-08-08,Low,Open
1703,2272,2025-01-19,Medium,Open
1704,2135,2024-07-15,Low,Closed
1705,1465,2025-11-22,Medium,Closed
1706,2485,2025-04-24,High,Closed
1707,5179,2026-01-07,Low,Closed
1708,1090,2024-06-16,High,In Progress
1709,2965,2025-12-05,Low,Closed
1710,1908,2025-03-09,High,Closed
1711,5624,2025-11-07,Low,Closed
1712,1913,2025-10-16,Medium,Closed
1713,5552,2025-03-31,High,Closed
1714,1308,2026-02-07,Low,Closed
1715,3908,2024-02-06,Medium,Closed
1716,2316,2026-06-22,High,Closed
1717,1112,2026-02-08,Medium,Closed
1718,3782,2025-09-14,Low,Closed
1719,4409,2025-04-06,Low,Closed
1720,1566,2024-01-06,Medium,Closed
1721,1490,2025-08-31,High,Closed
1722,2632,2024-11-15,Medium,Closed
1723,5608,2023-12-08,Low,Closed
1724,3414,2024-02-03,Medium,Open
1725,4120,2023-09-19,Low,Open
1726,3852,2023-12-18,Medium,Closed
1727,2319,2026-06-02,Low,Closed
1728,3386,2024-04-07,Medium,In Progress
1729,3659,2025-01-03,Low,Closed
1730,2604,2026-01-28,High,In Progress
1731,3221,2026-03-23,Medium,Open
1732,1305,2026-04-17,Critical,Closed
1733,3033,2024-03-08,Medium,Closed
1734,4242,2026-04-20,Low,In Progress
1735,4444,2023-12-29,Critical,Closed
1736,3723,2023-11-17,Medium,Closed
1737,4100,2025-03-17,Critical,Closed
1738,1729,2025-12-07,Medium,In Progress
1739,3975,2026-06-03,Low,Closed
1740,1309,2024-10-30,Low,Closed
1741,4492,2024-07-28,High,Closed
1742,1465,2023-07-27,Medium,Closed
1743,2983,2025-01-24,Medium,Closed
1744,4743,2025-01-04,Low,Closed
1745,4240,2025-10-29,High,Closed
1746,3368,2023-12-19,Medium,Closed
1747,3647,2025-03-31,Low,Closed
1748,1718,2023-08-01,Low,Closed
1749,3532,2025-07-26,Low,Open
1750,2244,2023-12-26,Low,In Progress
1751,2014,2024-12-21,Low,In Progress
1752,1485,2023-08-05,Low,Closed
1753,1777,2024-03-04,Medium,Closed
1754,4580,2023-07-27,Low,Closed
1755,4323,2026-06-04,Medium,Closed
1756,4679,2026-01-30,Low,Closed
1757,2278,2024-01-13,Critical,Closed
1758,3128,2024-08-28,Low,Closed
1759,2322,2023-12-13,Medium,Open
1760,4114,2024-06-15,Low,Closed
1761,5582,2023-08-12,Low,Closed
1762,3937,2025-09-05,Low,Closed
1763,1010,2024-07-29,Medium,Closed
1764,5878,2024-12-31,Low,Closed
1765,1615,2025-01-18,Medium,In Progress
1766,1001,2025-07-31,High,Closed
1767,3750,2024-03-31,Low,Closed
1768,5600,2024-01-17,Low,Closed
1769,4869,2024-10-09,High,Closed
1770,2468,2024-06-07,Medium,Closed
1771,3810,2023-12-23,Low,Closed
1772,3223,2024-04-11,Low,In Progress
1773,1876,2024-06-15,High,Closed
1774,4016,2026-04-29,Low,Closed
1775,4377,2024-02-22,Low,Closed
1776,3579,2025-07-22,Low,Closed
1777,5346,2023-12-28,High,Closed
1778,2482,2024-05-08,High,Closed
1779,5578,2024-04-13,High,Closed
1780,5652,2024-02-24,Low,Closed
1781,5785,2024-10-27,Low,Closed
1782,2194,2026-06-20,Medium,Closed
1783,1049,2025-02-20,Low,Open
1784,1696,2023-07-26,Low,Closed
1785,2728,2026-01-27,Low,In Progress
1786,2782,2024-05-28,High,Closed
1787,3965,2025-04-17,Medium,Closed
1788,5059,2026-05-11,Low,In Progress
1789,1639,2025-11-18,Medium,In Progress
1790,5041,2026-05-24,Medium,Closed
1791,3405,2024-08-19,Critical,In Progress
1792,4252,2024-12-05,Medium,Closed
1793,5885,2023-12-21,Low,In Progress
1794,4853,2024-09-07,High,Closed
1795,5855,2023-12-13,Medium,In Progress
1796,3844,2024-02-14,Low,Open
1797,5682,2026-06-19,Critical,Closed
1798,1972,2025-09-21,Medium,Closed
1799,1316,2026-01-19,Medium,In Progress
1800,1411,2023-11-02,High,Closed
1801,5914,2024-10-20,Low,Closed
1802,4194,2026-05-20,Critical,Closed
1803,4964,2023-08-24,Medium,Closed
1804,3706,2025-06-07,Low,Closed
1805,4349,2024-09-21,Medium,Closed
1806,2333,2025-06-30,High,Closed
1807,3889,2025-06-08,High,Closed
1808,5581,2024-06-19,Medium,In Progress
1809,3991,2025-12-18,Low,Closed
1810,4382,2025-01-20,Medium,In Progress
1811,2558,2024-04-20,Critical,Closed
1812,1249,2026-06-12,Low,Closed
1813,1411,2025-06-12,Medium,Closed
1814,3786,2023-11-17,Low,In Progress
1815,3962,2025-06-02,Low,Closed
1816,2304,2026-06-11,Medium,In Progress
1817,5091,2026-01-03,High,In Progress
1818,4527,2026-06-22,Critical,Closed
1819,3083,2026-02-13,Medium,Closed
1820,2548,2025-01-20,High,Closed
1821,3721,2023-10-15,High,Closed
1822,4602,2024-03-23,Low,Open
1823,5573,2026-01-01,Critical,Closed
1824,1980,2025-11-19,Low,In Progress
1825,3108,2025-01-12,Low,Closed
1826,4140,2024-07-08,Low,Closed
1827,2855,2023-07-11,Medium,Closed
1828,3259,2023-10-07,Medium,In Progress
1829,4115,2025-08-11,Low,Closed
1830,4364,2025-12-29,Low,Closed
1831,4835,2026-04-15,High,Closed
1832,4451,2025-08-08,Low,Closed
1833,5489,2025-08-12,Low,Closed
1834,2911,2025-11-19,Critical,Closed
1835,4032,2024-02-06,Low,Closed
1836,3868,2025-12-13,Low,Closed
1837,2008,2024-06-03,Medium,Closed
1838,2782,2024-07-09,Medium,Open
1839,1470,2024-12-24,Low,Closed
1840,5897,2025-12-27,Medium,Closed
1841,4142,2025-05-30,High,Closed
1842,4664,2023-12-20,Critical,Closed
1843,5325,2023-09-02,Critical,Closed
1844,1037,2024-01-05,Medium,Closed
1845,5189,2024-08-23,Medium,Closed
1846,1752,2025-09-13,High,Closed
1847,2870,2023-11-06,Low,In Progress
1848,5206,2024-03-19,Medium,Closed
1849,1353,2025-08-22,Medium,Open
1850,4837,2026-03-26,Low,Closed
1851,4015,2024-12-10,High,Closed
1852,5971,2026-04-12,Medium,Closed
1853,4371,2025-01-23,Critical,Closed
1854,2011,2025-10-03,Low,Closed
1855,4598,2024-10-05,High,Open
1856,4354,2025-11-15,Critical,Closed
1857,3820,2023-11-14,Critical,Closed
1858,1306,2023-09-28,Low,Closed
1859,3341,2025-12-06,Low,Closed
1860,2780,2023-10-10,Critical,In Progress
1861,2151,2026-02-13,High,Closed
1862,2277,2025-02-21,Low,Closed
1863,5352,2026-03-14,Critical,Closed
1864,3376,2026-04-12,Low,Closed
1865,3418,2023-10-03,High,In Progress
1866,4793,2025-08-11,Medium,In Progress
1867,5292,2025-09-21,Medium,Closed
1868,5171,2023-10-15,High,Open
1869,3020,2023-07-12,Medium,In Progress
1870,3238,2024-04-18,High,Closed
1871,3974,2025-12-02,Medium,Open
1872,1455,2025-07-24,Medium,Open
1873,2509,2026-01-24,Low,In Progress
1874,3985,2025-01-11,Critical,In Progress
1875,2743,2024-12-24,Medium,Closed
1876,5028,2024-05-29,Low,Closed
1877,5724,2025-03-03,Medium,Closed
1878,3397,2026-06-18,Medium,In Progress
1879,2363,2025-02-17,Critical,Closed
1880,3235,2024-01-18,High,Closed
1881,5201,2024-07-26,Low,In Progress
1882,1290,2026-05-16,Low,Closed
1883,4711,2025-10-25,Low,Closed
1884,4555,2024-10-12,Low,Closed
1885,2790,2023-08-29,High,Closed
1886,2309,2026-04-19,High,Closed
1887,4796,2025-12-13,Medium,Closed
1888,5364,2023-11-23,Low,Closed
1889,4255,2024-07-03,Low,Closed
1890,2840,2026-06-19,Medium,Closed
1891,2207,2024-03-18,High,Closed
1892,4448,2025-05-20,Low,In Progress
1893,2626,2024-10-16,High,Closed
1894,4641,2026-03-20,Medium,Closed
1895,5702,2023-09-11,Medium,Open
1896,4631,2024-01-07,Low,Closed
1897,1490,2026-04-04,High,Closed
1898,5458,2026-02-07,Medium,Closed
1899,2118,2024-02-18,Medium,Closed
1900,4489,2024-09-27,High,Open
1901,2661,2023-09-08,Medium,Closed
1902,3770,2024-10-01,Medium,Closed
1903,2233,2023-07-11,Low,Closed
1904,1948,2024-06-30,Low,In Progress
1905,4044,2024-09-16,Low,Closed
1906,2266,2025-06-15,High,Closed
1907,3764,2025-09-18,High,Closed
1908,2902,2025-04-05,Medium,Closed
1909,5556,2026-04-04,Low,Closed
1910,3128,2025-06-16,Medium,Closed
1911,4620,2025-06-20,Medium,Closed
1912,2513,2024-11-13,Medium,In Progress
1913,4544,2026-04-16,Low,Closed
1914,2407,2024-04-16,Medium,In Progress
1915,1721,2024-09-08,Medium,Closed
1916,3197,2024-05-15,Low,Closed
1917,1021,2024-11-08,Low,Closed
1918,3720,2024-11-05,Medium,Closed
1919,4596,2024-12-28,High,In Progress
1920,5157,2025-11-24,High,Closed
1921,2532,2025-04-18,Medium,Closed
1922,3592,2026-01-06,Low,Closed
1923,4406,2025-03-08,Medium,In Progress
1924,1809,2025-04-01,Low,Closed
1925,3271,2024-09-20,High,Closed
1926,3271,2024-05-18,Medium,Closed
1927,1897,2025-02-20,Medium,Closed
1928,4804,2026-05-07,High,Closed
1929,4144,2025-10-13,Critical,Open
1930,1787,2025-04-25,Medium,In Progress
1931,4884,2025-06-17,Low,Open
1932,5045,2025-04-19,High,Open
1933,5415,2023-08-30,Medium,Open
1934,3301,2024-08-14,High,Closed
1935,2026,2026-06-16,Medium,In Progress
1936,1801,2025-11-08,High,Closed
1937,5204,2024-10-08,Low,Closed
1938,3150,2025-05-01,High,Closed
1939,1544,2023-08-25,High,Open
1940,2471,2023-08-08,Medium,Closed
1941,1847,2026-06-19,Low,Open
1942,4716,2025-05-13,Medium,Closed
1943,2483,2024-10-22,Critical,Closed
1944,2929,2025-06-27,Critical,Closed
1945,3680,2025-06-21,Medium,Closed
1946,2471,2023-09-20,Low,In Progress
1947,1438,2024-02-13,Low,Closed
1948,2291,2025-01-17,Low,Closed
1949,5444,2024-10-07,Low,Closed
1950,1784,2025-06-21,Critical,In Progress
1951,2986,2026-05-14,High,Open
1952,3076,2024-07-06,Low,Closed
1953,2200,2025-01-16,Low,Closed
1954,1013,2024-06-21,Low,Closed
1955,4474,2025-09-07,High,Closed
1956,2286,2024-08-30,High,Closed
1957,4463,2025-12-06,Low,Closed
1958,3635,2024-01-12,Medium,Closed
1959,3751,2025-11-27,High,In Progress
1960,4177,2024-03-11,Critical,Closed
1961,2153,2025-06-24,Medium,Closed
1962,5646,2023-09-03,Medium,Closed
1963,4285,2026-04-01,High,Closed
1964,2183,2024-11-15,Medium,Open
1965,1096,2025-02-28,Medium,Closed
1966,4869,2024-12-07,Medium,Closed
1967,3985,2025-09-06,Low,Closed
1968,3333,2025-01-29,Medium,Open
1969,2002,2026-03-23,Medium,Closed
1970,5251,2025-04-18,Low,Closed
1971,4456,2024-01-17,Medium,Open
1972,2498,2026-03-28,Low,In Progress
1973,4698,2025-11-29,Medium,Closed
1974,5692,2025-03-30,Low,Closed
1975,2793,2025-11-17,Medium,Closed
1976,3836,2025-04-11,Medium,In Progress
1977,4533,2023-11-06,Low,In Progress
1978,5431,2023-07-22,Low,Closed
1979,5118,2026-04-13,Critical,Closed
1980,3493,2025-04-21,High,Closed
1981,3098,2026-01-24,Medium,Closed
1982,1979,2024-11-16,Medium,Closed
1983,1530,2025-04-09,High,Closed
1984,1641,2025-05-23,Low,Closed
1985,4060,2024-12-26,Medium,Closed
1986,3568,2026-02-21,Low,Open
1987,5470,2024-09-01,Medium,Open
1988,5969,2025-01-24,Low,Closed
1989,3128,2023-12-08,Medium,Closed
1990,2262,2025-11-06,High,Closed
1991,2246,2023-09-27,Medium,Closed
1992,4018,2024-05-15,Low,Closed
1993,2394,2025-03-26,Medium,Closed
1994,3062,2024-08-04,Low,In Progress
1995,2029,2025-01-05,Critical,In Progress
1996,4152,2024-11-16,Low,Closed
1997,2908,2023-11-13,Medium,Closed
1998,4543,2024-05-31,Low,In Progress
1999,1297,2025-08-10,Critical,Closed
2000,5795,2025-07-09,Medium,Open
2001,3700,2024-01-30,Medium,Closed
2002,4499,2024-08-14,Low,Open
2003,3215,2023-10-21,High,Closed
2004,4278,2024-01-07,High,Closed
2005,1546,2023-12-30,Low,Closed
2006,3445,2023-08-05,Low,Closed
2007,1505,2024-10-18,Low,In Progress
2008,1359,2024-02-23,Medium,Closed
2009,3410,2024-05-30,Low,Open
2010,2186,2023-07-26,Low,In Progress
2011,4637,2023-12-22,Critical,Open
2012,4956,2025-04-23,High,Closed
2013,2752,2023-10-24,Medium,Closed
2014,2471,2025-10-22,Low,Closed
2015,1177,2024-11-26,Critical,Closed
2016,2259,2025-01-07,Medium,Closed
2017,4357,2024-07-28,Low,In Progress
2018,2310,2024-05-28,Low,Closed
2019,1600,2025-09-21,Low,Open
2020,4517,2023-09-18,Medium,Closed
2021,4880,2024-03-15,Low,Closed
2022,4758,2025-06-24,Low,Closed
2023,5558,2024-06-24,High,Closed
2024,1371,2025-08-21,Low,Closed
2025,3090,2023-07-20,Low,Closed
2026,1487,2024-12-09,Low,In Progress
2027,3436,2024-11-17,Medium,Closed
2028,2973,2024-12-12,Low,In Progress
2029,3152,2023-08-05,High,Closed
2030,3360,2023-12-31,Low,Closed
2031,2524,2023-12-11,Medium,Closed
2032,4376,2025-05-16,Low,Closed
2033,5994,2024-11-09,Low,Open
2034,2288,2023-07-25,High,Closed
2035,4896,2023-12-21,Medium,Closed
2036,3869,2025-03-10,Critical,Closed
2037,3797,2026-01-22,Low,Closed
2038,2958,2026-04-10,High,Closed
2039,3702,2025-10-14,High,Closed
2040,3719,2025-12-18,Low,Closed
2041,3876,2026-02-04,Low,Closed
2042,4772,2024-03-09,Low,Closed
2043,5146,2025-09-23,Low,Closed
2044,4301,2025-03-31,Low,Closed
2045,3357,2026-06-14,Low,In Progress
2046,1996,2023-11-20,Medium,Closed
2047,2252,2026-01-24,Medium,Closed
2048,2861,2024-11-05,Medium,Closed
2049,2571,2025-09-01,High,Closed
2050,4012,2024-01-04,High,Closed
2051,4390,2026-01-25,Low,Closed
2052,1532,2024-07-26,High,Closed
2053,4396,2023-12-18,Medium,Closed
2054,4880,2025-10-18,Low,Open
2055,4985,2025-05-24,Low,Closed
2056,2213,2025-12-01,High,Closed
2057,3756,2026-06-05,High,Closed
2058,2176,2026-03-08,Medium,Closed
2059,3987,2025-02-07,Low,In Progress
2060,1187,2025-10-05,Low,Closed
2061,3295,2023-08-16,Low,In Progress
2062,2328,2024-04-17,High,Closed
2063,4548,2025-10-24,High,Open
2064,1149,2026-03-24,Medium,Closed
2065,1559,2025-12-30,Low,Closed
2066,5570,2025-06-21,Low,Closed
2067,1249,2025-05-20,Low,Closed
2068,4069,2024-03-24,Low,Closed
2069,2394,2023-07-11,Medium,In Progress
2070,3963,2026-06-09,Medium,In Progress
2071,1771,2023-08-22,High,Closed
2072,3218,2024-03-12,Critical,Closed
2073,2517,2025-07-24,High,Closed
2074,1990,2024-06-20,Low,Closed
2075,3541,2023-09-18,Critical,Closed
2076,3899,2024-07-19,Critical,Closed
2077,2253,2025-12-09,Critical,Closed
2078,1382,2026-04-11,Low,Closed
2079,4071,2023-07-17,Low,Closed
2080,4399,2024-01-19,Low,Closed
2081,4397,2026-05-03,Low,Closed
2082,5100,2024-01-18,Medium,Open
2083,1354,2023-09-22,High,Closed
2084,2564,2024-04-19,Medium,In Progress
2085,4701,2024-11-26,Medium,Closed
2086,4219,2026-04-01,Medium,Closed
2087,1612,2024-01-01,Low,Closed
2088,1557,2026-05-22,Medium,Closed
2089,4286,2024-03-02,Medium,Closed
2090,3880,2024-06-21,Critical,Open
2091,2454,2025-11-13,High,Closed
2092,2052,2025-02-19,High,In Progress
2093,5861,2025-11-29,Low,Open
2094,3855,2025-06-14,High,In Progress
2095,4681,2026-05-16,Medium,Closed
2096,5401,2025-10-13,Low,Closed
2097,2680,2024-04-18,High,Closed
2098,5694,2025-09-27,Low,Closed
2099,2600,2026-03-05,Low,Closed
2100,1408,2023-12-24,High,Closed
2101,2110,2025-12-12,Low,Closed
2102,3257,2023-06-30,Critical,Closed
2103,4109,2024-01-05,Low,Closed
2104,2739,2026-05-29,Low,Closed
2105,2690,2026-03-22,High,Closed
2106,5655,2026-05-14,Medium,Closed
2107,4153,2023-09-23,Medium,Closed
2108,4047,2024-09-07,Low,Closed
2109,4194,2025-07-17,Critical,Closed
2110,4933,2024-12-04,Low,Closed
2111,2891,2025-11-22,Critical,Open
2112,2872,2025-11-28,Medium,In Progress
2113,2377,2026-01-17,Low,Closed
2114,3143,2024-04-24,High,Closed
2115,1094,2024-02-18,Critical,Open
2116,2098,2025-12-17,Low,Closed
2117,4163,2025-02-08,Low,Closed
2118,5525,2023-07-08,Medium,Closed
2119,4729,2024-10-09,Critical,Closed
2120,2185,2023-12-02,Low,Closed
2121,5688,2023-08-22,Low,Closed
2122,1544,2023-08-15,High,Open
2123,5391,2024-06-14,Low,Closed
2124,2030,2025-11-24,Medium,Closed
2125,4500,2024-12-11,Medium,Closed
2126,5859,2025-12-13,Low,Closed
2127,4733,2024-03-04,Medium,Closed
2128,4717,2025-11-07,Low,Closed
2129,3002,2026-01-23,High,Closed
2130,1565,2024-09-27,Critical,Closed
2131,4970,2023-08-25,Medium,Open
2132,4908,2026-02-16,High,Open
2133,3297,2024-09-27,Critical,Closed
2134,3467,2025-04-30,Low,Closed
2135,4837,2024-04-05,Medium,Closed
2136,4316,2024-05-27,Low,Closed
2137,2096,2024-10-04,Critical,Open
2138,2575,2025-09-16,Medium,Closed
2139,1497,2025-10-12,Medium,Closed
2140,5941,2024-11-07,High,Closed
2141,1399,2025-05-10,Low,In Progress
2142,5704,2024-10-26,Critical,Closed
2143,4149,2023-12-08,Medium,Closed
2144,1260,2024-12-26,Medium,In Progress
2145,5961,2023-07-08,Medium,Closed
2146,3684,2023-12-16,High,Open
2147,4784,2025-10-06,Medium,Closed
2148,1696,2025-09-21,Critical,Closed
2149,4179,2024-11-16,High,In Progress
2150,5027,2024-01-21,High,Closed
2151,4977,2023-09-11,Medium,Closed
2152,4739,2024-03-02,Critical,Closed
2153,1883,2024-06-01,High,Open
2154,4320,2025-12-11,Medium,Closed
2155,3655,2025-01-14,Low,Closed
2156,2192,2023-12-07,Medium,Closed
2157,4335,2025-01-14,Low,Open
2158,2879,2025-11-29,High,In Progress
2159,1889,2026-03-02,High,In Progress
2160,2004,2024-12-07,Low,Closed
2161,2366,2024-11-22,Medium,Closed
2162,5458,2025-03-18,Low,In Progress
2163,1687,2023-08-26,High,Open
2164,5745,2024-02-15,Medium,Closed
2165,5042,2024-06-22,Medium,Closed
2166,3332,2023-06-30,Medium,Closed
2167,4302,2024-10-19,Low,Open
2168,1816,2026-01-12,High,Open
2169,3651,2026-04-19,High,Closed
2170,1259,2025-02-27,Critical,Closed
2171,5950,2024-10-01,High,Closed
2172,2495,2025-04-20,Medium,Closed
2173,2053,2024-04-12,High,Closed
2174,1805,2024-02-04,Low,In Progress
2175,1468,2025-04-17,Low,Closed
2176,5735,2024-09-19,Low,Closed
2177,4118,2024-03-08,Critical,Closed
2178,2490,2024-10-11,High,Closed
2179,3604,2024-05-14,Low,Closed
2180,2357,2023-09-21,Low,Closed
2181,2334,2024-05-27,Low,Closed
2182,3399,2025-11-06,Medium,In Progress
2183,4560,2025-01-15,Medium,Closed
2184,2198,2024-07-30,High,Closed
2185,4872,2024-02-10,Critical,Open
2186,5975,2023-11-14,Medium,In Progress
2187,3518,2026-05-27,High,Closed
2188,1974,2024-07-15,High,Closed
2189,1551,2024-03-05,Low,Closed
2190,2861,2023-09-01,High,Closed
2191,5071,2023-08-26,Medium,Closed
2192,1015,2024-04-28,Low,In Progress
2193,4481,2025-01-05,Medium,Closed
2194,2619,2024-09-21,Medium,Closed
2195,4283,2024-01-09,High,Closed
2196,1404,2024-10-06,Medium,In Progress
2197,5350,2024-11-09,Medium,Closed
2198,5669,2025-12-28,Medium,Closed
2199,4770,2024-02-15,Medium,In Progress
2200,2042,2023-09-23,High,Closed
2201,2025,2024-10-08,High,In Progress
2202,2259,2024-01-23,High,Closed
2203,3348,2024-12-22,High,In Progress
2204,2883,2025-04-28,Medium,In Progress
2205,2384,2025-03-20,Low,Closed
2206,2035,2026-01-25,Medium,Closed
2207,2566,2026-04-08,Medium,Closed
2208,2667,2025-03-24,Medium,Closed
2209,3839,2024-08-31,Medium,Closed
2210,5433,2025-01-13,High,Closed
2211,3380,2024-12-01,High,Closed
2212,5295,2025-03-01,Medium,Closed
2213,2665,2026-05-30,Medium,In Progress
2214,3811,2023-06-30,Medium,Closed
2215,1152,2024-08-31,High,Closed
2216,1206,2025-07-13,Medium,Closed
2217,5729,2025-03-19,High,Closed
2218,1987,2025-01-07,Low,Closed
2219,4846,2025-10-09,High,Closed
2220,5401,2025-06-22,Low,Open
2221,1937,2024-07-11,Medium,Closed
2222,4667,2026-03-10,Low,Closed
2223,5517,2026-01-15,High,Open
2224,3431,2024-10-15,Medium,In Progress
2225,2659,2024-04-07,Critical,In Progress
2226,4885,2023-11-05,Low,Closed
2227,4941,2025-06-02,High,Closed
2228,5304,2024-04-28,Low,Closed
2229,3718,2024-07-09,Low,Closed
2230,1513,2024-10-11,High,Open
2231,1175,2024-08-23,Low,Closed
2232,5036,2024-01-12,High,Closed
2233,3851,2025-05-05,Low,Closed
2234,5293,2025-10-22,Medium,Closed
2235,3108,2024-06-04,High,Closed
2236,4163,2025-02-09,Low,Closed
2237,1655,2025-10-04,Critical,Closed
2238,1584,2025-04-21,Medium,Closed
2239,1806,2024-12-19,Low,Closed
2240,2259,2025-07-05,High,Closed
2241,1655,2025-04-14,High,Closed
2242,1818,2023-12-09,Critical,In Progress
2243,5232,2025-01-11,Medium,Closed
2244,4769,2023-10-17,Medium,Closed
2245,5298,2023-11-14,High,Closed
2246,1879,2023-10-23,High,Closed
2247,4145,2024-01-21,Medium,In Progress
2248,5679,2025-09-02,Medium,Closed
2249,4637,2024-06-04,Medium,Closed
2250,1486,2025-09-07,Critical,Open
2251,5737,2024-08-21,High,Closed
2252,3911,2025-02-08,Low,Closed
2253,5210,2024-03-23,Low,Closed
2254,4021,2026-02-22,High,In Progress
2255,3523,2023-10-08,Low,Closed
2256,1063,2023-09-12,Low,Closed
2257,1854,2025-09-30,Low,Closed
2258,5282,2024-06-20,Medium,Closed
2259,5442,2026-01-07,Low,Closed
2260,3814,2024-02-15,High,Closed
2261,2399,2023-09-13,Low,Open
2262,2516,2026-06-07,Critical,Open
2263,5958,2024-12-12,Medium,Closed
2264,2045,2023-07-06,High,In Progress
2265,4772,2025-12-20,High,Closed
2266,4372,2024-01-19,Medium,Closed
2267,2215,2023-10-19,High,Closed
2268,4448,2024-01-29,Medium,Closed
2269,3517,2025-03-24,Low,Closed
2270,2729,2024-06-16,High,Closed
2271,1592,2025-02-22,Critical,Closed
2272,2968,2024-10-25,Low,Closed
2273,2341,2026-02-18,Medium,Closed
2274,1765,2024-12-03,Medium,Open
2275,1066,2025-09-26,High,Open
2276,1531,2025-05-03,Low,Closed
2277,5117,2026-06-01,High,Closed
2278,5605,2025-04-29,Low,Closed
2279,2719,2024-05-10,Critical,Closed
2280,2192,2025-04-07,Medium,Open
2281,3973,2026-05-24,High,Closed
2282,1955,2025-06-27,Critical,Closed
2283,2936,2024-06-08,Medium,In Progress
2284,5708,2024-04-02,Low,Closed
2285,4033,2024-07-10,High,Closed
2286,1869,2023-12-27,Medium,In Progress
2287,3134,2023-12-06,High,In Progress
2288,1413,2025-05-28,Medium,Closed
2289,4636,2025-09-13,High,In Progress
2290,5942,2025-05-10,Low,In Progress
2291,1435,2025-02-01,Low,Closed
2292,1940,2026-03-19,Medium,Open
2293,3138,2026-06-26,Low,Closed
2294,4564,2024-03-26,Low,Closed
2295,2870,2024-10-08,Medium,Closed
2296,1306,2025-08-27,Low,Closed
2297,3237,2023-12-25,Low,Closed
2298,4196,2024-01-03,Critical,Closed
2299,1616,2025-02-19,Low,Closed
2300,4251,2024-01-20,Low,Closed
2301,2794,2025-05-06,Medium,Closed
2302,5093,2024-01-14,Medium,Open
2303,3561,2024-04-22,High,Open
2304,4241,2024-10-10,Critical,Closed
2305,1878,2025-12-23,Low,Closed
2306,1875,2023-11-10,Low,Closed
2307,5948,2026-04-12,High,Closed
2308,2775,2024-02-17,High,In Progress
2309,2943,2026-04-18,Medium,In Progress
2310,4347,2026-04-14,High,Closed
2311,4274,2024-04-20,Medium,In Progress
2312,3232,2024-09-28,Medium,Open
2313,2803,2024-02-14,High,Closed
2314,2793,2024-08-22,Medium,Open
2315,3647,2025-07-08,High,Closed
2316,1688,2024-06-03,Low,Closed
2317,4222,2024-12-10,Medium,Closed
2318,4624,2024-03-26,Low,Closed
2319,5263,2024-11-04,Medium,Closed
2320,1346,2024-05-08,Medium,Closed
2321,2871,2023-08-17,Critical,Closed
2322,4142,2023-12-22,Low,Closed
2323,3666,2025-06-09,Critical,Closed
2324,4651,2024-10-24,Low,In Progress
2325,4673,2025-05-27,High,Closed
2326,5322,2026-03-22,Low,Closed
2327,2745,2026-06-03,Critical,Closed
2328,3285,2025-04-09,Medium,In Progress
2329,1960,2024-06-15,Low,Closed
2330,3384,2024-12-10,Low,In Progress
2331,1636,2024-07-25,Medium,In Progress
2332,1694,2025-07-02,Medium,Closed
2333,4681,2023-10-21,High,Open
2334,1941,2025-07-16,Medium,Open
2335,4311,2023-09-17,Medium,In Progress
2336,4708,2024-09-16,Low,Closed
2337,2896,2023-09-19,Critical,Closed
2338,5937,2025-03-29,Low,Closed
2339,2862,2024-01-26,High,Closed
2340,3446,2023-09-30,Critical,Closed
2341,4116,2023-07-31,Low,In Progress
2342,2606,2025-11-20,Low,Closed
2343,3201,2026-03-05,Low,Closed
2344,5844,2025-03-10,Medium,Closed
2345,2863,2024-06-23,Medium,Closed
2346,2709,2024-01-15,Medium,Open
2347,2668,2025-03-20,Medium,Closed
2348,3548,2025-08-02,Low,In Progress
2349,3886,2023-12-28,Low,Closed
2350,4480,2025-11-24,Low,Open
2351,4936,2024-02-16,Medium,Closed
2352,3504,2026-02-05,Critical,Closed
2353,4074,2025-12-11,Low,Closed
2354,5919,2023-09-16,Medium,Closed
2355,1093,2024-05-21,Medium,Closed
2356,2136,2023-11-14,Low,Closed
2357,1386,2025-06-24,High,Closed
2358,5798,2025-08-09,Medium,Closed
2359,3063,2026-05-26,High,Closed
2360,1203,2026-05-10,Medium,Closed
2361,3662,2023-07-06,Low,Closed
2362,4414,2025-06-10,High,Closed
2363,2292,2025-05-29,Low,Closed
2364,5470,2024-05-03,Low,In Progress
2365,2723,2026-05-31,Critical,Closed
2366,1234,2024-02-24,Low,Closed
2367,2380,2025-08-04,Critical,Closed
2368,3607,2024-06-07,Low,In Progress
2369,1500,2026-05-06,Critical,Open
2370,3492,2024-12-19,Low,Closed
2371,1042,2024-06-10,Critical,Closed
2372,4938,2025-08-14,Critical,Closed
2373,4114,2025-12-05,High,Open
2374,4664,2024-12-23,Low,Closed
2375,3822,2026-04-28,Critical,Closed
2376,4721,2024-02-08,High,Closed
2377,4168,2023-12-12,Critical,Closed
2378,3332,2024-09-20,High,In Progress
2379,1879,2026-04-03,Low,In Progress
2380,4388,2023-12-01,Medium,In Progress
2381,1474,2025-05-31,Low,Closed
2382,5122,2025-05-07,Medium,Closed
2383,4584,2024-07-13,Medium,In Progress
2384,4749,2024-10-06,Critical,Closed
2385,5861,2023-09-05,Medium,Closed
2386,4946,2024-12-16,Medium,In Progress
2387,2727,2024-01-13,Low,Closed
2388,1818,2025-01-08,Medium,In Progress
2389,4523,2024-04-24,Medium,In Progress
2390,4218,2023-09-22,High,Closed
2391,1155,2025-10-24,Medium,Closed
2392,2125,2026-02-22,Medium,Closed
2393,1860,2026-04-02,High,Open
2394,3570,2025-10-27,Medium,Closed
2395,2151,2026-05-10,Medium,Closed
2396,2248,2024-08-11,Low,Closed
2397,4021,2025-12-09,Low,Closed
2398,1784,2024-07-18,Medium,Closed
2399,4444,2025-06-02,High,Closed
2400,4730,2025-01-21,Medium,Closed
2401,5740,2025-02-06,High,Closed
2402,1462,2023-08-15,Low,In Progress
2403,1116,2024-12-21,Medium,Closed
2404,5350,2025-04-14,Low,Closed
2405,1064,2024-10-31,Medium,Closed
2406,5950,2026-03-03,Medium,Closed
2407,4417,2024-04-06,Low,Closed
2408,5833,2026-02-15,Low,Closed
2409,3451,2026-01-27,Low,Closed
2410,1658,2025-10-19,High,Open
2411,1827,2025-08-30,Low,Closed
2412,1111,2025-10-08,High,Closed
2413,4310,2024-12-07,Medium,Closed
2414,4964,2024-11-22,Medium,Closed
2415,4584,2024-03-21,Medium,In Progress
2416,3337,2025-03-09,Medium,Open
2417,4098,2024-04-06,Critical,Closed
2418,1727,2026-02-07,High,In Progress
2419,5464,2024-12-06,High,Closed
2420,2473,2023-10-01,High,Closed
2421,5395,2024-10-06,Medium,Closed
2422,4550,2026-02-23,High,Closed
2423,5238,2025-06-01,High,Closed
2424,2554,2025-03-12,High,Closed
2425,1877,2023-09-01,Medium,Closed
2426,1609,2023-07-26,Medium,Closed
2427,1699,2026-06-10,Low,Closed
2428,5309,2023-11-11,Medium,In Progress
2429,5816,2024-03-22,Medium,Closed
2430,5212,2023-09-06,Low,Closed
2431,3039,2024-02-24,Low,Closed
2432,5854,2025-09-26,Low,In Progress
2433,2526,2024-01-30,Low,Open
2434,3955,2024-04-14,Medium,Closed
2435,1991,2023-08-09,Medium,Closed
2436,5790,2024-08-22,High,In Progress
2437,5939,2024-08-09,Low,Closed
2438,3627,2025-07-20,High,Closed
2439,3917,2024-02-07,Medium,In Progress
2440,3236,2024-08-12,Medium,Open
2441,3066,2025-01-23,Low,Closed
2442,4888,2024-06-01,Critical,Closed
2443,1749,2024-12-01,High,Closed
2444,1647,2025-01-29,Low,Closed
2445,5749,2024-08-04,Medium,Closed
2446,1657,2024-11-13,Low,Closed
2447,2674,2026-06-12,High,Closed
2448,3703,2023-09-16,High,Closed
2449,3746,2024-01-24,Medium,Closed
2450,4017,2025-05-07,High,Open
2451,2080,2025-12-07,Low,Closed
2452,3496,2025-06-05,High,Closed
2453,3900,2024-05-24,High,Closed
2454,4130,2025-07-06,Low,In Progress
2455,5247,2025-07-01,High,Closed
2456,2608,2025-01-07,Critical,In Progress
2457,3650,2025-02-03,Low,In Progress
2458,3395,2025-04-30,Medium,In Progress
2459,1453,2024-06-26,Medium,Closed
2460,1388,2026-06-12,Low,In Progress
2461,5463,2026-03-09,Low,Closed
2462,1912,2023-09-16,Low,Closed
2463,5579,2023-12-02,Medium,In Progress
2464,1189,2023-07-10,Low,Open
2465,1594,2024-10-28,Medium,Closed
2466,5603,2026-02-04,Medium,Closed
2467,2771,2024-11-18,Medium,Closed
2468,2852,2026-03-03,Low,Closed
2469,3353,2025-01-01,High,In Progress
2470,4125,2025-03-09,Low,In Progress
2471,1004,2026-03-10,Medium,Closed
2472,3675,2024-05-08,Medium,Closed
2473,1882,2026-04-25,Medium,Closed
2474,1709,2024-01-25,Medium,In Progress
2475,1182,2024-09-06,Medium,Closed
2476,2775,2024-04-18,Medium,In Progress
2477,1775,2024-09-09,High,Open
2478,4043,2026-04-09,Low,Closed
2479,5012,2024-06-27,High,Closed
2480,1268,2025-08-23,Low,In Progress
2481,4681,2023-07-04,Medium,Closed
2482,4307,2024-04-28,Medium,Closed
2483,4801,2024-08-17,Low,Closed
2484,5463,2025-08-10,Low,In Progress
2485,4432,2023-10-16,Medium,Closed
2486,2065,2025-04-14,Critical,Closed
2487,3642,2023-12-26,High,Closed
2488,1511,2025-11-05,High,Closed
2489,5057,2025-09-25,High,Closed
2490,2582,2025-07-31,Low,In Progress
2491,5434,2024-05-27,Low,Closed
2492,5769,2026-04-04,High,Closed
2493,5269,2026-02-08,Medium,Closed
2494,1747,2026-05-28,Low,Open
2495,4086,2023-07-30,Critical,Closed
2496,3066,2024-01-03,Low,Closed
2497,1918,2025-08-12,Medium,Closed
2498,5110,2026-02-09,Medium,Closed
2499,3940,2025-02-14,Medium,Closed
2500,1365,2024-04-28,High,Closed
2501,4091,2024-05-10,Medium,Closed
2502,3827,2026-06-17,Medium,Closed
2503,5100,2025-08-10,Medium,Closed
2504,5781,2025-09-18,High,Closed
2505,5740,2025-06-22,High,Closed
2506,5669,2023-08-14,Medium,Closed
2507,1120,2025-07-29,Low,Closed
2508,4476,2025-02-09,Medium,Closed
2509,2632,2024-05-26,Low,Closed
2510,1894,2025-10-09,Low,Closed
2511,3513,2026-01-10,Critical,Closed
2512,4841,2024-04-15,High,Open
2513,1125,2026-04-11,Medium,Closed
2514,2405,2024-06-10,High,Closed
2515,2530,2024-03-15,Medium,Closed
2516,4223,2025-11-14,Medium,Closed
2517,2247,2024-10-18,Low,Closed
2518,5122,2026-04-15,High,In Progress
2519,4834,2026-01-31,Medium,Open
2520,2128,2025-03-23,High,Closed
2521,4134,2024-09-15,Medium,Closed
2522,4312,2024-06-11,Low,Closed
2523,5983,2026-05-13,Low,In Progress
2524,4145,2024-06-06,Medium,Closed
2525,1782,2026-02-11,Medium,Open
2526,2038,2026-06-19,Low,Closed
2527,3830,2025-12-14,Medium,Closed
2528,5962,2024-05-20,High,Closed
2529,1800,2023-11-06,High,Open
2530,3347,2023-09-20,Low,Closed
2531,2212,2024-04-30,High,In Progress
2532,1048,2025-10-09,High,Closed
2533,2351,2024-11-03,Medium,Closed
2534,5252,2025-04-27,Medium,Closed
2535,3468,2024-05-27,Low,Closed
2536,2011,2023-12-07,Medium,Closed
2537,5011,2025-06-01,Low,Closed
2538,3483,2023-07-26,Low,Closed
2539,4681,2025-11-05,Low,In Progress
2540,3002,2025-01-29,Medium,Closed
2541,1221,2026-04-28,Low,Open
2542,4730,2023-11-12,Low,Closed
2543,2595,2025-09-28,Low,In Progress
2544,1243,2023-08-20,Low,Open
2545,1567,2024-07-23,Critical,Closed
2546,1535,2024-08-11,High,In Progress
2547,1869,2026-02-18,Medium,Closed
2548,5011,2023-12-10,Low,Closed
2549,3159,2023-08-06,Medium,Closed
2550,5615,2024-09-08,Low,Closed
2551,2945,2024-06-27,Critical,Closed
2552,5914,2025-08-16,Medium,Closed
2553,4747,2025-10-12,Medium,Closed
2554,2575,2024-07-19,Low,In Progress
2555,5966,2023-08-24,Medium,Closed
2556,2783,2024-08-16,Medium,Open
2557,1235,2025-06-23,High,Closed
2558,3265,2025-02-08,Low,In Progress
2559,5200,2026-01-10,Low,Closed
2560,4758,2024-09-18,Medium,Open
2561,5797,2024-05-21,Low,Closed
2562,5056,2023-07-05,Low,Closed
2563,3034,2024-11-05,Low,Closed
2564,5016,2024-03-05,Medium,Closed
2565,4212,2024-01-23,Low,Closed
2566,2554,2026-03-26,High,Closed
2567,1554,2024-12-08,Low,Closed
2568,3468,2023-09-20,Low,Closed
2569,5459,2024-09-01,Medium,Open
2570,1560,2025-02-13,Low,Closed
2571,3553,2024-06-16,Critical,Closed
2572,1144,2025-09-03,Medium,In Progress
2573,1301,2023-12-31,Medium,Closed
2574,5854,2024-12-11,Medium,Closed
2575,5952,2026-03-15,Medium,Closed
2576,3833,2026-03-21,Low,Closed
2577,5911,2025-09-15,Medium,Closed
2578,3205,2024-05-27,Medium,Closed
2579,2646,2025-01-01,Low,Open
2580,2004,2023-11-04,High,Closed
2581,4715,2023-12-14,Low,Closed
2582,5834,2025-05-31,High,In Progress
2583,2960,2023-11-08,Critical,Closed
2584,4502,2023-12-21,Medium,Open
2585,4745,2025-06-11,Low,In Progress
2586,3568,2025-04-21,High,Closed
2587,2317,2026-01-04,Low,Closed
2588,2673,2024-03-21,Critical,Open
2589,5378,2025-07-23,Low,In Progress
2590,5696,2024-07-03,Low,In Progress
2591,2888,2024-12-19,High,Closed
2592,4129,2025-08-23,Low,Closed
2593,4114,2023-12-03,Medium,Closed
2594,5148,2026-05-04,Medium,Closed
2595,2107,2025-12-19,Low,In Progress
2596,1389,2025-06-05,Low,Open
2597,1482,2025-07-09,Medium,In Progress
2598,5136,2025-05-19,High,In Progress
2599,2012,2024-01-16,High,Closed
2600,4020,2025-05-19,High,In Progress
2601,4701,2023-09-16,Low,Open
2602,4538,2025-09-28,Low,Closed
2603,2018,2025-09-30,Medium,Closed
2604,3892,2024-12-09,Critical,In Progress
2605,1937,2025-07-12,Low,Closed
2606,3509,2023-12-31,High,Closed
2607,4991,2024-09-12,Low,Closed
2608,3236,2025-06-22,Low,Closed
2609,5426,2024-11-24,Low,Closed
2610,2685,2024-01-27,Low,Closed
2611,3206,2026-03-18,Low,Closed
2612,1191,2024-12-22,Medium,Closed
2613,3733,2024-07-09,High,Closed
2614,5347,2024-05-26,Medium,Open
2615,5405,2025-10-05,High,In Progress
2616,4669,2024-10-21,High,Closed
2617,3681,2025-07-14,Medium,Closed
2618,2289,2025-11-29,Low,Closed
2619,5472,2025-02-14,Medium,Closed
2620,2799,2026-05-30,Low,Closed
2621,3869,2025-10-28,Medium,Closed
2622,1754,2024-01-19,Medium,Closed
2623,1510,2023-07-20,Low,Closed
2624,2546,2026-02-01,High,Closed
2625,4120,2025-10-18,Medium,Closed
2626,4469,2025-03-22,Medium,Closed
2627,3313,2025-12-01,Critical,Closed
2628,5332,2025-06-26,High,Closed
2629,1983,2024-08-17,High,Closed
2630,4809,2023-09-04,High,In Progress
2631,4513,2024-06-10,Low,Closed
2632,5067,2026-03-22,Medium,Closed
2633,5143,2025-08-02,Medium,Closed
2634,3923,2024-06-13,Low,In Progress
2635,5584,2025-01-30,Medium,Closed
2636,2634,2023-11-09,Medium,Closed
2637,2915,2025-05-13,High,In Progress
2638,1053,2025-06-21,High,Closed
2639,2239,2024-03-03,Medium,Closed
2640,2748,2026-01-29,Medium,Closed
2641,5708,2024-09-13,Low,Closed
2642,4287,2023-10-21,Medium,Closed
2643,2308,2023-11-14,Medium,Closed
2644,5550,2025-02-22,Medium,Closed
2645,3279,2024-11-26,Medium,Closed
2646,5562,2025-11-09,Medium,Closed
2647,5561,2023-10-26,High,Closed
2648,1488,2023-06-30,High,Closed
2649,2397,2024-05-18,Medium,Closed
2650,2840,2024-12-09,Low,Closed
2651,2392,2024-10-11,Medium,Closed
2652,4500,2024-11-20,Medium,Closed
2653,5128,2025-12-31,Medium,Closed
2654,5731,2026-05-30,Medium,Open
2655,4680,2025-04-18,High,In Progress
2656,1008,2025-07-03,Low,In Progress
2657,5077,2025-01-03,Low,In Progress
2658,4436,2025-02-10,Medium,Closed
2659,4591,2026-01-24,Low,Open
2660,5413,2025-11-25,Critical,In Progress
2661,1526,2024-08-19,Low,Closed
2662,4613,2026-05-15,Critical,Closed
2663,2266,2025-09-25,Low,Closed
2664,2262,2025-05-11,High,Closed
2665,2001,2023-08-25,High,Closed
2666,4939,2025-04-01,Low,Closed
2667,3729,2024-03-27,Low,Closed
2668,1647,2026-03-25,Medium,Closed
2669,3451,2025-06-29,Medium,Closed
2670,2734,2023-08-01,Medium,Closed
2671,3883,2025-01-23,Low,Closed
2672,4030,2023-08-17,High,Closed
2673,4088,2025-05-03,Medium,Closed
2674,2795,2024-04-09,High,Open
2675,3419,2024-03-06,Medium,Closed
2676,3100,2026-01-24,Medium,Closed
2677,1531,2024-08-10,Low,Closed
2678,3164,2025-06-02,High,Closed
2679,3758,2024-09-01,Low,Closed
2680,1656,2025-01-18,Low,Closed
2681,1919,2025-11-17,High,Closed
2682,3744,2025-03-16,Low,Closed
2683,2388,2025-07-24,Medium,Closed
2684,3882,2025-06-28,Medium,Closed
2685,2426,2024-03-07,Medium,Closed
2686,4157,2025-12-22,Medium,Closed
2687,3982,2024-11-30,Medium,Closed
2688,3496,2026-05-11,Critical,Closed
2689,4713,2025-07-06,Medium,Open
2690,5605,2024-01-27,Low,Closed
2691,2534,2023-12-13,High,Closed
2692,5247,2024-04-05,Low,In Progress
2693,2361,2025-08-20,Low,Closed
2694,1054,2026-06-07,High,Closed
2695,5631,2024-06-12,Low,Closed
2696,5654,2025-02-04,Low,Closed
2697,4663,2023-12-29,Low,Closed
2698,5449,2024-11-18,High,Open
2699,5853,2026-01-18,Low,Closed
2700,3875,2024-05-09,High,In Progress
2701,4758,2024-05-09,Low,In Progress
2702,1501,2023-09-24,Low,Closed
2703,3616,2024-08-15,Medium,Closed
2704,1784,2024-05-25,Medium,Closed
2705,5136,2024-12-24,Medium,Closed
2706,1295,2024-08-07,Medium,Closed
2707,5462,2025-12-24,Low,Closed
2708,2585,2023-11-16,High,Closed
2709,3552,2026-02-23,Low,In Progress
2710,5042,2025-12-24,Medium,In Progress
2711,4653,2026-01-21,High,Closed
2712,1557,2025-10-31,Low,Open
2713,2686,2024-08-19,High,In Progress
2714,1494,2024-04-20,Medium,Closed
2715,5193,2024-02-25,Low,Closed
2716,2139,2023-08-07,Medium,Closed
2717,4000,2024-12-03,Low,Closed
2718,3092,2024-05-09,Medium,Closed
2719,5757,2024-05-20,Medium,Closed
2720,5411,2026-01-30,Low,Closed
2721,3137,2026-05-24,Critical,In Progress
2722,5166,2026-01-18,Low,Closed
2723,1841,2026-04-17,Medium,In Progress
2724,5743,2023-09-15,Medium,Closed
2725,5813,2023-12-03,High,Closed
2726,2614,2025-03-05,Medium,Closed
2727,1664,2026-05-29,Critical,Closed
2728,2179,2025-09-03,High,Closed
2729,1956,2026-01-07,Medium,In Progress
2730,2504,2026-06-26,Low,Closed
2731,2732,2025-08-19,Medium,Closed
2732,2829,2024-06-03,Medium,Closed
2733,1443,2026-05-20,High,Closed
2734,4245,2025-07-22,Medium,Closed
2735,2663,2024-03-25,High,In Progress
2736,5346,2024-07-11,Medium,Closed
2737,2488,2026-01-24,High,Closed
2738,1570,2025-03-06,Medium,Closed
2739,4180,2023-09-09,Medium,Closed
2740,4115,2024-09-17,Low,Open
2741,3088,2025-06-24,Low,Closed
2742,1187,2023-08-18,Medium,Closed
2743,1967,2025-09-01,High,In Progress
2744,3063,2026-06-06,Critical,Closed
2745,2435,2025-11-07,Low,Closed
2746,3247,2025-08-16,Low,In Progress
2747,2154,2024-05-01,Medium,Open
2748,2863,2025-04-03,Low,Closed
2749,1224,2023-11-11,Low,Closed
2750,2611,2025-09-09,Low,Closed
2751,5436,2026-01-10,Medium,Closed
2752,1714,2023-08-01,Medium,Closed
2753,1259,2025-10-01,Low,Open
2754,5276,2025-04-10,Low,Closed
2755,5083,2026-04-29,Low,Closed
2756,4045,2024-02-22,Low,Closed
2757,5864,2024-03-31,Low,Closed
2758,1713,2024-02-14,High,Closed
2759,1977,2023-10-03,Low,In Progress
2760,2355,2026-03-20,Medium,Closed
2761,2871,2024-10-12,Low,Closed
2762,2748,2026-01-28,High,Closed
2763,1850,2025-09-09,Medium,Closed
2764,1369,2024-12-08,Low,Closed
2765,1366,2026-05-21,Medium,Open
2766,4375,2024-04-18,Medium,Closed
2767,4961,2023-12-28,Medium,Closed
2768,1123,2026-06-07,Low,Closed
2769,5456,2024-04-25,Low,Closed
2770,2565,2025-10-15,Medium,Closed
2771,4383,2023-09-16,Low,Closed
2772,2813,2024-01-21,Low,In Progress
2773,3118,2024-12-23,High,Open
2774,2259,2026-01-14,Critical,Closed
2775,4162,2025-10-08,Medium,In Progress
2776,1063,2025-03-06,Low,Closed
2777,2771,2024-02-07,Low,Closed
2778,4785,2026-05-24,Medium,Closed
2779,3048,2026-02-01,Medium,Closed
2780,4763,2025-05-22,Medium,In Progress
2781,4449,2025-04-14,Critical,In Progress
2782,5075,2023-08-26,Low,Closed
2783,4118,2024-04-18,Medium,Closed
2784,4713,2025-12-17,Low,Open
2785,1949,2024-04-06,Low,Open
2786,1961,2024-02-07,Low,Closed
2787,2324,2025-01-15,High,Closed
2788,4826,2026-06-08,High,Closed
2789,5817,2026-03-11,Low,Closed
2790,2777,2025-10-22,Medium,Closed
2791,4043,2023-08-29,Low,Closed
2792,5880,2023-10-14,Critical,Closed
2793,4807,2025-02-02,Medium,In Progress
2794,2519,2025-11-27,Medium,Open
2795,3935,2025-07-29,Low,Closed
2796,5439,2024-08-21,Medium,Closed
2797,5292,2025-07-17,High,Open
2798,2716,2024-08-10,Medium,In Progress
2799,1787,2024-10-08,Critical,In Progress
2800,3583,2025-01-19,Low,Closed
2801,3091,2025-11-02,High,Closed
2802,1442,2024-10-27,Medium,Closed
2803,5758,2025-05-11,Medium,Closed
2804,1533,2025-11-26,Low,Closed
2805,5803,2025-09-30,Medium,Open
2806,1531,2025-02-01,High,Closed
2807,5029,2026-01-15,Critical,In Progress
2808,5486,2026-05-05,Medium,Closed
2809,2641,2025-01-04,Medium,Open
2810,4003,2024-05-05,Medium,Closed
2811,2133,2024-07-02,Low,Open
2812,4902,2024-01-10,Critical,Closed
2813,2396,2024-05-31,Medium,Closed
2814,5479,2024-04-16,Medium,Closed
2815,3171,2025-10-29,Medium,Open
2816,3346,2026-01-13,Low,Closed
2817,3583,2025-09-13,Low,Closed
2818,3222,2023-12-30,Low,Open
2819,2458,2025-08-21,Medium,Closed
2820,2020,2025-06-22,Medium,Open
2821,4830,2025-12-03,Low,Closed
2822,2802,2025-04-08,Medium,Closed
2823,3925,2024-01-11,Medium,Closed
2824,3855,2025-11-22,Low,Closed
2825,2722,2024-10-18,Low,Closed
2826,1820,2024-03-03,Critical,In Progress
2827,2099,2024-02-19,Medium,Closed
2828,4879,2023-11-09,Medium,Closed
2829,3881,2024-12-07,Low,In Progress
2830,2911,2025-02-07,Medium,Closed
2831,5865,2026-02-22,Medium,In Progress
2832,4109,2024-01-31,Low,Closed
2833,4069,2023-08-21,Critical,Closed
2834,3658,2025-01-29,Medium,Closed
2835,3341,2025-09-07,Medium,Closed
2836,5232,2026-04-15,Medium,In Progress
2837,3397,2025-01-01,Medium,Closed
2838,1229,2024-03-02,Medium,Closed
2839,2039,2025-03-17,Low,In Progress
2840,3303,2026-01-16,Low,Closed
2841,1607,2023-08-29,High,Open
2842,4065,2025-04-16,Medium,Closed
2843,2663,2025-10-05,Medium,Closed
2844,5399,2025-03-23,Low,Closed
2845,2536,2023-08-19,Medium,Closed
2846,1087,2024-10-24,High,In Progress
2847,5906,2026-03-21,Medium,Closed
2848,5480,2023-06-29,Low,Closed
2849,1569,2023-12-22,Medium,Closed
2850,5498,2023-08-10,Low,Open
2851,4611,2023-07-14,Medium,Closed
2852,5182,2024-01-25,Low,Closed
2853,5339,2024-02-16,Medium,Open
2854,1602,2023-07-20,Medium,Closed
2855,5935,2024-08-04,Low,Closed
2856,1729,2023-10-02,Medium,Closed
2857,1240,2024-04-25,Medium,Closed
2858,1891,2024-11-16,Low,Closed
2859,5958,2023-10-26,Medium,Open
2860,5367,2026-01-25,High,Open
2861,3507,2025-02-19,Low,Closed
2862,4107,2025-01-02,Medium,Closed
2863,4349,2024-02-05,Medium,In Progress
2864,4142,2025-04-28,Medium,Closed
2865,3824,2025-05-31,Medium,In Progress
2866,2265,2024-10-11,Low,In Progress
2867,4918,2025-07-02,High,Closed
2868,5635,2026-02-28,Medium,Closed
2869,5232,2024-06-18,Low,Open
2870,4337,2025-09-16,Medium,In Progress
2871,1470,2025-08-17,High,Closed
2872,4440,2025-07-11,High,Closed
2873,4088,2024-03-24,Medium,Closed
2874,5588,2025-09-13,Low,Closed
2875,2243,2026-02-20,Medium,Closed
2876,2809,2023-09-22,Low,Closed
2877,2573,2024-12-10,Low,Closed
2878,1994,2025-04-15,Low,Closed
2879,3155,2023-12-05,Low,Open
2880,2855,2024-04-14,High,Closed
2881,5703,2024-05-17,Low,Closed
2882,3078,2023-08-11,Low,Open
2883,2961,2026-05-13,High,Closed
2884,1745,2024-12-11,Low,Closed
2885,1088,2025-07-11,Medium,Closed
2886,5687,2023-11-11,High,Closed
2887,2113,2024-06-27,Low,Closed
2888,3758,2023-12-31,Medium,Closed
2889,5674,2026-04-03,Medium,Closed
2890,1322,2026-02-26,Low,Closed
2891,1244,2024-03-30,Low,Open
2892,2209,2024-12-08,High,Closed
2893,3657,2024-07-12,Critical,In Progress
2894,2025,2024-09-11,Low,Closed
2895,3475,2026-06-11,Medium,Closed
2896,4764,2024-03-03,Low,Closed
2897,1137,2025-12-21,Medium,Closed
2898,1557,2025-01-05,Critical,Closed
2899,1131,2025-07-09,Medium,Closed
2900,2175,2025-07-12,High,In Progress
2901,2251,2025-04-11,Critical,Closed
2902,4649,2024-07-11,Low,Closed
2903,2040,2025-01-17,Medium,Open
2904,1535,2024-06-22,Low,In Progress
2905,2864,2025-05-28,Low,Closed
2906,5131,2024-01-08,Low,Closed
2907,5574,2025-04-19,Medium,Closed
2908,1963,2024-01-28,High,Closed
2909,5904,2023-07-28,Medium,Closed
2910,1260,2024-06-20,Low,Closed
2911,2225,2026-01-15,Medium,Open
2912,3148,2026-02-05,Medium,In Progress
2913,5888,2023-08-09,Low,In Progress
2914,4246,2025-09-29,Low,In Progress
2915,1537,2024-07-12,Medium,Closed
2916,2352,2026-06-07,Medium,Closed
2917,1532,2025-09-25,High,Closed
2918,5319,2024-10-15,Medium,Closed
2919,4932,2023-09-28,Low,In Progress
2920,2434,2025-05-21,High,Closed
2921,5087,2024-07-28,Medium,Closed
2922,1449,2024-08-02,Critical,Closed
2923,3268,2025-02-16,Low,Closed
2924,2776,2023-11-27,Low,In Progress
2925,5278,2025-02-23,Medium,Closed
2926,5617,2023-11-05,Critical,Closed
2927,1752,2026-03-21,High,Closed
2928,5990,2024-07-31,Critical,Closed
2929,3919,2023-06-28,High,Closed
2930,1456,2024-06-11,Low,Closed
2931,2508,2024-08-27,Low,Closed
2932,5550,2025-07-03,Medium,Closed
2933,2723,2025-08-05,Critical,Closed
2934,4178,2025-09-06,Medium,Closed
2935,2891,2026-06-15,Critical,Closed
2936,2269,2025-03-02,Low,Closed
2937,3308,2025-09-03,Low,Closed
2938,2734,2024-05-15,High,Closed
2939,4898,2025-10-14,High,Closed
2940,4477,2024-08-26,Critical,Closed
2941,2420,2025-03-05,High,In Progress
2942,3798,2025-01-06,Low,Closed
2943,1540,2024-05-23,Low,In Progress
2944,1228,2025-10-16,Low,Closed
2945,5012,2024-07-09,High,Closed
2946,2191,2026-01-27,Medium,Closed
2947,2067,2024-10-27,Low,Closed
2948,4906,2024-05-30,High,Closed
2949,1313,2025-12-30,Medium,Closed
2950,4615,2025-04-21,Low,In Progress
2951,3736,2025-11-27,Medium,Closed
2952,5649,2023-10-25,Medium,Closed
2953,1048,2026-03-22,Medium,Closed
2954,1420,2023-12-03,Critical,Closed
2955,4968,2025-11-07,High,Closed
2956,5252,2025-01-15,Low,Closed
2957,4979,2023-11-05,Critical,Closed
2958,1367,2024-09-22,Low,Open
2959,1710,2024-12-03,Medium,Closed
2960,5517,2025-02-24,Low,Open
2961,5986,2024-05-15,Critical,Closed
2962,4505,2024-08-08,Medium,Closed
2963,2304,2026-06-20,Medium,Closed
2964,3197,2025-01-09,Medium,In Progress
2965,5377,2025-12-05,Low,Closed
2966,1066,2025-03-24,Low,In Progress
2967,5347,2026-04-14,Low,Closed
2968,2976,2025-03-16,High,Closed
2969,5288,2024-08-06,Medium,Closed
2970,1767,2024-11-19,Medium,Open
2971,2965,2025-03-04,High,Closed
2972,5232,2025-09-15,Low,Closed
2973,3038,2025-11-09,High,Closed
2974,2976,2024-02-13,Medium,Open
2975,5211,2025-05-30,Low,In Progress
2976,5468,2024-08-05,Medium,Closed
2977,3921,2025-02-08,High,Closed
2978,2477,2025-06-28,Low,Closed
2979,4396,2023-08-23,Low,Closed
2980,2671,2025-06-24,Medium,Closed
2981,5583,2024-06-02,Low,Closed
2982,4748,2026-02-03,Medium,Closed
2983,5366,2023-11-14,Low,Closed
2984,4694,2024-06-14,Medium,Closed
2985,2972,2026-01-16,Low,Closed
2986,4924,2025-06-10,Low,Open
2987,2037,2024-11-12,Medium,Closed
2988,4374,2023-06-29,Low,Closed
2989,1167,2025-06-16,Low,Closed
2990,4870,2025-08-01,Medium,Closed
2991,3668,2025-12-15,Medium,Closed
2992,5202,2023-09-10,Medium,Closed
2993,5795,2026-02-06,Low,Closed
2994,1386,2024-10-26,Medium,Closed
2995,1162,2025-01-28,Critical,Closed
2996,1587,2025-11-01,Low,In Progress
2997,5693,2024-03-23,Low,Open
2998,5787,2025-03-24,High,Closed
2999,5853,2023-12-12,Critical,Closed
3000,1448,2025-12-31,Medium,Closed
3001,4642,2024-01-11,Low,Closed
3002,5615,2023-09-05,Low,Closed
3003,2503,2025-05-18,Medium,Closed
3004,5951,2024-06-27,Low,Closed
3005,4866,2025-04-26,Critical,Open
3006,2606,2024-08-09,High,Closed
3007,4817,2025-09-22,Medium,Closed
3008,4142,2025-10-08,Medium,Closed
3009,1766,2026-03-22,Medium,Closed
3010,1207,2024-05-23,Medium,Closed
3011,4901,2024-03-16,Low,Closed
3012,2501,2025-05-21,Low,Closed
3013,5502,2025-11-06,Critical,Closed
3014,4329,2026-05-12,Low,Open
3015,3362,2026-04-28,High,Open
3016,3836,2025-02-01,High,Closed
3017,4737,2026-05-29,Medium,Closed
3018,4297,2024-12-12,High,Closed
3019,3910,2025-09-07,Low,In Progress
3020,4033,2024-06-11,Low,Closed
3021,4731,2024-06-30,Medium,Closed
3022,3246,2026-05-09,High,Closed
3023,1830,2025-03-05,Medium,Closed
3024,2116,2025-11-14,Medium,Closed
3025,2369,2024-11-30,Low,Closed
3026,2458,2023-12-20,Medium,Open
3027,5306,2024-03-16,Low,Closed
3028,2825,2024-04-09,High,Closed
3029,5048,2024-02-01,Medium,Closed
3030,5754,2025-02-14,Low,In Progress
3031,5963,2025-08-11,Low,Closed
3032,2251,2026-05-12,Low,Closed
3033,2617,2024-04-20,Medium,Closed
3034,5285,2023-08-09,Medium,Closed
3035,5241,2024-05-22,Low,Closed
3036,2478,2025-08-31,Medium,Closed
3037,5251,2024-01-17,Low,Closed
3038,2735,2025-08-28,Medium,Closed
3039,2476,2025-01-15,Medium,In Progress
3040,1337,2025-06-06,High,Closed
3041,1556,2026-06-13,Medium,Closed
3042,3765,2025-03-04,Low,Closed
3043,5895,2026-01-28,Critical,Closed
3044,1432,2024-04-25,Low,Open
3045,5915,2024-06-05,Medium,Closed
3046,3571,2025-03-20,Medium,Closed
3047,1814,2025-08-23,Medium,Closed
3048,3417,2025-08-30,Medium,Open
3049,2253,2024-11-12,Low,Closed
3050,5912,2024-07-26,High,Closed
3051,2634,2024-09-27,High,Open
3052,3259,2026-05-22,Medium,Closed
3053,5610,2025-06-14,Low,Closed
3054,4964,2025-07-20,High,Closed
3055,3702,2023-07-26,Low,Closed
3056,3933,2024-12-05,Critical,In Progress
3057,1717,2024-10-25,High,Closed
3058,1108,2025-04-03,Medium,Open
3059,1775,2025-09-22,Low,Closed
3060,5321,2025-02-26,Medium,Closed
3061,5096,2025-02-28,Medium,Closed
3062,1387,2023-08-24,Critical,Closed
3063,4634,2024-09-08,Medium,Closed
3064,1749,2025-04-22,Medium,Closed
3065,4062,2024-02-04,High,Closed
3066,1735,2026-01-30,Low,Closed
3067,1442,2024-07-20,Critical,Closed
3068,5882,2023-12-03,Low,In Progress
3069,4173,2025-07-08,High,Closed
3070,3653,2023-10-19,Critical,Closed
3071,2276,2025-01-23,High,Closed
3072,5247,2024-10-03,Low,Closed
3073,1072,2026-04-10,Critical,In Progress
3074,1131,2026-02-28,High,Open
3075,1612,2025-12-22,Critical,Closed
3076,1584,2025-12-12,Medium,Closed
3077,1444,2023-12-27,High,Closed
3078,4353,2025-04-17,High,In Progress
3079,1003,2024-09-10,Medium,Closed
3080,5417,2024-07-17,Critical,Open
3081,2791,2024-07-21,Medium,Open
3082,3799,2025-07-19,Low,Closed
3083,5292,2024-10-09,Low,Closed
3084,5837,2023-07-15,Medium,Closed
3085,2927,2025-01-30,Medium,Closed
3086,1535,2025-05-07,High,In Progress
3087,5062,2026-05-30,Low,Closed
3088,3950,2024-07-14,Medium,Closed
3089,4906,2023-09-28,Critical,Closed
3090,3317,2024-09-29,Critical,Closed
3091,3016,2024-01-31,Low,Open
3092,1787,2025-06-24,Critical,Closed
3093,4427,2024-12-06,Medium,Closed
3094,1066,2023-12-21,Medium,Closed
3095,2480,2024-12-22,Low,Closed
3096,3315,2023-10-23,Medium,Closed
3097,3710,2025-08-18,Low,Closed
3098,5954,2026-03-31,Medium,Open
3099,1644,2024-07-07,Critical,Closed
3100,4393,2026-03-30,Low,Closed
3101,1208,2025-11-29,Medium,Open
3102,2166,2025-06-18,Low,Open
3103,1222,2024-08-27,Medium,Closed
3104,2593,2026-06-25,Low,Closed
3105,5560,2024-07-19,High,Closed
3106,3751,2026-05-02,Medium,Closed
3107,2173,2025-10-10,High,Closed
3108,2040,2025-06-26,Low,Closed
3109,1032,2024-04-12,Medium,Closed
3110,4213,2024-05-12,Medium,Closed
3111,5661,2025-09-04,High,Closed
3112,4942,2024-06-20,Medium,Closed
3113,2612,2024-04-01,Low,Closed
3114,3826,2025-11-03,High,Closed
3115,5159,2025-09-01,High,Closed
3116,3376,2023-12-11,High,Closed
3117,1767,2026-06-06,Low,Closed
3118,5788,2023-10-03,Medium,Closed
3119,4102,2024-06-10,Medium,Closed
3120,5244,2023-11-15,Low,In Progress
3121,5932,2023-07-20,High,Closed
3122,5478,2025-12-21,Medium,Closed
3123,2583,2026-04-22,Critical,In Progress
3124,2391,2026-01-06,Low,Closed
3125,2376,2025-12-16,Critical,Closed
3126,4044,2024-09-19,High,Closed
3127,5042,2025-01-13,High,Closed
3128,4704,2024-02-24,High,Open
3129,2612,2023-09-27,High,In Progress
3130,2269,2023-08-18,Medium,Closed
3131,1255,2025-08-22,Medium,Closed
3132,1104,2025-01-07,Medium,Closed
3133,2981,2025-01-01,Medium,Closed
3134,2223,2025-06-03,High,Closed
3135,1048,2023-09-23,Medium,Closed
3136,4311,2025-04-08,High,In Progress
3137,4101,2025-03-16,High,Closed
3138,3285,2025-07-05,Low,Closed
3139,4803,2024-01-09,Low,Closed
3140,5120,2025-05-18,Low,Closed
3141,4634,2025-08-03,High,Closed
3142,1349,2025-06-15,Critical,Closed
3143,3127,2023-10-18,Medium,In Progress
3144,1513,2026-03-28,Low,Closed
3145,5512,2024-12-03,Low,Closed
3146,3639,2026-01-15,Low,Closed
3147,3059,2026-02-01,High,Closed
3148,4114,2024-01-11,Medium,In Progress
3149,1983,2026-03-08,Medium,Closed
3150,2187,2025-06-10,Low,Open
3151,2670,2024-09-29,Medium,Closed
3152,5209,2024-03-19,Medium,Closed
3153,3359,2024-12-17,Medium,Closed
3154,2274,2024-05-15,Low,Closed
3155,2974,2026-03-26,Low,In Progress
3156,4035,2026-06-19,Medium,Closed
3157,5795,2024-12-26,Medium,Closed
3158,1786,2025-09-07,Low,Open
3159,3982,2025-07-25,Low,Closed
3160,5913,2024-02-13,Medium,Closed
3161,5098,2025-06-01,Low,Closed
3162,2054,2025-05-04,Medium,Closed
3163,3467,2024-09-29,Medium,Closed
3164,1648,2025-09-02,Low,Closed
3165,4158,2025-04-04,Low,Closed
3166,1932,2025-09-28,Medium,Closed
3167,5537,2024-11-13,Low,In Progress
3168,2809,2023-11-29,High,Closed
3169,4525,2025-05-31,Low,Closed
3170,2582,2025-10-31,Medium,Closed
3171,4829,2025-03-07,Medium,Closed
3172,4121,2024-10-20,Low,Closed
3173,4163,2025-10-02,Critical,Closed
3174,4071,2024-06-20,Medium,In Progress
3175,2330,2024-05-26,Medium,Closed
3176,5412,2023-09-06,Medium,Closed
3177,1955,2025-07-05,Low,Closed
3178,1635,2025-04-03,Medium,Closed
3179,1091,2025-09-19,Low,Closed
3180,5143,2025-04-20,High,Closed
3181,2362,2024-03-10,Low,In Progress
3182,3875,2023-10-26,Medium,In Progress
3183,1807,2026-03-24,Low,Closed
3184,4875,2026-02-28,Low,Closed
3185,4253,2024-08-29,High,Open
3186,1646,2024-02-26,Medium,Closed
3187,2219,2024-01-05,Medium,Closed
3188,4471,2026-06-12,Medium,Closed
3189,2455,2023-07-27,Low,Closed
3190,1278,2025-08-31,Critical,In Progress
3191,1603,2024-07-27,Low,Open
3192,5746,2023-08-12,Medium,Closed
3193,3136,2026-02-09,High,Closed
3194,3696,2026-06-19,High,Closed
3195,3604,2026-05-13,Medium,Closed
3196,5504,2025-02-02,Low,In Progress
3197,3688,2023-10-18,Medium,Closed
3198,2149,2024-01-15,High,Closed
3199,5815,2024-05-19,Medium,Closed
3200,1229,2025-11-13,Medium,Closed
3201,2453,2026-03-23,High,Closed
3202,4448,2024-11-15,Low,Closed
3203,5465,2023-08-10,Medium,Closed
3204,3492,2023-12-11,Low,Closed
3205,1172,2024-11-29,High,Closed
3206,4433,2026-03-25,Low,Closed
3207,4003,2024-11-27,Low,In Progress
3208,1821,2024-06-30,Low,Closed
3209,5931,2024-04-06,Low,Closed
3210,3796,2025-02-08,Low,Open
3211,3569,2026-03-10,High,Closed
3212,3772,2024-04-05,Medium,In Progress
3213,2683,2024-12-31,Low,Closed
3214,4343,2023-11-27,Low,Closed
3215,2685,2025-03-17,Low,Open
3216,3993,2023-11-17,Medium,Closed
3217,2308,2025-04-10,Critical,Closed
3218,2295,2025-09-18,Low,Closed
3219,4698,2025-04-24,Low,In Progress
3220,3983,2025-12-27,Critical,Open
3221,4028,2024-06-28,Medium,Closed
3222,5254,2025-02-08,High,Closed
3223,5411,2026-01-07,Low,Closed
3224,3410,2025-05-15,Medium,Closed
3225,3216,2023-10-20,Low,Closed
3226,4910,2023-09-30,High,Closed
3227,5469,2026-06-25,Low,Closed
3228,1878,2025-01-10,Low,Closed
3229,5962,2024-11-10,Medium,Closed
3230,5817,2023-09-02,Low,Open
3231,3310,2024-12-20,Critical,Closed
3232,3395,2026-03-03,Critical,Open
3233,4187,2024-04-23,High,In Progress
3234,2882,2026-04-15,Medium,Closed
3235,2155,2024-09-04,Medium,In Progress
3236,1449,2024-09-29,Medium,Closed
3237,2293,2025-03-20,Low,In Progress
3238,2862,2023-10-09,Medium,Closed
3239,3447,2025-10-19,Low,Closed
3240,1583,2024-01-28,High,Closed
3241,2602,2024-03-01,Medium,Closed
3242,1885,2024-07-29,Medium,In Progress
3243,1099,2023-11-12,Medium,In Progress
3244,4831,2025-07-29,Medium,Closed
3245,3525,2023-07-05,Critical,Closed
3246,2855,2025-08-26,Low,Closed
3247,1427,2025-04-01,Low,Closed
3248,2724,2024-05-06,Critical,Closed
3249,2760,2023-07-12,High,Closed
3250,5323,2025-04-29,Medium,Closed
3251,2724,2025-02-16,Low,In Progress
3252,1753,2025-05-12,Medium,Closed
3253,5328,2024-04-12,Medium,Closed
3254,5340,2024-10-20,Medium,In Progress
3255,5891,2025-06-06,Low,Closed
3256,2454,2026-03-12,Medium,Closed
3257,2953,2025-03-22,High,Closed
3258,2149,2025-07-31,Low,In Progress
3259,3815,2025-07-12,Low,Closed
3260,1460,2026-01-02,Low,Closed
3261,2437,2026-02-18,Medium,Closed
3262,1656,2024-02-24,Low,Closed
3263,4929,2024-07-24,Critical,In Progress
3264,4441,2025-05-22,High,Closed
3265,5183,2023-12-18,Low,Closed
3266,1998,2025-01-15,Low,Closed
3267,3226,2025-06-05,Medium,Open
3268,5468,2024-03-24,Medium,Closed
3269,5856,2024-03-27,Medium,Closed
3270,3451,2023-10-03,Low,Closed
3271,3910,2026-01-01,Low,Closed
3272,4342,2023-08-01,Low,Closed
3273,4536,2025-02-13,Low,Closed
3274,5199,2024-03-13,Medium,Closed
3275,5099,2025-06-23,Low,Closed
3276,4123,2024-02-26,Critical,Closed
3277,2525,2024-10-24,Low,In Progress
3278,1695,2025-10-06,High,Closed
3279,5529,2023-09-26,Low,Closed
3280,5177,2024-08-29,Medium,Closed
3281,5736,2025-09-27,Medium,In Progress
3282,1345,2025-07-02,Low,In Progress
3283,5366,2024-02-03,Low,Closed
3284,4050,2026-04-21,Low,In Progress
3285,1316,2024-07-26,Low,In Progress
3286,4175,2025-10-28,Low,In Progress
3287,3821,2024-07-12,High,Open
3288,3928,2024-03-18,Critical,Closed
3289,4724,2024-03-20,Low,Closed
3290,1168,2024-04-13,Medium,Closed
3291,3076,2023-11-21,Low,Closed
3292,4087,2024-02-16,Low,Open
3293,4495,2024-03-13,Medium,Open
3294,2706,2024-12-09,Medium,Closed
3295,2681,2025-05-02,Low,In Progress
3296,3785,2026-03-26,Medium,Closed
3297,3941,2025-04-05,Low,Closed
3298,2653,2024-12-07,Low,Closed
3299,4653,2026-05-15,Medium,In Progress
3300,3042,2024-07-08,Medium,Closed
3301,3916,2024-05-14,Medium,Open
3302,3293,2024-04-14,Medium,In Progress
3303,4031,2026-04-01,Medium,Closed
3304,3061,2026-01-31,Low,Closed
3305,2045,2023-07-11,Critical,In Progress
3306,5632,2025-05-15,High,Closed
3307,2220,2026-03-15,Low,Closed
3308,2754,2024-03-01,Medium,Closed
3309,4654,2024-11-02,Critical,Closed
3310,3750,2023-10-23,Low,Closed
3311,2009,2024-12-03,High,Closed
3312,5423,2024-02-21,High,Closed
3313,3466,2025-06-12,Critical,Closed
3314,3982,2025-02-16,Low,Closed
3315,5011,2025-06-25,Low,Closed
3316,3209,2024-11-07,Medium,Closed
3317,5302,2025-09-07,Medium,Closed
3318,5881,2025-05-22,Medium,Closed
3319,4179,2024-11-04,Low,Closed
3320,5073,2023-10-30,Medium,Closed
3321,3851,2025-10-06,Medium,In Progress
3322,2878,2025-09-16,Medium,Closed
3323,2802,2025-01-10,Low,In Progress
3324,2781,2025-12-15,High,In Progress
3325,2841,2025-10-06,Low,Closed
3326,4358,2026-02-03,Medium,Closed
3327,2779,2023-07-19,Low,In Progress
3328,2062,2026-05-25,Low,Closed
3329,2398,2023-09-13,Low,Closed
3330,2393,2026-02-06,High,In Progress
3331,3139,2024-11-17,Medium,Closed
3332,2033,2026-02-12,Medium,In Progress
3333,3073,2024-07-19,Low,Closed
3334,3928,2025-08-19,Medium,Closed
3335,4985,2026-02-27,Low,In Progress
3336,1752,2024-04-16,Low,Closed
3337,5541,2025-08-15,Critical,Closed
3338,3346,2026-01-04,Medium,In Progress
3339,5252,2023-10-28,Low,Closed
3340,1682,2023-07-25,Medium,Open
3341,3571,2024-02-29,Medium,Closed
3342,2061,2026-05-30,Low,Open
3343,3671,2026-06-11,Low,Closed
3344,5085,2025-12-29,Medium,Closed
3345,2038,2026-06-07,Medium,Closed
3346,5028,2023-10-23,Low,Closed
3347,3897,2023-11-03,Medium,Closed
3348,3097,2024-03-05,High,In Progress
3349,2005,2026-01-17,Critical,Closed
3350,4169,2025-03-11,Medium,Closed
3351,5069,2024-03-28,Critical,In Progress
3352,1559,2025-07-14,High,Closed
3353,1221,2025-05-19,Low,Closed
3354,1594,2025-01-05,Medium,Open
3355,1231,2025-06-19,Low,Closed
3356,5114,2026-04-04,Low,Closed
3357,5407,2025-04-12,Low,Closed
3358,5796,2025-05-06,Medium,Open
3359,5440,2024-02-10,Low,Closed
3360,3700,2024-04-30,Low,Closed
3361,5393,2025-03-20,Medium,In Progress
3362,4002,2023-10-05,Medium,Closed
3363,3504,2023-07-20,Low,Closed
3364,5699,2025-11-23,High,Open
3365,5429,2025-11-19,High,In Progress
3366,5360,2025-03-08,Low,Closed
3367,5743,2026-04-24,Low,Closed
3368,1735,2024-08-27,Low,Closed
3369,2960,2024-09-26,High,In Progress
3370,2974,2024-02-27,High,In Progress
3371,3762,2024-05-15,Medium,Closed
3372,5397,2026-06-25,Low,Closed
3373,4654,2026-04-05,Medium,Open
3374,3078,2024-09-19,Low,In Progress
3375,4426,2024-10-17,Medium,Closed
3376,1263,2025-08-13,Medium,Closed
3377,3019,2024-06-22,Critical,Closed
3378,1931,2025-06-18,Medium,Closed
3379,1248,2023-11-14,Medium,Closed
3380,5149,2024-03-29,Low,Closed
3381,2788,2025-07-18,High,Closed
3382,5624,2024-03-10,Low,Closed
3383,1643,2024-08-09,Medium,Closed
3384,3442,2024-03-10,High,Closed
3385,3547,2025-05-26,Medium,Closed
3386,1534,2025-04-18,Low,Closed
3387,2449,2023-07-21,Low,Closed
3388,3955,2024-08-28,Low,Closed
3389,3565,2024-06-04,Low,Open
3390,5431,2024-09-30,High,Open
3391,2411,2024-03-29,Medium,Closed
3392,5083,2024-03-10,Low,Closed
3393,2470,2024-01-14,Medium,Closed
3394,5273,2025-08-03,Low,Closed
3395,5477,2024-12-27,Medium,Closed
3396,5317,2024-03-09,Low,Open
3397,3311,2023-08-08,Medium,Closed
3398,3381,2025-04-28,Low,Closed
3399,2714,2025-03-19,High,Closed
3400,3982,2025-08-16,Low,Closed
3401,1454,2024-12-17,Medium,Closed
3402,2792,2024-09-21,Medium,Closed
3403,4977,2025-08-19,Low,Closed
3404,3906,2024-06-08,Low,Closed
3405,2733,2025-08-12,Low,Open
3406,1275,2023-12-16,Low,Closed
3407,4115,2025-06-24,Low,Closed
3408,2917,2024-05-26,Low,Open
3409,5294,2024-05-09,Medium,Closed
3410,5090,2024-04-13,High,Closed
3411,1424,2024-10-15,Medium,Open
3412,3436,2025-05-03,Medium,Open
3413,2812,2025-05-20,Low,Closed
3414,5800,2026-01-01,Medium,Closed
3415,1201,2024-03-12,Low,Open
3416,1957,2025-05-17,High,Closed
3417,1723,2025-09-12,Low,Closed
3418,2506,2025-12-14,Medium,Closed
3419,2856,2024-04-13,Low,Closed
3420,2194,2026-06-01,Critical,Closed
3421,4735,2025-05-24,Medium,Closed
3422,2399,2026-01-07,Critical,Open
3423,4510,2023-10-03,Low,Closed
3424,1594,2025-02-11,Medium,Open
3425,1578,2023-11-11,Critical,Closed
3426,3684,2024-02-26,Low,Closed
3427,2480,2025-05-24,Medium,Closed
3428,4719,2024-08-02,Medium,Closed
3429,4085,2025-01-23,Medium,Closed
3430,5573,2024-01-10,Low,In Progress
3431,3011,2023-09-22,Medium,Open
3432,3152,2026-02-09,Low,Closed
3433,2919,2025-04-29,High,Closed
3434,2404,2026-06-13,Critical,In Progress
3435,4420,2025-12-21,High,Closed
3436,5311,2024-07-09,Medium,In Progress
3437,5917,2026-02-13,Low,Closed
3438,5335,2025-10-25,Medium,Closed
3439,1094,2025-07-27,High,Closed
3440,5608,2026-01-18,High,Closed
3441,2462,2025-08-14,Medium,In Progress
3442,5495,2026-03-24,High,Closed
3443,2777,2025-07-10,Low,Closed
3444,1737,2024-07-03,High,Closed
3445,3441,2026-02-01,High,Closed
3446,1659,2025-04-11,High,Closed
3447,4940,2024-04-10,Medium,Closed
3448,1417,2024-02-15,Low,Closed
3449,3375,2023-07-10,Medium,Closed
3450,2280,2023-11-01,Medium,Closed
3451,1925,2025-11-13,Low,Closed
3452,5142,2025-02-23,Low,Closed
3453,5702,2025-03-02,Medium,Closed
3454,3539,2024-09-05,Medium,In Progress
3455,1983,2024-10-15,Medium,In Progress
3456,2390,2025-11-21,Medium,Closed
3457,2870,2026-05-30,Medium,Closed
3458,4906,2026-05-28,Medium,In Progress
3459,2733,2025-09-22,Medium,Closed
3460,5662,2026-06-02,Medium,Closed
3461,4098,2025-01-23,Medium,Closed
3462,1621,2025-06-12,Medium,Closed
3463,3654,2025-08-30,High,Closed
3464,4133,2023-09-19,High,In Progress
3465,3877,2024-10-28,Low,In Progress
3466,5830,2025-03-31,High,Closed
3467,3378,2025-03-21,Medium,Closed
3468,3785,2024-12-10,Medium,Closed
3469,3721,2024-03-31,Medium,Closed
3470,5586,2026-04-21,Critical,In Progress
3471,3764,2025-07-31,High,Closed
3472,2517,2024-08-21,Medium,In Progress
3473,1180,2025-03-17,Low,Closed
3474,4273,2024-08-08,Low,Closed
3475,1148,2025-03-07,Low,Closed
3476,4680,2025-05-09,Medium,Closed
3477,4046,2025-01-06,High,Closed
3478,1727,2025-01-11,Low,Closed
3479,2551,2026-04-30,Medium,Closed
3480,4414,2026-04-11,Low,Closed
3481,4328,2025-05-27,Low,In Progress
3482,3763,2025-02-24,Medium,Closed
3483,4250,2026-01-11,Medium,Closed
3484,1926,2023-07-02,Low,Closed
3485,2496,2024-03-05,Low,Open
3486,2097,2023-08-25,Low,In Progress
3487,1684,2024-10-09,High,Closed
3488,3183,2025-11-03,High,Closed
3489,5365,2025-05-16,Low,Closed
3490,5351,2024-03-21,High,In Progress
3491,1781,2026-02-08,High,Closed
3492,3011,2025-10-13,Medium,Open
3493,3614,2025-07-10,Low,Closed
3494,2949,2024-09-30,High,Closed
3495,3805,2024-09-14,Medium,In Progress
3496,1304,2025-05-29,High,Closed
3497,1270,2026-02-16,Low,Closed
3498,5274,2026-02-14,High,Closed
3499,3934,2026-03-16,Low,In Progress
3500,5718,2026-02-01,Low,Closed
3501,5051,2025-09-13,Low,Closed
3502,2888,2024-01-22,Medium,Closed
3503,3633,2023-07-04,Medium,Closed
3504,2068,2023-07-07,Medium,Closed
3505,5133,2023-12-18,Low,Closed
3506,1271,2025-11-04,Medium,Closed
3507,5114,2023-10-08,Medium,Closed
3508,5350,2025-10-24,High,Closed
3509,2514,2024-02-26,Critical,Closed
3510,1769,2025-01-03,Medium,Closed
3511,2431,2026-03-29,Low,Closed
3512,5931,2025-05-24,Critical,Closed
3513,5391,2024-11-21,Low,Closed
3514,2739,2024-02-22,Low,Closed
3515,5617,2023-09-19,Critical,In Progress
3516,4471,2024-06-09,Low,Closed
3517,1587,2024-12-14,Critical,Closed
3518,2040,2024-09-14,Low,Closed
3519,2371,2024-07-20,Medium,Closed
3520,1268,2024-06-23,High,Closed
3521,5608,2024-05-30,Critical,Closed
3522,2743,2024-04-26,Low,In Progress
3523,1186,2024-05-09,Low,Closed
3524,3915,2023-10-08,Medium,Open
3525,5332,2023-12-02,Medium,Closed
3526,5432,2023-12-29,Low,Closed
3527,3609,2024-06-21,Medium,Closed
3528,3649,2024-01-21,Medium,Closed
3529,2269,2024-03-09,Critical,Closed
3530,1763,2026-03-18,Low,Closed
3531,1143,2025-08-11,Medium,Closed
3532,2862,2025-07-11,High,In Progress
3533,2785,2024-07-08,Medium,Closed
3534,5904,2024-01-30,High,Closed
3535,3503,2023-08-07,High,Closed
3536,1295,2024-03-14,High,Closed
3537,2467,2023-11-29,Low,Closed
3538,2471,2024-05-22,Low,Closed
3539,2237,2024-08-05,Medium,Closed
3540,1397,2024-06-27,Low,In Progress
3541,4772,2025-02-05,Critical,Closed
3542,1592,2026-04-14,Low,Closed
3543,2467,2025-07-07,High,In Progress
3544,5619,2024-08-02,Critical,Closed
3545,2078,2024-06-30,Medium,Open
3546,3017,2026-04-20,Medium,Closed
3547,2660,2024-11-12,Medium,Closed
3548,5996,2024-06-20,Medium,Closed
3549,3344,2023-11-29,High,In Progress
3550,4496,2024-10-10,Low,In Progress
3551,2042,2026-02-15,Medium,Closed
3552,1277,2023-12-19,Medium,Closed
3553,4600,2025-08-03,Critical,In Progress
3554,3109,2025-10-10,High,Open
3555,2236,2024-09-03,Low,In Progress
3556,2995,2023-12-29,Critical,Closed
3557,5600,2024-10-11,Medium,Closed
3558,5828,2025-11-11,Medium,Closed
3559,4027,2024-11-22,Medium,Closed
3560,1480,2023-12-20,Medium,Closed
3561,5132,2025-01-15,Low,Closed
3562,5591,2024-03-03,Low,Closed
3563,2011,2025-10-01,Medium,Closed
3564,1125,2024-08-17,Low,Closed
3565,4124,2025-08-17,Medium,In Progress
3566,1276,2025-09-29,Medium,Closed
3567,1041,2024-06-04,High,Closed
3568,1303,2023-10-09,Critical,Open
3569,5588,2024-05-03,Low,Closed
3570,5782,2024-09-02,Medium,Closed
3571,2878,2025-04-18,Medium,Closed
3572,3504,2024-01-04,Low,Closed
3573,4433,2024-05-14,High,Closed
3574,3114,2024-10-21,Low,Closed
3575,2147,2024-05-21,High,Closed
3576,1848,2025-07-10,High,In Progress
3577,2496,2024-03-22,Low,Closed
3578,3022,2025-01-25,Medium,Open
3579,2398,2026-02-12,Medium,Closed
3580,5854,2025-11-08,High,Closed
3581,1522,2024-10-15,Medium,Closed
3582,3726,2025-06-11,Low,Closed
3583,2053,2025-12-04,Low,Closed
3584,1133,2024-04-19,Low,Closed
3585,4180,2025-10-28,Medium,In Progress
3586,3806,2024-08-22,High,Closed
3587,1895,2025-08-12,Medium,In Progress
3588,2960,2024-11-23,Low,Closed
3589,2549,2025-12-23,Critical,Closed
3590,1685,2024-05-10,Medium,Closed
3591,2575,2025-07-24,Medium,Closed
3592,4562,2026-01-24,Medium,Closed
3593,2354,2024-06-04,Low,In Progress
3594,5724,2024-08-22,Low,Open
3595,3290,2023-09-01,High,Closed
3596,3995,2026-03-16,High,Closed
3597,5880,2026-01-09,Low,In Progress
3598,1802,2024-03-26,Critical,Open
3599,2054,2024-07-06,High,Open
3600,3043,2024-05-10,Low,In Progress
3601,5920,2023-12-05,Medium,Closed
3602,4331,2025-10-10,Low,Closed
3603,5275,2023-11-02,High,Closed
3604,4428,2024-08-20,Low,Closed
3605,1096,2025-03-25,Low,Closed
3606,5352,2024-08-19,Low,Closed
3607,3845,2024-07-30,Critical,Closed
3608,3545,2025-08-16,Low,Closed
3609,4593,2023-10-29,Low,Open
3610,5939,2023-09-16,Low,Closed
3611,3982,2026-05-01,Medium,Closed
3612,5934,2025-11-27,Low,Closed
3613,1279,2023-08-01,Critical,Closed
3614,2315,2024-08-29,Critical,Closed
3615,4651,2023-09-20,High,Open
3616,4140,2024-05-07,Low,Closed
3617,2857,2026-02-21,Low,Open
3618,5602,2025-01-18,Medium,Open
3619,2643,2024-05-13,Low,Closed
3620,1007,2025-11-28,Critical,Closed
3621,2700,2025-06-24,Low,Closed
3622,2874,2026-06-19,High,In Progress
3623,2238,2025-12-11,Low,Closed
3624,4800,2025-11-15,Low,Open
3625,5295,2024-03-03,Low,In Progress
3626,3823,2024-07-15,Critical,In Progress
3627,5312,2025-11-05,Critical,Closed
3628,4955,2025-07-25,Low,Open
3629,4790,2024-01-20,Medium,Closed
3630,4970,2026-03-16,Critical,Closed
3631,5015,2024-11-05,High,Open
3632,5927,2026-06-12,Medium,Closed
3633,4315,2023-08-12,Medium,In Progress
3634,2239,2023-12-08,Low,Closed
3635,5971,2023-12-01,Critical,Closed
3636,4418,2023-10-31,Low,In Progress
3637,5669,2026-01-12,Low,Closed
3638,2182,2026-03-10,High,Closed
3639,3694,2025-10-23,Low,Closed
3640,1303,2026-04-23,High,Closed
3641,5277,2023-10-08,High,Closed
3642,1848,2023-08-14,Medium,In Progress
3643,2411,2025-10-25,Low,Open
3644,3445,2024-11-01,Critical,Closed
3645,5716,2024-03-30,Critical,Closed
3646,1349,2023-10-26,Medium,In Progress
3647,4833,2024-10-28,High,Closed
3648,5215,2023-07-04,High,Open
3649,5127,2025-05-29,Medium,Closed
3650,3732,2026-02-19,High,In Progress
3651,3887,2023-10-12,Medium,In Progress
3652,1548,2026-06-08,Low,Closed
3653,1484,2024-02-13,Low,Closed
3654,2068,2023-08-24,Medium,Closed
3655,1692,2024-10-18,Medium,Closed
3656,4985,2023-10-21,Low,Closed
3657,1670,2025-11-04,Low,Closed
3658,5507,2026-05-23,High,In Progress
3659,3841,2025-06-28,Medium,Closed
3660,3797,2024-11-28,High,Open
3661,4079,2025-05-10,High,Closed
3662,2152,2025-07-19,Low,Closed
3663,1959,2023-11-30,Medium,Open
3664,5910,2024-01-16,High,Closed
3665,2067,2025-02-28,Critical,Closed
3666,4349,2025-03-13,Critical,Closed
3667,1030,2026-01-07,Medium,Closed
3668,4912,2023-09-27,Low,Closed
3669,3956,2023-10-16,Low,Open
3670,3381,2025-03-27,Critical,Closed
3671,1292,2025-09-27,Medium,Closed
3672,3322,2024-04-07,High,Closed
3673,2932,2025-06-14,Medium,Closed
3674,4173,2024-02-12,Medium,Closed
3675,1453,2024-08-11,Low,Closed
3676,1583,2026-03-06,Medium,In Progress
3677,1456,2024-07-01,Low,Closed
3678,2217,2024-07-12,Low,Closed
3679,1864,2025-04-26,Medium,Closed
3680,1571,2025-09-02,High,Closed
3681,3839,2026-03-19,Low,Closed
3682,1916,2026-04-26,High,In Progress
3683,4253,2024-08-06,Low,Closed
3684,1196,2024-04-30,Low,Closed
3685,3724,2024-05-22,Low,Closed
3686,4914,2025-09-22,Low,Open
3687,2963,2025-08-19,Medium,Closed
3688,3669,2024-12-19,Low,In Progress
3689,2948,2023-12-18,High,Open
3690,1659,2024-09-10,Medium,Open
3691,5101,2024-01-04,Medium,Closed
3692,2374,2024-05-17,Medium,Closed
3693,4147,2024-04-17,Medium,In Progress
3694,1048,2026-04-26,Medium,Closed
3695,4973,2023-10-29,Low,Closed
3696,4761,2024-04-07,Medium,Closed
3697,1090,2024-10-27,Low,Open
3698,2545,2024-05-20,Medium,Closed
3699,1318,2023-10-04,Low,Closed
3700,1706,2024-07-18,Low,Closed
3701,1689,2024-07-17,Low,Closed
3702,1535,2025-02-18,Critical,In Progress
3703,2900,2026-01-03,Medium,Closed
3704,1304,2024-07-30,High,Closed
3705,4717,2023-10-04,Critical,In Progress
3706,5639,2023-09-18,Critical,Closed
3707,4776,2024-10-12,Critical,Closed
3708,4029,2023-11-14,Low,Closed
3709,1570,2025-07-13,Low,Closed
3710,4800,2025-01-11,Medium,Closed
3711,1640,2026-03-12,Medium,Closed
3712,1563,2025-02-25,High,Closed
3713,3429,2026-05-26,High,Closed
3714,3844,2025-08-12,Low,Closed
3715,3058,2023-11-05,High,Open
3716,2713,2026-03-28,Low,Closed
3717,4225,2025-11-21,Critical,Open
3718,3376,2023-10-23,High,In Progress
3719,4660,2024-11-29,Medium,Closed
3720,3722,2025-01-02,Low,In Progress
3721,2309,2024-11-07,Low,Closed
3722,5849,2025-10-29,Low,In Progress
3723,1872,2025-05-11,Medium,In Progress
3724,1007,2025-02-24,Critical,Closed
3725,3998,2025-11-20,High,Closed
3726,4613,2024-08-31,Low,Closed
3727,1885,2026-06-20,Low,Closed
3728,3839,2026-01-13,Low,Closed
3729,3843,2025-07-19,Low,Open
3730,1635,2026-03-04,High,Closed
3731,2932,2025-06-10,Medium,Open
3732,1041,2024-04-27,Low,In Progress
3733,4462,2023-12-23,Medium,Closed
3734,5080,2024-02-26,Medium,Open
3735,1554,2023-11-15,High,Closed
3736,5050,2023-09-07,High,Closed
3737,5355,2024-10-24,Low,Closed
3738,1447,2026-05-07,Low,In Progress
3739,4416,2026-04-06,Medium,Closed
3740,3013,2024-06-15,Low,Closed
3741,2088,2024-07-30,Low,Closed
3742,2922,2025-11-23,Medium,Open
3743,4242,2025-10-04,Medium,In Progress
3744,5383,2025-06-05,Low,Closed
3745,3192,2025-01-01,High,Closed
3746,2716,2026-01-08,Low,Closed
3747,1497,2025-12-22,Medium,Closed
3748,3777,2024-07-29,Medium,Closed
3749,5526,2026-05-01,Low,Closed
3750,1466,2024-01-11,Medium,Closed
3751,4950,2026-02-27,Medium,Closed
3752,4097,2023-11-13,High,Closed
3753,3633,2023-11-04,Medium,Open
3754,2963,2023-09-10,Low,Closed
3755,4414,2024-05-04,Medium,Closed
3756,3919,2026-04-05,Critical,Closed
3757,3017,2025-08-26,Low,Open
3758,3848,2025-09-23,Low,Open
3759,1349,2024-06-19,Medium,Open
3760,5469,2024-01-16,Medium,Open
3761,1289,2026-02-19,Low,Closed
3762,3192,2024-01-28,High,Closed
3763,1741,2025-09-27,Medium,In Progress
3764,4934,2024-08-13,Medium,Closed
3765,2094,2024-04-25,Medium,Closed
3766,2483,2024-01-21,Medium,Open
3767,1205,2023-11-17,Medium,Closed
3768,5751,2023-11-28,Medium,Closed
3769,3097,2023-09-02,Medium,Closed
3770,2868,2023-08-07,High,Closed
3771,5861,2023-12-15,High,Closed
3772,5823,2023-09-21,Low,Closed
3773,1885,2023-09-01,Low,Closed
3774,1625,2026-05-24,High,Closed
3775,1322,2024-06-14,Medium,Closed
3776,1749,2024-01-04,Medium,Closed
3777,4072,2024-04-17,Low,Closed
3778,2369,2024-04-05,High,In Progress
3779,1752,2024-05-28,Medium,In Progress
3780,1940,2025-01-28,Medium,Closed
3781,4835,2024-01-18,Medium,Closed
3782,1762,2024-03-30,Medium,Closed
3783,2359,2024-12-14,Medium,Closed
3784,3013,2024-12-14,Medium,Closed
3785,1507,2024-07-10,Low,Closed
3786,2307,2024-02-22,Low,In Progress
3787,3743,2024-02-14,High,In Progress
3788,5242,2024-07-04,Critical,Closed
3789,2667,2025-01-15,High,Closed
3790,4805,2025-12-28,Critical,Closed
3791,4327,2025-11-17,Medium,Closed
3792,1105,2025-02-24,Critical,Closed
3793,3322,2025-04-11,Medium,Closed
3794,5146,2025-08-26,High,Closed
3795,4034,2025-03-08,High,Closed
3796,3647,2024-08-18,Low,Closed
3797,1817,2024-07-01,Low,Open
3798,4193,2024-06-16,High,Open
3799,1076,2026-02-10,High,Closed
3800,5286,2026-06-17,Low,Closed
3801,1398,2024-06-13,Medium,Open
3802,1353,2024-03-16,Low,Closed
3803,4328,2023-08-15,Medium,Closed
3804,4756,2026-02-10,Low,Closed
3805,4845,2025-09-02,High,In Progress
3806,3246,2024-07-03,Medium,Open
3807,3324,2025-11-14,Low,Closed
3808,4226,2023-11-12,High,Closed
3809,1594,2023-09-11,Low,Closed
3810,4495,2026-03-05,Medium,Closed
3811,3121,2025-10-14,High,Closed
3812,3651,2024-05-16,Low,In Progress
3813,3784,2024-12-22,Critical,Closed
3814,3534,2024-12-10,Low,Closed
3815,5641,2025-01-31,Medium,Closed
3816,1465,2023-10-01,Medium,Closed
3817,5578,2024-08-27,Medium,Closed
3818,4946,2024-01-26,Medium,Closed
3819,1605,2024-05-08,Low,Closed
3820,3284,2025-06-30,Critical,Closed
3821,1207,2025-10-08,High,Closed
3822,5019,2023-09-28,High,In Progress
3823,3745,2024-04-30,Medium,Closed
3824,2282,2024-05-08,Medium,Open
3825,4839,2024-06-30,High,Closed
3826,3460,2023-09-19,Low,In Progress
3827,5330,2024-05-05,Low,Closed
3828,1940,2024-10-09,Low,Closed
3829,3253,2024-04-19,Low,Closed
3830,1831,2026-06-14,Medium,In Progress
3831,2394,2024-05-29,Low,Closed
3832,1540,2025-09-28,Low,Closed
3833,5973,2024-07-20,High,Closed
3834,5732,2024-07-03,Medium,Closed
3835,4580,2025-08-01,Low,Closed
3836,4396,2024-11-22,Low,Closed
3837,5952,2025-04-13,Medium,Closed
3838,5279,2024-04-01,Medium,Closed
3839,4863,2024-05-14,Low,Closed
3840,5684,2025-10-26,Medium,Closed
3841,1677,2026-04-03,Low,Open
3842,4137,2023-08-13,Low,Open
3843,3868,2024-04-02,Critical,Closed
3844,1736,2024-09-03,Medium,In Progress
3845,4214,2025-03-17,Low,Closed
3846,3776,2025-04-28,Critical,Closed
3847,3867,2024-01-31,Low,Closed
3848,2721,2026-05-16,Critical,Closed
3849,2352,2024-11-24,Low,In Progress
3850,5589,2024-08-09,Low,In Progress
3851,4135,2025-10-05,Medium,Closed
3852,4090,2025-08-22,High,In Progress
3853,5683,2024-02-22,High,Closed
3854,3671,2024-03-27,Low,Closed
3855,3529,2026-05-08,Low,Closed
3856,1506,2025-02-02,Medium,Closed
3857,1497,2024-08-28,Medium,Closed
3858,2962,2024-05-04,Low,Closed
3859,2109,2023-10-31,Medium,Closed
3860,2912,2024-01-23,High,Closed
3861,1937,2023-12-29,Medium,Closed
3862,3551,2023-06-28,Medium,Closed
3863,4906,2023-08-09,Medium,Closed
3864,2801,2026-06-11,Medium,Closed
3865,4176,2026-03-16,Low,Closed
3866,4667,2025-06-30,Low,Open
3867,5860,2024-11-17,Critical,In Progress
3868,4282,2024-01-01,High,In Progress
3869,4299,2026-01-18,Low,Closed
3870,4722,2023-12-31,Low,Open
3871,2372,2026-05-13,High,Closed
3872,1827,2025-08-17,Low,Closed
3873,4956,2024-02-17,Medium,Open
3874,4450,2024-10-09,Low,In Progress
3875,2695,2025-04-23,Low,Closed
3876,1181,2023-10-29,High,In Progress
3877,3076,2023-08-07,High,Closed
3878,3994,2023-07-19,Medium,In Progress
3879,4325,2024-03-20,Medium,Closed
3880,4515,2023-11-27,High,Closed
3881,3684,2025-01-23,Critical,In Progress
3882,2019,2024-04-02,High,Closed
3883,5612,2026-02-08,Low,Closed
3884,2373,2025-12-09,Low,Closed
3885,4592,2024-10-08,Medium,In Progress
3886,5337,2025-11-25,Critical,Closed
3887,5867,2023-07-05,Low,In Progress
3888,3990,2024-10-20,Low,Closed
3889,3432,2025-02-19,Medium,Closed
3890,2605,2026-05-31,Low,Closed
3891,4074,2023-07-25,Low,Closed
3892,3595,2026-05-18,Low,Closed
3893,4994,2025-12-22,Medium,Closed
3894,2319,2024-10-14,High,In Progress
3895,1980,2024-01-03,Medium,Closed
3896,2890,2024-08-28,Medium,In Progress
3897,1723,2024-05-12,Low,Closed
3898,1770,2026-04-23,Low,In Progress
3899,3892,2024-11-18,High,Closed
3900,4343,2025-01-19,Medium,Closed
3901,2598,2026-05-12,Low,Closed
3902,1437,2026-06-05,Low,Open
3903,4708,2026-03-20,Low,Closed
3904,5624,2024-08-13,Medium,Closed
3905,1583,2025-01-18,Medium,Open
3906,1850,2024-03-09,High,Closed
3907,3560,2024-05-19,Low,Closed
3908,5370,2023-08-27,Low,Closed
3909,4334,2025-08-19,Medium,Closed
3910,1957,2023-12-24,Critical,In Progress
3911,5085,2025-01-28,High,In Progress
3912,1221,2024-08-07,Medium,Closed
3913,1212,2024-11-04,Medium,Closed
3914,1608,2024-04-24,High,Closed
3915,1947,2024-09-30,Medium,Closed
3916,4357,2025-01-22,Critical,Open
3917,4566,2024-10-25,Medium,In Progress
3918,5877,2024-02-17,High,Closed
3919,1849,2025-07-24,High,Closed
3920,2456,2024-08-17,Low,Closed
3921,5868,2025-10-04,Medium,Closed
3922,4676,2026-06-19,Medium,In Progress
3923,1676,2025-07-17,Critical,Closed
3924,3624,2026-01-04,Low,Closed
3925,5997,2024-09-19,Low,Closed
3926,4273,2025-12-12,Medium,Open
3927,3751,2024-09-24,High,Closed
3928,4204,2025-12-17,Low,Closed
3929,1912,2023-09-15,Low,Closed
3930,5211,2026-03-11,Medium,Closed
3931,5010,2024-05-04,High,Closed
3932,4236,2023-11-08,High,Closed
3933,1389,2023-12-14,High,Closed
3934,1471,2026-04-18,Low,Open
3935,5419,2024-06-09,Low,Closed
3936,3602,2025-08-13,Low,Closed
3937,3247,2025-04-23,Low,In Progress
3938,5375,2023-07-08,Medium,Closed
3939,5408,2024-07-20,Medium,Closed
3940,5166,2025-08-07,Low,In Progress
3941,2340,2024-10-24,Medium,In Progress
3942,3124,2025-04-18,Medium,Closed
3943,1634,2025-12-15,High,Open
3944,3500,2023-11-13,Low,Closed
3945,2648,2024-06-29,High,In Progress
3946,4131,2023-08-26,Low,Closed
3947,4505,2023-08-27,High,In Progress
3948,5521,2024-08-16,Low,Closed
3949,2625,2024-07-01,Low,Closed
3950,5026,2026-03-21,Low,Closed
3951,5113,2024-10-24,Medium,Closed
3952,2079,2025-05-06,Critical,Open
3953,3828,2024-05-06,High,In Progress
3954,4004,2025-06-16,Low,Closed
3955,1685,2025-07-30,Medium,Closed
3956,1857,2023-10-16,Low,Closed
3957,2512,2025-10-27,Low,Closed
3958,2847,2025-01-06,High,In Progress
3959,4063,2026-04-25,Medium,Closed
3960,4922,2024-05-10,High,Closed
3961,4813,2026-03-26,High,Open
3962,4716,2026-03-01,High,In Progress
3963,4059,2024-10-31,Medium,Closed
3964,2427,2023-12-21,Medium,Closed
3965,3709,2024-04-24,Low,Closed
3966,1680,2023-12-16,Low,Closed
3967,1866,2025-05-19,High,Closed
3968,2567,2026-02-09,Critical,Open
3969,5993,2025-01-13,Low,Closed
3970,2798,2024-12-19,Medium,Closed
3971,3596,2026-03-15,Medium,Closed
3972,3898,2024-08-27,High,Closed
3973,5688,2024-11-12,Medium,Open
3974,1621,2026-06-14,High,Closed
3975,4924,2025-09-08,Low,Open
3976,5993,2023-09-12,Medium,Closed
3977,5830,2024-07-01,Low,Closed
3978,1690,2025-05-04,Low,Closed
3979,2674,2025-12-25,Medium,Closed
3980,2114,2023-08-22,High,Closed
3981,1435,2025-06-18,High,Closed
3982,2307,2025-12-13,Medium,Closed
3983,5871,2026-05-29,Critical,Closed
3984,5155,2024-04-13,Low,Closed
3985,1635,2026-01-29,High,Closed
3986,3242,2024-01-03,Low,Closed
3987,2933,2025-11-27,Low,Closed
3988,5011,2025-09-05,Medium,Closed
3989,1019,2023-07-25,Low,Closed
3990,3827,2026-02-13,Medium,Closed
3991,1689,2025-12-08,Medium,Closed
3992,2206,2026-02-23,High,Closed
3993,4526,2025-10-21,Medium,In Progress
3994,2100,2024-04-09,Low,In Progress
3995,4036,2023-06-29,Low,Closed
3996,3284,2025-01-06,Medium,Closed
3997,4296,2025-01-19,High,Closed
3998,1821,2024-05-23,Medium,In Progress
3999,1774,2025-06-27,Medium,Closed
4000,4170,2026-02-18,Medium,Closed
4001,2912,2025-06-24,High,In Progress
4002,2319,2025-10-05,Low,Closed
4003,1649,2025-08-02,Low,Closed
4004,3830,2024-01-03,Medium,Closed
4005,3382,2025-02-21,High,Closed
4006,3705,2024-11-21,Medium,Closed
4007,3631,2026-01-01,Low,Closed
4008,1023,2023-08-20,High,Closed
4009,2274,2023-09-19,Medium,Closed
4010,2148,2023-07-02,Medium,Closed
4011,4557,2025-06-07,High,Closed
4012,1689,2024-11-14,Low,Closed
4013,5478,2023-08-30,Medium,Closed
4014,5054,2024-11-10,Critical,Closed
4015,1524,2024-05-04,Medium,Closed
4016,5945,2025-06-29,Medium,Closed
4017,1112,2023-09-02,Low,In Progress
4018,4338,2025-03-14,High,Closed
4019,5653,2025-04-17,High,Closed
4020,1459,2024-01-24,Medium,Closed
4021,1197,2026-04-02,Medium,Closed
4022,5932,2025-11-19,Low,Closed
4023,3133,2025-08-19,Low,Closed
4024,4376,2023-07-22,Low,Closed
4025,2195,2025-10-04,Critical,Closed
4026,2201,2024-01-21,Low,Closed
4027,1583,2025-02-01,Critical,Closed
4028,4678,2025-06-26,Low,Closed
4029,2353,2024-11-10,Medium,In Progress
4030,3774,2024-05-11,Medium,Closed
4031,3119,2024-09-16,Low,Closed
4032,4888,2024-09-03,Medium,Open
4033,3935,2024-01-16,Medium,In Progress
4034,2142,2025-07-05,Critical,Closed
4035,2441,2026-05-30,High,Closed
4036,4835,2024-03-26,Medium,Closed
4037,4304,2025-10-24,Low,Open
4038,3385,2025-02-09,Medium,Closed
4039,5441,2025-08-22,Low,Closed
4040,4130,2023-08-19,High,Closed
4041,4303,2024-02-22,Medium,In Progress
4042,3051,2025-04-09,Critical,In Progress
4043,1203,2026-02-13,Low,Closed
4044,2102,2024-01-17,Low,In Progress
4045,1280,2026-02-22,Low,In Progress
4046,5221,2024-09-25,Medium,Closed
4047,1818,2024-12-18,Low,In Progress
4048,4471,2026-03-06,Low,Closed
4049,4012,2025-04-07,Medium,Closed
4050,1660,2024-03-24,Medium,In Progress
4051,2251,2025-03-13,Low,Closed
4052,4284,2026-03-25,Medium,Closed
4053,1353,2026-01-08,Medium,Closed
4054,5293,2025-10-30,High,Closed
4055,3807,2025-12-21,Medium,In Progress
4056,3630,2023-08-07,Medium,Closed
4057,3699,2026-01-03,Critical,Closed
4058,2693,2024-03-25,Low,Closed
4059,4767,2024-07-29,Medium,Closed
4060,3336,2025-01-21,Critical,Closed
4061,5702,2025-03-19,Low,Closed
4062,4400,2024-06-27,Low,In Progress
4063,2511,2025-03-31,Low,Closed
4064,1903,2024-11-23,High,Open
4065,1305,2025-12-02,High,Open
4066,2489,2026-04-05,Low,Open
4067,1966,2025-05-04,Medium,Closed
4068,5232,2025-03-16,Critical,Closed
4069,3387,2023-10-19,Medium,Closed
4070,2286,2026-04-24,Low,In Progress
4071,1061,2024-03-12,Medium,Closed
4072,2255,2024-06-01,Medium,Closed
4073,1336,2026-04-16,Medium,Closed
4074,4130,2024-03-09,Medium,In Progress
4075,1427,2024-12-12,High,Open
4076,1142,2026-04-13,High,Closed
4077,5185,2023-11-04,Low,Closed
4078,3443,2024-08-20,Critical,Closed
4079,4660,2023-12-22,Low,Closed
4080,5324,2025-12-20,Low,Open
4081,5323,2025-06-04,High,Closed
4082,4506,2025-12-10,Medium,Closed
4083,4665,2024-06-08,Low,Closed
4084,4819,2023-12-29,Medium,Closed
4085,3111,2025-03-10,Low,Closed
4086,1379,2025-03-29,Critical,Closed
4087,4486,2023-09-08,Medium,Closed
4088,3022,2026-05-17,Low,Closed
4089,4446,2024-07-02,Low,Closed
4090,3008,2023-08-11,Low,Closed
4091,1182,2023-08-25,High,In Progress
4092,5898,2023-09-02,Medium,Closed
4093,3251,2023-08-19,Medium,In Progress
4094,2116,2025-03-06,Critical,Closed
4095,2348,2024-12-06,High,In Progress
4096,1429,2025-05-05,High,Closed
4097,4858,2026-02-10,High,Closed
4098,3735,2025-04-30,High,Closed
4099,4684,2023-11-21,High,Closed
4100,4777,2024-09-15,Medium,Closed
4101,4923,2025-09-03,Medium,Closed
4102,5514,2025-08-02,High,Closed
4103,4923,2026-05-11,Medium,Closed
4104,2311,2024-03-13,Medium,Closed
4105,2886,2024-04-07,Low,Closed
4106,2333,2025-10-27,Medium,In Progress
4107,1457,2023-11-09,Low,Closed
4108,4602,2025-06-29,Low,In Progress
4109,4358,2025-11-11,Critical,In Progress
4110,3967,2025-12-18,Low,Closed
4111,5608,2025-11-11,Critical,In Progress
4112,4195,2024-06-11,High,Closed
4113,2674,2026-01-17,Medium,Closed
4114,1799,2025-12-30,High,Closed
4115,5099,2024-02-17,Low,Closed
4116,4045,2024-08-17,Critical,Open
4117,2327,2024-10-27,High,In Progress
4118,2592,2025-07-22,High,Closed
4119,2700,2023-11-07,Low,Closed
4120,1482,2025-02-01,Critical,In Progress
4121,4178,2025-04-06,Medium,In Progress
4122,3699,2023-10-07,Medium,Closed
4123,3477,2025-03-08,Low,Closed
4124,3365,2024-01-05,Low,Closed
4125,3145,2024-11-01,Critical,Closed
4126,1910,2026-01-20,High,Closed
4127,4824,2023-08-01,Medium,Closed
4128,2278,2023-08-10,Medium,Closed
4129,4497,2023-07-31,High,Closed
4130,4744,2025-10-08,Low,Closed
4131,4422,2025-07-02,Low,Closed
4132,5917,2023-10-23,Low,Closed
4133,2054,2024-05-02,Low,Closed
4134,5712,2026-01-19,Critical,Closed
4135,4992,2026-02-23,High,In Progress
4136,2405,2024-11-07,Critical,Closed
4137,4563,2024-07-21,Medium,In Progress
4138,4170,2024-01-31,Low,Open
4139,4922,2025-05-31,Low,Closed
4140,1432,2025-03-02,Low,Open
4141,3040,2023-08-09,Low,Closed
4142,4757,2023-12-06,Critical,Closed
4143,3689,2024-09-01,High,Closed
4144,3570,2023-09-25,High,Closed
4145,5404,2026-02-20,Low,Closed
4146,3338,2024-11-28,Medium,Closed
4147,4317,2024-11-22,Low,Open
4148,3984,2024-11-26,Low,Closed
4149,3404,2024-07-28,Low,Closed
4150,3819,2023-08-08,Low,Closed
4151,4253,2025-05-05,High,Closed
4152,3587,2026-05-23,Medium,Closed
4153,2418,2023-10-07,Critical,Closed
4154,3689,2025-03-13,Low,Closed
4155,1069,2026-03-28,Medium,Closed
4156,5684,2023-09-12,Low,Closed
4157,2067,2023-11-20,Low,Closed
4158,1258,2024-08-17,Medium,Closed
4159,2477,2024-10-16,High,Closed
4160,4514,2024-02-24,High,Closed
4161,5276,2026-06-17,High,Closed
4162,5721,2024-10-21,Medium,Closed
4163,2978,2023-07-07,Low,Closed
4164,1337,2025-11-08,High,Closed
4165,1717,2023-12-17,High,In Progress
4166,1644,2026-05-23,Low,Closed
4167,1559,2025-05-12,Low,Closed
4168,1012,2025-09-14,Critical,Closed
4169,5032,2023-07-03,Low,Closed
4170,1591,2025-01-11,Critical,Closed
4171,5395,2026-01-26,High,Closed
4172,4473,2024-05-25,Low,In Progress
4173,3325,2023-12-04,High,In Progress
4174,1073,2025-02-02,Critical,In Progress
4175,4515,2024-03-02,Medium,Closed
4176,1273,2024-09-09,Medium,Open
4177,4503,2025-07-05,Medium,Closed
4178,4427,2025-03-08,Medium,Closed
4179,2670,2024-07-09,Low,Closed
4180,5821,2025-04-21,Medium,In Progress
4181,4311,2026-02-06,Low,Closed
4182,5653,2026-04-21,Critical,Closed
4183,3531,2024-11-06,Low,Closed
4184,1459,2023-11-02,Medium,Closed
4185,3602,2025-09-14,Medium,Closed
4186,1190,2024-05-19,High,Closed
4187,3963,2025-12-15,Low,Closed
4188,2911,2023-10-21,Medium,Closed
4189,4097,2023-07-18,Low,Closed
4190,1253,2023-11-27,High,In Progress
4191,4825,2023-10-22,High,Open
4192,5217,2025-09-25,Low,Closed
4193,4181,2024-11-19,Low,Closed
4194,5942,2024-09-27,Medium,Closed
4195,4667,2024-08-16,High,Closed
4196,4427,2024-08-11,Medium,In Progress
4197,4790,2026-04-29,High,Open
4198,1410,2025-01-23,Medium,Closed
4199,1127,2025-03-11,Low,Closed
4200,3249,2026-02-21,Medium,Closed
4201,1856,2025-09-16,Medium,Closed
4202,2279,2025-03-13,Medium,In Progress
4203,2530,2025-10-07,High,Closed
4204,1845,2023-07-29,Medium,Closed
4205,4013,2025-12-30,High,Closed
4206,1781,2025-03-29,High,Closed
4207,1447,2026-04-05,Medium,Closed
4208,2405,2025-04-27,Medium,Closed
4209,2721,2026-06-07,Medium,Closed
4210,5127,2025-08-23,Medium,Closed
4211,4799,2023-11-04,Medium,Closed
4212,4107,2026-02-25,Medium,Closed
4213,3221,2023-07-25,Medium,Closed
4214,1784,2024-07-20,High,In Progress
4215,1626,2024-12-31,High,Closed
4216,4923,2024-04-07,Medium,Closed
4217,2207,2024-06-05,Low,Closed
4218,5115,2024-10-14,Critical,Closed
4219,4954,2026-05-26,Low,Closed
4220,3352,2025-11-05,Medium,Closed
4221,1157,2023-11-09,Medium,Closed
4222,2733,2024-06-08,Low,Closed
4223,1475,2025-06-19,Low,In Progress
4224,4301,2025-09-19,Medium,Closed
4225,4070,2025-04-12,Medium,In Progress
4226,5153,2023-07-24,Critical,Closed
4227,4879,2024-04-03,Medium,In Progress
4228,1564,2025-10-08,Critical,Closed
4229,3415,2024-04-26,Low,Closed
4230,4378,2025-02-09,Low,Closed
4231,5698,2024-05-24,Low,Closed
4232,5348,2025-03-18,Critical,Closed
4233,3087,2024-04-10,Low,Closed
4234,5679,2025-06-09,High,Open
4235,5119,2025-11-06,Low,Closed
4236,1860,2023-08-07,Medium,In Progress
4237,1702,2025-06-13,Low,Closed
4238,3603,2024-02-11,Medium,Closed
4239,2676,2025-07-15,Low,Closed
4240,1508,2025-04-07,High,Closed
4241,5228,2025-11-23,Medium,Closed
4242,3929,2025-10-28,Medium,Closed
4243,2608,2025-07-05,Critical,Closed
4244,3108,2025-01-30,High,Closed
4245,5559,2026-03-01,Low,Closed
4246,1202,2023-11-18,Low,Closed
4247,5102,2025-03-23,Critical,Closed
4248,4005,2025-01-19,Medium,Closed
4249,2316,2025-07-27,Medium,Closed
4250,1841,2025-06-28,Medium,Closed
4251,5517,2025-07-16,Medium,Closed
4252,2778,2023-07-01,High,In Progress
4253,2104,2024-12-15,High,Closed
4254,1008,2023-12-22,Low,Closed
4255,2940,2024-09-08,Critical,Closed
4256,2807,2025-02-09,Low,Closed
4257,4108,2023-09-29,Medium,Closed
4258,3841,2024-03-19,Low,Closed
4259,2705,2024-09-14,High,Closed
4260,4477,2024-04-15,Low,Closed
4261,4828,2023-09-23,Medium,Open
4262,3812,2023-08-16,Low,Closed
4263,1451,2025-10-21,Medium,In Progress
4264,3823,2024-02-11,Low,In Progress
4265,3092,2025-04-30,Low,In Progress
4266,5701,2023-07-06,High,Closed
4267,1782,2023-12-15,High,Closed
4268,5259,2024-03-12,High,In Progress
4269,4442,2024-02-17,Low,Closed
4270,4815,2024-10-21,High,Closed
4271,2817,2024-02-08,Medium,In Progress
4272,4966,2024-08-07,Critical,Closed
4273,4179,2024-05-20,High,Open
4274,2537,2024-07-14,Medium,Closed
4275,5826,2024-04-10,Medium,Closed
4276,3755,2024-01-15,Low,In Progress
4277,4481,2026-01-12,Medium,Open
4278,5925,2024-03-08,Low,Closed
4279,4834,2025-04-18,Medium,Open
4280,2711,2024-10-10,Medium,Open
4281,3850,2024-03-18,Low,Closed
4282,4745,2025-07-21,High,In Progress
4283,4564,2023-09-01,Medium,Open
4284,3663,2024-01-08,Critical,Closed
4285,4082,2026-04-06,Low,Closed
4286,4285,2023-12-06,Critical,Closed
4287,2435,2025-12-20,High,Closed
4288,1327,2023-11-15,Medium,Closed
4289,5179,2025-01-05,Low,Closed
4290,5491,2025-08-19,Low,Open
4291,2634,2025-08-22,Medium,Closed
4292,3212,2024-08-17,Low,In Progress
4293,4682,2023-10-30,Medium,Closed
4294,4962,2025-10-20,Low,Closed
4295,5401,2025-02-11,Critical,Closed
4296,3675,2026-02-26,High,Closed
4297,1522,2024-02-07,Medium,Closed
4298,1587,2025-02-09,Medium,Closed
4299,1068,2025-01-10,Medium,Closed
4300,3972,2023-08-27,Low,Closed
4301,2414,2024-08-04,Low,Closed
4302,5324,2025-12-02,Medium,Closed
4303,1041,2026-01-24,Medium,In Progress
4304,2728,2023-10-02,Low,Open
4305,1614,2026-05-04,High,In Progress
4306,2796,2024-09-12,Low,Closed
4307,4228,2023-07-30,Low,Closed
4308,2047,2026-04-09,High,Closed
4309,5790,2024-03-29,Low,Closed
4310,5539,2025-01-10,Low,In Progress
4311,2491,2025-05-31,Medium,Closed
4312,2450,2025-07-24,Critical,Closed
4313,5174,2025-04-07,Low,Closed
4314,3215,2025-11-15,High,In Progress
4315,2308,2023-09-25,Low,Closed
4316,3278,2025-02-20,Critical,Closed
4317,4591,2025-06-18,Medium,Closed
4318,1667,2025-02-12,Low,Closed
4319,5829,2025-11-11,High,Closed
4320,3078,2025-03-03,High,Closed
4321,2969,2025-12-17,Medium,Closed
4322,4118,2026-01-29,Medium,Closed
4323,1888,2024-03-31,Critical,In Progress
4324,4801,2023-09-16,High,Closed
4325,5409,2024-04-04,Medium,Closed
4326,4924,2025-11-05,Low,Closed
4327,1334,2025-02-10,High,Closed
4328,5052,2025-06-17,Medium,Closed
4329,5047,2026-02-28,Low,Closed
4330,2804,2026-03-22,Low,Closed
4331,5641,2024-08-16,Medium,Closed
4332,4623,2025-07-19,Medium,Open
4333,4871,2026-01-18,Medium,Closed
4334,4126,2025-09-12,High,Open
4335,5446,2025-08-13,Medium,Closed
4336,4835,2025-02-18,Low,Closed
4337,1400,2026-04-17,Low,Closed
4338,1197,2023-10-27,High,Closed
4339,2190,2023-11-02,Low,In Progress
4340,4821,2025-09-26,Critical,In Progress
4341,2323,2026-02-26,Medium,Closed
4342,5201,2025-10-01,Medium,Closed
4343,5826,2026-02-23,Medium,Closed
4344,3230,2026-03-27,Medium,Closed
4345,2356,2025-06-15,Low,Closed
4346,2417,2025-11-25,Medium,Closed
4347,2163,2023-10-24,Critical,Closed
4348,1113,2023-07-28,Medium,In Progress
4349,5714,2024-03-17,Medium,Closed
4350,5384,2025-01-22,Medium,Closed
4351,2740,2026-06-11,Medium,In Progress
4352,2115,2024-05-01,High,Open
4353,1847,2025-04-18,Low,In Progress
4354,4267,2024-09-05,Low,Closed
4355,1502,2024-03-09,Low,In Progress
4356,1733,2026-01-01,Medium,Closed
4357,2295,2025-10-03,Medium,Closed
4358,5770,2024-06-19,Medium,Closed
4359,4694,2024-04-17,Medium,Closed
4360,3674,2023-09-09,Low,In Progress
4361,4818,2023-12-16,Low,In Progress
4362,5007,2025-01-17,Medium,In Progress
4363,2072,2025-02-19,Low,Closed
4364,3361,2026-03-11,Critical,Closed
4365,4901,2026-04-23,Low,Open
4366,5173,2025-11-17,Medium,Closed
4367,1354,2025-01-04,Critical,Closed
4368,2806,2023-11-24,High,Closed
4369,1081,2023-08-21,Medium,Closed
4370,4327,2023-07-17,Medium,Closed
4371,5750,2025-11-07,Medium,Closed
4372,4474,2024-12-08,Medium,Open
4373,2288,2026-03-19,Medium,Closed
4374,4295,2024-05-01,Low,Closed
4375,2499,2026-03-21,Critical,Closed
4376,3037,2025-07-27,Low,Closed
4377,4485,2025-02-06,Low,Closed
4378,5773,2023-08-11,High,Open
4379,4760,2024-04-02,Low,Closed
4380,1409,2023-09-25,Low,Closed
4381,4609,2024-02-26,Low,In Progress
4382,3379,2024-04-27,Low,Open
4383,5481,2026-04-05,Medium,Closed
4384,4759,2023-12-20,Medium,Closed
4385,4775,2023-07-09,Medium,Closed
4386,3018,2025-04-17,Low,Open
4387,4187,2024-04-14,High,In Progress
4388,3977,2023-10-17,Medium,Closed
4389,2133,2025-12-07,High,Closed
4390,4459,2024-02-21,High,Closed
4391,4138,2024-03-15,Medium,In Progress
4392,2776,2026-04-02,Low,Closed
4393,3784,2024-12-10,Medium,Open
4394,2374,2024-08-24,Low,Closed
4395,2217,2025-02-11,Critical,In Progress
4396,5899,2025-11-06,Low,In Progress
4397,1399,2026-06-23,Medium,Open
4398,1727,2025-07-20,Low,Closed
4399,3397,2025-06-30,Medium,Closed
4400,4698,2026-01-05,Critical,In Progress
4401,5188,2025-04-22,Medium,Closed
4402,1799,2026-01-01,High,Closed
4403,3066,2026-02-04,Low,Open
4404,4440,2026-01-25,Medium,Closed
4405,4260,2025-04-23,Critical,In Progress
4406,2537,2024-06-04,Low,Closed
4407,1515,2024-07-06,Low,Closed
4408,4063,2023-11-15,Low,In Progress
4409,2404,2024-05-11,Low,Open
4410,3619,2025-07-26,Low,Closed
4411,4571,2025-11-19,Medium,Closed
4412,4000,2025-01-01,Medium,Open
4413,2594,2025-05-17,Low,In Progress
4414,2513,2025-06-29,Medium,Closed
4415,4171,2025-06-17,Critical,Closed
4416,5142,2024-11-22,Medium,In Progress
4417,4290,2025-01-03,Low,Closed
4418,3016,2025-11-28,Medium,Open
4419,4541,2025-08-22,Medium,Closed
4420,2342,2025-11-23,High,In Progress
4421,1900,2025-03-22,Medium,Closed
4422,2018,2024-05-01,Low,Closed
4423,5494,2025-09-03,High,Closed
4424,1729,2023-12-16,Medium,Closed
4425,3152,2023-07-21,High,Closed
4426,4602,2025-03-17,Low,Closed
4427,3951,2024-04-03,Medium,Closed
4428,5553,2024-10-01,Low,Closed
4429,3295,2024-04-09,Low,Closed
4430,2664,2025-10-20,Low,Closed
4431,2357,2024-03-08,Low,Closed
4432,5536,2025-12-27,Low,Open
4433,4913,2026-03-04,Low,Closed
4434,3071,2026-04-23,High,Closed
4435,2008,2024-12-21,Critical,Closed
4436,1031,2024-04-04,Medium,Closed
4437,3812,2024-03-28,Low,In Progress
4438,5094,2025-03-07,Low,Closed
4439,5763,2025-09-14,Low,Closed
4440,3708,2024-03-28,Low,In Progress
4441,1976,2024-11-20,High,Closed
4442,3319,2025-04-24,Low,Closed
4443,4117,2025-02-04,Medium,Closed
4444,4940,2024-09-12,Critical,Open
4445,1778,2026-04-19,Low,Closed
4446,5358,2024-02-16,Low,Closed
4447,2525,2025-03-11,Medium,Closed
4448,3963,2025-03-11,Low,Closed
4449,5604,2026-05-15,Critical,Closed
4450,5864,2023-08-10,Low,Open
4451,2666,2024-02-06,Low,Closed
4452,4303,2026-03-17,Low,In Progress
4453,3073,2025-10-25,Critical,Closed
4454,2153,2024-01-02,High,Closed
4455,5814,2026-03-23,Medium,Closed
4456,2293,2026-01-05,Low,Closed
4457,5070,2024-11-17,Medium,Closed
4458,5783,2025-04-23,Low,Closed
4459,4379,2023-11-02,Low,Closed
4460,1769,2024-01-08,High,In Progress
4461,3855,2025-05-24,Low,Closed
4462,4458,2024-09-03,Medium,Closed
4463,3259,2024-03-02,Critical,Closed
4464,5608,2024-09-10,Medium,Closed
4465,3909,2023-07-06,Medium,Closed
4466,2425,2023-08-13,Low,Closed
4467,4749,2024-12-12,Critical,Closed
4468,5637,2023-09-15,Low,Closed
4469,5492,2025-10-14,Medium,Closed
4470,4258,2023-11-28,High,Closed
4471,5937,2024-07-06,Medium,Closed
4472,5414,2025-11-20,Medium,Open
4473,1355,2024-11-08,Medium,Closed
4474,3411,2024-11-25,Low,Closed
4475,3584,2026-04-01,Low,Closed
4476,2335,2024-09-05,Medium,In Progress
4477,5995,2023-09-15,Low,In Progress
4478,2630,2024-05-09,High,Closed
4479,4038,2026-03-26,Low,Open
4480,4256,2025-01-01,Low,Closed
4481,3621,2023-10-11,Low,Closed
4482,3591,2025-12-15,High,Closed
4483,4254,2026-05-29,Low,Open
4484,4036,2024-04-16,Low,In Progress
4485,3557,2024-07-04,Critical,Open
4486,1438,2024-11-05,Critical,In Progress
4487,1600,2025-08-04,High,Closed
4488,1764,2023-12-28,Low,Closed
4489,2367,2025-06-02,Critical,In Progress
4490,3145,2024-08-13,Medium,Closed
4491,3190,2024-02-15,Medium,Closed
4492,3093,2023-11-09,Medium,In Progress
4493,2113,2023-07-31,Medium,Closed
4494,1547,2023-11-20,Critical,Open
4495,2977,2024-12-29,Low,Closed
4496,4153,2026-06-24,Medium,In Progress
4497,3123,2024-04-28,Medium,Open
4498,1804,2025-10-02,High,Closed
4499,4126,2024-04-08,Low,Closed
4500,4564,2025-06-11,Low,Closed
4501,4375,2025-09-13,Low,Closed
4502,2488,2024-03-20,Critical,Closed
4503,5420,2025-11-28,Low,Closed
4504,1344,2024-12-17,Low,Closed
4505,4537,2024-06-19,Low,In Progress
4506,3686,2026-04-26,High,In Progress
4507,1959,2025-12-04,Low,Closed
4508,2014,2025-06-25,High,Closed
4509,2285,2025-01-19,Low,In Progress
4510,5571,2025-12-02,Low,Closed
4511,5959,2025-01-09,Low,Closed
4512,2456,2025-09-03,Low,Closed
4513,2007,2023-09-04,Medium,In Progress
4514,5650,2026-01-08,Low,In Progress
4515,4171,2025-05-23,Medium,Closed
4516,5459,2023-11-08,Medium,Closed
4517,4039,2025-04-11,High,Closed
4518,5417,2025-02-16,High,Closed
4519,4239,2023-10-02,Low,Closed
4520,5328,2026-06-03,Low,In Progress
4521,2693,2025-02-17,High,Closed
4522,3142,2025-08-02,Medium,Closed
4523,2069,2025-01-11,Medium,Closed
4524,3995,2023-11-25,High,Closed
4525,5003,2024-09-26,High,Open
4526,3329,2023-07-15,High,Closed
4527,4757,2023-07-09,Low,Closed
4528,4661,2025-07-05,High,Closed
4529,3181,2026-01-19,Low,In Progress
4530,2460,2025-08-15,Low,Closed
4531,2485,2025-10-06,Low,Closed
4532,3424,2023-12-08,Low,Closed
4533,3014,2024-06-25,Low,Closed
4534,2594,2025-11-29,Low,Closed
4535,1551,2024-11-25,Low,Closed
4536,3324,2023-10-29,High,Closed
4537,5805,2024-11-20,Medium,Open
4538,5304,2024-02-10,High,Closed
4539,2221,2023-08-08,Medium,Closed
4540,4662,2025-06-28,Medium,Closed
4541,3478,2024-12-26,Low,Closed
4542,3046,2024-11-05,Medium,Closed
4543,5788,2024-01-02,Medium,Closed
4544,4753,2025-01-22,High,In Progress
4545,2748,2023-07-06,Medium,Open
4546,4471,2024-03-06,Low,In Progress
4547,5531,2024-04-19,Low,In Progress
4548,4421,2024-04-26,Low,Closed
4549,1993,2024-08-19,Medium,Closed
4550,2625,2024-03-19,Critical,Closed
4551,3857,2025-10-13,Critical,Closed
4552,1326,2025-08-15,Medium,Closed
4553,2975,2025-12-08,Medium,Open
4554,3319,2025-08-29,Medium,Closed
4555,1459,2026-06-17,Medium,Closed
4556,2259,2024-11-27,High,Open
4557,3789,2025-01-24,Low,Closed
4558,3159,2025-11-11,Medium,In Progress
4559,5901,2026-01-25,High,In Progress
4560,1045,2026-05-09,High,Closed
4561,1644,2024-10-24,High,Closed
4562,3722,2025-01-07,Low,Closed
4563,1423,2025-12-05,High,Closed
4564,5733,2024-10-02,Medium,Closed
4565,4841,2023-11-08,Critical,Closed
4566,3476,2024-11-19,Low,Closed
4567,5512,2025-05-30,Medium,Closed
4568,4840,2024-12-31,Medium,Closed
4569,5678,2025-06-18,Low,Closed
4570,1889,2026-06-11,Low,In Progress
4571,1702,2024-07-12,Medium,Open
4572,3957,2025-03-03,Low,Closed
4573,4518,2024-03-11,High,Open
4574,5894,2026-04-17,High,Closed
4575,4521,2023-07-31,Medium,Closed
4576,4176,2024-02-04,Low,Closed
4577,3020,2024-01-23,Medium,Closed
4578,5828,2025-02-25,Low,In Progress
4579,5723,2024-01-19,Low,Closed
4580,5635,2024-07-17,Medium,Closed
4581,1972,2026-04-08,Low,Closed
4582,2980,2024-03-27,Medium,In Progress
4583,5028,2025-11-01,High,Closed
4584,3886,2024-05-09,Low,In Progress
4585,1457,2026-05-17,Low,Open
4586,4704,2024-06-29,Low,Closed
4587,3337,2024-02-22,Medium,Closed
4588,5745,2024-04-26,Low,Closed
4589,1593,2026-01-20,Low,Open
4590,1141,2026-03-17,Medium,In Progress
4591,3225,2026-02-01,Low,Closed
4592,4635,2025-07-30,Medium,Closed
4593,3774,2023-08-20,High,Closed
4594,5695,2024-07-18,Medium,Closed
4595,5440,2024-12-01,Low,Closed
4596,4769,2024-03-16,Low,Closed
4597,5655,2025-12-19,Low,Closed
4598,5641,2025-04-08,Low,Closed
4599,4161,2025-04-27,Low,Closed
4600,4581,2024-06-02,High,Open
4601,1223,2026-04-11,Low,Closed
4602,5049,2024-12-03,High,Closed
4603,4834,2023-06-27,Low,Closed
4604,3514,2024-07-05,Medium,Closed
4605,5752,2025-08-22,Medium,Closed
4606,4267,2025-02-02,Medium,Closed
4607,5551,2023-08-23,High,Open
4608,1773,2025-08-28,Low,Closed
4609,3207,2025-08-20,Medium,Open
4610,4690,2023-10-02,High,Closed
4611,5665,2023-07-04,Low,In Progress
4612,3968,2025-12-28,Low,Closed
4613,4171,2024-06-13,Medium,Closed
4614,2800,2026-03-19,Low,Closed
4615,4002,2024-11-09,Low,Open
4616,3174,2025-02-10,Medium,In Progress
4617,4033,2023-12-06,Low,Closed
4618,1946,2025-04-12,Medium,Closed
4619,3451,2025-07-21,Low,Closed
4620,5511,2025-08-03,Low,Closed
4621,5406,2025-02-04,Low,Closed
4622,1411,2024-10-07,Medium,Closed
4623,1511,2023-07-09,High,Closed
4624,3629,2025-08-18,Medium,In Progress
4625,3237,2026-01-16,Medium,Closed
4626,3968,2025-02-20,Medium,Closed
4627,3821,2025-01-11,Low,Closed
4628,5597,2026-05-03,High,In Progress
4629,3597,2023-07-22,Low,Closed
4630,2473,2025-04-28,Medium,Open
4631,4805,2025-02-19,Low,Closed
4632,5943,2023-09-14,Low,In Progress
4633,3382,2023-11-08,Medium,Closed
4634,2139,2026-02-23,High,Open
4635,3188,2025-05-26,Low,Closed
4636,1303,2023-11-17,Low,In Progress
4637,5930,2025-08-26,High,Closed
4638,2589,2025-07-02,Critical,Closed
4639,2511,2025-01-22,Critical,Closed
4640,1686,2024-11-05,Medium,Closed
4641,3834,2025-08-20,Medium,Closed
4642,3646,2025-03-23,High,Closed
4643,1275,2025-05-30,Critical,Closed
4644,5653,2024-03-24,Medium,In Progress
4645,1560,2024-11-03,Low,Closed
4646,1178,2023-12-15,Medium,Closed
4647,5010,2024-03-14,High,Closed
4648,2318,2024-01-31,Low,In Progress
4649,3831,2024-12-20,Medium,Closed
4650,3749,2026-06-23,Low,Closed
4651,2782,2025-09-25,High,In Progress
4652,2139,2024-06-21,Low,Closed
4653,1082,2023-08-19,High,Closed
4654,3137,2026-03-14,Low,Closed
4655,3062,2026-03-31,Low,Closed
4656,1183,2025-04-19,Medium,Closed
4657,5008,2023-08-08,Low,Closed
4658,2984,2025-06-10,Low,Closed
4659,5019,2023-08-14,Medium,Closed
4660,3028,2024-11-11,Medium,Closed
4661,5635,2024-10-30,Low,Closed
4662,4840,2024-03-07,Low,In Progress
4663,3779,2026-06-24,Low,In Progress
4664,3338,2024-08-29,Medium,Closed
4665,3416,2024-08-31,Critical,Closed
4666,3561,2024-02-26,High,In Progress
4667,1941,2026-01-06,Low,Closed
4668,1497,2025-03-24,High,Closed
4669,4758,2023-08-17,High,Closed
4670,4792,2026-06-04,High,Closed
4671,1609,2025-08-12,Critical,Closed
4672,4272,2023-07-23,Medium,Closed
4673,1488,2025-02-04,Medium,In Progress
4674,3226,2025-05-12,Low,Closed
4675,2913,2026-06-10,Low,Closed
4676,3748,2024-10-12,Low,Closed
4677,2924,2024-07-10,Medium,In Progress
4678,2089,2025-11-18,Low,Closed
4679,3907,2024-08-26,Low,Closed
4680,2017,2025-09-18,Medium,Closed
4681,4619,2025-03-20,Low,Open
4682,5774,2025-04-28,High,In Progress
4683,5193,2026-06-13,High,Open
4684,2118,2025-05-05,High,Closed
4685,5828,2025-11-09,Medium,Open
4686,2801,2024-12-11,Medium,Closed
4687,4249,2025-09-20,Low,Closed
4688,3054,2025-12-12,Critical,Closed
4689,5426,2024-12-09,Low,Closed
4690,1618,2025-01-29,High,Closed
4691,3702,2025-12-09,High,Closed
4692,4203,2024-11-18,High,Open
4693,2399,2025-08-17,Low,Closed
4694,1796,2024-04-24,Critical,Closed
4695,4671,2024-06-15,Critical,Open
4696,5565,2025-09-08,Low,Closed
4697,2171,2023-07-25,Low,Closed
4698,1912,2024-06-18,Medium,Closed
4699,4930,2024-04-17,Medium,Open
4700,5374,2023-06-27,Low,Closed
4701,1871,2024-11-06,High,Closed
4702,1282,2024-12-28,Critical,In Progress
4703,4631,2023-12-27,Low,Closed
4704,1671,2026-05-16,Medium,Closed
4705,3198,2024-07-29,High,Closed
4706,5035,2025-12-20,Medium,Open
4707,4742,2026-03-26,High,In Progress
4708,5199,2025-07-03,High,In Progress
4709,1300,2025-01-02,Low,Closed
4710,3132,2025-04-02,Medium,In Progress
4711,3981,2024-04-12,Critical,In Progress
4712,3536,2023-07-22,Medium,Closed
4713,1047,2025-06-04,Low,In Progress
4714,5727,2024-09-26,Critical,Closed
4715,3714,2024-01-16,Medium,Closed
4716,4981,2023-09-16,Low,Closed
4717,1085,2025-07-28,Critical,Closed
4718,2016,2024-08-08,High,Closed
4719,4295,2026-04-12,Low,Closed
4720,4984,2025-01-05,Medium,In Progress
4721,2900,2025-08-18,Low,Open
4722,1816,2024-06-27,High,Closed
4723,3477,2025-07-27,Medium,Closed
4724,5688,2025-10-22,Low,Closed
4725,1820,2026-03-24,High,Closed
4726,5442,2025-10-21,Low,Open
4727,3604,2024-06-05,Medium,Closed
4728,2347,2025-11-19,Critical,Open
4729,2246,2026-01-01,High,Closed
4730,3865,2025-01-05,High,Closed
4731,2363,2023-11-29,Medium,Closed
4732,3608,2025-05-21,Low,Closed
4733,1707,2024-07-13,Medium,In Progress
4734,3552,2025-01-08,Medium,Closed
4735,1208,2023-10-23,High,Closed
4736,2988,2025-11-25,Medium,Closed
4737,4212,2025-08-02,Low,In Progress
4738,4563,2023-08-30,Medium,Closed
4739,2363,2025-07-13,Low,Closed
4740,1534,2024-05-07,Medium,In Progress
4741,3111,2024-10-25,High,Closed
4742,3769,2025-08-03,Medium,Closed
4743,4347,2026-04-11,Medium,Closed
4744,2263,2025-05-24,Low,Closed
4745,1658,2026-05-05,High,Closed
4746,3754,2023-11-13,Medium,Closed
4747,4802,2025-08-20,Medium,Closed
4748,3692,2025-05-04,Low,Closed
4749,5041,2025-12-13,Low,Closed
4750,3429,2024-11-19,High,Closed
4751,5049,2023-12-29,High,Closed
4752,2754,2025-07-28,Medium,Closed
4753,1670,2023-12-20,High,Closed
4754,5688,2025-01-12,Low,Closed
4755,4826,2025-11-06,Medium,Closed
4756,2336,2023-08-25,High,In Progress
4757,4422,2026-05-30,High,Closed
4758,2394,2026-03-16,Medium,Closed
4759,4157,2026-06-23,Medium,In Progress
4760,4049,2024-07-05,Medium,Closed
4761,3146,2025-11-09,Low,Closed
4762,3079,2025-06-07,Medium,Closed
4763,2631,2025-09-04,Critical,In Progress
4764,4661,2024-03-28,Low,Closed
4765,1374,2025-10-26,Low,Closed
4766,4226,2026-04-06,High,In Progress
4767,1263,2025-02-06,Critical,In Progress
4768,4601,2025-02-09,High,Closed
4769,4280,2026-01-30,Medium,Closed
4770,5380,2025-11-20,High,Closed
4771,1485,2024-08-10,Low,Closed
4772,5282,2023-11-29,Medium,Closed
4773,2651,2023-11-16,High,Closed
4774,3486,2024-09-29,High,Closed
4775,4920,2024-01-18,High,Closed
4776,5534,2025-07-09,Low,Closed
4777,3145,2023-08-10,High,Closed
4778,3842,2026-04-05,High,Closed
4779,2446,2024-04-05,Low,Closed
4780,3526,2025-11-15,Low,Closed
4781,2943,2025-09-24,High,Closed
4782,5078,2025-09-02,Medium,Closed
4783,4200,2024-07-23,Low,Closed
4784,1453,2024-11-02,Critical,Closed
4785,5125,2023-07-03,Medium,Closed
4786,2074,2026-03-01,High,Closed
4787,3760,2026-05-27,Critical,Closed
4788,1445,2024-05-25,Critical,Closed
4789,4033,2025-07-07,Medium,Closed
4790,5366,2024-05-28,Medium,Closed
4791,2306,2025-08-13,Low,Closed
4792,2972,2025-11-11,High,Closed
4793,2353,2024-11-23,Low,Open
4794,3453,2023-11-04,Low,In Progress
4795,5296,2025-04-25,High,Closed
4796,2554,2025-11-29,High,Closed
4797,5314,2025-02-07,High,Closed
4798,1232,2026-05-11,Critical,Closed
4799,5187,2025-09-04,Medium,Closed
4800,3040,2024-10-07,Critical,Closed
4801,5246,2026-03-18,Low,Open
4802,5782,2026-06-03,Critical,Open
4803,4497,2025-08-27,Low,In Progress
4804,4720,2026-05-15,Medium,Open
4805,2963,2023-12-19,Medium,Closed
4806,2368,2023-06-30,Medium,Closed
4807,4339,2025-04-20,Low,Closed
4808,5433,2025-01-15,Medium,Closed
4809,2528,2024-06-28,Medium,Closed
4810,4635,2025-03-04,High,Closed
4811,5322,2024-09-29,High,Closed
4812,4140,2025-02-17,Medium,Closed
4813,4552,2023-10-27,High,In Progress
4814,4259,2025-03-09,Low,Closed
4815,3253,2024-07-26,Medium,Closed
4816,1688,2024-07-28,Low,Closed
4817,1201,2025-11-18,Low,Closed
4818,3754,2025-02-10,High,Closed
4819,3638,2024-08-15,Low,Closed
4820,4016,2024-11-07,Medium,Closed
4821,3458,2026-04-04,Low,Closed
4822,5200,2023-09-18,High,Closed
4823,1559,2025-07-22,High,Closed
4824,1809,2024-08-30,Low,In Progress
4825,5127,2026-03-13,High,Closed
4826,1047,2024-03-22,Low,Open
4827,5061,2023-10-04,Low,Closed
4828,2493,2025-06-30,Medium,Closed
4829,1721,2023-12-07,Low,Closed
4830,2271,2025-09-08,High,Closed
4831,3316,2024-08-02,Low,Closed
4832,4429,2024-02-10,Low,Closed
4833,1415,2026-02-12,Medium,Closed
4834,5868,2023-07-07,Low,Open
4835,4385,2025-04-20,High,In Progress
4836,5988,2026-05-16,Low,Closed
4837,2601,2023-07-14,Low,Open
4838,1492,2024-05-12,Low,Closed
4839,4452,2026-03-19,Low,Closed
4840,3601,2024-04-15,Low,Closed
4841,4234,2023-09-28,Medium,Closed
4842,4142,2024-04-02,Low,Closed
4843,4595,2024-08-07,Low,In Progress
4844,2276,2025-10-31,Low,In Progress
4845,1642,2024-03-23,Low,Closed
4846,2396,2023-11-04,Low,In Progress
4847,2348,2026-04-26,Medium,Closed
4848,4911,2024-10-01,Medium,Closed
4849,5352,2026-01-20,Critical,In Progress
4850,2083,2025-06-28,Medium,Closed
4851,3983,2025-07-10,High,Closed
4852,4060,2026-02-10,Low,Closed
4853,4773,2024-01-31,Low,In Progress
4854,1251,2023-12-16,Low,Closed
4855,5978,2024-04-24,High,Closed
4856,4026,2026-01-06,Medium,In Progress
4857,1655,2024-04-06,Low,In Progress
4858,5533,2024-11-30,Low,Closed
4859,3023,2024-04-10,Medium,Closed
4860,4491,2026-05-13,Low,In Progress
4861,1926,2025-09-04,Critical,In Progress
4862,2152,2023-09-06,Critical,Closed
4863,3345,2026-03-06,Critical,Closed
4864,3076,2024-05-16,Low,Closed
4865,4675,2026-05-05,Low,In Progress
4866,2936,2023-07-26,Low,Closed
4867,3969,2023-08-15,Low,Closed
4868,5916,2024-01-02,Critical,Closed
4869,1539,2025-06-17,Low,In Progress
4870,1794,2024-02-05,Low,In Progress
4871,5809,2026-05-31,High,Closed
4872,1266,2026-04-23,Medium,In Progress
4873,4778,2023-07-17,Low,In Progress
4874,3360,2025-10-18,High,Closed
4875,1480,2025-10-16,Low,Closed
4876,5140,2025-02-11,Low,Closed
4877,3949,2025-03-05,Low,Closed
4878,3654,2023-07-13,Low,Closed
4879,5293,2025-10-23,Critical,Closed
4880,1717,2025-12-21,Low,Closed
4881,5902,2023-08-18,Low,Closed
4882,5068,2025-12-25,High,Open
4883,3852,2025-04-19,Low,In Progress
4884,3973,2023-11-28,Critical,Closed
4885,1958,2026-01-21,Medium,Closed
4886,4485,2025-08-02,Low,Closed
4887,1018,2025-07-08,Low,Closed
4888,2384,2023-08-12,High,Closed
4889,2783,2024-01-27,Medium,In Progress
4890,3774,2025-08-24,Medium,Closed
4891,4616,2024-11-09,Low,Closed
4892,2598,2024-03-13,Medium,Closed
4893,3137,2024-05-06,High,Closed
4894,3943,2023-07-28,Low,Closed
4895,4350,2023-12-05,Critical,Closed
4896,4446,2023-10-26,High,Closed
4897,3637,2026-03-09,Medium,Closed
4898,2393,2025-07-28,Low,Closed
4899,4378,2024-11-02,Medium,Closed
4900,5578,2026-02-26,High,Closed
4901,2538,2025-09-25,Medium,Closed
4902,5326,2026-05-17,Critical,Closed
4903,3277,2025-05-08,Medium,Closed
4904,4376,2024-07-07,Medium,Open
4905,4471,2026-01-29,Critical,Closed
4906,5816,2024-07-18,Critical,Closed
4907,1587,2024-07-17,Critical,Closed
4908,3492,2026-05-27,High,Closed
4909,1413,2025-10-03,Low,In Progress
4910,5499,2026-03-28,Medium,Closed
4911,5507,2023-11-10,Low,Closed
4912,2441,2025-04-06,Medium,Closed
4913,1434,2024-12-01,Low,In Progress
4914,1993,2024-12-12,Medium,Closed
4915,5417,2024-02-07,Low,Open
4916,1320,2023-08-01,Low,Closed
4917,2582,2026-03-22,Critical,Closed
4918,4195,2024-12-25,Medium,Closed
4919,1852,2024-07-24,Medium,Closed
4920,4970,2025-11-10,Medium,Open
4921,3430,2024-11-18,Low,Closed
4922,2269,2025-04-03,High,Closed
4923,1513,2025-10-05,Low,Closed
4924,5676,2026-06-12,Medium,Closed
4925,3810,2025-01-27,Low,Closed
4926,5673,2024-09-10,Medium,Closed
4927,5119,2026-04-17,Low,Closed
4928,5274,2026-02-10,Medium,In Progress
4929,4324,2026-02-13,Medium,Closed
4930,1375,2024-06-30,Low,Closed
4931,1869,2025-02-28,Medium,In Progress
4932,2941,2023-09-07,Low,Open
4933,2779,2024-05-23,Low,Closed
4934,3954,2025-04-22,High,Closed
4935,2639,2023-09-25,Low,In Progress
4936,5836,2023-11-18,Low,Closed
4937,1527,2026-06-21,Low,Closed
4938,4484,2024-12-19,Medium,In Progress
4939,4327,2024-10-27,Low,Closed
4940,3240,2025-06-01,Low,Closed
4941,5107,2025-07-28,Low,Closed
4942,5110,2024-09-02,Low,Closed
4943,4056,2024-12-28,Critical,Closed
4944,3431,2024-11-06,Medium,Closed
4945,5026,2025-10-02,Medium,Closed
4946,3675,2025-09-13,Low,Closed
4947,4224,2024-10-04,Medium,Closed
4948,3823,2023-12-16,Medium,In Progress
4949,1671,2024-08-04,Medium,Closed
4950,5185,2025-01-27,Medium,Closed
4951,2796,2025-09-06,Medium,Closed
4952,3345,2024-04-23,Medium,Closed
4953,2637,2025-09-26,High,Closed
4954,4740,2025-10-09,Medium,Closed
4955,3117,2024-10-19,Medium,Closed
4956,2030,2024-10-23,Low,Closed
4957,4879,2025-09-16,Low,Closed
4958,5698,2025-09-23,Medium,Closed
4959,1784,2024-05-05,Low,Closed
4960,5673,2023-08-21,Medium,Closed
4961,2855,2025-12-07,Medium,In Progress
4962,1602,2024-07-27,Low,Closed
4963,1108,2023-10-17,Low,Closed
4964,5180,2025-09-16,Critical,In Progress
4965,1702,2025-09-16,Low,In Progress
4966,1510,2026-04-14,Medium,Closed
4967,4709,2024-10-10,High,Closed
4968,1718,2024-05-12,High,Open
4969,4162,2026-03-30,Low,In Progress
4970,4017,2024-03-21,Medium,Closed
4971,2108,2024-08-13,Medium,Closed
4972,3439,2024-03-23,Medium,Closed
4973,5229,2025-09-09,High,In Progress
4974,1767,2026-06-03,Low,In Progress
4975,1675,2025-05-01,Low,Closed
4976,5204,2023-08-30,Medium,In Progress
4977,2559,2025-06-12,Critical,In Progress
4978,1113,2024-05-20,Low,Closed
4979,5969,2024-08-10,High,Closed
4980,2602,2026-06-21,Low,Closed
4981,5815,2024-07-15,Critical,In Progress
4982,1984,2023-10-04,Medium,Closed
4983,2107,2024-08-04,Low,Closed
4984,2528,2025-05-17,High,Closed
4985,4171,2025-04-25,Critical,Closed
4986,5543,2024-09-16,High,In Progress
4987,4945,2025-11-13,Low,Closed
4988,5730,2026-01-20,Medium,In Progress
4989,3421,2026-06-17,Low,Closed
4990,5379,2024-11-06,Critical,Open
4991,1182,2025-12-25,Medium,Closed
4992,3367,2023-07-30,Critical,Closed
4993,4318,2023-10-22,Medium,In Progress
4994,2821,2024-05-13,Medium,Closed
4995,1315,2026-05-18,Medium,Closed
4996,4357,2025-03-21,Medium,Closed
4997,4627,2024-03-18,High,In Progress
4998,3039,2023-07-06,High,Open
4999,3957,2024-02-28,Low,Closed
5000,1895,2024-05-26,High,In Progress
5001,4577,2024-03-08,Low,Closed
5002,5850,2024-04-29,Low,Open
5003,1801,2024-07-21,High,Closed
5004,2017,2025-04-16,High,Closed
5005,2988,2024-03-02,Medium,Closed
5006,5685,2025-07-14,Medium,Closed
5007,4446,2025-05-30,High,Closed
5008,4312,2026-06-16,Medium,Closed
5009,3657,2023-09-17,Low,Closed
5010,2071,2025-02-25,Low,Open
5011,1754,2025-05-04,High,In Progress
5012,1883,2025-06-27,Low,Closed
5013,2735,2023-09-18,Medium,Closed
5014,3504,2025-10-27,Low,Closed
5015,4100,2025-01-20,Low,Closed
5016,5644,2025-05-05,Low,Closed
5017,2191,2026-03-19,Medium,Closed
5018,2257,2024-02-26,High,Open
5019,2168,2025-01-08,High,Closed
5020,1077,2024-06-12,Critical,Closed
5021,2302,2025-06-07,Low,Closed
5022,2149,2025-10-25,Medium,Closed
5023,2554,2023-09-26,High,Closed
5024,5795,2025-10-29,High,Closed
5025,4554,2025-07-27,Low,Closed
5026,5713,2026-06-25,Low,Closed
5027,5193,2025-01-08,High,Open
5028,1695,2024-08-09,Low,Closed
5029,5292,2026-04-06,High,In Progress
5030,1379,2024-07-04,High,Closed
5031,1347,2023-12-07,High,Closed
5032,3053,2024-05-14,Medium,In Progress
5033,1354,2025-06-21,Medium,In Progress
5034,5380,2023-12-12,Medium,Closed
5035,4319,2023-12-21,Medium,In Progress
5036,3176,2026-06-07,Critical,Closed
5037,1934,2025-12-02,Low,Open
5038,3584,2024-12-05,Medium,Closed
5039,3094,2026-06-14,Low,Closed
5040,5799,2025-05-30,High,Closed
5041,1230,2024-07-21,High,Closed
5042,1658,2026-03-06,Critical,Closed
5043,3434,2026-05-14,High,Closed
5044,5970,2025-06-24,Low,Closed
5045,4431,2023-12-24,Low,Closed
5046,1225,2023-08-27,High,Closed
5047,5483,2026-01-25,Low,In Progress
5048,2588,2025-05-21,Medium,Closed
5049,4370,2023-08-09,Medium,Closed
5050,4916,2025-01-23,Low,Closed
5051,3623,2025-02-24,Low,Closed
5052,2826,2026-02-19,Low,Closed
5053,2618,2024-02-14,Medium,Closed
5054,1718,2025-11-06,Low,Closed
5055,2240,2023-08-02,Low,Closed
5056,1331,2024-09-15,High,Closed
5057,2444,2025-12-22,Low,Open
5058,1770,2024-12-30,Medium,Open
5059,3146,2024-11-01,Medium,Closed
5060,4213,2026-04-27,Critical,Closed
5061,2327,2026-06-17,Low,Closed
5062,4233,2024-07-23,High,Closed
5063,2675,2025-04-19,Medium,In Progress
5064,2939,2023-09-23,Low,Closed
5065,1543,2024-07-16,Low,Closed
5066,2522,2024-12-04,High,Closed
5067,4017,2023-08-06,Low,Closed
5068,4905,2023-12-21,Medium,Closed
5069,4800,2024-12-19,Medium,In Progress
5070,5572,2024-03-28,High,Closed
5071,3216,2024-01-11,Low,Closed
5072,5863,2026-02-12,Low,Closed
5073,3060,2026-05-08,Low,Closed
5074,1496,2024-06-05,Low,Closed
5075,3482,2025-07-04,Medium,Closed
5076,2809,2024-11-27,Low,Closed
5077,1936,2024-06-18,Low,Closed
5078,3534,2025-05-17,Medium,Closed
5079,3870,2024-07-11,Medium,Closed
5080,5473,2025-07-31,High,Closed
5081,2366,2023-10-17,Medium,Closed
5082,1710,2024-12-25,High,Closed
5083,5068,2025-12-26,Medium,Closed
5084,4584,2023-11-01,Medium,Closed
5085,5724,2023-11-20,Low,Closed
5086,2526,2025-07-14,Critical,Closed
5087,5953,2024-09-15,Medium,Open
5088,5521,2024-11-27,Medium,Closed
5089,2648,2026-02-27,Medium,In Progress
5090,3167,2025-06-06,Medium,Closed
5091,3028,2024-01-24,High,Closed
5092,2063,2024-12-22,Medium,Open
5093,4086,2023-11-15,Low,Closed
5094,5638,2024-01-24,Medium,Closed
5095,2405,2024-05-18,Low,In Progress
5096,3390,2024-06-10,Low,In Progress
5097,2899,2025-12-03,Critical,Closed
5098,2802,2026-05-14,Medium,In Progress
5099,5664,2025-09-02,Medium,Open
5100,5363,2026-01-15,Medium,Closed
5101,3897,2025-07-26,High,Closed
5102,5298,2024-01-10,Medium,Closed
5103,5621,2025-10-09,Low,In Progress
5104,2985,2024-01-28,Medium,Closed
5105,3127,2024-10-08,Low,In Progress
5106,3469,2023-10-18,Medium,Closed
5107,3375,2024-10-16,Low,In Progress
5108,3164,2025-08-20,Medium,Closed
5109,5884,2024-08-30,Medium,Closed
5110,4713,2025-08-28,Medium,Closed
5111,5067,2025-02-03,Low,Closed
5112,4353,2025-10-13,Medium,Open
5113,4392,2025-10-12,Low,Closed
5114,4172,2023-11-27,Low,Closed
5115,1465,2025-08-19,Medium,Closed
5116,5111,2025-07-14,Low,Closed
5117,3177,2025-06-10,Low,Closed
5118,1797,2024-09-09,Medium,Open
5119,4124,2024-02-22,Medium,Closed
5120,1210,2025-05-25,Low,Closed
5121,5258,2024-08-25,Medium,Closed
5122,1952,2026-05-08,Critical,Closed
5123,3689,2025-08-16,High,Closed
5124,5264,2025-01-30,Low,In Progress
5125,2916,2025-06-15,Low,In Progress
5126,5090,2025-10-26,Low,Closed
5127,2951,2023-10-20,High,Closed
5128,5249,2025-02-26,Medium,Closed
5129,2674,2023-08-11,Low,Closed
5130,4589,2024-03-13,Low,Closed
5131,5866,2024-09-23,Medium,Closed
5132,3825,2024-08-29,Medium,Closed
5133,3216,2023-09-11,Low,Open
5134,5056,2024-11-07,Low,Closed
5135,5087,2025-08-12,Low,Closed
5136,3521,2025-12-03,High,Closed
5137,1142,2023-07-07,Critical,Closed
5138,1255,2024-01-05,High,Closed
5139,2937,2025-09-19,Medium,In Progress
5140,1986,2023-09-08,High,Closed
5141,4312,2024-11-05,Medium,Open
5142,4983,2025-02-15,Low,Closed
5143,2936,2024-08-11,Low,In Progress
5144,5966,2025-03-31,Medium,Closed
5145,4930,2024-08-22,Low,Closed
5146,3651,2025-05-27,Low,In Progress
5147,4412,2026-01-05,Low,Closed
5148,4343,2025-07-05,Medium,Closed
5149,1029,2023-09-15,Critical,Closed
5150,3076,2026-06-15,Critical,In Progress
5151,4412,2024-07-26,Low,Open
5152,2294,2023-08-17,High,Closed
5153,2521,2024-08-07,Medium,Closed
5154,5953,2024-12-30,Low,In Progress
5155,3960,2026-03-08,Low,Closed
5156,1733,2024-01-11,Medium,Closed
5157,4839,2023-11-17,Low,Closed
5158,1799,2024-07-08,High,In Progress
5159,5383,2024-10-26,High,In Progress
5160,4544,2025-08-04,Medium,Closed
5161,5469,2025-04-12,Medium,Closed
5162,1562,2025-01-20,Medium,Closed
5163,1190,2023-07-21,High,Closed
5164,2955,2024-04-02,Critical,Closed
5165,4606,2026-01-09,Medium,Closed
5166,3603,2025-05-01,Medium,Closed
5167,5594,2025-02-27,High,In Progress
5168,3380,2026-01-27,Medium,Closed
5169,2240,2023-12-09,High,Closed
5170,2122,2025-03-08,Critical,Closed
5171,2383,2024-10-23,High,Open
5172,4905,2026-05-18,Medium,In Progress
5173,4505,2024-11-20,Low,Closed
5174,2432,2024-02-17,Low,Closed
5175,3443,2024-07-21,Low,Closed
5176,1735,2025-04-03,Low,Closed
5177,5563,2024-06-16,Medium,Closed
5178,1708,2025-08-14,Low,In Progress
5179,5499,2024-04-16,Low,In Progress
5180,4410,2026-05-27,Medium,Closed
5181,2780,2024-03-18,High,In Progress
5182,1975,2025-07-28,High,Closed
5183,1590,2024-03-09,Medium,Closed
5184,2089,2025-01-27,Low,Closed
5185,5838,2026-04-27,High,Closed
5186,5673,2025-07-19,Medium,Closed
5187,1837,2025-08-03,High,Closed
5188,5818,2025-01-21,Low,Closed
5189,1710,2026-02-26,High,Closed
5190,3074,2026-05-15,Medium,Closed
5191,2018,2024-11-08,Low,Closed
5192,3703,2025-01-26,Low,Closed
5193,5043,2026-05-20,Medium,Open
5194,3688,2025-06-27,High,Closed
5195,2601,2024-06-21,High,Closed
5196,3613,2023-08-05,Medium,In Progress
5197,4368,2025-02-18,Medium,Open
5198,5564,2024-07-06,Critical,In Progress
5199,5353,2026-03-06,Critical,Closed
5200,1840,2025-01-14,Medium,Closed
5201,4316,2026-03-13,Low,Closed
5202,4777,2023-10-09,Medium,Closed
5203,2199,2025-08-24,Medium,Closed
5204,4165,2025-07-28,High,Closed
5205,3726,2025-06-20,Medium,Closed
5206,2492,2025-08-25,Medium,Closed
5207,5158,2024-12-10,Medium,Closed
5208,3969,2025-12-31,High,Closed
5209,2291,2024-04-16,High,Closed
5210,5281,2024-08-31,High,Closed
5211,1916,2024-05-05,Medium,Closed
5212,2142,2024-11-05,Critical,Closed
5213,3331,2026-03-15,Medium,Closed
5214,5995,2023-09-23,Low,Open
5215,4873,2026-01-21,Medium,Closed
5216,3975,2025-08-23,Low,Closed
5217,5833,2024-05-09,Medium,In Progress
5218,2206,2026-01-27,High,Closed
5219,4709,2025-03-18,High,Closed
5220,3597,2025-09-18,Medium,Closed
5221,4980,2026-06-07,Low,Closed
5222,5435,2025-07-08,High,Closed
5223,5552,2024-03-31,Medium,Closed
5224,2064,2024-07-25,Low,In Progress
5225,3827,2024-01-03,Low,Open
5226,2577,2024-11-27,Medium,In Progress
5227,4663,2025-02-02,Low,Closed
5228,5399,2025-09-18,Low,Closed
5229,3673,2023-10-20,High,In Progress
5230,3095,2024-11-14,Medium,Closed
5231,4916,2023-08-30,High,Closed
5232,4842,2025-01-15,Low,Closed
5233,5739,2025-08-20,Low,Closed
5234,1006,2024-10-30,Medium,Closed
5235,2221,2024-06-15,Medium,Closed
5236,3799,2026-01-06,Low,Closed
5237,5687,2023-07-08,Medium,Closed
5238,3790,2023-11-09,Medium,Closed
5239,3529,2024-06-11,Medium,Open
5240,1126,2024-10-30,Low,In Progress
5241,1732,2026-02-07,Low,Closed
5242,2395,2024-08-30,Medium,Closed
5243,5467,2024-06-21,Medium,Closed
5244,3772,2025-04-03,Low,Closed
5245,1023,2025-08-25,Low,Closed
5246,2469,2025-06-17,Critical,Closed
5247,1723,2024-02-06,Medium,Open
5248,2393,2026-03-28,High,Closed
5249,4134,2024-02-29,Low,Open
5250,3675,2023-09-24,Medium,Closed
5251,1160,2024-11-10,Medium,Closed
5252,5226,2025-03-23,High,Closed
5253,1700,2024-03-14,Critical,Closed
5254,1251,2025-06-15,Low,Closed
5255,5078,2025-04-18,Medium,Open
5256,4537,2023-07-05,High,Closed
5257,4409,2025-07-08,Medium,Closed
5258,2418,2023-08-19,Low,In Progress
5259,2575,2024-03-24,Low,Closed
5260,2997,2026-03-03,Low,Closed
5261,2113,2024-02-15,Low,Closed
5262,5445,2023-11-07,Medium,Closed
5263,3364,2024-08-11,Low,Closed
5264,4351,2024-06-08,Low,Closed
5265,2208,2025-11-28,Medium,In Progress
5266,3977,2023-12-19,Low,Closed
5267,2156,2024-01-07,Medium,Closed
5268,3209,2024-04-02,Medium,Open
5269,3498,2024-09-09,High,Closed
5270,2016,2025-12-04,Medium,Closed
5271,2961,2026-03-08,Low,Closed
5272,4712,2024-07-29,Low,In Progress
5273,1733,2026-05-10,Low,Open
5274,5005,2024-01-07,Low,Closed
5275,3760,2023-12-21,Critical,Closed
5276,2326,2024-01-25,High,Open
5277,5525,2024-07-29,High,Open
5278,1701,2023-09-09,Critical,Closed
5279,3420,2025-07-25,Low,Closed
5280,5245,2025-09-26,Medium,Closed
5281,2604,2023-09-06,Low,Closed
5282,5587,2023-07-27,Medium,Closed
5283,2823,2023-10-27,Medium,Closed
5284,3396,2025-09-14,High,Closed
5285,1760,2026-03-09,High,Closed
5286,4052,2025-07-25,Low,In Progress
5287,4944,2025-10-20,High,In Progress
5288,2672,2023-08-28,Critical,Closed
5289,2922,2025-05-16,Medium,Closed
5290,3836,2026-03-25,High,Closed
5291,5461,2024-10-19,Medium,Closed
5292,4231,2024-05-07,Medium,Closed
5293,5667,2024-03-22,Medium,In Progress
5294,5389,2024-06-28,Critical,Closed
5295,4075,2025-02-02,Medium,Closed
5296,5898,2026-01-22,Low,Closed
5297,5498,2026-05-21,Low,Closed
5298,3509,2025-05-29,Low,Closed
5299,3734,2026-05-02,Low,Closed
5300,5457,2024-12-05,Low,Closed
5301,3754,2026-04-15,Low,Closed
5302,2423,2024-08-08,High,Closed
5303,2752,2024-04-02,Medium,Closed
5304,3544,2024-10-28,Critical,In Progress
5305,3438,2026-05-23,High,Closed
5306,4784,2023-10-15,Low,Closed
5307,1879,2025-04-12,Low,In Progress
5308,4472,2024-08-20,High,Open
5309,4210,2023-08-23,Medium,Closed
5310,3551,2026-05-27,Critical,Closed
5311,2321,2025-11-04,High,Closed
5312,1779,2024-06-12,Low,Closed
5313,4540,2025-12-12,Critical,Closed
5314,3261,2024-03-30,Medium,Closed
5315,3739,2024-02-19,High,In Progress
5316,5684,2026-02-24,Critical,Closed
5317,1365,2024-01-16,High,Closed
5318,3883,2024-04-10,Medium,Closed
5319,2034,2025-12-06,Low,Closed
5320,2909,2024-04-28,Critical,Closed
5321,1141,2023-11-14,Low,In Progress
5322,5533,2025-11-22,Medium,Open
5323,1267,2026-01-26,High,Closed
5324,5502,2025-07-24,Critical,Closed
5325,2846,2024-07-05,Low,In Progress
5326,4477,2026-04-01,Medium,Closed
5327,2962,2025-05-18,Low,Closed
5328,1351,2026-02-24,Medium,Closed
5329,1037,2024-12-13,Medium,Closed
5330,2281,2024-02-28,Medium,Closed
5331,4094,2025-09-22,High,Closed
5332,2709,2024-05-26,Medium,In Progress
5333,1038,2026-04-14,Medium,Closed
5334,5616,2023-12-17,Low,Closed
5335,5202,2023-09-23,Medium,Closed
5336,1577,2025-10-04,Medium,Closed
5337,3442,2025-08-18,Medium,Closed
5338,4470,2025-08-25,Medium,Open
5339,4400,2024-12-28,Medium,Closed
5340,4342,2024-11-13,Medium,Closed
5341,1961,2024-11-08,High,Closed
5342,3047,2026-04-13,Low,Closed
5343,1598,2025-04-04,High,In Progress
5344,3092,2023-09-06,Medium,Closed
5345,1160,2024-12-29,Medium,Open
5346,3218,2024-06-05,Medium,Closed
5347,5653,2025-12-25,Low,Closed
5348,3938,2024-04-23,Low,Closed
5349,1004,2024-06-18,High,Closed
5350,1728,2025-02-23,Medium,In Progress
5351,3122,2023-06-29,Low,Closed
5352,4310,2025-07-17,Low,Closed
5353,1250,2026-06-16,Low,Closed
5354,2517,2024-04-16,Low,Open
5355,3888,2023-10-25,Low,In Progress
5356,4784,2024-12-06,Critical,Closed
5357,4020,2024-06-29,Low,Open
5358,4560,2023-12-02,Low,Closed
5359,5436,2026-04-01,Critical,In Progress
5360,2226,2025-06-12,Low,Closed
5361,5786,2023-12-11,Medium,Closed
5362,2575,2024-08-19,Low,Open
5363,4392,2025-04-29,Low,In Progress
5364,4074,2024-05-31,Low,Closed
5365,2251,2025-09-11,Critical,Closed
5366,1651,2026-02-10,Low,Closed
5367,3310,2026-05-24,Low,Closed
5368,3349,2025-09-24,Medium,Closed
5369,2214,2024-08-22,High,Closed
5370,2652,2023-07-02,Medium,Closed
5371,5621,2024-03-18,High,Closed
5372,5829,2025-11-30,Low,Open
5373,2852,2023-10-06,Low,Closed
5374,3878,2025-07-31,Low,Closed
5375,4469,2025-08-03,Low,Closed
5376,4106,2026-03-09,Low,Closed
5377,4739,2025-07-18,Low,Closed
5378,3650,2024-04-17,Medium,Closed
5379,2952,2024-02-04,Medium,Closed
5380,4313,2025-06-06,High,Closed
5381,4815,2025-01-14,Low,Closed
5382,2542,2025-02-26,Low,In Progress
5383,5806,2023-08-22,Critical,Closed
5384,4074,2024-07-09,High,Closed
5385,1180,2023-11-24,Critical,Closed
5386,2090,2025-06-20,Low,Closed
5387,3290,2024-08-23,Low,Closed
5388,5283,2026-06-18,Low,Closed
5389,5761,2026-02-01,Medium,Closed
5390,1134,2025-10-03,Medium,Closed
5391,2456,2023-11-27,Critical,In Progress
5392,5846,2024-12-18,High,Closed
5393,2624,2025-02-20,Critical,In Progress
5394,3776,2025-02-25,Medium,Closed
5395,5820,2024-06-14,Critical,Closed
5396,3215,2025-12-01,Low,Closed
5397,1428,2026-02-14,High,Closed
5398,1924,2025-10-26,Medium,Closed
5399,2896,2025-09-14,Low,Closed
5400,1267,2024-06-19,Medium,Closed
5401,2729,2024-05-04,Low,Closed
5402,1099,2023-10-15,Medium,In Progress
5403,2816,2025-08-26,Low,Closed
5404,4422,2024-07-01,Low,Closed
5405,1739,2025-11-21,Critical,Closed
5406,4727,2024-06-02,High,Closed
5407,5499,2024-04-30,Medium,In Progress
5408,1068,2025-10-01,High,Closed
5409,4786,2024-04-27,Medium,Closed
5410,2147,2025-02-11,Low,Closed
5411,5456,2024-12-17,Low,In Progress
5412,4151,2023-08-21,Medium,Closed
5413,4236,2025-11-26,Medium,Closed
5414,4063,2023-08-24,Medium,In Progress
5415,4733,2026-05-08,Low,Closed
5416,3833,2024-01-03,Medium,Closed
5417,2676,2025-09-21,Medium,Open
5418,3303,2025-09-12,Low,Closed
5419,4344,2026-03-31,Low,Closed
5420,4602,2024-02-19,High,In Progress
5421,5320,2024-10-20,Medium,Closed
5422,2639,2025-11-05,Medium,Closed
5423,1487,2025-05-05,High,Closed
5424,2938,2023-08-23,Medium,Closed
5425,3912,2023-07-29,Medium,Closed
5426,4485,2023-12-01,High,Closed
5427,4373,2024-10-15,Medium,Closed
5428,1692,2023-11-01,Medium,Open
5429,4275,2026-04-21,Low,In Progress
5430,4399,2026-06-21,Low,Closed
5431,4048,2025-12-04,Medium,Closed
5432,1230,2024-02-16,High,Closed
5433,4399,2025-07-09,Critical,Open
5434,1055,2026-05-20,Medium,In Progress
5435,3019,2025-07-13,Medium,Closed
5436,3663,2026-06-21,Low,Closed
5437,1456,2025-02-04,Medium,In Progress
5438,2377,2024-06-26,Medium,Closed
5439,4094,2025-06-11,Low,Closed
5440,1102,2025-07-28,Low,Closed
5441,2025,2024-05-16,Low,Closed
5442,5661,2025-05-17,Critical,In Progress
5443,2063,2026-04-23,Medium,Closed
5444,4189,2023-12-24,Medium,Closed
5445,1489,2025-01-17,Medium,Closed
5446,1429,2024-08-25,Medium,Closed
5447,2910,2023-08-30,Medium,Closed
5448,5639,2024-05-11,High,Closed
5449,1335,2025-02-24,Medium,Closed
5450,4358,2023-12-11,Medium,Closed
5451,1097,2025-11-05,Low,Closed
5452,3259,2025-02-27,Critical,Closed
5453,5566,2025-04-10,Low,Closed
5454,3051,2026-02-20,Critical,Closed
5455,3266,2024-08-20,Low,Closed
5456,1174,2025-10-27,Low,Open
5457,2042,2024-11-10,Medium,Closed
5458,4794,2025-03-19,Medium,Closed
5459,5347,2026-02-28,High,In Progress
5460,5725,2025-03-14,Low,Closed
5461,1970,2024-02-02,High,Closed
5462,1704,2024-06-11,Medium,Closed
5463,1682,2025-12-19,Low,Closed
5464,1616,2025-12-03,Critical,Closed
5465,2934,2025-09-11,Low,Closed
5466,4868,2025-12-01,Low,Closed
5467,4436,2023-12-08,Medium,Closed
5468,2934,2026-05-27,Medium,Closed
5469,4502,2024-04-28,Critical,Closed
5470,2503,2023-11-13,Low,Closed
5471,3522,2025-06-18,Low,Closed
5472,2836,2023-10-16,Medium,Open
5473,2152,2023-10-31,Low,Closed
5474,1262,2025-09-17,Critical,Closed
5475,2378,2025-11-30,Low,Closed
5476,4247,2023-07-29,High,Closed
5477,4971,2025-03-31,High,Closed
5478,1208,2024-12-06,Medium,Closed
5479,1349,2024-08-21,High,Closed
5480,4616,2025-05-07,High,Closed
5481,2675,2024-02-03,Medium,Closed
5482,5929,2025-08-31,Medium,Open
5483,2988,2025-10-16,Medium,Closed
5484,3301,2024-06-14,High,Closed
5485,2148,2026-01-19,Low,In Progress
5486,3208,2024-11-28,Low,Closed
5487,2414,2024-11-22,Low,Closed
5488,2174,2026-02-25,Low,In Progress
5489,1439,2024-07-26,High,In Progress
5490,1434,2025-08-17,Medium,Closed
5491,4833,2026-04-11,Medium,Closed
5492,5277,2026-04-01,Low,Closed
5493,3007,2024-05-14,Low,Closed
5494,3757,2026-02-10,Medium,In Progress
5495,4494,2024-04-10,Medium,Closed
5496,5483,2025-12-04,High,Closed
5497,2082,2025-08-31,Low,Closed
5498,1200,2024-04-01,Critical,Closed
5499,3812,2026-01-12,Medium,Closed
5500,1865,2024-11-20,Low,Closed
5501,3640,2026-04-21,Critical,Closed
5502,4418,2024-05-25,Medium,Closed
5503,1785,2023-10-04,Medium,Closed
5504,2702,2024-08-03,Low,Closed
5505,5847,2026-03-30,High,Open
5506,2473,2024-06-04,Medium,Closed
5507,1709,2023-08-29,Low,Closed
5508,2291,2024-04-23,High,Closed
5509,3171,2023-10-31,Low,In Progress
5510,3009,2024-07-28,Medium,Closed
5511,3414,2025-06-20,Medium,Closed
5512,4550,2023-09-21,Medium,Closed
5513,1051,2026-04-16,Low,Closed
5514,4679,2025-08-27,Low,In Progress
5515,2862,2024-07-14,Medium,Closed
5516,2614,2024-03-06,Critical,Closed
5517,3528,2025-01-07,Critical,Closed
5518,3276,2024-10-24,Medium,In Progress
5519,3660,2024-08-27,Low,Closed
5520,4098,2024-03-25,Low,Closed
5521,1239,2024-03-23,Critical,Closed
5522,4270,2023-07-16,Low,Open
5523,5926,2024-03-12,Low,Closed
5524,2269,2024-04-11,Low,Closed
5525,2961,2024-08-28,Low,Closed
5526,5570,2025-01-11,Low,Closed
5527,2639,2024-02-16,High,In Progress
5528,5378,2023-10-11,Medium,Closed
5529,3839,2024-03-24,High,Closed
5530,1748,2025-05-01,High,Closed
5531,1405,2025-03-21,Low,Closed
5532,5091,2025-09-01,Low,Closed
5533,5694,2024-03-14,Medium,Open
5534,4473,2024-06-12,Critical,Closed
5535,4288,2023-07-17,Medium,Closed
5536,4584,2026-02-16,Medium,Closed
5537,4288,2024-10-14,Medium,In Progress
5538,4411,2024-06-20,Medium,Closed
5539,3453,2023-09-16,Low,Closed
5540,4075,2025-06-07,High,In Progress
5541,1212,2024-05-16,High,Closed
5542,4898,2023-12-27,Medium,Closed
5543,4857,2024-02-23,Low,Closed
5544,1244,2025-12-29,Low,Closed
5545,2350,2024-10-19,Medium,Closed
5546,4907,2025-10-13,Medium,Closed
5547,1256,2024-03-12,Low,Closed
5548,3625,2025-02-03,High,Closed
5549,3870,2026-01-23,Critical,In Progress
5550,1926,2024-02-15,Low,Closed
5551,4985,2026-03-18,Medium,Closed
5552,1098,2025-07-06,Low,Closed
5553,3933,2023-07-30,Low,Closed
5554,5403,2023-09-28,High,Closed
5555,1988,2024-09-24,Medium,Closed
5556,4182,2025-02-22,Medium,Closed
5557,3315,2025-01-05,Medium,Closed
5558,2340,2024-05-14,Low,Open
5559,1050,2025-12-17,Critical,Closed
5560,2170,2026-03-31,Low,Closed
5561,2050,2024-09-28,High,Open
5562,4357,2025-04-08,Medium,Closed
5563,4396,2025-10-31,Medium,Open
5564,1653,2023-09-05,Low,In Progress
5565,2962,2024-04-15,Critical,Open
5566,5138,2024-10-10,Medium,Closed
5567,1731,2026-02-14,Medium,Closed
5568,4359,2025-09-08,High,Closed
5569,1499,2025-11-02,High,Closed
5570,2772,2024-06-11,High,Closed
5571,1011,2025-10-24,Low,Closed
5572,4401,2025-05-14,Medium,Closed
5573,2085,2025-01-23,Medium,Closed
5574,5838,2024-04-08,High,Closed
5575,4233,2024-11-26,Medium,Closed
5576,4880,2025-11-19,Low,In Progress
5577,2003,2024-06-24,Critical,Closed
5578,2888,2025-08-10,Medium,Closed
5579,1134,2025-11-08,Low,Closed
5580,3038,2024-03-06,High,Closed
5581,3606,2024-11-08,Low,Closed
5582,2512,2025-05-05,Critical,In Progress
5583,1903,2024-01-26,Low,Open
5584,4918,2024-07-20,Medium,Closed
5585,1297,2025-08-21,Low,In Progress
5586,5541,2024-06-16,High,Open
5587,2458,2023-10-08,Critical,Open
5588,4422,2025-01-12,Low,Closed
5589,5694,2024-04-13,High,Closed
5590,2752,2023-08-28,Critical,Closed
5591,5005,2025-09-01,High,Closed
5592,3538,2023-08-02,Medium,Closed
5593,2668,2025-11-28,Medium,In Progress
5594,3508,2025-01-30,Medium,In Progress
5595,1778,2024-10-06,High,Open
5596,2431,2024-12-16,Medium,Closed
5597,4888,2024-11-21,Medium,Closed
5598,4126,2024-05-28,Low,Closed
5599,3592,2024-07-05,High,Closed
5600,1886,2024-10-12,Critical,Closed
5601,4705,2024-06-06,Low,Closed
5602,4726,2025-10-04,Medium,Closed
5603,5874,2024-02-05,Medium,Closed
5604,1535,2024-03-23,Low,Closed
5605,5811,2024-07-27,Low,Closed
5606,3694,2025-11-16,High,Closed
5607,3701,2025-08-16,Low,Closed
5608,1021,2025-06-29,Critical,In Progress
5609,3850,2025-03-08,Critical,Closed
5610,4128,2025-07-17,Low,Open
5611,3725,2023-12-08,Low,In Progress
5612,4133,2025-07-12,Medium,Open
5613,4863,2023-09-20,Low,Closed
5614,3359,2026-05-22,Low,Closed
5615,1150,2025-06-19,Critical,Closed
5616,5242,2023-09-16,Low,Closed
5617,2515,2025-09-30,Low,Open
5618,5819,2025-11-11,Medium,Open
5619,5016,2025-05-14,High,Closed
5620,2232,2024-05-13,Low,In Progress
5621,2942,2023-11-01,Critical,Open
5622,3723,2025-10-14,Low,Closed
5623,5490,2026-01-11,Medium,Closed
5624,5747,2024-05-22,Medium,Closed
5625,3562,2024-12-29,Low,Closed
5626,5178,2023-11-23,Critical,Closed
5627,2176,2024-07-22,Medium,In Progress
5628,4501,2023-08-04,Low,Closed
5629,5918,2025-10-13,Low,Open
5630,3177,2025-04-24,Low,Closed
5631,5013,2025-06-27,Medium,Closed
5632,3318,2023-09-04,Low,Open
5633,2858,2025-09-05,Low,In Progress
5634,5737,2024-01-01,High,Closed
5635,3809,2023-09-08,Medium,Closed
5636,2197,2024-06-07,Medium,Closed
5637,3562,2025-02-01,High,Closed
5638,1150,2025-12-17,Low,Closed
5639,5087,2025-10-26,Medium,Closed
5640,2611,2024-02-11,High,Closed
5641,1214,2024-07-01,Critical,Closed
5642,5937,2025-11-17,Low,Closed
5643,2681,2023-08-08,Low,Closed
5644,1413,2023-07-17,Low,Closed
5645,3213,2024-04-25,Low,Closed
5646,5717,2025-04-29,Medium,Open
5647,2436,2023-09-17,Medium,In Progress
5648,1865,2025-05-22,Medium,Closed
5649,5259,2024-04-18,High,Closed
5650,2653,2024-04-23,Critical,In Progress
5651,4982,2025-11-06,Medium,Open
5652,2700,2025-02-20,Medium,Closed
5653,5177,2024-03-20,Low,Closed
5654,3889,2024-01-01,Low,Closed
5655,4538,2025-03-24,Critical,In Progress
5656,2454,2024-09-30,Low,Closed
5657,2210,2026-03-05,Medium,Closed
5658,2876,2023-08-04,Medium,Closed
5659,2986,2023-10-21,High,Open
5660,5352,2025-12-18,Medium,Closed
5661,3186,2026-05-11,Critical,Closed
5662,5940,2024-10-26,High,Closed
5663,2724,2024-01-30,Low,Closed
5664,3316,2025-08-31,High,In Progress
5665,4243,2024-04-04,Critical,Closed
5666,1943,2024-03-23,Low,Closed
5667,1398,2025-05-11,Low,Closed
5668,1798,2026-03-26,High,Closed
5669,4985,2026-05-11,Medium,Closed
5670,5365,2025-11-24,Medium,Closed
5671,1233,2025-10-07,Medium,Closed
5672,3793,2023-11-12,Low,Closed
5673,5220,2026-02-01,Low,Closed
5674,5056,2023-12-13,Low,Open
5675,1813,2024-06-16,Medium,Closed
5676,4224,2024-03-29,High,Closed
5677,2487,2026-05-17,High,In Progress
5678,1243,2025-04-06,Medium,Closed
5679,5982,2024-05-05,Critical,Closed
5680,2516,2024-04-14,Medium,Closed
5681,3121,2023-11-21,Medium,Closed
5682,2267,2024-10-15,Low,Closed
5683,1970,2025-06-22,Medium,Closed
5684,3805,2026-01-29,High,Closed
5685,2368,2024-11-11,Low,Closed
5686,3838,2025-05-11,Medium,Closed
5687,1005,2023-07-07,High,Closed
5688,1692,2025-07-06,Low,Closed
5689,2052,2026-04-13,Medium,Closed
5690,2697,2025-04-14,Medium,Closed
5691,3268,2024-02-19,Critical,Closed
5692,5702,2024-12-09,Medium,In Progress
5693,1991,2025-02-23,Critical,Closed
5694,5256,2026-04-05,Medium,Closed
5695,3191,2026-01-02,High,Closed
5696,5446,2025-11-25,Low,In Progress
5697,3469,2023-12-30,Medium,Closed
5698,2841,2023-09-17,Low,Closed
5699,5648,2025-11-13,Medium,Closed
5700,3475,2026-04-05,Medium,In Progress
5701,3039,2025-07-14,Low,Closed
5702,5203,2025-11-13,Medium,Closed
5703,4835,2025-05-16,Low,Closed
5704,5209,2025-01-02,Low,In Progress
5705,5336,2023-10-30,Critical,Closed
5706,3768,2025-02-20,High,Closed
5707,3440,2024-10-28,Low,Closed
5708,3013,2025-11-22,Critical,In Progress
5709,5493,2023-11-26,Low,Closed
5710,4885,2025-11-26,Critical,Closed
5711,5202,2024-11-28,High,Closed
5712,1271,2026-06-08,Low,Closed
5713,4258,2025-10-23,Low,Closed
5714,1192,2023-07-18,Low,In Progress
5715,1012,2026-04-01,Low,Closed
5716,2410,2024-03-17,Medium,Closed
5717,2178,2024-07-01,Low,In Progress
5718,5518,2025-02-11,Low,Open
5719,5269,2025-11-06,High,Closed
5720,2768,2025-07-22,High,Open
5721,5747,2023-09-29,Medium,In Progress
5722,2517,2025-12-13,Medium,Closed
5723,3409,2025-08-24,High,Closed
5724,3835,2024-10-16,Low,Closed
5725,5639,2023-08-03,Critical,Closed
5726,1109,2024-03-11,Low,Closed
5727,4819,2025-12-28,Medium,Closed
5728,4374,2025-06-09,Medium,Closed
5729,2984,2025-08-05,High,Closed
5730,3716,2025-11-22,High,Closed
5731,5183,2023-12-23,Low,Closed
5732,3162,2024-04-19,Medium,Closed
5733,5506,2025-09-14,High,Open
5734,5932,2026-06-10,Low,Closed
5735,2319,2026-04-12,Medium,Closed
5736,5972,2023-09-28,Low,In Progress
5737,3272,2023-12-05,Medium,Closed
5738,5146,2023-07-06,Low,Closed
5739,4873,2024-08-18,Medium,In Progress
5740,2795,2026-02-18,Low,Closed
5741,1491,2025-06-28,Low,Closed
5742,2660,2026-01-04,Low,Closed
5743,4952,2026-03-20,Medium,Closed
5744,5407,2024-12-03,Medium,Closed
5745,1970,2025-11-10,Low,Closed
5746,2841,2024-02-22,High,Closed
5747,4430,2024-04-29,Medium,Closed
5748,5926,2026-01-11,Critical,Closed
5749,2914,2025-10-11,Critical,Open
5750,2835,2023-09-06,High,Closed
5751,3512,2024-05-19,Medium,Closed
5752,4748,2024-03-15,High,Closed
5753,4370,2023-07-07,High,Closed
5754,4409,2025-04-09,Medium,Closed
5755,3923,2023-10-23,Low,Open
5756,5351,2024-05-02,High,Closed
5757,4811,2024-01-10,Medium,Closed
5758,2861,2026-02-23,Medium,In Progress
5759,2225,2025-08-01,Low,In Progress
5760,4055,2024-06-13,Critical,Closed
5761,1313,2023-12-27,Medium,Closed
5762,1916,2026-04-17,Critical,Closed
5763,2689,2024-12-01,Critical,Closed
5764,3827,2024-07-10,High,Closed
5765,2926,2026-06-05,Medium,Closed
5766,3002,2026-01-03,Low,Closed
5767,3917,2025-04-06,Low,In Progress
5768,1716,2024-12-26,High,Closed
5769,3467,2024-03-17,Low,Closed
5770,5938,2024-06-26,Low,In Progress
5771,3217,2026-06-16,Medium,Closed
5772,5455,2023-12-01,Medium,Closed
5773,3110,2025-06-25,Critical,Closed
5774,1739,2026-05-22,Low,Closed
5775,5654,2025-10-15,Critical,Open
5776,2652,2026-01-28,Medium,Closed
5777,5527,2025-11-19,Low,Closed
5778,2055,2025-05-14,High,In Progress
5779,1510,2026-01-27,High,In Progress
5780,5462,2023-08-23,High,Closed
5781,5024,2025-06-27,Medium,Closed
5782,2589,2024-04-01,High,Closed
5783,4570,2025-12-23,Low,Closed
5784,2564,2024-11-26,Medium,Closed
5785,3269,2026-01-27,Low,Closed
5786,4672,2024-05-20,Medium,Closed
5787,2717,2026-04-21,Medium,Closed
5788,4836,2026-04-01,High,Closed
5789,5268,2026-05-06,Low,Closed
5790,4877,2024-05-31,Medium,In Progress
5791,1681,2025-04-11,Low,In Progress
5792,1619,2025-11-16,Medium,Closed
5793,4891,2023-10-02,Medium,In Progress
5794,1179,2025-01-14,Low,Closed
5795,4191,2026-03-05,Low,Open
5796,3773,2025-11-10,High,In Progress
5797,3966,2024-04-28,Critical,Closed
5798,4578,2025-01-01,Medium,Closed
5799,2429,2024-11-05,Low,Closed
5800,3281,2024-07-30,High,In Progress
5801,1675,2023-10-18,Medium,Closed
5802,4381,2025-12-10,Critical,Closed
5803,4971,2026-03-15,High,Closed
5804,3733,2023-12-05,Medium,Closed
5805,4534,2026-01-08,Medium,In Progress
5806,5208,2025-05-07,Low,Closed
5807,2219,2026-01-19,High,Closed
5808,3876,2023-09-30,Low,Closed
5809,2567,2025-06-26,High,In Progress
5810,3629,2024-12-31,Low,Open
5811,2790,2025-04-21,Low,Open
5812,2001,2024-10-24,Low,Closed
5813,1279,2024-07-19,Low,In Progress
5814,3211,2025-11-15,High,Closed
5815,2214,2026-03-28,Low,In Progress
5816,2653,2023-12-03,Medium,Closed
5817,1235,2025-09-21,Medium,In Progress
5818,3779,2026-01-26,High,Closed
5819,3998,2024-10-12,Low,Closed
5820,2246,2025-02-23,Critical,Closed
5821,1993,2024-10-20,Low,Closed
5822,5331,2024-07-28,High,Closed
5823,4533,2026-01-27,Medium,Closed
5824,5957,2024-12-22,Low,Closed
5825,4908,2024-03-14,Medium,Closed
5826,1657,2024-06-05,Medium,Closed
5827,3290,2024-02-23,Medium,Closed
5828,5712,2024-10-31,High,Closed
5829,4582,2023-09-27,Critical,Closed
5830,4471,2026-01-13,Low,In Progress
5831,5416,2023-08-09,Low,Closed
5832,3378,2024-04-20,Critical,Closed
5833,2979,2025-10-11,Critical,Closed
5834,2192,2026-04-25,Medium,Closed
5835,3200,2026-02-18,Medium,Closed
5836,3473,2025-07-30,High,Closed
5837,1259,2025-09-08,Low,Closed
5838,1972,2023-12-08,Low,Closed
5839,4423,2024-12-27,High,Closed
5840,2444,2024-01-02,Low,Closed
5841,3250,2024-07-18,Low,In Progress
5842,3149,2026-06-16,Low,Closed
5843,1798,2025-07-24,Medium,Closed
5844,1866,2024-05-26,Low,In Progress
5845,2425,2023-10-31,Medium,Open
5846,5180,2025-11-14,Low,Closed
5847,2288,2024-05-19,Low,Closed
5848,3263,2023-06-27,Critical,Closed
5849,5556,2025-07-22,Low,Closed
5850,1225,2025-01-23,Low,Closed
5851,4186,2024-01-17,Low,Closed
5852,2751,2024-10-11,Medium,In Progress
5853,1713,2023-10-29,Low,Closed
5854,1431,2025-06-27,Low,Closed
5855,3201,2026-02-24,Medium,Open
5856,4874,2025-04-07,Low,In Progress
5857,2272,2024-05-24,Medium,Closed
5858,3504,2023-12-11,Medium,Closed
5859,3300,2023-09-02,Low,In Progress
5860,3594,2024-07-26,Medium,Closed
5861,3365,2025-03-14,Critical,Closed
5862,5100,2024-02-06,Low,Closed
5863,4865,2025-03-29,Low,In Progress
5864,5398,2026-05-08,Medium,Closed
5865,2421,2024-04-13,High,Closed
5866,3416,2025-08-12,Medium,In Progress
5867,4735,2023-08-03,High,Closed
5868,5259,2024-05-31,High,Open
5869,4402,2025-04-26,Medium,Closed
5870,2350,2026-06-23,Medium,Closed
5871,3435,2026-06-11,Critical,Closed
5872,5866,2023-08-07,Low,Closed
5873,3374,2024-07-24,Low,Closed
5874,2529,2023-12-29,Low,Closed
5875,2897,2025-08-26,Low,Closed
5876,4606,2025-03-28,Low,Closed
5877,3261,2024-09-03,High,Closed
5878,2685,2023-10-29,Medium,Closed
5879,5442,2024-02-06,High,Closed
5880,3051,2025-08-08,Medium,Closed
5881,1888,2023-06-28,High,Closed
5882,2341,2025-10-22,Low,In Progress
5883,1642,2025-03-05,Medium,Closed
5884,3165,2024-06-05,High,Closed
5885,5276,2025-07-27,Low,Open
5886,1839,2024-07-06,Medium,Closed
5887,3248,2024-07-24,Low,Open
5888,2670,2024-04-04,High,Closed
5889,2096,2025-03-08,Low,Closed
5890,4402,2025-11-17,High,Closed
5891,3914,2024-06-02,Critical,Closed
5892,3574,2026-03-10,High,Closed
5893,3961,2024-07-10,Low,Closed
5894,5218,2025-01-29,High,Closed
5895,5181,2024-04-16,Medium,Closed
5896,3543,2025-07-11,Low,Closed
5897,5359,2024-10-27,Critical,Closed
5898,1836,2023-08-25,Medium,Closed
5899,4154,2024-11-26,Low,Closed
5900,5923,2025-04-06,Low,Closed
5901,4209,2025-07-13,High,Closed
5902,5948,2025-02-04,High,Closed
5903,3501,2025-03-20,Low,Closed
5904,4817,2025-09-19,Medium,Open
5905,4472,2024-01-03,High,Open
5906,4475,2024-05-13,Medium,Closed
5907,3343,2026-05-16,Low,Closed
5908,3805,2023-07-23,Medium,In Progress
5909,3954,2024-08-28,Low,Closed
5910,4622,2023-12-16,Medium,Closed
5911,3482,2024-03-23,Medium,Closed
5912,2167,2025-05-14,High,Closed
5913,4603,2025-09-28,High,Open
5914,5164,2026-05-07,Medium,Closed
5915,2733,2025-11-12,High,Open
5916,3626,2023-08-10,Low,Closed
5917,1972,2025-04-03,Low,Closed
5918,1377,2024-12-05,High,Closed
5919,5180,2024-04-07,Low,Closed
5920,1233,2024-06-14,Critical,Closed
5921,2734,2024-08-26,Low,Open
5922,1548,2024-04-15,Low,Closed
5923,3128,2025-07-14,Low,Closed
5924,1957,2023-11-04,Medium,Closed
5925,5338,2023-07-04,Medium,Closed
5926,5152,2026-06-18,High,Closed
5927,3232,2024-06-11,Medium,Closed
5928,4294,2026-03-15,Medium,Open
5929,2987,2025-02-06,Low,Closed
5930,3122,2026-02-26,Low,Closed
5931,1235,2025-11-12,Low,Closed
5932,5918,2024-03-04,Medium,Closed
5933,2748,2026-02-03,Low,Closed
5934,4405,2024-03-29,High,Closed
5935,2782,2024-05-09,High,Closed
5936,1590,2025-10-13,Medium,Closed
5937,3476,2025-02-12,Critical,Closed
5938,5971,2025-01-08,High,Closed
5939,2522,2025-03-28,Low,In Progress
5940,1605,2023-08-08,Medium,Closed
5941,3720,2025-11-11,Medium,Closed
5942,4814,2023-07-09,Low,Closed
5943,4736,2026-03-18,Low,Closed
5944,1462,2023-08-05,Critical,In Progress
5945,1779,2024-05-09,Medium,Open
5946,1322,2025-12-26,Critical,In Progress
5947,3501,2023-10-21,Critical,Closed
5948,2201,2025-03-16,Medium,Closed
5949,4338,2026-05-26,Low,Closed
5950,5518,2024-09-07,Medium,Closed
5951,1546,2026-05-06,Medium,Closed
5952,1364,2023-07-24,Low,In Progress
5953,4950,2025-09-24,Medium,Closed
5954,2508,2024-06-13,Medium,Open
5955,2607,2026-02-18,Medium,In Progress
5956,5621,2024-10-04,Low,Closed
5957,3374,2024-08-04,Low,Closed
5958,1794,2024-03-10,Medium,In Progress
5959,5023,2024-02-09,Low,In Progress
5960,1105,2026-04-18,Low,Closed
5961,1867,2023-10-25,Low,Closed
5962,2349,2024-08-21,Medium,Closed
5963,1576,2025-07-18,Low,Closed
5964,3396,2025-01-08,High,Closed
5965,1989,2023-09-18,Low,Closed
5966,5500,2024-05-25,High,Closed
5967,2687,2023-10-22,Critical,Open
5968,3618,2024-10-04,Critical,In Progress
5969,1721,2024-06-28,Low,In Progress
5970,4246,2023-08-24,Low,Closed
5971,4009,2024-07-06,Medium,Closed
5972,3021,2024-12-24,Medium,Closed
5973,1667,2025-12-16,Medium,Closed
5974,2038,2024-05-24,Medium,In Progress
5975,1298,2025-08-26,High,Closed
5976,3004,2026-05-22,Low,In Progress
5977,5584,2024-05-12,Low,Closed
5978,3975,2025-04-02,Critical,Closed
5979,2826,2025-03-08,Medium,Closed
5980,3204,2025-02-09,Low,Open
5981,1558,2026-06-18,Medium,Closed
5982,5770,2025-01-10,Medium,In Progress
5983,1196,2024-04-01,High,Closed
5984,5635,2023-07-03,Critical,Open
5985,5932,2025-07-20,Medium,Open
5986,4178,2026-02-04,Medium,Closed
5987,5216,2023-11-20,Medium,Closed
5988,1873,2025-11-17,High,Closed
5989,3300,2023-07-13,Low,Closed
5990,5051,2024-09-30,High,Closed
5991,5150,2025-05-17,Low,Closed
5992,2371,2026-01-12,Critical,Closed
5993,1176,2025-10-22,High,In Progress
5994,3583,2024-01-03,Low,Closed
5995,5520,2025-08-28,Medium,Closed
5996,4205,2026-01-08,Medium,Closed
5997,5173,2024-12-14,Medium,Open
5998,5482,2023-08-05,Medium,Closed
5999,1139,2026-01-28,High,Closed
6000,4452,2026-04-27,Medium,Closed
6001,3800,2024-09-12,Medium,Open
6002,4169,2025-10-22,High,Closed
6003,1447,2026-06-04,Low,Closed
6004,1885,2026-02-19,Low,Open
6005,4811,2026-01-11,Medium,Closed
6006,3234,2024-09-01,Low,Closed
6007,3514,2026-04-18,Medium,In Progress
6008,4344,2025-04-09,Critical,In Progress
6009,5933,2025-03-07,Medium,In Progress
6010,5880,2023-10-18,Critical,Open
6011,4040,2026-04-09,Critical,Open
6012,3974,2025-03-09,Low,In Progress
6013,3254,2023-08-03,Critical,In Progress
6014,4511,2026-01-06,Medium,Closed
6015,2459,2024-02-23,Critical,Closed
6016,4211,2026-05-04,Medium,Closed
6017,5825,2025-12-12,High,Open
6018,5199,2025-01-16,High,Closed
6019,4933,2024-01-25,High,Closed
6020,3625,2023-08-08,Medium,Closed
6021,2148,2025-01-13,Critical,Closed
6022,2035,2025-03-01,Medium,Closed
6023,5693,2024-10-09,High,In Progress
6024,4021,2023-11-24,Critical,Closed
6025,5372,2025-07-04,Medium,Closed
6026,5304,2026-02-28,Low,Closed
6027,5813,2026-04-10,Low,Closed
6028,2471,2024-03-11,Low,Closed
6029,2662,2025-10-22,Low,Closed
6030,2897,2024-06-14,Low,Closed
6031,1962,2025-10-13,High,Closed
6032,2021,2024-08-24,Medium,Closed
6033,1873,2023-11-24,Medium,In Progress
6034,2402,2026-03-25,High,Closed
6035,1612,2024-01-18,Low,In Progress
6036,3612,2023-12-09,Low,In Progress
6037,3106,2025-08-02,Critical,Open
6038,5778,2024-08-18,Low,Closed
6039,3510,2024-10-04,Medium,In Progress
6040,5443,2023-12-15,Low,Closed
6041,4263,2023-08-18,Low,Closed
6042,1089,2025-10-04,Medium,Closed
6043,1775,2025-05-12,Medium,Closed
6044,2802,2025-09-18,Low,In Progress
6045,3103,2024-06-01,Critical,Closed
6046,2971,2024-01-05,Medium,In Progress
6047,1453,2025-04-01,Medium,Open
6048,4996,2026-06-18,Medium,Open
6049,2572,2024-11-04,High,Closed
6050,2974,2025-08-15,Medium,Open
6051,1483,2026-05-22,Medium,In Progress
6052,2560,2026-02-08,High,Closed
6053,5170,2025-04-24,Medium,Closed
6054,4923,2024-03-10,Medium,Closed
6055,1322,2025-10-18,Critical,Closed
6056,3999,2024-01-30,Low,In Progress
6057,3020,2026-03-20,Critical,In Progress
6058,3778,2025-05-01,Low,Closed
6059,2057,2023-07-11,Low,Closed
6060,5412,2025-01-12,Medium,Closed
6061,5801,2024-06-09,High,Closed
6062,5512,2025-02-04,Medium,Closed
6063,2117,2025-03-05,Low,Closed
6064,3526,2026-01-01,Medium,Closed
6065,4078,2023-10-29,Medium,Closed
6066,2627,2025-04-08,Low,Closed
6067,1227,2024-09-11,High,Closed
6068,2172,2024-11-01,Medium,Closed
6069,2306,2024-07-19,Low,Closed
6070,3202,2026-02-21,Medium,Closed
6071,3056,2024-12-22,Low,Closed
6072,2323,2025-10-23,High,Closed
6073,3931,2023-11-23,Low,In Progress
6074,4779,2025-04-01,High,Closed
6075,4080,2023-10-27,Critical,Closed
6076,1054,2025-11-21,Medium,Open
6077,3606,2023-07-20,Medium,In Progress
6078,3720,2025-01-21,Critical,Open
6079,4853,2024-01-09,High,In Progress
6080,4277,2025-11-11,Critical,Closed
6081,1990,2025-02-14,High,Closed
6082,2246,2024-01-22,Low,Closed
6083,1137,2023-09-27,Medium,Closed
6084,5171,2025-04-24,Low,Closed
6085,2479,2024-06-30,High,Closed
6086,4859,2026-03-26,Low,Closed
6087,3821,2025-06-05,High,In Progress
6088,4581,2025-08-30,Medium,Closed
6089,2253,2024-10-23,Medium,Open
6090,5975,2025-03-07,Low,Closed
6091,4959,2026-01-24,High,In Progress
6092,3994,2024-07-16,Medium,Closed
6093,1155,2025-10-28,Critical,In Progress
6094,3885,2023-06-27,Medium,Closed
6095,2519,2026-05-11,Low,Open
6096,4545,2025-12-19,Low,Closed
6097,5618,2025-08-08,Low,Closed
6098,2500,2024-10-20,Low,Closed
6099,5222,2026-01-14,High,Open
6100,3010,2024-06-13,Medium,Closed
6101,2124,2024-07-14,Medium,Closed
6102,3974,2023-09-14,Medium,Closed
6103,3781,2025-08-02,Medium,In Progress
6104,2221,2026-02-12,High,In Progress
6105,4799,2025-06-13,Medium,Open
6106,5782,2024-12-08,Medium,Closed
6107,3162,2026-05-16,Medium,Closed
6108,5601,2025-08-27,Low,Closed
6109,3764,2023-11-24,High,Closed
6110,3481,2024-04-28,Medium,Closed
6111,1975,2025-11-03,High,Closed
6112,2919,2023-07-21,Medium,In Progress
6113,5540,2024-12-30,Low,Open
6114,3584,2024-05-25,Medium,Closed
6115,3054,2025-01-27,Critical,In Progress
6116,4286,2025-03-29,Low,In Progress
6117,2383,2026-01-29,Medium,Closed
6118,5155,2025-10-15,Medium,Closed
6119,2241,2026-05-17,Low,Closed
6120,2724,2024-05-04,Critical,Closed
6121,2600,2024-02-07,Critical,In Progress
6122,3357,2024-02-14,High,Closed
6123,5298,2026-05-05,Medium,In Progress
6124,1110,2024-03-25,Medium,Closed
6125,1874,2023-09-09,Medium,In Progress
6126,2589,2026-04-24,Low,Closed
6127,3654,2024-02-08,Low,Closed
6128,1514,2026-04-20,Low,In Progress
6129,3202,2023-07-20,Medium,Open
6130,2720,2025-01-17,Medium,Closed
6131,4878,2024-01-03,Medium,Closed
6132,2066,2025-07-24,Medium,Closed
6133,5280,2025-12-03,Medium,Closed
6134,2287,2023-07-30,Low,In Progress
6135,1576,2025-10-23,Low,In Progress
6136,4799,2026-04-19,Low,Closed
6137,1476,2024-10-25,Medium,In Progress
6138,1263,2024-12-31,Critical,Open
6139,4640,2025-11-09,Medium,Closed
6140,2742,2025-05-02,Medium,Closed
6141,5601,2026-04-15,Critical,Closed
6142,2522,2026-06-22,Critical,Closed
6143,3341,2024-06-13,High,In Progress
6144,2726,2023-08-27,Critical,Closed
6145,4962,2025-05-26,Critical,In Progress
6146,2195,2024-03-22,Low,In Progress
6147,1412,2024-06-02,Low,Closed
6148,2100,2024-08-25,High,Closed
6149,1191,2025-11-26,High,Open
6150,5319,2026-02-11,Critical,Closed
6151,4138,2024-04-03,Medium,Closed
6152,2765,2026-06-18,Medium,Closed
6153,5692,2023-11-27,Low,Open
6154,4820,2023-10-07,High,Closed
6155,5080,2026-02-13,Medium,Closed
6156,1454,2026-02-10,High,Open
6157,2530,2025-02-06,Medium,Closed
6158,2930,2024-01-16,Medium,Closed
6159,2968,2024-06-20,Critical,In Progress
6160,1104,2024-10-24,Medium,In Progress
6161,2981,2026-04-21,High,Closed
6162,4129,2024-10-13,Medium,Closed
6163,1109,2025-05-09,Medium,Closed
6164,3535,2025-04-15,Critical,Closed
6165,5498,2024-07-26,Medium,Closed
6166,3543,2024-02-10,Low,In Progress
6167,2254,2024-09-02,Low,Closed
6168,1663,2024-07-22,High,Closed
6169,2874,2024-03-30,Medium,Closed
6170,2690,2026-03-29,Low,In Progress
6171,2184,2025-08-22,Medium,Open
6172,3136,2025-08-23,High,Closed
6173,5587,2026-04-28,Low,In Progress
6174,1453,2026-03-18,Medium,Closed
6175,2520,2024-10-26,High,Closed
6176,4000,2023-12-02,Low,Closed
6177,2797,2025-07-10,Low,In Progress
6178,1445,2024-11-30,Low,Open
6179,5662,2025-11-03,Medium,Closed
6180,3032,2023-11-23,Low,Closed
6181,4848,2024-06-09,Low,Closed
6182,3560,2024-03-10,Critical,Open
6183,5979,2024-03-19,Medium,Closed
6184,3039,2026-03-09,Medium,Closed
6185,3839,2025-07-19,Low,Open
6186,4446,2025-01-29,Low,Closed
6187,4348,2025-09-24,High,Closed
6188,4618,2025-02-23,Medium,Closed
6189,1783,2026-05-17,Low,Closed
6190,5747,2024-04-23,Low,Closed
6191,2129,2024-12-08,Critical,Closed
6192,1022,2026-05-17,High,Closed
6193,3592,2025-05-16,High,Closed
6194,4458,2023-09-13,Medium,Open
6195,1032,2024-09-07,Medium,Closed
6196,3343,2024-08-16,Medium,Closed
6197,3168,2024-05-19,Medium,Open
6198,1670,2026-01-18,Low,Closed
6199,5156,2023-08-11,Low,Closed
6200,4326,2023-07-31,Low,Closed
6201,2957,2024-02-01,Low,Closed
6202,1886,2026-01-27,Medium,Open
6203,3266,2025-04-04,Medium,Closed
6204,1059,2025-04-03,Low,Closed
6205,2507,2024-05-22,Medium,Open
6206,1613,2026-05-13,Medium,Closed
6207,5935,2023-09-05,Low,Closed
6208,2381,2024-12-21,Critical,Closed
6209,4750,2025-08-28,Low,Open
6210,1566,2025-09-05,Medium,Closed
6211,4842,2023-07-28,Low,Closed
6212,2290,2024-07-15,Critical,Closed
6213,3237,2024-12-11,Low,Closed
6214,2312,2024-12-11,Medium,Closed
6215,2399,2024-09-24,Medium,Closed
6216,3356,2026-02-08,Medium,Closed
6217,1939,2024-08-10,High,Closed
6218,2315,2024-06-15,High,Closed
6219,3499,2023-12-14,Medium,Closed
6220,3007,2024-07-27,Medium,Closed
6221,2372,2025-01-29,Medium,Closed
6222,3631,2025-03-28,Medium,Open
6223,1731,2023-07-29,High,In Progress
6224,1924,2025-09-24,Medium,In Progress
6225,2551,2026-02-18,Medium,Open
6226,3994,2023-08-24,Medium,Closed
6227,1819,2026-02-20,High,Closed
6228,5923,2025-10-19,Low,Closed
6229,2801,2024-06-09,Medium,Closed
6230,1597,2025-11-12,High,Closed
6231,5722,2026-02-11,Low,Closed
6232,4646,2025-01-31,High,Closed
6233,4723,2024-10-11,Low,Open
6234,3736,2024-10-04,Critical,Closed
6235,2935,2024-09-15,Critical,Open
6236,3832,2024-07-03,Low,In Progress
6237,4717,2024-05-26,Low,Closed
6238,2787,2024-07-13,Critical,Closed
6239,4395,2023-11-14,High,Closed
6240,1141,2025-04-27,Critical,In Progress
6241,5646,2026-01-10,Low,Closed
6242,4144,2025-08-29,Medium,Closed
6243,3257,2024-09-18,Critical,Closed
6244,2874,2024-05-17,Medium,Closed
6245,1315,2024-03-03,Medium,Closed
6246,4166,2024-04-15,Medium,Closed
6247,5662,2023-12-04,Low,Open
6248,4351,2025-02-25,Critical,Closed
6249,5390,2024-03-26,Low,Closed
6250,5977,2026-05-12,Medium,Closed
6251,3752,2023-11-26,Medium,Closed
6252,4499,2026-06-22,Medium,Closed
6253,4237,2025-12-02,High,Closed
6254,2906,2025-06-10,Medium,Closed
6255,2302,2025-12-21,Low,Closed
6256,2187,2023-07-01,Medium,Closed
6257,5369,2024-04-26,High,Closed
6258,2559,2025-04-10,Critical,Closed
6259,5507,2026-04-29,Low,In Progress
6260,1454,2025-01-31,Medium,Closed
6261,4266,2025-11-23,Medium,Closed
6262,4065,2023-12-20,High,Closed
6263,4898,2023-08-25,Low,Closed
6264,1249,2024-04-28,Medium,Closed
6265,1216,2023-08-20,Medium,Closed
6266,5562,2025-01-28,High,Closed
6267,5755,2025-02-19,Medium,Closed
6268,2311,2025-06-04,Low,Closed
6269,4095,2025-04-12,Low,Closed
6270,3760,2024-02-21,Medium,Closed
6271,5882,2025-07-20,Medium,Closed
6272,5706,2023-11-20,Medium,Closed
6273,1548,2024-07-22,Medium,Closed
6274,3976,2024-06-26,Low,In Progress
6275,3092,2024-07-11,Medium,Closed
6276,2995,2024-01-06,Medium,Closed
6277,5047,2025-08-16,Critical,In Progress
6278,2845,2024-11-02,Low,Closed
6279,2133,2026-03-01,High,Closed
6280,3918,2024-01-04,Medium,Closed
6281,4667,2023-08-04,High,Closed
6282,4701,2025-09-24,Low,In Progress
6283,3152,2026-04-06,Low,In Progress
6284,5874,2025-06-30,Medium,Closed
6285,2031,2025-05-11,Medium,Closed
6286,4651,2026-02-27,Low,Closed
6287,1933,2025-10-03,Critical,Closed
6288,1429,2024-01-21,Low,Closed
6289,4408,2024-09-07,Medium,Open
6290,3118,2024-12-22,Critical,Closed
6291,4345,2024-02-03,Low,In Progress
6292,3721,2025-06-20,Low,Closed
6293,2974,2024-07-21,Low,Closed
6294,3267,2024-10-20,Critical,Closed
6295,2576,2023-09-18,Medium,Closed
6296,4172,2025-03-12,Low,In Progress
6297,2863,2024-02-14,Low,Closed
6298,5475,2025-05-09,Low,In Progress
6299,5431,2025-05-25,Medium,Closed
6300,3567,2025-11-22,Low,Closed
6301,2733,2023-12-02,Low,Closed
6302,1922,2024-11-24,Medium,In Progress
6303,1159,2024-02-29,High,Closed
6304,3653,2026-06-13,Medium,Closed
6305,5001,2025-03-30,Low,Closed
6306,4828,2023-12-22,High,Closed
6307,1854,2025-08-26,Low,Closed
6308,3239,2025-04-03,Low,Closed
6309,2362,2025-02-03,Low,Open
6310,2567,2024-07-18,Low,Closed
6311,4666,2024-08-17,Low,Open
6312,3200,2025-03-31,High,Closed
6313,4598,2025-12-02,Low,Closed
6314,2678,2024-02-25,Medium,Closed
6315,2116,2024-07-09,Medium,Closed
6316,1386,2026-03-31,Low,Closed
6317,5496,2025-10-19,Medium,Closed
6318,3181,2023-10-08,Medium,Closed
6319,1901,2023-11-08,Medium,Closed
6320,2029,2023-07-18,Medium,In Progress
6321,2303,2023-09-14,High,Closed
6322,1917,2025-03-18,Medium,Closed
6323,5506,2025-02-04,Medium,Closed
6324,3780,2024-02-15,Medium,Closed
6325,3981,2024-09-18,Medium,Closed
6326,4867,2025-12-15,Low,Closed
6327,2626,2024-12-31,Medium,In Progress
6328,2389,2023-08-25,Medium,In Progress
6329,2688,2024-04-16,Critical,In Progress
6330,5339,2023-10-23,Low,Closed
6331,4879,2023-08-22,Medium,Closed
6332,1821,2025-05-25,High,Closed
6333,1779,2024-11-17,High,Closed
6334,1738,2023-11-27,Low,Closed
6335,3627,2025-06-11,Low,Closed
6336,2040,2025-02-25,Medium,Closed
6337,5605,2023-07-02,High,Closed
6338,4381,2024-04-22,Medium,Closed
6339,1398,2023-10-24,Low,Closed
6340,4088,2025-04-22,Low,Closed
6341,2424,2026-02-10,Low,Open
6342,1610,2023-08-25,Low,Open
6343,4451,2025-05-26,High,Closed
6344,5107,2025-10-24,Low,Closed
6345,3519,2026-06-19,Medium,Closed
6346,4035,2025-04-06,High,In Progress
6347,3343,2024-04-11,Low,In Progress
6348,1266,2026-02-10,Low,Closed
6349,3563,2024-04-09,Medium,Closed
6350,4086,2026-02-17,Medium,Closed
6351,3467,2025-01-20,Low,Closed
6352,2292,2026-05-18,Medium,Closed
6353,2274,2024-06-23,High,Closed
6354,3925,2025-02-04,Low,Closed
6355,5354,2025-10-10,Low,Closed
6356,1527,2025-12-24,High,In Progress
6357,4760,2026-05-09,Low,Closed
6358,2752,2023-09-26,Low,In Progress
6359,5033,2024-07-29,High,In Progress
6360,2427,2025-03-27,Medium,Closed
6361,3066,2024-11-27,Low,Closed
6362,3878,2023-10-29,High,Open
6363,5871,2026-03-18,Medium,Closed
6364,1007,2024-09-29,Low,Closed
6365,3933,2026-05-02,Critical,Open
6366,3497,2026-03-15,High,Closed
6367,5373,2023-10-04,Low,Closed
6368,2180,2025-07-31,High,Closed
6369,4366,2025-06-26,Low,Closed
6370,2419,2025-08-25,Low,Open
6371,4803,2023-09-25,Medium,Closed
6372,4080,2026-05-29,Low,Closed
6373,5854,2025-06-05,High,Closed
6374,3550,2025-10-10,Medium,In Progress
6375,2774,2024-02-12,Low,Closed
6376,2964,2023-07-09,High,Open
6377,2427,2025-08-25,Low,Closed
6378,4876,2024-08-12,Critical,Closed
6379,1823,2024-01-05,Medium,Closed
6380,2387,2025-05-26,Low,Open
6381,2613,2026-01-09,Medium,Closed
6382,5239,2025-08-15,Low,Closed
6383,5926,2025-02-09,Low,Closed
6384,3582,2024-12-09,Critical,Closed
6385,5875,2024-12-20,Low,Open
6386,3990,2023-12-14,Medium,Closed
6387,1831,2024-08-08,Medium,Closed
6388,1259,2025-01-04,Low,In Progress
6389,3541,2024-01-01,Low,Closed
6390,3727,2026-04-28,Low,Closed
6391,4428,2024-10-09,Low,In Progress
6392,4735,2025-05-07,Low,Closed
6393,1774,2025-12-09,Low,Closed
6394,3626,2024-10-09,High,In Progress
6395,1942,2023-12-07,Critical,In Progress
6396,3168,2025-02-25,High,Closed
6397,2490,2025-10-03,High,Closed
6398,5871,2025-08-11,Medium,Closed
6399,5257,2023-08-10,Low,Closed
6400,1310,2025-02-13,Low,Closed
6401,3947,2024-01-16,Medium,Closed
6402,4026,2023-06-30,Low,Closed
6403,2087,2024-02-03,Medium,In Progress
6404,5066,2024-10-07,Medium,Closed
6405,3800,2023-11-01,Critical,Closed
6406,1665,2024-04-21,Medium,Closed
6407,2688,2024-01-16,Medium,Closed
6408,2857,2024-05-04,Low,In Progress
6409,1983,2026-06-01,Medium,Closed
6410,5192,2024-01-10,Low,Closed
6411,2889,2025-07-27,High,Closed
6412,3573,2024-06-09,Medium,Closed
6413,2357,2023-12-04,Low,Closed
6414,2093,2024-06-21,High,Closed
6415,2211,2024-10-20,Low,Closed
6416,4138,2024-03-17,Low,Closed
6417,3467,2026-02-25,Low,Closed
6418,2885,2025-02-21,High,In Progress
6419,1947,2025-06-29,Medium,Closed
6420,3420,2024-06-17,Low,In Progress
6421,5731,2024-12-10,Low,In Progress
6422,4637,2025-04-22,Medium,Closed
6423,1351,2023-11-15,Medium,Closed
6424,2991,2024-04-22,Low,In Progress
6425,1606,2025-09-12,Critical,Closed
6426,1200,2024-06-02,High,In Progress
6427,4056,2023-07-27,Low,Closed
6428,3264,2026-06-15,Medium,Closed
6429,2192,2025-01-23,High,Open
6430,3712,2024-04-25,Low,Closed
6431,3161,2025-07-22,Low,In Progress
6432,5688,2025-04-17,High,Open
6433,3549,2025-06-07,Low,In Progress
6434,4128,2024-04-11,Low,In Progress
6435,5155,2026-02-12,Medium,Open
6436,2253,2023-08-27,Medium,Closed
6437,3026,2024-08-25,Medium,Closed
6438,1051,2025-01-17,Low,Closed
6439,4813,2025-09-25,Low,Closed
6440,2846,2024-08-14,High,Closed
6441,5887,2023-08-04,Low,Closed
6442,4760,2025-09-05,Medium,In Progress
6443,4429,2023-07-09,Medium,Closed
6444,2982,2025-04-23,Low,Closed
6445,5907,2024-10-26,Low,In Progress
6446,1165,2025-01-25,High,Closed
6447,4441,2025-06-07,Critical,Closed
6448,2454,2023-09-10,High,In Progress
6449,5572,2025-06-18,Medium,In Progress
6450,2239,2025-04-02,Medium,Closed
6451,1589,2024-07-27,High,Closed
6452,4489,2025-05-31,Medium,Closed
6453,3839,2025-03-23,Low,Open
6454,3960,2026-01-16,Medium,In Progress
6455,2150,2023-11-26,Medium,Closed
6456,5294,2025-08-29,Medium,In Progress
6457,5646,2024-02-03,Low,Closed
6458,5562,2025-03-26,Medium,In Progress
6459,1293,2025-08-14,Medium,Closed
6460,5304,2026-05-21,Low,Closed
6461,2467,2023-10-09,Medium,Closed
6462,4841,2024-09-08,Medium,Closed
6463,1877,2025-10-23,Medium,Closed
6464,3575,2026-01-09,Medium,In Progress
6465,2682,2023-07-10,High,Closed
6466,4272,2025-06-26,Medium,Closed
6467,2540,2026-06-19,High,Closed
6468,3846,2024-10-01,Medium,Closed
6469,4190,2026-03-03,Medium,Closed
6470,4312,2024-12-28,Low,In Progress
6471,5545,2023-11-28,Medium,Closed
6472,3216,2025-06-30,Low,Open
6473,1052,2025-11-07,High,Closed
6474,5733,2026-01-03,Medium,Closed
6475,2495,2025-12-15,Medium,Closed
6476,4076,2026-01-26,Medium,Closed
6477,3449,2024-05-04,High,Closed
6478,3710,2025-01-10,Low,Closed
6479,3010,2026-01-21,Medium,Closed
6480,3852,2026-06-04,Low,In Progress
6481,3631,2023-12-07,High,Closed
6482,5847,2026-03-26,Medium,In Progress
6483,4082,2023-07-11,Low,Closed
6484,2903,2024-01-02,High,Closed
6485,4164,2024-09-30,Medium,Closed
6486,2733,2024-07-25,Low,Closed
6487,2662,2023-10-01,Medium,In Progress
6488,3813,2023-09-18,Medium,Closed
6489,1027,2024-04-07,Low,Open
6490,5549,2025-04-20,Critical,Closed
6491,4566,2026-03-06,Medium,In Progress
6492,4313,2023-07-18,Low,Closed
6493,3332,2024-10-27,Medium,Closed
6494,4847,2026-03-14,Critical,Closed
6495,1655,2026-02-21,High,Closed
6496,2657,2023-11-07,Medium,Closed
6497,5261,2025-06-13,Low,Open
6498,2011,2023-10-21,Low,Closed
6499,2822,2024-02-19,Medium,Closed
6500,2720,2023-08-01,Critical,Closed
6501,1662,2023-11-22,High,In Progress
6502,4368,2025-09-08,High,Closed
6503,3638,2025-03-30,Low,Closed
6504,4546,2025-02-01,Critical,Closed
6505,5405,2025-12-22,Low,Closed
6506,1661,2024-04-30,Medium,Closed
6507,3735,2025-05-22,Low,Closed
6508,1163,2026-05-31,High,Closed
6509,5164,2024-02-29,Medium,Closed
6510,5228,2026-02-21,Low,Closed
6511,2922,2023-10-15,Low,Closed
6512,1936,2024-07-08,Low,Closed
6513,4949,2023-11-24,Medium,Closed
6514,3606,2024-12-27,Low,In Progress
6515,1474,2025-05-01,High,Closed
6516,2088,2025-08-24,Low,Open
6517,4748,2025-06-21,Medium,Closed
6518,1195,2024-12-17,Low,Closed
6519,3773,2023-12-19,Critical,Closed
6520,3570,2025-06-20,High,Closed
6521,5393,2024-10-28,Critical,Closed
6522,2017,2023-12-05,Medium,Closed
6523,4224,2026-06-07,Low,Closed
6524,4472,2023-08-05,Critical,Closed
6525,4767,2026-02-03,Low,Closed
6526,1972,2023-10-04,Critical,In Progress
6527,1298,2025-02-01,Medium,Closed
6528,2329,2026-02-06,Medium,Closed
6529,4510,2025-07-25,Medium,Closed
6530,4531,2025-09-03,Medium,Closed
6531,1056,2025-05-06,Medium,Closed
6532,5101,2024-10-01,Medium,In Progress
6533,1464,2024-06-05,Medium,Closed
6534,3000,2025-05-05,Critical,Open
6535,4258,2025-10-11,High,Closed
6536,5147,2025-11-13,Medium,Closed
6537,3470,2023-08-21,Low,Closed
6538,4722,2024-07-31,Low,Closed
6539,5284,2025-04-11,Medium,Closed
6540,1757,2025-03-15,Medium,Closed
6541,4621,2024-05-24,Critical,Closed
6542,2239,2026-01-12,High,Closed
6543,2138,2024-06-16,High,Closed
6544,2791,2024-04-17,High,In Progress
6545,5431,2026-06-14,Medium,Closed
6546,3586,2026-06-14,High,In Progress
6547,3262,2024-03-30,Medium,Closed
6548,1880,2025-01-29,Low,Closed
6549,2800,2024-12-24,Medium,Closed
6550,2769,2026-06-08,Low,Closed
6551,5003,2024-05-31,High,In Progress
6552,3172,2024-04-20,Medium,Open
6553,5831,2025-06-28,Low,Closed
6554,2115,2023-10-08,Medium,Closed
6555,1709,2024-10-03,Critical,Open
6556,3124,2023-07-17,Low,Closed
6557,5872,2025-08-07,Medium,Closed
6558,4931,2025-02-27,Medium,Open
6559,1650,2025-12-04,Critical,Closed
6560,4467,2025-10-20,Low,In Progress
6561,5218,2026-06-08,Low,Closed
6562,5495,2025-12-25,Medium,In Progress
6563,3350,2025-03-05,Low,Closed
6564,3151,2024-04-07,Low,Open
6565,2148,2023-09-01,Critical,Closed
6566,4671,2026-05-17,Critical,Closed
6567,5433,2026-03-24,Critical,Closed
6568,3258,2025-01-21,Low,Closed
6569,3349,2024-08-19,Medium,Closed
6570,3176,2024-08-07,High,In Progress
6571,1162,2024-04-16,Medium,In Progress
6572,1986,2024-01-19,Critical,Closed
6573,3674,2023-10-16,Medium,Closed
6574,2932,2025-08-01,Medium,In Progress
6575,3238,2025-10-09,Low,Closed
6576,3687,2023-11-05,Medium,Closed
6577,2777,2023-11-16,High,Closed
6578,5247,2024-05-10,Low,In Progress
6579,2667,2025-06-02,High,Closed
6580,3987,2026-03-17,High,Closed
6581,4959,2025-07-16,Low,Closed
6582,3819,2023-12-03,Medium,Closed
6583,4524,2025-05-06,Medium,Closed
6584,4486,2023-10-01,High,In Progress
6585,1948,2024-08-23,Low,Closed
6586,3217,2024-07-02,High,In Progress
6587,2090,2023-07-16,High,Closed
6588,2902,2023-12-07,Critical,Closed
6589,4772,2023-08-03,High,Closed
6590,1408,2026-02-21,Medium,Closed
6591,2100,2024-03-25,Medium,Closed
6592,2268,2023-11-29,Low,In Progress
6593,5998,2024-01-25,High,Closed
6594,1706,2024-01-02,Critical,In Progress
6595,2642,2024-05-23,Low,Closed
6596,3939,2024-07-15,High,Closed
6597,2580,2025-02-13,Medium,Closed
6598,1480,2024-05-07,Medium,Closed
6599,3501,2024-07-20,Low,Closed
6600,3577,2025-07-27,Medium,Closed
6601,5035,2025-01-17,High,Closed
6602,2153,2024-05-07,Medium,In Progress
6603,3454,2025-11-20,Critical,Open
6604,5335,2025-04-25,Critical,Closed
6605,3975,2024-10-29,Medium,Closed
6606,2438,2025-08-25,Low,Closed
6607,1301,2026-02-16,High,Closed
6608,5033,2024-11-07,Critical,Closed
6609,4051,2026-04-04,High,Closed
6610,1328,2025-02-04,Medium,Closed
6611,3989,2025-07-10,Low,Open
6612,1933,2024-10-07,High,Closed
6613,2339,2026-05-12,Low,In Progress
6614,3119,2025-02-24,High,In Progress
6615,4866,2023-12-11,High,Closed
6616,2644,2023-11-10,High,Closed
6617,2421,2024-02-06,Medium,Closed
6618,5525,2025-05-10,Medium,Closed
6619,4846,2026-02-15,Low,Closed
6620,1168,2026-02-28,Medium,Closed
6621,3357,2026-02-01,Medium,Closed
6622,5548,2025-02-18,Medium,Closed
6623,3818,2025-08-23,Low,In Progress
6624,1747,2025-04-16,Critical,Closed
6625,5370,2023-09-14,Low,Closed
6626,1523,2025-10-23,High,Open
6627,1216,2023-11-30,High,Closed
6628,4699,2024-02-06,Medium,In Progress
6629,3210,2024-04-01,Medium,Closed
6630,4740,2024-04-26,Medium,Closed
6631,4736,2024-06-08,Low,Closed
6632,4569,2025-11-11,High,Closed
6633,1969,2025-12-07,Low,Closed
6634,1331,2024-11-07,Low,Closed
6635,2648,2026-02-17,High,In Progress
6636,2225,2023-07-04,Medium,Closed
6637,3017,2026-01-15,High,Closed
6638,3586,2025-12-23,High,Closed
6639,1987,2025-02-09,Medium,Closed
6640,1064,2024-05-18,Medium,Closed
6641,1105,2025-09-30,Medium,Closed
6642,5739,2025-08-23,High,In Progress
6643,1923,2024-02-02,Low,Closed
6644,4897,2024-07-10,Critical,Closed
6645,4873,2023-12-29,Low,Closed
6646,5842,2024-06-06,High,Closed
6647,1498,2024-03-09,Low,Closed
6648,3229,2024-04-18,Critical,Open
6649,3653,2026-06-21,High,Closed
6650,1107,2024-10-25,Low,Closed
6651,3233,2025-01-26,Low,Open
6652,1528,2025-06-13,Low,Closed
6653,4737,2025-12-08,Medium,Closed
6654,2154,2024-03-30,Medium,Closed
6655,1732,2025-06-23,Medium,Closed
6656,4477,2025-07-02,Medium,In Progress
6657,2705,2025-02-19,Medium,In Progress
6658,3943,2026-03-16,Low,In Progress
6659,5240,2024-08-02,Medium,Closed
6660,4735,2023-12-06,Medium,Closed
6661,3560,2025-02-08,High,Closed
6662,2941,2025-08-28,High,Closed
6663,2087,2026-06-09,Medium,In Progress
6664,3824,2024-02-15,High,Open
6665,3981,2024-01-01,Medium,Open
6666,3042,2025-12-17,Critical,Closed
6667,1322,2026-01-09,Low,Closed
6668,2150,2024-04-07,Medium,Closed
6669,3164,2025-01-10,Low,Closed
6670,1579,2023-10-20,Low,Closed
6671,2284,2025-08-03,Medium,In Progress
6672,5584,2024-06-15,Medium,In Progress
6673,5160,2026-03-05,Medium,Open
6674,2036,2025-12-18,Medium,Closed
6675,5614,2025-02-12,Critical,Closed
6676,2898,2024-04-16,Low,Closed
6677,4455,2024-09-05,Low,Closed
6678,4028,2025-06-22,Low,Closed
6679,4003,2025-10-10,Low,Closed
6680,1662,2024-06-11,Low,Closed
6681,3748,2026-03-11,Medium,Closed
6682,1564,2024-12-26,Low,Closed
6683,2749,2024-05-02,Medium,Open
6684,2260,2026-02-10,Low,Closed
6685,5769,2026-06-06,High,In Progress
6686,1753,2024-03-24,Medium,In Progress
6687,2606,2026-02-25,Critical,Closed
6688,3910,2024-03-19,High,Closed
6689,5610,2025-02-03,Low,Closed
6690,2647,2024-04-15,Low,Open
6691,4889,2025-11-19,Medium,Closed
6692,1021,2025-08-11,High,In Progress
6693,5706,2024-10-30,High,Closed
6694,5899,2024-06-16,High,Closed
6695,2155,2025-05-03,Low,Closed
6696,1549,2026-02-03,Low,Closed
6697,3320,2024-02-24,Medium,In Progress
6698,4932,2025-02-07,Low,Closed
6699,2419,2025-04-19,Low,Closed
6700,1785,2024-07-11,Low,Closed
6701,2946,2024-05-02,Low,In Progress
6702,4825,2024-09-13,Medium,Closed
6703,3510,2023-11-28,Medium,Closed
6704,4328,2024-03-19,Critical,Closed
6705,4984,2024-02-10,Medium,Closed
6706,2834,2026-05-06,High,Closed
6707,4699,2026-02-26,High,Closed
6708,5924,2025-06-19,Medium,Closed
6709,5565,2025-03-08,Low,Closed
6710,3851,2025-05-27,Low,Closed
6711,5457,2023-08-01,Low,In Progress
6712,1882,2024-07-14,High,Closed
6713,2706,2025-04-18,Critical,In Progress
6714,2147,2025-07-06,High,Closed
6715,4410,2024-11-05,Low,Open
6716,4448,2025-03-09,Critical,Closed
6717,1349,2023-12-23,Critical,Closed
6718,2809,2024-12-05,High,Closed
6719,4131,2026-04-03,High,Closed
6720,1484,2025-11-06,High,In Progress
6721,3572,2024-06-01,Low,Closed
6722,3848,2023-12-27,High,In Progress
6723,2928,2025-02-19,Medium,Closed
6724,5258,2023-09-19,Low,Closed
6725,3461,2025-04-14,Medium,Closed
6726,5702,2025-05-27,Medium,Closed
6727,1232,2025-04-10,Low,Closed
6728,4883,2023-09-29,Critical,Closed
6729,5707,2025-05-29,Medium,Closed
6730,4990,2023-10-29,Low,Closed
6731,3900,2023-10-13,Medium,Closed
6732,3468,2025-09-18,Low,Closed
6733,3618,2026-04-13,Low,In Progress
6734,5415,2025-05-04,Medium,Closed
6735,5616,2026-04-29,Medium,Closed
6736,2061,2026-06-20,Low,Closed
6737,2106,2025-12-16,Low,Closed
6738,4860,2024-03-21,Low,In Progress
6739,1354,2024-04-01,Low,Closed
6740,5449,2026-04-09,Critical,Closed
6741,2000,2025-03-25,High,Closed
6742,3851,2026-06-20,Low,Closed
6743,2795,2024-03-11,Medium,Closed
6744,2218,2025-02-13,Medium,Closed
6745,5750,2025-06-25,Medium,In Progress
6746,5104,2025-04-10,Medium,Closed
6747,2468,2025-01-12,High,Closed
6748,3790,2023-11-22,Medium,Closed
6749,5747,2025-01-06,Low,In Progress
6750,1213,2025-07-05,Medium,In Progress
6751,5561,2025-07-18,High,Closed
6752,2944,2025-10-12,High,Closed
6753,5534,2024-02-17,High,Closed
6754,3946,2024-08-03,Low,Closed
6755,3898,2026-05-21,High,In Progress
6756,4874,2024-12-04,Low,In Progress
6757,1533,2025-02-24,Low,Closed
6758,5285,2024-08-31,Medium,Closed
6759,4315,2025-06-26,High,Closed
6760,4588,2025-03-09,Low,Closed
6761,2267,2023-11-03,Medium,In Progress
6762,1228,2026-01-27,Low,Open
6763,5896,2026-03-09,Critical,In Progress
6764,1738,2025-05-21,Low,Closed
6765,1130,2024-09-15,Low,Closed
6766,2008,2023-09-01,Medium,In Progress
6767,2076,2025-10-29,Medium,Closed
6768,2553,2025-08-11,Low,Closed
6769,2393,2025-08-11,Low,Open
6770,2668,2023-10-28,Low,In Progress
6771,2744,2024-11-19,Low,In Progress
6772,1330,2025-02-16,Medium,Closed
6773,3526,2026-02-03,Low,Closed
6774,5934,2023-10-31,Medium,Closed
6775,3108,2026-01-07,Low,Closed
6776,5636,2024-03-28,Critical,Closed
6777,2334,2025-01-01,High,In Progress
6778,3814,2025-11-04,Low,Closed
6779,3725,2025-03-02,Critical,Closed
6780,4255,2025-10-05,Low,Closed
6781,1961,2025-10-09,High,Closed
6782,2581,2025-10-18,Low,In Progress
6783,3073,2025-03-21,Low,Closed
6784,2798,2025-08-27,Medium,In Progress
6785,5490,2024-04-06,Low,Closed
6786,5941,2023-12-24,Low,Closed
6787,4249,2023-06-29,High,Closed
6788,5242,2023-10-10,Medium,In Progress
6789,3594,2026-06-04,High,Closed
6790,4750,2023-10-06,Medium,Open
6791,3599,2026-01-13,High,Closed
6792,5696,2025-04-15,Medium,Closed
6793,5253,2025-11-08,Critical,Closed
6794,3258,2026-01-27,Medium,Closed
6795,3952,2023-11-11,Medium,Closed
6796,1787,2024-01-11,Low,Open
6797,5180,2026-03-16,Low,Closed
6798,2826,2024-05-29,Low,Closed
6799,2016,2025-11-03,Low,In Progress
6800,4714,2025-07-18,Low,Closed
6801,5096,2023-07-05,Low,Closed
6802,4001,2025-08-20,Medium,Closed
6803,3094,2023-09-25,Medium,Closed
6804,1558,2025-01-07,Medium,Closed
6805,3608,2024-02-09,Low,Closed
6806,3296,2024-07-14,Low,Closed
6807,4165,2025-05-12,Medium,Closed
6808,4704,2025-06-15,Medium,Closed
6809,2224,2024-05-06,Medium,Closed
6810,1424,2025-09-01,Medium,In Progress
6811,2842,2024-03-29,Medium,Closed
6812,2265,2025-01-05,Medium,Closed
6813,4240,2026-03-22,Medium,Closed
6814,1575,2025-07-17,Low,Closed
6815,3400,2023-12-26,Low,Closed
6816,1827,2023-07-07,High,In Progress
6817,3605,2024-04-20,Medium,Closed
6818,1504,2024-01-14,Medium,Closed
6819,1472,2024-03-02,Critical,Closed
6820,5253,2024-03-25,Low,Closed
6821,2648,2025-08-16,Low,Closed
6822,1300,2025-06-26,Low,Closed
6823,3323,2024-01-22,High,Closed
6824,1303,2024-07-07,High,Closed
6825,2481,2024-05-14,Low,Closed
6826,4394,2025-09-30,Low,In Progress
6827,3910,2024-01-19,Medium,In Progress
6828,1447,2024-05-11,Critical,Open
6829,2761,2024-06-15,Medium,Closed
6830,4052,2024-11-19,Critical,Closed
6831,2632,2026-03-13,Low,Closed
6832,5090,2024-05-07,Low,Closed
6833,5839,2026-05-19,Medium,Closed
6834,3654,2024-10-29,High,Closed
6835,1797,2025-12-10,Medium,Closed
6836,5658,2024-05-15,High,Closed
6837,5287,2023-07-12,Low,Closed
6838,2482,2024-11-06,High,Closed
6839,2123,2024-05-16,Medium,Closed
6840,3928,2024-01-11,High,Closed
6841,1469,2024-08-19,High,Closed
6842,5501,2024-08-20,Low,Open
6843,3324,2024-07-09,Medium,Closed
6844,2580,2026-05-02,High,In Progress
6845,1015,2024-03-12,Critical,Closed
6846,1324,2026-01-03,Medium,Closed
6847,5202,2024-10-15,Low,Closed
6848,1014,2024-11-25,Low,In Progress
6849,1334,2025-02-04,Medium,Closed
6850,1783,2026-03-09,High,In Progress
6851,3636,2025-05-24,Medium,Closed
6852,3227,2024-06-02,High,Closed
6853,4746,2025-09-26,Low,Closed
6854,1917,2025-09-05,Medium,Closed
6855,1457,2025-12-22,High,Closed
6856,4947,2025-01-13,High,In Progress
6857,3631,2025-02-12,Critical,Closed
6858,3743,2025-10-09,Medium,Closed
6859,5870,2023-12-23,Low,Closed
6860,5636,2023-09-28,High,Open
6861,2677,2026-04-05,Low,Closed
6862,5933,2024-06-17,Medium,Closed
6863,5831,2023-11-19,Medium,Closed
6864,2801,2025-06-10,Medium,Closed
6865,4317,2025-10-19,Low,Closed
6866,1509,2024-03-08,Medium,Closed
6867,2890,2024-05-21,High,In Progress
6868,3408,2026-06-22,Critical,Closed
6869,4076,2024-09-29,Low,Open
6870,1233,2024-05-20,Medium,Open
6871,5307,2024-12-21,Critical,Closed
6872,4386,2024-09-17,Medium,Closed
6873,2508,2023-09-17,Low,Closed
6874,1651,2025-10-01,Low,Closed
6875,5305,2025-03-22,Medium,Closed
6876,3944,2023-12-20,Medium,Closed
6877,3557,2023-07-27,Low,Open
6878,5043,2023-08-30,High,Closed
6879,4253,2023-12-06,High,Closed
6880,4819,2025-09-21,Critical,In Progress
6881,3421,2026-01-03,Medium,Closed
6882,4444,2023-08-26,Medium,Closed
6883,5540,2024-05-08,Critical,Closed
6884,5790,2025-07-30,Low,Closed
6885,2025,2023-07-26,Medium,Closed
6886,4941,2024-08-24,Low,Closed
6887,1274,2026-06-24,High,Closed
6888,3855,2024-02-17,High,Closed
6889,4168,2025-07-19,Medium,Closed
6890,4918,2026-05-09,Medium,Closed
6891,3616,2024-04-04,Medium,Closed
6892,5184,2023-12-31,Medium,Closed
6893,4936,2026-02-02,Critical,Closed
6894,1657,2026-06-01,High,Closed
6895,3517,2025-04-22,Medium,Closed
6896,2359,2025-01-30,Medium,Open
6897,2499,2023-07-27,Low,In Progress
6898,1532,2024-07-26,Critical,Closed
6899,1928,2023-07-02,Medium,Closed
6900,1348,2025-05-31,High,Closed
6901,3631,2023-12-24,Low,Closed
6902,1085,2023-11-06,Medium,Closed
6903,5695,2025-11-17,Medium,Closed
6904,2493,2025-06-16,Low,In Progress
6905,5646,2023-11-08,Low,Closed
6906,1398,2023-07-05,High,Closed
6907,3186,2024-11-09,High,Closed
6908,4874,2024-03-09,High,Closed
6909,5765,2023-09-29,Medium,Closed
6910,4962,2024-11-25,Low,Closed
6911,5674,2024-06-09,High,In Progress
6912,2562,2024-06-30,Low,Open
6913,4943,2025-02-05,High,Closed
6914,4227,2024-08-15,Medium,Closed
6915,3014,2026-05-18,Medium,In Progress
6916,3339,2023-12-15,Medium,Closed
6917,2564,2024-11-15,Low,Closed
6918,3874,2024-09-08,Critical,In Progress
6919,2861,2024-11-09,Medium,Closed
6920,3805,2024-07-13,High,Closed
6921,4781,2026-03-25,Medium,Closed
6922,3205,2023-12-18,Medium,Open
6923,4883,2026-03-11,Critical,Closed
6924,3144,2025-04-04,High,Closed
6925,5121,2025-05-06,Low,Closed
6926,4527,2025-12-15,Low,In Progress
6927,1292,2025-03-05,Medium,Open
6928,5239,2024-07-09,High,Closed
6929,2011,2025-05-23,High,Closed
6930,4169,2023-09-20,Low,Closed
6931,5840,2025-05-07,Low,Closed
6932,2450,2026-03-12,Low,Closed
6933,2439,2023-10-03,High,Closed
6934,1331,2025-11-06,Medium,Closed
6935,2883,2026-05-10,Low,Closed
6936,4346,2024-03-23,Medium,In Progress
6937,1266,2026-05-19,Low,Closed
6938,2815,2025-09-26,Low,Closed
6939,5055,2025-02-04,High,Closed
6940,5157,2025-08-03,Critical,Closed
6941,5139,2024-02-08,Medium,Closed
6942,5736,2025-08-23,Critical,Closed
6943,1668,2023-07-07,Medium,Closed
6944,2581,2025-03-12,Medium,Closed
6945,2281,2023-09-18,Low,Closed
6946,4638,2024-03-24,High,In Progress
6947,4143,2026-06-05,Low,In Progress
6948,1769,2024-04-14,Low,Closed
6949,2399,2025-06-14,Low,Closed
6950,4228,2025-08-29,Low,In Progress
6951,2405,2026-05-18,Low,Closed
6952,1906,2025-07-12,High,Closed
6953,4377,2025-10-07,Low,Closed
6954,4941,2023-09-30,Critical,In Progress
6955,1209,2023-12-13,Medium,Open
6956,4557,2024-08-19,High,Closed
6957,3733,2024-02-02,High,Closed
6958,1138,2026-02-26,Low,Closed
6959,3370,2023-07-21,Medium,Closed
6960,1718,2025-12-20,Medium,Closed
6961,1217,2025-07-18,Low,Closed
6962,5113,2026-04-25,High,Closed
6963,4174,2025-06-21,Medium,Closed
6964,1829,2026-01-08,High,Closed
6965,1699,2023-10-05,Medium,Closed
6966,3056,2025-12-12,Low,Closed
6967,3104,2023-09-14,High,Closed
6968,4652,2025-11-02,Critical,Closed
6969,5621,2026-05-21,Medium,In Progress
6970,5888,2024-05-07,Critical,Closed
6971,5177,2025-12-26,High,Closed
6972,3027,2024-02-28,Medium,Open
6973,3823,2025-11-09,High,Closed
6974,1215,2026-03-04,Medium,Closed
6975,2288,2025-09-13,Low,Closed
6976,4183,2025-06-18,High,Closed
6977,2034,2025-03-16,Medium,In Progress
6978,4770,2026-02-27,Medium,In Progress
6979,1496,2023-12-15,Low,Closed
6980,5806,2025-09-29,Medium,Closed
6981,1888,2024-03-08,Low,Closed
6982,1787,2023-10-23,Critical,Closed
6983,4441,2023-09-25,Low,Closed
6984,1850,2023-11-11,Medium,Closed
6985,3106,2024-08-25,Low,In Progress
6986,4060,2024-12-12,Medium,Closed
6987,2300,2023-06-27,High,Closed
6988,4862,2024-02-13,Low,Open
6989,1465,2025-10-28,Medium,In Progress
6990,5825,2025-09-15,Critical,Closed
6991,3361,2024-02-07,Medium,Open
6992,4338,2023-07-19,High,Open
6993,2968,2024-04-28,Medium,Closed
6994,5815,2025-05-28,Low,In Progress
6995,2829,2025-12-03,High,Closed
6996,1055,2025-07-24,Critical,Closed
6997,3918,2026-01-25,High,In Progress
6998,3799,2024-10-06,Critical,Closed
6999,5560,2023-08-10,Low,Closed
7000,1062,2023-09-30,High,Open
7001,3642,2023-09-17,Medium,In Progress
7002,3817,2026-05-16,Medium,Closed
7003,5083,2025-04-24,Low,In Progress
7004,4406,2023-08-30,Low,Closed
7005,3357,2024-01-14,Low,In Progress
7006,1263,2025-01-18,Medium,Open
7007,1873,2024-03-28,Medium,Closed
7008,3542,2025-09-27,Medium,Closed
7009,5684,2024-07-25,Low,Closed
7010,5064,2025-01-16,Low,Closed
7011,2538,2025-11-12,Medium,Open
7012,4198,2026-05-17,Low,In Progress
7013,1275,2025-06-17,Low,Closed
7014,3853,2024-10-15,Medium,Closed
7015,3369,2024-12-09,High,Open
7016,4690,2024-06-01,Low,Closed
7017,1200,2026-01-25,Medium,Closed
7018,2488,2024-01-10,Medium,In Progress
7019,3094,2024-12-27,Medium,Closed
7020,1581,2023-12-21,Medium,Closed
7021,1244,2024-05-04,Low,Closed
7022,2831,2026-03-30,Low,Closed
7023,3935,2026-01-18,Low,Closed
7024,1039,2024-06-10,High,Closed
7025,3265,2024-11-06,Medium,Open
7026,5244,2024-07-06,Medium,Closed
7027,3465,2024-12-11,High,Closed
7028,2444,2023-09-05,Low,Closed
7029,3649,2025-09-25,Low,Closed
7030,2728,2023-12-22,Low,Closed
7031,2419,2023-10-26,Low,Closed
7032,5950,2025-10-30,High,Closed
7033,3128,2025-10-25,Low,In Progress
7034,5866,2023-11-26,Medium,Closed
7035,2235,2026-03-13,Medium,Closed
7036,3216,2024-10-12,Medium,Closed
7037,4741,2023-12-13,Low,Open
7038,5943,2025-03-07,High,Closed
7039,4780,2024-02-05,Medium,Closed
7040,5863,2025-03-20,Low,Closed
7041,3526,2025-10-05,Medium,In Progress
7042,4594,2025-12-06,Low,Closed
7043,4729,2025-05-04,Medium,Closed
7044,4270,2025-11-21,Medium,Closed
7045,1034,2025-12-10,Critical,Closed
7046,4083,2025-05-18,Medium,Closed
7047,4069,2024-09-16,Low,Closed
7048,1666,2025-01-08,Low,Closed
7049,4594,2026-01-14,Medium,Closed
7050,3746,2025-06-28,Medium,In Progress
7051,5412,2023-10-01,High,Closed
7052,4592,2024-07-23,Medium,Closed
7053,2353,2024-08-09,Low,Closed
7054,2979,2025-03-03,Medium,Closed
7055,5915,2026-04-16,Low,Open
7056,5715,2026-03-19,Low,Closed
7057,1427,2023-10-04,Critical,In Progress
7058,2086,2026-03-27,Low,Closed
7059,2820,2024-02-09,Medium,Closed
7060,1366,2024-12-12,Low,Closed
7061,3583,2025-08-07,Low,Open
7062,3166,2025-09-20,High,Closed
7063,4661,2024-06-15,High,Closed
7064,2433,2025-12-02,Medium,Closed
7065,4447,2026-03-25,Medium,Closed
7066,4885,2024-06-14,High,Closed
7067,2557,2023-07-28,High,Closed
7068,2248,2025-06-15,Low,Closed
7069,1563,2025-03-04,Low,Closed
7070,5965,2025-03-05,Low,Open
7071,5559,2024-12-01,Medium,Open
7072,5259,2025-01-31,Low,Closed
7073,4062,2025-07-17,Low,Closed
7074,2448,2026-06-06,High,Closed
7075,3283,2024-08-14,Low,Closed
7076,4528,2026-04-06,Low,Open
7077,4309,2023-09-19,High,Closed
7078,3087,2024-09-21,Critical,Closed
7079,2639,2023-10-30,Medium,In Progress
7080,1681,2025-02-23,Critical,Closed
7081,4208,2024-08-13,Medium,Closed
7082,1340,2026-06-23,Medium,Closed
7083,5116,2026-01-23,Medium,Open
7084,2689,2025-10-20,High,Closed
7085,3229,2026-06-19,Low,Closed
7086,2780,2023-08-16,Low,Closed
7087,4297,2025-10-23,Critical,Closed
7088,4380,2023-08-25,Low,Closed
7089,3505,2025-09-03,Critical,Closed
7090,5367,2024-06-19,Medium,In Progress
7091,5606,2025-02-04,High,Closed
7092,3067,2023-10-23,Medium,Closed
7093,3169,2024-05-02,High,In Progress
7094,1358,2023-07-03,Low,Closed
7095,3153,2023-12-18,Medium,Closed
7096,3972,2025-04-25,Low,In Progress
7097,2184,2025-02-02,Medium,Closed
7098,4296,2026-06-14,Medium,Closed
7099,3826,2025-01-16,Medium,Closed
7100,2292,2026-04-07,High,Closed
7101,2195,2026-03-23,Critical,Closed
7102,4067,2023-11-19,High,In Progress
7103,2001,2025-06-14,High,Closed
7104,3363,2024-11-16,Low,Closed
7105,1330,2023-09-23,Low,Closed
7106,4004,2025-10-13,Low,Closed
7107,2997,2025-03-25,High,Closed
7108,1160,2026-06-10,Low,In Progress
7109,5201,2024-01-20,Low,Closed
7110,3698,2026-05-11,Low,Closed
7111,4239,2024-06-11,Critical,Closed
7112,2870,2024-10-22,Medium,Closed
7113,2245,2023-11-27,Low,Closed
7114,3322,2023-07-28,Critical,In Progress
7115,5615,2025-01-18,Critical,Closed
7116,4149,2025-03-06,Low,Closed
7117,4452,2026-04-13,High,Closed
7118,4251,2024-10-03,Critical,Closed
7119,5604,2025-09-17,High,Closed
7120,5602,2025-07-28,Low,Closed
7121,4860,2024-11-06,Low,In Progress
7122,3272,2026-01-25,Medium,Closed
7123,3678,2025-08-21,High,Closed
7124,4330,2024-08-06,High,Closed
7125,5358,2026-02-18,High,Closed
7126,5172,2026-03-27,Medium,Closed
7127,2995,2026-01-25,Medium,Closed
7128,1746,2023-09-10,Low,Closed
7129,1958,2024-01-12,High,Closed
7130,2716,2023-11-18,High,Closed
7131,5638,2026-01-23,High,Closed
7132,2337,2023-10-05,Low,In Progress
7133,5392,2025-10-13,Low,In Progress
7134,1074,2025-11-19,High,Closed
7135,1753,2024-06-16,Low,Closed
7136,1970,2025-06-08,Low,In Progress
7137,4344,2024-11-09,Low,Closed
7138,1948,2025-04-26,Medium,Closed
7139,5146,2023-11-16,Medium,Closed
7140,1328,2026-02-05,High,Closed
7141,4375,2023-07-10,Medium,Open
7142,5478,2025-08-01,Low,Closed
7143,5520,2024-10-01,Medium,Closed
7144,2426,2025-08-17,High,Closed
7145,2744,2025-10-22,Low,Closed
7146,3060,2023-06-28,Medium,Closed
7147,2511,2024-04-07,Medium,Closed
7148,1522,2025-04-23,Critical,Closed
7149,2307,2025-07-22,Low,Closed
7150,5555,2023-12-27,Medium,Closed
7151,3279,2026-06-08,Medium,Closed
7152,2825,2026-05-30,Low,Closed
7153,2709,2026-01-05,High,Closed
7154,5490,2025-06-29,High,Closed
7155,5032,2025-05-02,Medium,Closed
7156,5752,2024-10-31,High,Closed
7157,2475,2023-12-30,Critical,Closed
7158,3816,2025-04-09,Medium,Closed
7159,5160,2025-07-20,Low,Closed
7160,3097,2025-06-17,High,Closed
7161,3967,2026-03-04,High,Closed
7162,1698,2024-01-25,Low,Closed
7163,5312,2026-01-12,High,Closed
7164,5398,2024-09-16,Medium,In Progress
7165,3832,2024-07-10,Low,In Progress
7166,2160,2024-03-28,Low,In Progress
7167,3547,2023-12-21,Medium,Open
7168,3923,2024-05-24,Critical,Closed
7169,1416,2024-10-18,High,Closed
7170,2502,2024-02-21,Low,Closed
7171,3013,2024-11-06,Critical,Open
7172,5365,2024-06-27,Critical,In Progress
7173,2024,2026-04-30,Medium,Closed
7174,5524,2023-10-27,High,Closed
7175,1290,2026-02-23,Low,Closed
7176,3774,2024-02-03,Medium,Closed
7177,4189,2026-03-02,Critical,Closed
7178,4655,2024-07-03,Critical,In Progress
7179,3190,2024-07-03,Low,Closed
7180,3087,2025-05-21,Low,Closed
7181,2441,2025-06-25,Low,Open
7182,1762,2025-09-14,Low,Closed
7183,1845,2026-03-07,Low,Closed
7184,4281,2024-05-17,Medium,Closed
7185,2314,2025-12-05,Low,Closed
7186,1294,2024-09-25,High,In Progress
7187,4668,2024-08-25,Medium,Open
7188,2830,2023-12-08,Low,Closed
7189,4868,2025-07-19,High,Closed
7190,1446,2024-09-30,Medium,Closed
7191,4219,2025-11-25,Low,Closed
7192,2705,2025-10-19,Medium,In Progress
7193,1150,2026-06-16,Medium,Closed
7194,1786,2023-09-18,Low,In Progress
7195,2251,2024-05-08,Low,Closed
7196,4111,2023-12-12,Low,Closed
7197,2886,2024-06-18,Medium,Closed
7198,4123,2023-09-04,Medium,Closed
7199,5928,2024-08-07,Critical,Closed
7200,2934,2024-08-10,High,Closed
7201,4056,2024-08-25,Low,Closed
7202,1828,2024-06-10,Medium,Closed
7203,5902,2023-10-25,Low,Closed
7204,2123,2023-10-16,Medium,Closed
7205,1702,2023-10-22,Low,Closed
7206,4477,2024-09-06,Critical,Closed
7207,1015,2024-02-13,Medium,Closed
7208,2403,2025-08-20,Medium,In Progress
7209,1687,2025-08-28,Medium,Closed
7210,2116,2024-08-14,High,Closed
7211,2627,2025-01-11,Low,In Progress
7212,4047,2026-06-14,High,Closed
7213,1755,2025-02-03,Medium,Closed
7214,4684,2025-03-09,High,Closed
7215,2215,2025-03-31,Medium,In Progress
7216,5944,2026-02-03,High,Closed
7217,4572,2024-02-19,Low,Open
7218,3395,2025-07-10,Critical,Closed
7219,5034,2024-08-03,Medium,Open
7220,5431,2024-07-13,Medium,Closed
7221,3542,2025-11-30,Medium,Closed
7222,5509,2025-11-08,Medium,Closed
7223,1701,2026-06-19,Low,Open
7224,4693,2024-09-19,Low,Closed
7225,5643,2026-01-21,Medium,Closed
7226,1960,2024-12-14,Medium,Closed
7227,4616,2024-04-28,Low,Closed
7228,2865,2023-07-14,Low,Closed
7229,4564,2024-07-02,Low,Open
7230,5156,2025-03-16,Medium,In Progress
7231,2468,2024-06-14,High,Closed
7232,5675,2024-07-24,High,Closed
7233,2021,2024-02-07,Low,Closed
7234,2739,2025-05-02,Medium,In Progress
7235,5903,2025-05-12,Medium,Open
7236,2286,2023-10-11,Medium,In Progress
7237,4456,2025-05-29,Low,Closed
7238,2080,2025-01-04,Critical,Closed
7239,3259,2024-11-03,Low,Closed
7240,4166,2025-10-16,Low,Closed
7241,3845,2024-08-25,High,Closed
7242,2805,2024-08-26,High,In Progress
7243,2723,2024-08-08,Low,Closed
7244,3672,2024-03-01,Critical,In Progress
7245,2603,2025-11-07,Medium,Closed
7246,1814,2024-10-31,Low,Closed
7247,4144,2025-06-21,High,Closed
7248,3084,2026-02-17,Medium,Closed
7249,5696,2024-02-20,High,In Progress
7250,4697,2025-09-24,Low,Closed
7251,3504,2025-07-04,Medium,Closed
7252,2560,2025-09-03,Medium,Closed
7253,2984,2024-04-20,High,Closed
7254,3843,2026-03-28,Medium,Closed
7255,2802,2026-01-29,High,In Progress
7256,4713,2025-05-14,Low,Closed
7257,1041,2026-02-14,Medium,Open
7258,2533,2026-01-20,High,Closed
7259,3042,2026-02-13,Medium,Closed
7260,2247,2024-12-22,Critical,Closed
7261,2251,2025-07-01,Medium,Closed
7262,4961,2024-06-28,Medium,Closed
7263,3431,2024-10-02,Low,Closed
7264,4322,2024-01-25,Low,Closed
7265,1154,2024-04-22,Low,Closed
7266,2916,2024-04-18,Medium,Closed
7267,2411,2025-10-28,Medium,In Progress
7268,3906,2023-09-28,Low,Closed
7269,1974,2024-10-14,Low,Closed
7270,3142,2023-07-26,High,In Progress
7271,5754,2024-12-12,Medium,Closed
7272,3819,2026-01-08,Low,Closed
7273,3417,2025-12-16,Medium,Closed
7274,2639,2026-05-04,Low,Closed
7275,4842,2024-07-28,Low,Closed
7276,4599,2023-07-29,High,In Progress
7277,3911,2024-06-12,Medium,Open
7278,1291,2023-07-26,Medium,Closed
7279,4556,2025-10-06,Critical,Closed
7280,3235,2023-11-14,Medium,Closed
7281,2201,2026-04-06,High,In Progress
7282,1997,2023-07-24,Medium,Open
7283,3331,2025-03-19,Low,Closed
7284,5897,2025-04-06,Low,Open
7285,3256,2024-08-11,Critical,Closed
7286,1958,2024-09-14,Low,Closed
7287,4118,2023-12-16,Medium,Closed
7288,2275,2024-04-04,Medium,Closed
7289,5889,2024-02-06,High,Closed
7290,5423,2026-03-13,Medium,Closed
7291,3471,2024-11-11,Medium,Closed
7292,2649,2024-04-14,Medium,Open
7293,2909,2025-02-16,Critical,Closed
7294,3635,2025-01-01,Critical,In Progress
7295,1849,2024-10-17,Medium,Closed
7296,5374,2024-11-21,Medium,Closed
7297,4942,2023-10-10,Medium,Open
7298,5650,2023-07-20,Medium,Closed
7299,4555,2026-03-09,High,Closed
7300,1179,2025-03-18,Low,Closed
7301,3357,2024-02-16,High,Closed
7302,2682,2023-10-13,Low,Closed
7303,2260,2025-10-22,Low,Closed
7304,2752,2025-11-06,Medium,Closed
7305,1377,2024-09-09,Low,Closed
7306,1591,2023-10-11,Low,In Progress
7307,4706,2023-10-11,High,Closed
7308,2842,2023-07-20,High,In Progress
7309,1757,2025-06-12,Critical,In Progress
7310,1631,2026-04-03,Medium,Closed
7311,3016,2024-01-04,Medium,Closed
7312,5408,2024-01-31,Medium,Closed
7313,4973,2024-03-07,High,Closed
7314,3136,2025-04-10,Low,Closed
7315,4462,2025-09-28,Low,In Progress
7316,1298,2025-04-03,Low,Closed
7317,5995,2023-11-15,High,Closed
7318,4596,2024-08-11,Medium,Closed
7319,4570,2025-08-04,Medium,Closed
7320,1460,2026-03-10,High,Open
7321,5327,2025-08-01,High,Closed
7322,2658,2025-12-26,Medium,Closed
7323,1788,2026-04-28,Medium,Open
7324,1514,2026-01-18,High,Closed
7325,5770,2023-10-13,Low,Closed
7326,1017,2026-01-11,Medium,Closed
7327,1855,2024-10-08,High,Closed
7328,2647,2025-03-30,Low,Open
7329,2957,2026-06-09,Critical,Closed
7330,5072,2025-10-17,High,Closed
7331,5306,2024-03-15,Medium,Closed
7332,5584,2025-07-14,Low,Closed
7333,4172,2023-09-08,High,In Progress
7334,2515,2025-11-09,Medium,Closed
7335,5728,2025-02-15,High,Closed
7336,3051,2025-03-01,Low,Closed
7337,3655,2023-12-15,Medium,Closed
7338,3134,2024-05-20,High,Closed
7339,4576,2025-04-15,Medium,Closed
7340,5078,2024-02-02,High,Closed
7341,5200,2024-04-28,Low,Closed
7342,3200,2025-05-15,Medium,In Progress
7343,4654,2024-02-11,High,Closed
7344,4861,2024-03-26,Low,Closed
7345,4259,2024-03-04,Low,Open
7346,2204,2026-01-20,Low,Closed
7347,3684,2024-07-08,Critical,Closed
7348,3164,2025-07-04,Low,Closed
7349,3626,2024-11-29,High,In Progress
7350,3121,2023-12-17,High,Closed
7351,4841,2025-12-19,Medium,In Progress
7352,5005,2025-06-03,Low,Closed
7353,4020,2025-11-11,Low,Closed
7354,1436,2025-04-25,High,Closed
7355,2491,2025-06-10,Low,In Progress
7356,5636,2024-08-08,Medium,Closed
7357,5637,2024-10-31,Medium,Closed
7358,1492,2026-02-08,Low,Closed
7359,3498,2025-06-28,Low,Closed
7360,2706,2026-03-04,Low,Closed
7361,1299,2025-01-31,Low,Closed
7362,4833,2024-05-22,Low,Closed
7363,1807,2023-07-12,Medium,Closed
7364,3646,2024-03-11,Low,Closed
7365,2764,2026-03-15,High,Closed
7366,3911,2025-05-14,Low,Closed
7367,2824,2025-09-28,Low,Closed
7368,1035,2025-06-07,Low,Closed
7369,1846,2026-05-25,Low,Closed
7370,5385,2025-09-22,Low,In Progress
7371,2905,2025-03-15,Medium,Closed
7372,3433,2023-09-11,Critical,Closed
7373,1958,2025-04-04,Medium,In Progress
7374,4897,2025-02-26,Low,Closed
7375,1441,2025-05-23,Low,Closed
7376,1247,2023-08-04,Low,Closed
7377,4783,2024-06-17,Medium,Closed
7378,5125,2024-02-04,Medium,Open
7379,1621,2024-05-20,Medium,In Progress
7380,1019,2026-01-17,High,Closed
7381,2807,2026-06-22,Medium,Closed
7382,3336,2024-10-20,Critical,Closed
7383,5824,2023-10-04,Medium,Closed
7384,5494,2025-02-02,High,In Progress
7385,4628,2025-08-12,Medium,Closed
7386,5291,2025-09-22,Medium,Closed
7387,1667,2023-09-16,Medium,In Progress
7388,2348,2025-10-27,Medium,Closed
7389,5993,2026-03-30,Medium,Closed
7390,2865,2025-11-02,Low,Open
7391,5150,2023-10-15,Medium,Closed
7392,5996,2024-11-22,Medium,Closed
7393,2453,2024-05-12,Low,Closed
7394,2523,2024-04-19,Medium,Closed
7395,2010,2025-02-08,Critical,Closed
7396,5013,2023-07-14,Low,Closed
7397,2123,2024-09-19,Medium,Closed
7398,4110,2024-04-27,Critical,Closed
7399,2135,2025-02-18,Medium,In Progress
7400,5437,2025-01-13,Low,In Progress
7401,5297,2024-12-16,Medium,Closed
7402,4670,2025-11-24,Medium,Open
7403,3217,2025-02-18,Medium,In Progress
7404,4511,2026-04-07,Medium,Closed
7405,2928,2026-01-15,Medium,Open
7406,4573,2026-01-19,High,Closed
7407,4924,2024-04-16,Medium,Closed
7408,2294,2023-10-03,Medium,In Progress
7409,1152,2025-10-01,High,Closed
7410,4892,2026-04-28,Low,In Progress
7411,1724,2024-08-12,Critical,Open
7412,1179,2023-10-08,Medium,Open
7413,2889,2024-11-25,High,Closed
7414,3500,2025-07-04,Medium,Closed
7415,4605,2026-05-12,Medium,Closed
7416,2214,2026-04-11,Medium,Closed
7417,5172,2026-06-16,Medium,Closed
7418,1040,2024-09-04,High,Closed
7419,1895,2025-01-27,Medium,In Progress
7420,4632,2025-07-08,Medium,Closed
7421,3970,2025-09-05,Medium,Closed
7422,1955,2024-06-29,Medium,Closed
7423,2746,2026-04-15,Medium,Closed
7424,3918,2024-05-30,High,Closed
7425,3979,2024-07-19,Low,Closed
7426,5058,2023-10-21,Low,Closed
7427,3255,2025-05-22,Critical,Open
7428,1721,2026-06-05,Medium,Open
7429,5866,2024-06-26,High,Closed
7430,1731,2023-10-08,High,Closed
7431,2048,2025-03-16,High,Closed
7432,2892,2024-06-28,Medium,Closed
7433,5123,2023-11-15,Critical,Closed
7434,5886,2025-03-30,Low,Closed
7435,5432,2026-04-20,Low,Closed
7436,4867,2026-05-05,Low,Closed
7437,1304,2025-08-21,Medium,Closed
7438,5072,2024-04-26,High,In Progress
7439,1933,2025-11-19,High,Open
7440,4916,2025-11-25,High,Closed
7441,2765,2025-10-07,Low,In Progress
7442,4490,2024-05-30,Medium,Closed
7443,3649,2025-12-01,Low,Open
7444,4821,2025-06-11,Medium,Closed
7445,5626,2025-04-16,High,Closed
7446,1349,2026-04-22,High,Closed
7447,1664,2025-12-07,Low,Closed
7448,5302,2026-04-06,Medium,Closed
7449,1044,2025-07-28,Medium,Closed
7450,2443,2026-05-29,Medium,Closed
7451,4217,2026-04-14,High,Closed
7452,1524,2026-06-04,High,Closed
7453,1220,2025-11-03,High,Closed
7454,1229,2025-12-02,High,Closed
7455,1500,2024-04-25,Low,Closed
7456,1727,2025-09-30,High,Closed
7457,1795,2025-03-14,Low,Closed
7458,1424,2024-07-09,Medium,Closed
7459,4133,2024-04-25,Low,Closed
7460,3925,2024-01-10,Low,Closed
7461,5615,2025-12-21,Medium,Closed
7462,2101,2025-01-28,Medium,Closed
7463,1637,2025-03-05,Critical,In Progress
7464,4144,2023-07-04,Low,Closed
7465,5061,2026-01-11,Low,Closed
7466,2762,2024-04-22,Low,Closed
7467,1005,2024-07-23,Medium,Closed
7468,3855,2023-08-01,Critical,Closed
7469,1420,2025-02-13,Medium,Closed
7470,5353,2024-01-24,Medium,Closed
7471,5843,2025-11-13,Medium,Open
7472,4792,2025-05-05,Low,Closed
7473,3056,2023-07-07,Medium,Closed
7474,5176,2026-04-15,Low,Closed
7475,5385,2025-07-28,High,Closed
7476,5495,2024-12-14,Low,Open
7477,5800,2025-03-10,Low,In Progress
7478,1403,2026-06-18,Critical,Closed
7479,4351,2023-11-30,Low,In Progress
7480,5073,2024-11-29,Medium,Closed
7481,3882,2024-08-08,Medium,Closed
7482,3183,2025-08-26,Medium,Closed
7483,2160,2025-10-13,High,Closed
7484,3949,2024-05-16,Critical,Closed
7485,1393,2024-08-22,Medium,Closed
7486,1836,2026-03-09,High,Closed
7487,3076,2025-03-10,High,Closed
7488,3416,2024-08-15,Low,Closed
7489,3093,2025-08-08,High,Closed
7490,4864,2026-03-12,Medium,Closed
7491,4802,2024-03-09,Low,Closed
7492,5734,2024-01-26,Critical,Closed
7493,5206,2024-12-30,Low,Closed
7494,3892,2024-10-13,Medium,In Progress
7495,1847,2024-06-03,High,Closed
7496,1971,2023-12-14,Medium,Closed
7497,1595,2025-02-18,Medium,Closed
7498,2037,2024-12-14,High,In Progress
7499,3824,2025-01-09,Medium,Closed
7500,2832,2024-07-26,High,Closed
7501,2077,2023-08-02,Critical,Closed
7502,3846,2025-04-30,Low,Closed
7503,1203,2026-06-16,High,Closed
7504,5403,2026-05-26,Low,Closed
7505,5248,2024-05-30,Low,Closed
7506,1042,2024-08-03,Low,In Progress
7507,3176,2024-04-04,Medium,Closed
7508,3825,2024-08-19,Low,Closed
7509,1088,2026-01-09,Low,Closed
7510,1465,2025-05-16,Low,Closed
7511,3242,2026-05-20,Medium,Closed
7512,3881,2026-01-20,Medium,In Progress
7513,3582,2025-11-27,Critical,Open
7514,3328,2026-01-31,Low,Closed
7515,4413,2026-03-27,Low,Closed
7516,3003,2024-07-13,Low,Closed
7517,3220,2024-02-08,High,In Progress
7518,2569,2025-02-09,Medium,Closed
7519,2202,2024-07-30,Low,In Progress
7520,3658,2024-09-09,Low,Closed
7521,4116,2024-10-16,Critical,Closed
7522,3495,2025-08-22,Low,Closed
7523,1389,2026-06-14,Low,Closed
7524,2758,2025-12-05,Low,Closed
7525,4841,2025-09-11,High,Closed
7526,3371,2024-01-12,High,Closed
7527,1034,2026-01-06,Medium,Closed
7528,5832,2025-09-21,Low,Closed
7529,4597,2024-06-02,Low,Closed
7530,2676,2026-06-16,Medium,In Progress
7531,1165,2024-12-16,Medium,Closed
7532,5247,2025-11-20,Low,Closed
7533,2811,2025-11-25,Medium,Closed
7534,5844,2025-05-17,Medium,In Progress
7535,4504,2026-02-27,High,Closed
7536,1872,2023-12-04,High,Closed
7537,5119,2024-08-17,High,Closed
7538,2592,2024-05-28,Medium,Closed
7539,2686,2026-02-14,Low,Closed
7540,2230,2026-03-05,Low,Closed
7541,2211,2023-07-20,Medium,Closed
7542,3833,2024-01-24,Medium,In Progress
7543,5903,2024-12-07,Medium,Closed
7544,2645,2023-07-14,High,Closed
7545,5377,2024-02-27,Low,Closed
7546,1480,2024-08-01,Critical,Closed
7547,2377,2023-10-25,High,Closed
7548,2388,2026-01-21,Low,Closed
7549,3688,2025-12-27,High,Closed
7550,5943,2025-02-05,Low,In Progress
7551,2015,2025-11-08,Low,In Progress
7552,1871,2025-12-06,Medium,Closed
7553,5266,2025-04-10,Low,Closed
7554,1790,2025-11-20,Medium,In Progress
7555,1824,2026-05-30,High,Closed
7556,1168,2025-04-14,Low,Closed
7557,2378,2024-06-01,Low,Closed
7558,2858,2024-09-17,Medium,In Progress
7559,4580,2026-03-14,Medium,Closed
7560,4699,2026-04-17,Low,Closed
7561,4027,2026-04-26,Medium,Closed
7562,3568,2023-10-15,Low,Closed
7563,1780,2026-06-03,Low,In Progress
7564,3274,2025-02-07,Low,Closed
7565,5193,2024-06-23,Low,In Progress
7566,3462,2026-03-16,Medium,In Progress
7567,5287,2025-06-19,Low,Closed
7568,1383,2024-12-31,High,Closed
7569,2566,2024-03-15,Low,Closed
7570,4428,2023-10-09,High,Closed
7571,3253,2023-07-04,Medium,Closed
7572,1155,2024-12-29,High,Closed
7573,2738,2025-03-16,Low,Closed
7574,4138,2026-06-08,High,Closed
7575,3906,2023-08-14,Low,Closed
7576,1404,2023-07-25,Medium,Open
7577,1569,2025-03-06,High,Open
7578,2375,2023-08-12,Medium,Closed
7579,3234,2024-03-31,Medium,Closed
7580,4507,2025-08-01,High,In Progress
7581,3751,2026-01-28,Medium,Closed
7582,5202,2023-07-25,Critical,Closed
7583,3989,2025-01-08,Medium,Closed
7584,3207,2026-01-26,Low,Closed
7585,3017,2024-09-13,Low,Closed
7586,5579,2024-08-21,Critical,Closed
7587,5223,2026-06-04,Critical,Closed
7588,5596,2025-12-06,Critical,Closed
7589,1016,2025-06-04,Medium,In Progress
7590,1945,2025-11-17,Low,In Progress
7591,5184,2023-06-29,High,Closed
7592,1602,2025-10-21,Low,Closed
7593,4424,2024-12-07,High,Closed
7594,2108,2025-10-17,Critical,In Progress
7595,2392,2026-01-03,Low,In Progress
7596,2975,2025-04-15,Low,Closed
7597,2509,2025-08-27,Low,Closed
7598,3328,2024-04-24,Medium,Closed
7599,2633,2026-05-12,High,Closed
7600,4125,2023-09-29,Low,Closed
7601,5335,2026-04-19,Critical,Closed
7602,2952,2025-02-07,Medium,Closed
7603,2753,2024-07-02,Low,Closed
7604,3025,2023-10-23,Medium,In Progress
7605,1761,2025-08-26,Medium,In Progress
7606,5065,2026-02-24,Medium,Open
7607,3712,2024-11-20,Medium,Closed
7608,5752,2024-04-16,Low,Open
7609,1272,2024-11-15,High,Closed
7610,5917,2024-03-25,Low,Closed
7611,2653,2024-05-01,Low,Closed
7612,2714,2025-02-28,Critical,Closed
7613,5337,2024-09-28,Low,In Progress
7614,3623,2025-02-09,Medium,Closed
7615,3658,2023-09-08,Medium,In Progress
7616,3168,2026-01-12,Critical,Open
7617,1720,2024-10-12,Medium,Closed
7618,5273,2023-07-02,Low,Closed
7619,4405,2025-12-04,Low,In Progress
7620,2014,2024-01-06,Medium,Closed
7621,5320,2024-06-07,High,Closed
7622,4044,2025-04-22,Low,Closed
7623,2513,2024-10-12,Low,In Progress
7624,5939,2025-01-02,Medium,Closed
7625,2901,2023-07-25,High,Closed
7626,2939,2023-12-05,Low,Closed
7627,2782,2024-10-24,Low,Closed
7628,5687,2024-11-09,Low,Closed
7629,2088,2025-06-18,Medium,Closed
7630,2714,2025-04-15,Medium,Closed
7631,1699,2024-10-27,Low,Closed
7632,2758,2023-07-21,Low,Closed
7633,2095,2026-06-19,Medium,In Progress
7634,5187,2024-03-17,Low,Open
7635,2135,2025-09-13,High,Closed
7636,4145,2023-08-29,High,Closed
7637,3874,2023-09-18,Medium,Open
7638,4989,2025-08-03,Medium,Open
7639,4235,2025-03-19,Medium,Closed
7640,5566,2025-05-08,High,Closed
7641,5865,2023-07-01,Low,In Progress
7642,2722,2025-03-14,Medium,Closed
7643,3187,2025-04-10,Medium,In Progress
7644,5043,2026-01-03,Medium,Closed
7645,1267,2023-09-26,Low,Closed
7646,1055,2023-12-08,Low,Closed
7647,1674,2025-08-08,Low,Closed
7648,1086,2024-07-01,Medium,Closed
7649,1907,2025-07-22,Medium,Closed
7650,5710,2025-08-29,Low,Closed
7651,1845,2025-12-21,High,Closed
7652,2405,2023-07-02,High,Closed
7653,2495,2025-12-20,High,Closed
7654,1250,2023-10-12,Medium,In Progress
7655,2343,2024-03-10,Low,Closed
7656,1832,2024-06-21,High,Closed
7657,3390,2025-12-25,Low,Closed
7658,1352,2024-11-02,Low,In Progress
7659,5165,2023-10-25,Low,Closed
7660,2593,2024-07-03,Medium,Open
7661,2935,2026-02-05,High,In Progress
7662,1305,2026-06-02,Low,Closed
7663,4020,2026-04-29,Medium,Closed
7664,4981,2024-06-21,Low,Closed
7665,2897,2024-11-04,Low,Closed
7666,3531,2024-12-22,Medium,Closed
7667,5019,2023-12-01,Low,In Progress
7668,1714,2023-11-23,High,Closed
7669,4992,2025-02-19,High,Closed
7670,5634,2023-07-10,Low,Closed
7671,5500,2024-01-12,Low,Closed
7672,3873,2026-04-02,High,Closed
7673,3304,2024-09-01,Low,Closed
7674,4338,2024-02-25,Medium,Closed
7675,3778,2024-03-06,High,Closed
7676,4367,2024-03-22,Low,In Progress
7677,4462,2024-08-25,Medium,Open
7678,5385,2026-01-07,Critical,Closed
7679,3326,2025-01-30,High,Closed
7680,4141,2026-04-06,Medium,In Progress
7681,2633,2025-09-03,Low,Closed
7682,4438,2024-09-05,Medium,Closed
7683,1514,2025-10-24,Medium,Closed
7684,4803,2026-06-04,Medium,Closed
7685,3004,2026-02-25,Medium,Closed
7686,4416,2024-03-01,Medium,Open
7687,2672,2026-04-13,Low,Closed
7688,3543,2026-01-12,Medium,Closed
7689,1691,2025-08-29,Low,Open
7690,1246,2025-06-22,Critical,Closed
7691,5690,2025-07-17,High,Closed
7692,5365,2026-02-09,Medium,In Progress
7693,5886,2026-04-20,Low,Closed
7694,4718,2023-11-21,High,Closed
7695,5471,2026-04-22,High,Closed
7696,2282,2024-04-30,High,Closed
7697,1373,2023-10-28,High,Closed
7698,1474,2024-09-15,Low,Closed
7699,1620,2025-11-25,Low,Closed
7700,1552,2025-04-14,Low,Closed
7701,2139,2026-05-18,Medium,Closed
7702,3652,2024-05-22,Low,Open
7703,4516,2024-06-15,Low,Closed
7704,5090,2025-11-07,Medium,Closed
7705,1588,2025-10-15,Medium,Closed
7706,3621,2025-04-29,Medium,Closed
7707,1989,2025-12-21,Medium,Closed
7708,3123,2025-10-11,Medium,Closed
7709,2495,2024-05-04,Low,In Progress
7710,2780,2026-01-14,High,Closed
7711,4735,2024-03-19,Medium,Closed
7712,4241,2025-09-26,High,Closed
7713,4345,2025-09-22,High,Closed
7714,3315,2024-07-05,Medium,Closed
7715,4400,2023-12-21,High,Closed
7716,4940,2025-02-05,Medium,Closed
7717,2029,2025-03-13,Medium,Closed
7718,3074,2025-03-02,Low,Closed
7719,3100,2025-04-16,Medium,Closed
7720,1601,2023-10-16,High,In Progress
7721,2442,2025-02-24,Low,Closed
7722,5990,2025-04-13,Low,Closed
7723,2262,2025-03-19,Critical,Closed
7724,4773,2023-10-09,Critical,Closed
7725,1147,2025-05-19,High,Closed
7726,2131,2025-06-04,Medium,Closed
7727,1816,2024-11-13,High,Closed
7728,1859,2024-11-02,Medium,Closed
7729,5780,2025-07-22,High,In Progress
7730,1609,2025-11-07,Low,Closed
7731,5664,2024-03-20,High,Closed
7732,2683,2023-10-20,Medium,Closed
7733,2006,2023-11-13,Low,Closed
7734,2114,2023-12-11,Low,Closed
7735,1113,2024-12-20,Low,Closed
7736,2749,2024-12-24,Low,Closed
7737,3782,2025-12-24,Medium,Closed
7738,2333,2025-10-10,Medium,Closed
7739,1230,2025-04-06,Low,Closed
7740,4381,2026-01-10,Critical,Closed
7741,5048,2024-04-09,Medium,Closed
7742,3323,2024-10-02,Low,In Progress
7743,2128,2025-02-01,Low,Closed
7744,4785,2025-03-05,Critical,Closed
7745,1149,2025-08-31,Medium,Closed
7746,1078,2024-01-07,Low,Closed
7747,1213,2026-05-26,Low,Closed
7748,5128,2024-07-29,High,Closed
7749,4325,2025-09-16,Critical,Closed
7750,1124,2024-10-07,Medium,In Progress
7751,2100,2024-03-23,Medium,Closed
7752,4560,2025-07-03,High,Closed
7753,2486,2025-01-27,Medium,Closed
7754,2987,2025-05-28,Low,In Progress
7755,1779,2026-03-05,Low,In Progress
7756,1596,2025-10-21,Low,Closed
7757,4599,2026-06-05,High,Closed
7758,1646,2025-08-12,Low,Closed
7759,4233,2024-10-13,High,Closed
7760,3465,2025-09-18,High,Closed
7761,3843,2026-06-04,Low,Closed
7762,4895,2023-08-05,Medium,Closed
7763,3323,2025-05-10,Low,Closed
7764,5656,2025-11-27,Medium,Closed
7765,1520,2024-05-23,Critical,Closed
7766,5804,2023-10-13,High,Closed
7767,5723,2024-07-13,Medium,Open
7768,3884,2023-12-14,Medium,Closed
7769,5320,2024-08-26,Critical,In Progress
7770,4859,2024-03-06,Low,Closed
7771,2713,2024-05-16,Low,Closed
7772,5804,2023-08-05,Critical,Open
7773,4466,2025-11-25,Low,Closed
7774,2834,2024-09-10,Low,In Progress
7775,5990,2024-01-29,Critical,In Progress
7776,1135,2025-02-25,Low,Closed
7777,4192,2025-01-04,Medium,Closed
7778,1030,2025-06-14,High,Open
7779,1830,2025-01-07,Low,Closed
7780,1947,2024-01-18,Medium,Closed
7781,4155,2024-09-10,Low,In Progress
7782,4385,2024-12-09,Low,Closed
7783,1375,2024-01-14,Critical,Closed
7784,3023,2024-12-03,High,Closed
7785,5072,2026-02-21,Medium,In Progress
7786,1080,2026-04-23,High,Open
7787,3477,2024-05-28,Low,Closed
7788,3496,2025-09-14,Low,Closed
7789,3368,2025-09-23,High,Closed
7790,2395,2025-07-29,Medium,Closed
7791,2044,2025-05-11,Medium,Closed
7792,1448,2023-12-05,Critical,Closed
7793,3679,2025-12-06,High,In Progress
7794,2073,2024-08-26,Medium,In Progress
7795,2638,2026-04-29,Low,Closed
7796,2424,2026-02-04,Low,Closed
7797,1638,2025-02-07,Low,Closed
7798,3703,2025-02-22,Low,Open
7799,1985,2025-01-21,Low,Open
7800,3302,2023-09-18,Medium,In Progress
7801,1210,2025-02-07,Low,Closed
7802,1872,2024-12-03,Medium,Closed
7803,1729,2025-09-04,Medium,Closed
7804,3488,2026-02-16,Low,Open
7805,2101,2023-07-24,Medium,Closed
7806,5560,2023-12-12,High,Closed
7807,5570,2024-06-23,Low,Closed
7808,5689,2025-02-20,Medium,Closed
7809,4225,2024-09-03,Medium,Closed
7810,2991,2026-05-13,Low,Closed
7811,2716,2024-01-20,Medium,Closed
7812,4485,2023-12-21,Medium,Closed
7813,3124,2024-07-09,Medium,Closed
7814,3070,2023-07-26,Medium,Closed
7815,3004,2024-08-09,High,Closed
7816,4526,2023-11-30,Medium,Closed
7817,1601,2023-08-04,Low,Closed
7818,4605,2024-02-11,Critical,In Progress
7819,2115,2024-05-22,High,Closed
7820,4682,2026-04-19,Medium,Closed
7821,5821,2024-01-24,High,Closed
7822,3742,2026-03-08,High,Closed
7823,3823,2024-03-24,Low,Closed
7824,2401,2024-08-08,Medium,In Progress
7825,1197,2025-05-26,High,Closed
7826,1827,2024-02-29,Medium,Closed
7827,4940,2025-05-04,Medium,Closed
7828,3211,2024-01-20,Critical,Closed
7829,2535,2024-07-25,Medium,Closed
7830,5461,2025-01-07,Low,Closed
7831,2868,2024-05-30,Medium,Open
7832,2704,2023-12-27,Critical,Closed
7833,4605,2024-01-29,Medium,Closed
7834,4193,2023-08-24,Low,Open
7835,4162,2025-06-26,High,Closed
7836,1486,2025-01-03,Medium,In Progress
7837,5673,2023-12-07,Medium,Open
7838,3978,2026-03-17,Medium,Closed
7839,5714,2026-03-01,Medium,Closed
7840,1112,2026-03-24,Medium,In Progress
7841,4393,2023-10-06,Low,Closed
7842,4598,2025-07-04,High,Closed
7843,4023,2025-12-20,Medium,Closed
7844,2262,2023-10-17,Low,Closed
7845,4359,2023-11-23,High,Closed
7846,2459,2024-06-14,Critical,Closed
7847,3769,2026-05-02,High,Closed
7848,4843,2024-01-08,Medium,In Progress
7849,3372,2024-01-20,High,Closed
7850,3791,2026-05-01,Medium,Closed
7851,3634,2024-04-30,High,Closed
7852,1079,2023-12-09,Low,Closed
7853,1585,2023-11-26,Low,Closed
7854,1062,2024-11-11,High,Closed
7855,4094,2024-10-20,Medium,Closed
7856,4374,2025-01-10,High,Closed
7857,4838,2023-10-15,High,Closed
7858,3384,2025-09-17,Low,Closed
7859,2136,2025-06-18,Medium,Closed
7860,5210,2025-11-10,Medium,Open
7861,1441,2026-01-31,Medium,Closed
7862,5435,2023-06-27,Medium,Open
7863,5041,2025-03-17,Low,Closed
7864,2612,2025-03-01,Medium,Closed
7865,2191,2024-02-25,Medium,Closed
7866,5000,2024-03-12,High,Closed
7867,5187,2024-09-10,High,Closed
7868,3747,2025-03-27,Medium,Closed
7869,1493,2024-02-21,Low,Closed
7870,4826,2023-09-22,Medium,Closed
7871,5540,2023-11-15,High,Closed
7872,3036,2023-12-25,Medium,Closed
7873,2655,2025-10-22,Medium,Closed
7874,1440,2025-06-10,Low,Closed
7875,1503,2025-09-26,Low,In Progress
7876,2474,2026-04-24,Medium,Closed
7877,1400,2025-11-03,Critical,Closed
7878,3887,2026-06-07,Medium,Open
7879,5864,2024-08-14,Low,Closed
7880,4216,2025-05-09,Low,Closed
7881,4710,2024-11-01,Low,Closed
7882,1741,2023-11-03,Medium,Closed
7883,2532,2025-08-07,Low,Closed
7884,1763,2025-03-06,Critical,Closed
7885,4847,2023-11-14,High,Closed
7886,4432,2026-06-07,Medium,Closed
7887,4528,2026-02-01,Critical,Closed
7888,3105,2026-05-11,Medium,Closed
7889,3015,2025-11-02,Medium,Closed
7890,5516,2026-04-19,Medium,Closed
7891,4485,2024-08-06,Low,Closed
7892,3830,2024-11-25,Critical,In Progress
7893,3375,2025-08-03,Medium,Closed
7894,3997,2024-05-16,High,Closed
7895,1045,2024-04-21,Critical,Closed
7896,2486,2026-01-07,Low,Closed
7897,5502,2024-06-17,Critical,In Progress
7898,5210,2026-01-01,Medium,Closed
7899,1335,2024-02-02,Medium,Closed
7900,3882,2026-01-25,Medium,Open
7901,2300,2025-08-02,Low,Closed
7902,2327,2025-01-03,Medium,Closed
7903,4132,2024-07-07,Critical,Closed
7904,2471,2025-11-30,Low,Closed
7905,2680,2025-12-21,Medium,Closed
7906,4768,2025-05-03,Medium,Closed
7907,1327,2023-11-24,Medium,Closed
7908,4275,2025-06-28,Low,Open
7909,2400,2024-06-15,Low,Closed
7910,1207,2024-02-01,Medium,Open
7911,5850,2025-02-13,Medium,Closed
7912,4077,2024-05-19,Low,Closed
7913,5721,2025-07-23,Medium,In Progress
7914,5575,2025-08-20,Medium,Closed
7915,1161,2023-11-16,Low,Closed
7916,4195,2023-06-30,Critical,In Progress
7917,4931,2023-12-09,Low,Closed
7918,1186,2026-06-17,High,In Progress
7919,5249,2025-09-22,High,Closed
7920,5686,2024-09-24,Low,Closed
7921,2817,2025-05-06,Medium,Closed
7922,4639,2026-02-05,Low,Closed
7923,3167,2024-07-28,Medium,Closed
7924,1892,2025-05-14,Low,Closed
7925,3417,2024-03-03,Low,Closed
7926,1056,2025-07-12,Medium,Closed
7927,2043,2024-07-17,Low,Closed
7928,1141,2026-06-10,High,In Progress
7929,4801,2023-10-20,High,Closed
7930,5889,2024-11-03,Low,Closed
7931,1029,2025-12-14,Low,Closed
7932,2512,2024-04-29,High,Closed
7933,3199,2026-03-22,Medium,Closed
7934,3431,2026-04-09,Critical,In Progress
7935,1865,2025-11-23,Low,Closed
7936,1287,2026-06-01,Medium,Closed
7937,3438,2026-05-30,Low,Closed
7938,4602,2025-03-16,High,Closed
7939,1875,2025-01-12,Low,Closed
7940,3229,2024-11-10,Low,Closed
7941,3215,2025-12-20,Medium,Closed
7942,2952,2025-06-01,Low,In Progress
7943,5903,2025-06-19,High,Closed
7944,5041,2024-02-03,Low,Closed
7945,4519,2026-03-24,High,Open
7946,2402,2024-10-03,Medium,Closed
7947,1153,2024-02-02,Medium,Closed
7948,5091,2024-11-21,Medium,In Progress
7949,3547,2024-06-02,Low,Open
7950,3107,2026-04-13,Low,Closed
7951,1309,2026-05-18,High,Closed
7952,3331,2025-06-11,High,Closed
7953,5296,2023-09-21,Medium,Closed
7954,5026,2026-06-18,Low,Closed
7955,4089,2024-07-20,Medium,Closed
7956,4959,2024-10-25,Medium,Closed
7957,2829,2025-09-01,Low,In Progress
7958,1724,2023-07-10,Medium,Closed
7959,5699,2025-08-12,High,Closed
7960,1946,2023-08-26,Low,Closed
7961,1486,2024-01-10,High,Closed
7962,4966,2024-09-12,Critical,Closed
7963,1468,2024-08-08,Low,Closed
7964,4905,2025-01-17,High,Closed
7965,5779,2025-09-12,High,Closed
7966,1285,2026-05-14,Medium,Closed
7967,5349,2024-10-07,High,Closed
7968,2853,2024-05-22,Medium,Closed
7969,5801,2025-06-10,Medium,Open
7970,5006,2025-01-16,Critical,In Progress
7971,4339,2026-06-09,Critical,Closed
7972,5743,2024-02-08,Medium,Closed
7973,4390,2023-12-25,Low,Closed
7974,1427,2025-07-02,Low,Closed
7975,4918,2025-04-22,Medium,Open
7976,2565,2025-01-04,Medium,Closed
7977,3928,2024-12-17,Medium,Closed
7978,3435,2026-05-11,Low,Closed
7979,4959,2026-04-16,High,Closed
7980,1105,2025-01-25,Low,Closed
7981,2871,2025-05-25,Medium,Closed
7982,3846,2024-03-24,High,Open
7983,5612,2024-10-12,Medium,Closed
7984,5564,2024-10-18,Medium,Closed
7985,3155,2025-04-05,Low,Closed
7986,5943,2023-11-24,High,Closed
7987,1765,2026-02-16,Medium,In Progress
7988,5031,2024-02-08,Medium,Open
7989,1140,2023-07-24,Medium,Closed
7990,1668,2026-04-23,High,Closed
7991,5825,2026-03-08,High,In Progress
7992,1229,2026-03-27,High,Closed
7993,5004,2026-01-09,High,In Progress
7994,3270,2024-10-05,Critical,Closed
7995,4119,2024-09-05,Low,Closed
7996,5952,2024-07-04,Low,Open
7997,4041,2024-02-16,Low,Closed
7998,2086,2024-12-09,Medium,Open
7999,1054,2024-03-03,Low,Closed
8000,3987,2023-12-19,Medium,Closed
8001,3204,2025-06-29,Low,In Progress
8002,5763,2023-08-21,Medium,Closed
8003,2318,2024-01-16,Low,Closed
8004,5923,2025-01-31,Critical,In Progress
8005,1440,2025-05-25,Low,In Progress
8006,1918,2025-05-20,Medium,Closed
8007,2001,2023-12-05,Medium,In Progress
8008,1360,2025-10-27,Medium,In Progress
8009,5261,2024-06-26,Low,Closed
8010,1301,2026-06-15,High,Closed
8011,3424,2026-04-30,Medium,Closed
8012,1219,2026-04-18,High,Closed
8013,1259,2024-08-08,Low,In Progress
8014,5899,2023-12-10,Medium,Closed
8015,3517,2024-03-23,Medium,Closed
8016,4351,2024-03-24,Low,Closed
8017,4037,2026-02-08,Critical,In Progress
8018,5930,2025-10-20,High,Closed
8019,4090,2024-05-24,Medium,In Progress
8020,5198,2025-05-15,Low,In Progress
8021,1882,2025-10-25,Critical,In Progress
8022,2568,2026-01-18,Low,Closed
8023,1652,2023-12-22,Low,Closed
8024,1529,2024-04-26,Low,Closed
8025,1251,2024-06-15,Critical,Closed
8026,4464,2024-12-06,Medium,Closed
8027,4032,2025-12-01,Medium,Open
8028,2866,2025-11-26,Critical,Closed
8029,2658,2025-11-03,Low,Closed
8030,2367,2023-12-01,Critical,Closed
8031,2574,2026-06-18,Medium,Closed
8032,3412,2023-09-13,Medium,Open
8033,1083,2023-11-11,Medium,Open
8034,3493,2026-03-02,Medium,Closed
8035,2108,2024-12-24,Medium,Closed
8036,3104,2024-10-10,Low,Closed
8037,1630,2024-09-16,Low,Open
8038,2577,2024-12-23,Critical,Closed
8039,3367,2024-12-14,Medium,Closed
8040,4844,2026-05-27,Critical,In Progress
8041,5943,2024-08-29,Medium,Closed
8042,5271,2025-11-05,Low,Closed
8043,5497,2025-11-21,Low,Closed
8044,3330,2024-05-04,Medium,Closed
8045,4050,2025-05-19,Critical,Closed
8046,2733,2025-08-01,Medium,Open
8047,4852,2024-02-24,Critical,Closed
8048,1114,2025-03-09,Critical,Closed
8049,2255,2024-09-19,Medium,Open
8050,4650,2025-10-11,High,Closed
8051,1609,2025-06-05,Low,Closed
8052,3719,2024-01-18,Low,Closed
8053,2754,2023-10-20,Medium,Closed
8054,1558,2023-08-20,Low,Closed
8055,2722,2024-08-04,Low,Closed
8056,1495,2023-07-20,High,Closed
8057,1233,2024-02-18,High,In Progress
8058,3563,2026-04-14,High,Closed
8059,2340,2026-04-25,Medium,Closed
8060,3024,2025-12-18,High,In Progress
8061,2172,2023-08-13,Low,Open
8062,2280,2024-08-27,Low,Open
8063,5077,2026-01-26,Critical,Open
8064,4617,2024-01-04,Medium,Closed
8065,2024,2024-12-10,Low,In Progress
8066,3658,2025-07-04,Medium,Closed
8067,1751,2024-04-03,High,Open
8068,4461,2025-08-08,High,Closed
8069,3317,2024-04-17,Low,Closed
8070,5973,2026-01-15,Critical,Closed
8071,5105,2025-10-29,Medium,Open
8072,5886,2026-05-26,Low,Open
8073,3218,2024-07-13,Medium,Closed
8074,3617,2023-07-04,Medium,Closed
8075,3136,2024-04-08,Medium,In Progress
8076,1510,2025-06-05,Medium,Closed
8077,2412,2025-06-25,Medium,Closed
8078,2857,2023-09-30,Medium,Closed
8079,3810,2025-01-23,Low,Closed
8080,3655,2025-05-08,Medium,In Progress
8081,2814,2024-07-15,Low,Closed
8082,1674,2026-02-21,High,In Progress
8083,5767,2026-05-03,Low,Closed
8084,5776,2023-09-28,Medium,Closed
8085,1833,2024-02-06,High,Closed
8086,3773,2023-07-14,Low,Closed
8087,4194,2026-04-09,Low,Closed
8088,4577,2025-01-12,Low,Closed
8089,4888,2023-08-08,Medium,In Progress
8090,4149,2025-12-09,High,Closed
8091,5187,2026-03-20,Medium,Open
8092,1579,2025-09-14,Medium,Closed
8093,4778,2024-10-10,Low,Open
8094,5580,2024-04-12,Low,Closed
8095,3283,2024-10-21,High,In Progress
8096,5746,2024-08-14,Medium,Closed
8097,3929,2024-09-18,High,Open
8098,3084,2024-02-26,Low,Closed
8099,5351,2024-11-22,High,In Progress
8100,1904,2026-06-08,Low,Closed
8101,4755,2025-08-27,High,Closed
8102,5449,2026-05-07,Low,In Progress
8103,4719,2025-09-20,Medium,Closed
8104,4267,2023-10-22,Medium,Closed
8105,4165,2024-01-29,Low,Closed
8106,2416,2024-10-19,Medium,Closed
8107,5056,2025-12-03,Critical,Closed
8108,2299,2025-06-26,Medium,Closed
8109,5855,2024-11-07,Medium,Closed
8110,3832,2025-02-10,Low,Closed
8111,3659,2026-03-31,Critical,Closed
8112,1403,2025-11-13,Critical,Closed
8113,5758,2024-08-20,Low,Open
8114,1672,2026-03-24,Medium,Closed
8115,2634,2026-04-03,Critical,Closed
8116,2008,2024-03-20,Medium,Closed
8117,1841,2024-03-17,Low,Closed
8118,5928,2024-12-28,Medium,Closed
8119,5988,2024-11-11,Critical,Closed
8120,3547,2024-06-30,Critical,Closed
8121,3829,2024-07-03,High,Closed
8122,5320,2026-01-27,Low,Closed
8123,3922,2025-10-17,Medium,Open
8124,3189,2023-11-27,High,Closed
8125,2152,2026-03-18,Medium,In Progress
8126,3106,2024-09-11,Low,Closed
8127,2630,2023-12-10,Medium,Closed
8128,3682,2023-08-03,Low,Closed
8129,2566,2025-05-19,Medium,Closed
8130,2335,2024-04-17,High,Closed
8131,1099,2023-12-28,Low,Closed
8132,3866,2023-10-09,Medium,Closed
8133,1580,2023-09-30,Critical,In Progress
8134,2621,2024-05-22,Low,Closed
8135,4400,2024-03-19,Medium,Closed
8136,3364,2024-12-03,Medium,In Progress
8137,1311,2026-03-05,Critical,Closed
8138,1383,2024-02-13,Medium,Closed
8139,4269,2023-07-15,High,Closed
8140,3324,2023-09-17,Medium,Closed
8141,2993,2023-10-19,High,Closed
8142,1993,2025-07-16,Low,Closed
8143,4755,2023-09-03,Medium,Closed
8144,4931,2023-09-24,Medium,Closed
8145,4849,2023-10-19,Low,Closed
8146,4518,2024-09-26,High,Closed
8147,2808,2023-08-14,Medium,Closed
8148,2175,2023-07-13,Low,In Progress
8149,3726,2024-04-02,Low,Closed
8150,4667,2023-10-09,Medium,In Progress
8151,4611,2023-08-29,Critical,Closed
8152,2840,2025-12-26,High,Closed
8153,2038,2024-06-17,Critical,Closed
8154,3833,2025-12-26,Critical,Closed
8155,2350,2026-03-06,Low,Closed
8156,4862,2026-02-19,Medium,Closed
8157,1699,2025-11-05,High,Closed
8158,1264,2025-12-17,Medium,Open
8159,5060,2023-09-15,Medium,Closed
8160,4579,2024-05-22,Medium,Closed
8161,4780,2025-05-11,Low,Closed
8162,3605,2026-05-05,Medium,Closed
8163,4959,2024-09-07,Low,Closed
8164,3878,2025-06-09,Critical,Closed
8165,1705,2023-07-22,Medium,Closed
8166,5576,2023-09-08,Low,In Progress
8167,1580,2025-04-04,Low,Closed
8168,3587,2023-11-25,Low,Closed
8169,3159,2025-11-25,Medium,Open
8170,1736,2024-01-11,Critical,Open
8171,1033,2024-11-28,Low,Closed
8172,2758,2026-02-08,Medium,Closed
8173,4908,2025-03-26,Medium,Closed
8174,5870,2026-03-10,Medium,Closed
8175,2997,2025-09-21,Low,Closed
8176,4020,2025-07-09,Low,In Progress
8177,4226,2026-01-12,Low,Closed
8178,5650,2026-06-22,High,Closed
8179,1627,2023-09-19,High,Open
8180,2615,2024-08-11,High,Closed
8181,3122,2023-08-20,Low,Closed
8182,1881,2025-02-17,Low,Closed
8183,2668,2026-04-13,Low,Closed
8184,1285,2024-09-27,Low,Closed
8185,2222,2023-11-17,Low,Closed
8186,4818,2023-07-05,High,Closed
8187,5313,2026-01-31,Critical,Closed
8188,5428,2026-05-27,Low,Closed
8189,3273,2025-05-21,Low,Closed
8190,5411,2025-03-25,High,Closed
8191,1644,2024-01-18,Critical,Closed
8192,2940,2023-09-03,Medium,Open
8193,1866,2026-03-19,Critical,Closed
8194,4535,2025-03-01,Critical,Closed
8195,2324,2025-07-07,Medium,Closed
8196,4861,2024-04-20,High,Closed
8197,1674,2025-01-07,Low,Closed
8198,2103,2025-10-13,Low,Closed
8199,2389,2024-05-22,Critical,Closed
8200,4841,2023-12-24,Low,Open
8201,2401,2024-03-01,High,Closed
8202,3210,2025-02-26,Medium,Open
8203,5808,2024-04-16,Medium,Closed
8204,4969,2026-06-10,Medium,In Progress
8205,4853,2023-10-05,Medium,Closed
8206,1738,2026-02-14,Low,Closed
8207,4750,2024-06-14,Medium,Closed
8208,2983,2024-02-15,Low,Closed
8209,3793,2025-06-12,Medium,Closed
8210,1577,2024-08-02,Low,Closed
8211,5150,2025-03-28,Low,In Progress
8212,4828,2024-07-11,Critical,Closed
8213,5573,2025-10-22,Medium,Open
8214,3547,2024-01-15,Low,Closed
8215,1401,2024-05-13,Medium,Open
8216,1439,2026-01-27,Low,Closed
8217,2165,2024-03-02,Medium,Closed
8218,2280,2023-07-16,Medium,Closed
8219,5681,2026-01-27,Critical,Open
8220,3021,2024-08-10,Low,Closed
8221,2753,2025-07-26,Medium,In Progress
8222,2347,2026-01-02,Critical,Closed
8223,5321,2026-05-05,Medium,Open
8224,5989,2025-03-22,Medium,Closed
8225,3097,2023-07-06,Medium,Closed
8226,5022,2024-10-17,Low,Closed
8227,4926,2026-06-26,High,Closed
8228,5356,2024-01-22,Medium,In Progress
8229,1644,2025-12-15,Medium,Closed
8230,1740,2024-06-02,Critical,Closed
8231,5051,2025-02-02,Low,Closed
8232,3204,2023-10-09,Low,Closed
8233,2423,2025-05-12,High,In Progress
8234,3025,2023-12-03,Medium,Closed
8235,5113,2024-01-04,Low,Closed
8236,5355,2026-05-01,Medium,Closed
8237,5708,2025-01-08,Medium,Open
8238,3223,2025-04-16,Medium,Closed
8239,3162,2025-06-04,Medium,Closed
8240,3635,2025-06-24,Medium,Closed
8241,1186,2025-07-27,Medium,Closed
8242,1031,2024-07-02,Critical,Closed
8243,1591,2026-01-01,Low,Closed
8244,1990,2026-04-23,Medium,In Progress
8245,2741,2024-01-23,Low,Closed
8246,4075,2025-01-16,Medium,Closed
8247,3271,2025-06-25,High,Closed
8248,1405,2024-12-11,High,Closed
8249,1800,2026-05-25,High,Closed
8250,2272,2024-06-05,Medium,In Progress
8251,5342,2023-10-22,Low,Closed
8252,5380,2025-11-11,Critical,Closed
8253,4656,2024-07-08,Medium,In Progress
8254,5520,2025-08-25,Low,Open
8255,3834,2024-04-10,Medium,Closed
8256,1466,2024-02-05,Low,Closed
8257,1313,2025-01-06,High,Closed
8258,1273,2023-07-28,Medium,Closed
8259,1774,2025-05-20,Medium,Closed
8260,3515,2024-04-27,Low,Closed
8261,3650,2025-11-17,Critical,Closed
8262,2494,2026-03-30,Low,Closed
8263,5521,2024-02-21,Medium,Closed
8264,1482,2023-09-20,Low,Closed
8265,1325,2025-05-16,Low,In Progress
8266,5268,2025-05-19,Medium,Closed
8267,4322,2024-11-13,High,In Progress
8268,4960,2025-10-25,Critical,Closed
8269,5332,2025-05-15,Medium,Closed
8270,1551,2023-07-19,Low,Closed
8271,1640,2024-12-04,High,Closed
8272,4861,2025-07-26,Medium,Closed
8273,4173,2025-06-28,High,Open
8274,4548,2026-01-26,Medium,Closed
8275,1518,2026-04-23,Medium,Closed
8276,3968,2025-06-24,Medium,In Progress
8277,2508,2026-02-05,Low,Closed
8278,5454,2024-07-16,Low,Closed
8279,3135,2026-04-14,Medium,In Progress
8280,4681,2023-12-16,High,Closed
8281,2692,2025-01-16,High,Closed
8282,1039,2025-04-03,Low,Closed
8283,2477,2025-06-03,High,Closed
8284,2831,2025-06-13,Low,Closed
8285,3454,2025-01-09,Critical,In Progress
8286,5540,2025-03-18,Medium,In Progress
8287,1716,2025-08-08,Low,Closed
8288,5078,2023-08-15,Low,Closed
8289,3411,2026-05-19,Low,Closed
8290,5745,2023-12-16,Low,Closed
8291,2646,2025-09-14,Medium,In Progress
8292,1774,2023-11-03,Low,Closed
8293,4658,2025-04-12,Medium,Closed
8294,4871,2025-11-19,Low,Open
8295,1479,2023-10-21,Medium,Closed
8296,1081,2025-05-02,Medium,Closed
8297,2675,2026-04-02,Medium,Open
8298,3818,2024-06-25,Medium,Closed
8299,2839,2025-08-10,Medium,Closed
8300,1389,2024-09-27,Medium,Closed
8301,4639,2026-02-21,Medium,Closed
8302,1058,2025-01-03,Medium,Closed
8303,3559,2026-03-22,Medium,Closed
8304,4939,2026-01-25,High,Open
8305,4791,2024-08-20,Medium,Closed
8306,2096,2023-07-26,Low,In Progress
8307,3584,2026-03-22,Medium,Open
8308,1432,2023-09-10,Low,Closed
8309,1319,2023-12-31,Medium,Closed
8310,5449,2025-02-25,High,Closed
8311,4873,2025-07-10,Critical,Closed
8312,2036,2025-04-01,High,Closed
8313,4448,2026-05-13,High,Closed
8314,3349,2025-12-29,High,Closed
8315,5069,2023-07-01,Critical,Open
8316,5237,2025-05-17,High,Closed
8317,1070,2023-12-31,High,In Progress
8318,5440,2025-02-26,Medium,Closed
8319,1615,2025-02-13,Medium,Closed
8320,5232,2025-02-11,Low,In Progress
8321,5368,2025-01-01,Critical,Closed
8322,4751,2024-09-24,High,Closed
8323,4455,2025-08-12,High,Closed
8324,5573,2025-01-07,Critical,Closed
8325,2051,2025-11-04,Critical,Closed
8326,1225,2025-09-05,Medium,Open
8327,3038,2026-06-18,Medium,Closed
8328,2264,2025-05-29,Low,Closed
8329,5414,2025-06-10,Low,Closed
8330,2393,2025-12-04,Medium,Closed
8331,2349,2025-04-09,Medium,In Progress
8332,5295,2023-10-04,Medium,Open
8333,2159,2024-12-20,Low,Closed
8334,1161,2025-05-27,Low,Closed
8335,3743,2026-02-26,Medium,Closed
8336,1081,2024-07-12,Low,Closed
8337,2651,2024-01-17,Low,Closed
8338,5961,2024-05-16,Low,Closed
8339,4456,2026-01-26,Low,Closed
8340,1059,2025-01-12,Low,Closed
8341,3592,2025-09-14,High,In Progress
8342,3656,2024-01-22,Medium,In Progress
8343,3748,2025-12-12,Low,In Progress
8344,5662,2026-06-02,Low,Closed
8345,1982,2024-04-25,Low,Open
8346,1099,2023-09-21,Critical,Open
8347,5485,2026-04-09,Medium,Closed
8348,2755,2026-01-08,Critical,Closed
8349,3673,2024-11-19,High,In Progress
8350,3561,2025-06-16,Low,Closed
8351,2746,2026-02-17,Medium,Closed
8352,2058,2026-03-18,Medium,Closed
8353,1703,2025-03-13,Medium,Closed
8354,3639,2024-06-24,Low,Closed
8355,2429,2024-06-26,Low,Closed
8356,4616,2025-03-31,Medium,Open
8357,2725,2024-03-06,Critical,Closed
8358,3098,2024-12-10,Low,Open
8359,4562,2024-01-11,Low,Open
8360,5440,2023-11-02,Medium,In Progress
8361,4391,2024-09-30,Medium,Open
8362,5566,2025-08-17,Low,Closed
8363,2108,2025-01-12,Low,In Progress
8364,5421,2026-02-05,Low,Closed
8365,5344,2023-11-03,High,Closed
8366,2090,2024-12-18,Medium,Closed
8367,4257,2026-06-16,High,Closed
8368,2293,2024-07-04,Critical,Closed
8369,3426,2025-07-01,High,Closed
8370,1709,2026-04-18,Low,Closed
8371,1395,2024-02-21,Low,In Progress
8372,1190,2026-02-04,Medium,Closed
8373,3181,2023-10-28,Low,Closed
8374,4345,2025-12-08,Medium,Open
8375,3539,2024-11-14,Low,Closed
8376,1001,2025-06-05,Medium,Closed
8377,1721,2023-09-06,Medium,Closed
8378,5244,2025-03-18,Medium,Closed
8379,2421,2023-07-13,Critical,Closed
8380,4484,2024-01-18,Low,Open
8381,4884,2025-12-24,Low,Open
8382,1124,2024-08-25,Medium,Open
8383,3144,2025-09-06,Medium,Closed
8384,2542,2025-10-12,High,Closed
8385,3415,2025-06-13,Low,Closed
8386,2733,2025-12-06,Medium,Closed
8387,2575,2025-12-29,Low,Closed
8388,5790,2025-03-05,Medium,Closed
8389,2818,2025-11-20,High,In Progress
8390,3584,2026-06-21,Medium,Closed
8391,5171,2024-10-15,Medium,Closed
8392,2350,2025-03-11,Medium,Closed
8393,3800,2023-11-23,Medium,Closed
8394,2156,2023-12-08,Medium,Closed
8395,2127,2025-07-27,Medium,Closed
8396,1569,2024-06-21,High,Closed
8397,5134,2024-08-06,Medium,Closed
8398,4621,2024-08-07,High,Closed
8399,1693,2024-08-29,High,Closed
8400,2541,2026-04-26,Critical,Closed
8401,5502,2023-09-08,Medium,Closed
8402,1433,2025-04-22,Low,In Progress
8403,3717,2024-12-01,Medium,Closed
8404,3079,2025-06-29,Medium,Open
8405,1364,2026-03-16,Low,In Progress
8406,4900,2025-10-01,Critical,Closed
8407,1909,2025-09-07,Medium,Closed
8408,3465,2023-08-29,Critical,Closed
8409,1826,2024-08-05,Low,Open
8410,3340,2025-11-03,Medium,Closed
8411,2127,2025-01-12,Low,Closed
8412,4151,2023-08-04,Medium,Closed
8413,5723,2025-05-29,Medium,Closed
8414,3169,2025-12-25,Low,Closed
8415,1117,2024-03-20,Critical,Closed
8416,5530,2025-03-17,Low,Closed
8417,3575,2023-11-18,Medium,Open
8418,2807,2025-08-06,Medium,In Progress
8419,3391,2026-05-07,High,Closed
8420,1181,2023-11-12,Medium,Open
8421,4333,2024-06-23,High,Closed
8422,3570,2026-06-15,Low,Closed
8423,4218,2026-05-21,High,Closed
8424,2056,2024-05-29,Medium,Closed
8425,4886,2025-07-25,Low,Closed
8426,1129,2025-11-18,Low,Closed
8427,4155,2023-12-31,Medium,Closed
8428,1237,2024-03-24,Low,Closed
8429,4260,2024-08-22,Medium,Closed
8430,4562,2026-06-01,Medium,Closed
8431,5327,2024-06-01,Critical,Closed
8432,3835,2025-10-11,Low,Closed
8433,4865,2025-02-12,Medium,Closed
8434,1142,2024-09-05,High,In Progress
8435,1102,2025-04-15,High,Closed
8436,2661,2024-12-14,High,In Progress
8437,5942,2024-07-15,Medium,In Progress
8438,5906,2024-10-06,Medium,Closed
8439,1392,2026-05-01,Medium,Closed
8440,3015,2026-01-09,High,Closed
8441,2128,2024-09-24,Low,Closed
8442,2686,2025-08-18,Low,Closed
8443,3700,2025-12-19,Low,Closed
8444,3526,2024-07-20,Critical,Closed
8445,5974,2024-05-02,Low,Closed
8446,2049,2024-12-02,High,Closed
8447,2117,2024-03-24,Medium,Closed
8448,2206,2026-02-25,Medium,Closed
8449,4837,2025-05-13,Medium,Closed
8450,5113,2026-06-18,Medium,Closed
8451,1537,2026-02-08,Medium,Closed
8452,3463,2026-01-06,Low,Open
8453,1975,2024-09-17,Low,Closed
8454,2575,2023-10-30,Critical,Closed
8455,1398,2024-12-20,Low,Closed
8456,1645,2025-11-14,High,Closed
8457,4167,2025-04-01,Low,Closed
8458,2208,2025-06-07,Low,In Progress
8459,2904,2023-10-20,Medium,Open
8460,1926,2024-03-30,High,Closed
8461,1906,2024-06-04,High,Closed
8462,2158,2023-09-26,Low,In Progress
8463,5634,2023-10-30,Low,Open
8464,3633,2024-12-04,Low,Open
8465,1835,2024-05-09,High,Closed
8466,5310,2024-02-16,Low,Open
8467,4934,2025-07-21,High,Open
8468,2503,2025-07-16,Low,In Progress
8469,5961,2024-07-24,High,Closed
8470,1235,2025-05-20,Low,In Progress
8471,4113,2023-08-29,Low,Closed
8472,4774,2025-04-07,High,Closed
8473,4289,2024-10-16,Low,Closed
8474,5332,2026-05-25,High,Closed
8475,2508,2025-11-06,High,Closed
8476,3414,2023-11-15,Low,Closed
8477,1798,2025-07-04,Low,Closed
8478,1631,2025-10-10,Low,Closed
8479,4677,2024-09-30,High,Closed
8480,4798,2023-09-14,Low,Open
8481,4228,2024-01-24,Critical,Closed
8482,3041,2025-02-23,Medium,Closed
8483,5741,2024-04-23,Medium,Closed
8484,4014,2025-03-18,High,Closed
8485,2413,2024-02-17,Low,Closed
8486,5133,2026-02-05,Medium,Closed
8487,2506,2026-01-07,High,Closed
8488,5515,2024-08-13,Critical,Closed
8489,5283,2023-07-31,Medium,Closed
8490,2402,2024-06-20,Medium,Closed
8491,5530,2024-06-01,Medium,Closed
8492,5219,2025-05-31,High,Closed
8493,2580,2023-11-17,High,Closed
8494,5781,2024-09-29,Medium,Open
8495,5827,2024-05-24,Medium,Closed
8496,4937,2025-07-06,Critical,Closed
8497,4011,2024-01-06,Low,Closed
8498,3266,2025-02-23,Low,Closed
8499,2801,2024-11-10,Low,Closed
8500,3954,2025-12-16,High,Closed
8501,4359,2023-08-21,Low,Closed
8502,5081,2025-10-27,Low,Closed
8503,1920,2025-01-19,Medium,Closed
8504,4442,2023-08-16,Medium,Closed
8505,2234,2024-03-31,Low,Closed
8506,4636,2026-05-14,Medium,Closed
8507,4706,2025-12-11,Low,Closed
8508,1787,2024-01-09,Medium,Closed
8509,5246,2026-03-16,Low,Closed
8510,3032,2025-12-04,Medium,Closed
8511,2102,2024-03-27,High,Closed
8512,3710,2025-12-18,Low,Closed
8513,1276,2025-04-09,Medium,Closed
8514,4902,2024-07-27,Medium,Closed
8515,1501,2024-06-20,High,In Progress
8516,1912,2023-10-26,Medium,Closed
8517,1488,2024-06-07,Medium,Closed
8518,4878,2024-10-22,Low,Closed
8519,2039,2026-02-18,Low,Closed
8520,2139,2025-01-19,High,Open
8521,2576,2024-11-03,Medium,Closed
8522,4882,2026-03-07,Medium,In Progress
8523,5708,2026-04-05,Medium,Open
8524,2704,2026-05-20,High,Closed
8525,5365,2025-10-01,Low,Closed
8526,3116,2024-03-04,Low,In Progress
8527,4938,2024-06-27,Medium,Closed
8528,1348,2025-01-09,Low,Closed
8529,4582,2024-01-13,High,Closed
8530,5214,2025-06-23,High,Closed
8531,1710,2023-11-05,Medium,Closed
8532,2836,2025-03-11,Low,Closed
8533,2677,2023-11-10,Low,Closed
8534,3152,2026-01-10,Medium,In Progress
8535,4800,2024-11-22,Low,Closed
8536,5551,2024-12-24,Low,In Progress
8537,1890,2026-06-12,Low,Closed
8538,3902,2023-08-05,High,Closed
8539,3766,2024-04-11,High,Closed
8540,5934,2024-07-01,Low,Closed
8541,5642,2024-08-04,Low,Closed
8542,5679,2023-10-17,Low,Closed
8543,5289,2026-04-21,Low,In Progress
8544,4168,2024-04-10,Critical,In Progress
8545,5250,2026-04-06,Low,Closed
8546,3198,2024-06-12,High,Closed
8547,3126,2025-01-18,High,Closed
8548,2071,2024-10-27,Low,Closed
8549,3157,2025-04-14,Medium,Closed
8550,5862,2025-07-11,Medium,In Progress
8551,2851,2024-12-16,High,Closed
8552,2866,2023-07-07,Low,Closed
8553,2006,2026-02-15,Low,Closed
8554,5559,2025-01-03,Low,Closed
8555,3148,2025-05-29,Medium,In Progress
8556,5625,2023-10-03,Medium,In Progress
8557,5515,2024-03-21,Critical,Closed
8558,2490,2024-02-15,Medium,Closed
8559,5706,2023-11-12,Low,In Progress
8560,2981,2025-12-04,Low,Closed
8561,4535,2024-07-03,High,Closed
8562,2794,2024-07-02,Medium,Closed
8563,2342,2025-02-07,High,Closed
8564,2875,2024-12-31,Medium,Closed
8565,3872,2025-03-16,High,In Progress
8566,5363,2025-11-03,Medium,Closed
8567,4423,2024-10-17,Low,Closed
8568,4255,2024-10-03,Low,In Progress
8569,1042,2025-06-01,Medium,Closed
8570,4550,2023-10-27,Medium,Open
8571,1363,2025-11-29,High,Closed
8572,2227,2025-04-12,Critical,In Progress
8573,3076,2026-05-17,Critical,Open
8574,3807,2023-09-02,High,In Progress
8575,4117,2026-05-14,Low,In Progress
8576,3107,2024-03-14,Medium,Closed
8577,1594,2024-11-07,Medium,Closed
8578,4724,2023-08-07,Medium,Closed
8579,4929,2026-03-20,Low,Closed
8580,3239,2025-09-24,Low,In Progress
8581,3397,2026-05-24,Low,Closed
8582,2120,2026-05-19,Medium,Closed
8583,1316,2025-01-24,Low,Closed
8584,3908,2024-10-18,Low,Closed
8585,4205,2025-03-13,Medium,In Progress
8586,5431,2025-10-05,High,Closed
8587,5735,2024-12-10,Low,Closed
8588,5563,2023-10-19,Medium,In Progress
8589,1722,2023-08-04,Low,Open
8590,3393,2025-06-19,Medium,Closed
8591,5015,2024-08-16,Low,Closed
8592,1676,2023-08-22,Low,Closed
8593,2144,2023-09-29,Low,Closed
8594,2282,2024-09-05,Low,Closed
8595,5513,2026-05-06,Low,Closed
8596,3917,2023-11-21,Low,Closed
8597,4524,2025-02-24,Low,Closed
8598,1623,2024-09-11,High,Closed
8599,2204,2025-11-23,Low,Open
8600,1187,2025-04-29,High,Closed
8601,3627,2026-03-14,Medium,Closed
8602,5237,2026-04-13,Low,Closed
8603,2816,2025-06-28,Medium,Closed
8604,4388,2026-03-20,Medium,Closed
8605,3419,2025-10-31,Medium,Closed
8606,1953,2023-10-09,Critical,Closed
8607,2430,2026-01-02,Medium,Closed
8608,1929,2025-08-09,Low,Closed
8609,5774,2025-10-28,High,In Progress
8610,2037,2024-04-18,High,Closed
8611,4754,2023-11-18,Low,Closed
8612,4611,2025-12-25,Medium,Closed
8613,1159,2025-08-04,Critical,Open
8614,3759,2025-08-02,Medium,Closed
8615,4908,2025-10-04,Low,Closed
8616,4621,2023-09-13,Low,Closed
8617,4853,2025-09-26,Medium,Closed
8618,1002,2025-01-10,Low,Closed
8619,5878,2025-08-02,Medium,Closed
8620,3875,2026-06-21,Medium,Closed
8621,2436,2024-11-14,Medium,In Progress
8622,4334,2023-06-30,Medium,Closed
8623,4304,2025-04-15,High,Closed
8624,4586,2023-10-27,Medium,Closed
8625,5279,2025-01-28,Low,Closed
8626,4729,2025-12-26,Low,Closed
8627,5381,2023-12-22,High,Open
8628,5319,2024-05-01,High,Closed
8629,5549,2023-12-19,Critical,Closed
8630,4535,2025-07-09,Medium,Closed
8631,1838,2025-10-09,Medium,In Progress
8632,3121,2025-10-31,Medium,Closed
8633,1531,2025-08-04,Critical,In Progress
8634,1894,2026-01-06,Low,Open
8635,5241,2024-03-01,High,Closed
8636,2678,2025-09-04,Medium,Closed
8637,3197,2024-03-26,Medium,Closed
8638,1632,2024-04-10,Critical,Closed
8639,2813,2024-06-07,Medium,Closed
8640,4476,2026-05-13,Low,Closed
8641,5547,2024-07-16,Low,Closed
8642,1670,2024-05-24,Low,Closed
8643,2734,2024-04-21,Low,Closed
8644,3130,2025-11-08,High,Closed
8645,3501,2023-08-10,Low,Closed
8646,2324,2023-11-10,High,Closed
8647,2256,2024-12-10,Critical,Closed
8648,5924,2023-07-12,Medium,Closed
8649,2574,2024-09-24,Critical,Closed
8650,4094,2023-11-07,Low,Closed
8651,2682,2025-01-12,Low,In Progress
8652,4905,2024-05-15,Medium,Closed
8653,1818,2024-10-04,Medium,Closed
8654,2113,2024-03-11,High,Closed
8655,5923,2025-07-25,Low,Closed
8656,2403,2023-08-19,Critical,Closed
8657,4149,2024-09-11,High,Closed
8658,5568,2025-11-25,High,Closed
8659,1153,2025-09-17,Low,Closed
8660,3866,2025-05-17,Low,Closed
8661,5192,2024-04-16,Low,Closed
8662,3635,2026-05-29,High,Closed
8663,2611,2025-07-29,Medium,Closed
8664,3555,2026-03-15,Low,Closed
8665,1354,2025-06-27,Low,Closed
8666,4931,2024-12-20,Medium,Open
8667,2933,2024-08-02,Low,Closed
8668,4889,2023-07-23,Low,In Progress
8669,1615,2025-08-08,High,Closed
8670,4943,2024-10-29,Medium,Closed
8671,1148,2024-05-17,Low,Closed
8672,3420,2024-02-11,Low,Open
8673,2016,2024-06-07,Medium,Closed
8674,2161,2023-09-10,Low,Closed
8675,1665,2024-05-10,Low,Closed
8676,3231,2025-10-07,Low,Closed
8677,1938,2025-04-20,Low,Closed
8678,3868,2023-07-02,Medium,Closed
8679,5188,2026-04-24,Low,Closed
8680,2871,2024-06-19,Critical,Closed
8681,4969,2024-01-15,Low,In Progress
8682,3682,2024-02-27,Low,Closed
8683,4073,2023-09-15,Medium,Open
8684,5401,2025-08-28,Low,In Progress
8685,5133,2025-09-07,Medium,Closed
8686,1745,2023-09-13,Low,Closed
8687,2707,2025-11-06,Medium,Closed
8688,1464,2024-11-16,Critical,Closed
8689,1447,2024-07-31,Medium,Closed
8690,1932,2025-07-19,High,Closed
8691,1429,2026-01-06,Low,Closed
8692,4160,2025-08-29,High,Closed
8693,1543,2023-12-17,Medium,Closed
8694,2803,2023-12-11,Critical,Closed
8695,2186,2023-11-15,High,In Progress
8696,3179,2025-08-26,Medium,In Progress
8697,5422,2026-01-05,High,Closed
8698,4397,2026-02-17,High,Closed
8699,3784,2026-02-08,Low,Open
8700,1278,2024-07-11,Medium,Open
8701,1924,2024-02-03,Medium,In Progress
8702,2469,2023-11-17,Low,Open
8703,1368,2023-10-05,Medium,Closed
8704,1228,2024-01-19,Low,Closed
8705,1261,2024-05-08,Low,Closed
8706,4994,2025-10-08,Low,Closed
8707,2017,2026-02-21,Low,Closed
8708,1147,2026-04-08,Medium,Closed
8709,3898,2025-09-14,Low,Closed
8710,1774,2026-06-05,Critical,Closed
8711,2790,2023-09-21,Medium,In Progress
8712,1134,2025-06-19,Low,Closed
8713,1319,2025-04-25,Medium,In Progress
8714,1414,2026-03-19,Low,In Progress
8715,4487,2024-01-02,Low,Closed
8716,5855,2026-03-05,High,Closed
8717,3913,2025-07-20,Low,Closed
8718,2880,2026-02-04,Medium,Closed
8719,3319,2025-06-25,Medium,Open
8720,4061,2025-12-25,High,Closed
8721,5843,2024-08-13,Medium,Closed
8722,3424,2026-04-10,Critical,Closed
8723,5460,2023-07-05,High,Closed
8724,5431,2024-07-14,Low,Closed
8725,3924,2025-04-01,Medium,Closed
8726,2735,2024-10-20,High,Open
8727,5459,2026-06-26,Low,Closed
8728,2302,2025-07-13,Low,Closed
8729,4834,2025-02-02,Medium,Closed
8730,2597,2025-03-04,Critical,Closed
8731,5907,2025-10-14,Medium,In Progress
8732,5777,2024-09-28,High,Open
8733,4511,2025-01-10,High,Open
8734,1165,2024-04-05,Medium,Closed
8735,3555,2023-08-29,Medium,Closed
8736,2614,2026-01-04,High,Closed
8737,2274,2024-04-16,High,Closed
8738,3318,2024-12-16,Low,Closed
8739,5080,2023-10-21,Low,Open
8740,3203,2025-01-27,Low,In Progress
8741,3116,2025-07-01,Low,Closed
8742,3645,2026-01-01,Medium,Closed
8743,4105,2024-07-23,Low,Closed
8744,5813,2023-09-09,Low,In Progress
8745,3117,2025-10-12,High,Open
8746,4886,2025-05-11,Critical,Closed
8747,4892,2024-01-30,High,Closed
8748,5570,2026-03-12,Critical,Closed
8749,4973,2023-12-15,High,Closed
8750,4271,2025-07-05,Critical,In Progress
8751,2626,2023-08-25,Low,Closed
8752,3803,2024-08-17,Critical,Open
8753,1115,2025-10-20,Low,In Progress
8754,1839,2024-08-01,Medium,In Progress
8755,3553,2024-12-27,Medium,In Progress
8756,3318,2025-07-01,Medium,In Progress
8757,5501,2025-12-29,Low,Closed
8758,4635,2024-11-19,Low,Closed
8759,4911,2025-05-26,Low,Closed
8760,1387,2025-03-02,High,Closed
8761,4015,2023-12-11,High,Closed
8762,2554,2026-05-05,Low,Closed
8763,3366,2024-04-20,Low,In Progress
8764,1911,2023-07-19,Medium,Closed
8765,3923,2025-06-22,Medium,Closed
8766,3687,2026-06-21,Medium,Closed
8767,5030,2024-11-01,Low,Closed
8768,2498,2024-05-01,Medium,In Progress
8769,5240,2025-08-09,Low,Closed
8770,5645,2026-01-02,Low,In Progress
8771,3556,2026-04-25,Medium,Closed
8772,1330,2025-05-20,Low,Closed
8773,1464,2026-05-27,Low,Closed
8774,1906,2023-07-16,Low,Closed
8775,4097,2024-10-03,Low,Closed
8776,5732,2024-10-22,Critical,Open
8777,4803,2026-01-21,Low,Closed
8778,1198,2024-08-24,High,Closed
8779,3849,2024-08-23,Medium,Closed
8780,4327,2026-01-06,Critical,Closed
8781,3163,2024-03-09,High,Closed
8782,4081,2024-07-07,Medium,Closed
8783,3112,2026-02-10,Critical,Open
8784,1227,2024-02-15,Medium,Closed
8785,2374,2025-04-07,Low,Open
8786,4255,2025-10-29,Critical,Open
8787,4470,2026-04-09,Low,Closed
8788,4730,2026-06-10,Medium,In Progress
8789,3853,2024-05-17,Medium,Closed
8790,2778,2023-07-19,Low,Closed
8791,3546,2025-02-11,Medium,Open
8792,2166,2024-12-18,Medium,In Progress
8793,5853,2025-05-04,Critical,Open
8794,1527,2024-08-21,Medium,Closed
8795,5109,2025-08-22,Medium,Closed
8796,2680,2024-02-16,Low,Open
8797,3672,2025-01-26,Medium,Closed
8798,4946,2023-08-18,High,Closed
8799,2175,2024-01-02,Low,Closed
8800,5506,2024-12-24,Low,Closed
8801,5441,2025-03-31,High,Closed
8802,3243,2024-12-17,High,Closed
8803,5059,2025-05-09,Low,Closed
8804,3517,2024-03-31,Low,Closed
8805,3818,2024-07-12,Low,In Progress
8806,3332,2024-08-24,Low,Closed
8807,5619,2026-05-11,High,Closed
8808,3544,2024-10-05,Low,Closed
8809,5671,2025-03-28,High,Closed
8810,1649,2024-07-27,Medium,Closed
8811,2669,2025-03-14,Medium,Closed
8812,2788,2025-11-20,High,Open
8813,4072,2024-12-19,Low,In Progress
8814,5592,2024-03-07,Low,Closed
8815,2027,2025-05-03,Low,Closed
8816,1174,2024-09-24,Medium,Open
8817,4421,2023-12-29,High,Closed
8818,4013,2025-06-05,Low,Closed
8819,4943,2024-04-10,High,In Progress
8820,3293,2025-11-30,High,In Progress
8821,4816,2025-04-19,Low,Closed
8822,1655,2025-01-11,High,Closed
8823,2789,2024-04-08,Medium,Closed
8824,3608,2026-02-13,Critical,Closed
8825,3917,2025-12-03,Medium,Open
8826,3177,2024-02-07,High,In Progress
8827,3372,2026-02-26,Critical,In Progress
8828,2495,2023-10-09,Medium,Closed
8829,1612,2026-03-02,Medium,Closed
8830,3407,2024-05-27,Critical,Closed
8831,2592,2023-11-05,Low,Closed
8832,2721,2024-10-01,High,In Progress
8833,2798,2026-06-13,Medium,Closed
8834,3193,2025-07-19,Medium,Closed
8835,3696,2026-04-12,Critical,Closed
8836,5738,2023-12-10,High,In Progress
8837,1920,2025-06-11,Medium,Closed
8838,5286,2025-05-02,Medium,Closed
8839,4668,2024-05-17,Low,Closed
8840,4215,2024-04-13,High,Closed
8841,4443,2025-07-06,Medium,In Progress
8842,1994,2025-07-14,Low,Closed
8843,4931,2026-02-19,Low,Closed
8844,4548,2025-04-03,Low,Closed
8845,3354,2024-10-15,High,Closed
8846,4441,2024-03-18,Medium,Closed
8847,4218,2024-03-22,Low,Closed
8848,5521,2023-07-06,Medium,Closed
8849,2887,2023-11-18,Medium,Closed
8850,3389,2023-09-16,Low,Closed
8851,1722,2025-02-20,Medium,Closed
8852,3811,2024-09-24,Medium,Closed
8853,5693,2025-10-27,Medium,In Progress
8854,5550,2024-07-08,Low,Closed
8855,3399,2024-05-24,Critical,Closed
8856,5635,2024-09-21,Low,Closed
8857,5102,2023-07-09,Medium,In Progress
8858,3027,2025-10-13,Medium,Closed
8859,3137,2023-10-22,Low,Closed
8860,4400,2025-02-17,Medium,In Progress
8861,4352,2023-09-15,Low,Closed
8862,2978,2025-03-17,Low,Closed
8863,4214,2024-05-19,Low,Closed
8864,2113,2025-04-19,High,Closed
8865,2248,2025-12-13,High,Closed
8866,1841,2026-03-11,Medium,Closed
8867,5522,2023-08-17,Medium,Closed
8868,3862,2025-02-11,Low,Open
8869,5565,2023-07-22,High,Closed
8870,1025,2024-09-29,Low,Closed
8871,5660,2026-04-08,Medium,Closed
8872,4367,2024-09-09,Low,Closed
8873,1085,2024-03-12,High,Closed
8874,3471,2023-12-28,Medium,Closed
8875,2389,2023-08-03,Medium,Closed
8876,5780,2024-05-10,High,Closed
8877,5950,2023-11-04,Low,Closed
8878,2011,2024-03-09,Low,Closed
8879,2933,2024-01-21,Medium,Closed
8880,5048,2025-03-04,Medium,Closed
8881,4646,2026-05-06,Medium,Closed
8882,2569,2025-12-16,Medium,Closed
8883,5590,2024-04-07,Medium,Closed
8884,1908,2025-05-18,Medium,Closed
8885,2525,2025-12-02,Medium,In Progress
8886,5614,2023-10-27,Low,Closed
8887,3036,2024-02-14,Medium,Closed
8888,1159,2026-04-05,Low,Closed
8889,2987,2025-01-20,Low,Closed
8890,5204,2023-09-29,Low,Closed
8891,4782,2024-04-12,Low,Closed
8892,5618,2023-08-18,Low,In Progress
8893,5931,2023-11-07,High,In Progress
8894,1423,2023-10-11,Medium,Closed
8895,1534,2023-10-24,Medium,Closed
8896,5825,2025-11-23,Low,Closed
8897,3703,2023-12-04,Critical,Closed
8898,4140,2024-12-09,Critical,Closed
8899,3175,2025-09-10,High,Closed
8900,4274,2026-02-19,High,Closed
8901,2480,2024-05-21,Low,Closed
8902,1118,2024-06-08,Critical,In Progress
8903,3736,2024-11-29,Low,Closed
8904,3265,2026-01-26,High,Open
8905,4351,2024-02-12,High,Closed
8906,2771,2024-04-15,Low,Closed
8907,1599,2024-09-01,Low,Open
8908,1569,2026-03-06,Critical,Closed
8909,4642,2024-09-04,Medium,Closed
8910,3362,2024-09-09,Critical,Closed
8911,3785,2024-05-12,Critical,Closed
8912,4293,2025-02-16,Medium,Open
8913,5091,2026-01-26,Low,In Progress
8914,4595,2025-08-02,High,In Progress
8915,3869,2024-12-17,Medium,Closed
8916,2906,2026-04-25,Medium,Closed
8917,1890,2024-12-31,Low,Closed
8918,5842,2023-12-29,Medium,Closed
8919,1427,2023-10-22,Medium,Closed
8920,5198,2025-12-28,Low,Closed
8921,1611,2024-11-09,Medium,Closed
8922,1949,2026-06-24,Low,Closed
8923,5881,2024-12-12,Low,Closed
8924,4295,2024-07-12,Low,Closed
8925,4088,2025-02-18,Low,Closed
8926,3603,2024-06-28,High,Closed
8927,2906,2025-08-13,Medium,Closed
8928,5941,2025-11-23,Low,Closed
8929,4205,2026-06-05,Low,Closed
8930,1827,2023-07-16,High,Closed
8931,1261,2024-05-12,Critical,Closed
8932,3615,2025-07-05,Low,Closed
8933,5801,2024-05-25,Critical,Closed
8934,4968,2025-04-30,High,Closed
8935,2559,2026-01-10,Critical,Closed
8936,5827,2026-06-10,Medium,Closed
8937,4397,2025-09-28,Medium,Closed
8938,5498,2023-07-01,High,Closed
8939,5797,2024-11-15,Low,Open
8940,1586,2026-06-16,Medium,Open
8941,4302,2025-07-16,Medium,In Progress
8942,1447,2025-09-19,Medium,Closed
8943,1305,2024-03-27,High,Closed
8944,1097,2025-08-06,Medium,Closed
8945,4292,2025-09-02,Medium,Open
8946,4792,2024-02-22,Medium,Closed
8947,1517,2024-02-01,Low,In Progress
8948,3805,2024-02-05,Medium,Closed
8949,5983,2025-11-02,High,Closed
8950,2877,2024-06-17,Critical,Closed
8951,2302,2023-11-17,Medium,Closed
8952,5845,2025-01-26,Low,Closed
8953,3205,2025-03-08,High,Closed
8954,1111,2024-01-04,Low,In Progress
8955,3928,2025-02-28,Medium,Closed
8956,3093,2025-07-08,Low,In Progress
8957,2163,2025-11-22,Critical,Closed
8958,1567,2026-02-09,High,Closed
8959,4928,2024-04-06,Critical,Closed
8960,3033,2024-02-28,Medium,Closed
8961,1892,2023-10-16,Low,In Progress
8962,5840,2025-01-29,Low,Closed
8963,2679,2025-11-10,Critical,In Progress
8964,2109,2025-01-29,Low,Closed
8965,4797,2025-09-21,High,Closed
8966,3722,2026-04-14,Medium,Closed
8967,5414,2026-05-02,Medium,In Progress
8968,2296,2026-01-31,Medium,Closed
8969,2243,2026-05-31,Medium,Closed
8970,4573,2025-12-06,Medium,Closed
8971,5247,2023-12-09,Low,Closed
8972,3217,2026-05-20,Low,In Progress
8973,1316,2024-10-15,High,Closed
8974,5912,2026-02-01,Medium,Closed
8975,5555,2024-07-21,High,Open
8976,4332,2024-10-14,Low,Closed
8977,3939,2025-03-19,Low,Closed
8978,3735,2024-11-26,Low,Closed
8979,5690,2024-11-26,High,Closed
8980,4664,2023-11-25,Medium,Closed
8981,5593,2025-06-12,Medium,Closed
8982,4246,2024-08-21,High,Closed
8983,2543,2025-09-29,High,Closed
8984,2298,2024-03-23,Low,Closed
8985,5845,2026-02-09,Medium,Closed
8986,5228,2023-07-07,High,In Progress
8987,1012,2025-07-27,Low,Open
8988,3242,2024-05-20,Medium,In Progress
8989,5928,2023-12-09,Low,Closed
8990,4389,2026-03-18,Low,Closed
8991,3838,2024-03-15,High,Closed
8992,5105,2026-06-12,Medium,Closed
8993,4436,2025-09-02,Low,In Progress
8994,2626,2024-01-20,Low,Closed
8995,4120,2026-03-29,Critical,Closed
8996,5713,2025-11-18,Low,Closed
8997,5340,2025-10-12,Medium,Closed
8998,3718,2024-11-01,Medium,Closed
8999,1284,2025-03-02,Low,Closed
9000,5632,2023-08-20,High,Closed
9001,5223,2025-06-28,Medium,Open
9002,5298,2026-06-09,Critical,Closed
9003,5924,2025-05-16,High,Closed
9004,1389,2025-09-03,Medium,Closed
9005,3898,2024-03-23,Medium,Closed
9006,1647,2024-05-29,Low,Open
9007,2171,2024-12-09,Medium,Closed
9008,4224,2026-03-14,Low,Closed
9009,1627,2024-04-10,High,In Progress
9010,5233,2023-08-27,Low,Closed
9011,3287,2025-09-19,Critical,Closed
9012,1661,2025-06-15,High,Closed
9013,3320,2025-01-02,Medium,Open
9014,5602,2026-02-05,High,Closed
9015,2125,2023-07-10,High,Closed
9016,5661,2023-11-29,High,Closed
9017,1068,2024-03-20,Medium,Closed
9018,1573,2023-12-27,Low,Closed
9019,1315,2024-07-14,Medium,Closed
9020,3087,2026-01-14,High,In Progress
9021,5871,2023-11-30,Critical,Closed
9022,3190,2026-02-28,Critical,Closed
9023,5297,2023-08-31,High,Closed
9024,4274,2024-01-12,High,In Progress
9025,2806,2023-10-15,Medium,Closed
9026,5586,2026-05-22,High,Closed
9027,5003,2025-10-24,Low,In Progress
9028,5188,2024-01-09,Low,Closed
9029,3735,2024-03-21,Medium,Closed
9030,1684,2023-11-13,High,Closed
9031,5958,2025-09-07,Low,Closed
9032,3565,2024-04-13,Low,Closed
9033,1062,2024-08-03,Low,Closed
9034,3354,2026-02-07,Low,Closed
9035,2395,2023-12-06,Medium,Closed
9036,4986,2025-05-05,High,In Progress
9037,5369,2026-01-05,Low,Closed
9038,3839,2025-02-28,High,Closed
9039,3055,2024-05-21,High,Open
9040,2835,2023-08-04,Medium,In Progress
9041,3258,2026-03-07,Medium,Closed
9042,1925,2024-04-24,Medium,Open
9043,2781,2024-06-15,Medium,Closed
9044,2070,2024-04-26,Medium,Open
9045,1598,2023-07-05,Medium,Closed
9046,4836,2023-07-10,Low,Closed
9047,2597,2026-06-19,Critical,Closed
9048,4879,2025-06-16,Medium,Open
9049,2490,2024-08-28,Medium,Closed
9050,4569,2024-07-25,Low,Closed
9051,1001,2026-05-26,Critical,Closed
9052,2659,2025-07-20,Medium,In Progress
9053,5520,2025-08-03,Medium,Open
9054,1122,2026-05-03,High,Open
9055,2821,2025-07-03,Low,Closed
9056,1919,2024-08-14,Medium,Closed
9057,5776,2025-06-16,Low,Closed
9058,2981,2025-01-17,Critical,Open
9059,3959,2025-10-26,Low,Closed
9060,5645,2024-01-16,High,Closed
9061,5884,2023-11-14,Medium,Closed
9062,1849,2024-02-19,Medium,Closed
9063,5540,2023-09-04,Medium,In Progress
9064,4888,2023-09-27,Medium,Closed
9065,2031,2023-07-07,Low,Closed
9066,4260,2025-07-04,Medium,Closed
9067,1331,2026-02-05,Medium,Closed
9068,1092,2025-11-09,Medium,Closed
9069,4655,2025-07-28,High,Closed
9070,2780,2023-10-29,High,Closed
9071,3562,2024-01-16,High,Closed
9072,3606,2025-07-01,Low,In Progress
9073,5757,2023-07-18,High,Closed
9074,1439,2026-03-10,Medium,Closed
9075,2429,2026-01-30,Low,Closed
9076,5938,2024-11-05,Medium,Open
9077,4070,2026-03-25,Low,Closed
9078,1038,2024-12-15,Medium,Closed
9079,5896,2026-01-14,Medium,Closed
9080,4209,2026-05-11,Low,In Progress
9081,4145,2023-11-07,Low,Open
9082,4029,2024-02-29,Medium,Closed
9083,1996,2025-04-06,Low,Closed
9084,4468,2025-09-11,Low,In Progress
9085,5200,2025-07-09,Medium,In Progress
9086,2510,2024-10-14,Low,In Progress
9087,5300,2024-02-01,Medium,Closed
9088,4142,2025-07-11,High,Closed
9089,3478,2025-03-16,High,Closed
9090,5032,2023-10-23,Low,Closed
9091,4091,2024-05-21,High,Closed
9092,1360,2024-02-13,High,Closed
9093,1697,2025-11-20,High,Closed
9094,3563,2025-02-13,Low,Closed
9095,2403,2025-01-22,Critical,Closed
9096,1853,2024-06-20,Low,Closed
9097,3868,2024-01-14,High,Closed
9098,3054,2026-02-09,Medium,Closed
9099,1650,2026-03-17,High,Closed
9100,3222,2024-04-25,Low,Closed
9101,5080,2025-09-10,Medium,Closed
9102,4606,2025-11-02,Medium,Closed
9103,2312,2025-02-27,Low,Closed
9104,3414,2025-10-31,Low,Closed
9105,3079,2023-09-29,Low,In Progress
9106,5580,2023-10-31,Medium,Closed
9107,3336,2025-09-14,High,Closed
9108,4780,2025-07-18,Medium,Closed
9109,2226,2024-04-27,Low,Closed
9110,5386,2023-11-14,Low,In Progress
9111,2676,2024-01-09,High,Closed
9112,1598,2025-01-02,Low,Closed
9113,5773,2023-12-16,Low,Closed
9114,1215,2023-08-17,Low,Closed
9115,3932,2023-08-07,Medium,Closed
9116,3119,2024-05-07,Low,Closed
9117,4996,2026-05-30,High,Closed
9118,3638,2024-12-20,Low,Closed
9119,5949,2024-12-06,Medium,Closed
9120,2859,2026-03-24,High,Closed
9121,1395,2025-08-13,Low,Closed
9122,5243,2025-01-20,Low,Closed
9123,3062,2026-06-01,Critical,Closed
9124,5233,2026-02-27,Low,Closed
9125,4446,2025-07-26,Low,Closed
9126,3319,2024-03-06,High,In Progress
9127,4304,2024-10-18,Low,Closed
9128,5219,2026-05-14,Medium,In Progress
9129,4165,2025-11-28,Low,Closed
9130,3228,2025-09-29,Critical,Closed
9131,3223,2025-02-03,High,Closed
9132,3602,2024-05-24,High,In Progress
9133,3778,2025-12-14,Low,Closed
9134,3045,2023-10-29,Medium,In Progress
9135,5700,2024-05-15,Medium,Open
9136,2705,2026-01-28,Low,Closed
9137,2910,2024-09-19,Medium,Closed
9138,2866,2025-08-04,Low,Closed
9139,4281,2024-03-02,Low,Closed
9140,2142,2025-04-21,Low,Closed
9141,5848,2025-04-08,Low,Closed
9142,1495,2025-04-09,Low,Closed
9143,1644,2023-11-20,Medium,Open
9144,2236,2025-02-10,Medium,Closed
9145,3741,2026-02-24,Low,Closed
9146,4257,2025-06-25,High,Closed
9147,4768,2023-07-23,Medium,Open
9148,1166,2023-07-16,Medium,Closed
9149,5476,2026-02-03,Medium,Closed
9150,4825,2024-05-20,Medium,Closed
9151,2160,2026-02-12,Medium,Closed
9152,1759,2025-12-19,Medium,Closed
9153,3791,2025-12-15,Medium,Closed
9154,5255,2026-01-21,Critical,In Progress
9155,4524,2025-05-12,Medium,Open
9156,4973,2025-10-06,Low,Closed
9157,2876,2024-01-01,Medium,Closed
9158,3902,2024-05-01,Medium,In Progress
9159,5164,2024-07-21,Medium,In Progress
9160,4871,2024-08-12,Medium,Closed
9161,5244,2025-04-23,Low,Closed
9162,2761,2023-11-03,High,Closed
9163,1757,2025-04-29,Low,Closed
9164,3835,2025-02-06,Low,Closed
9165,5268,2024-02-27,Medium,In Progress
9166,2094,2025-03-19,High,Closed
9167,5936,2026-01-08,Medium,In Progress
9168,4705,2025-05-20,Medium,Closed
9169,4447,2026-05-24,Low,Closed
9170,3757,2024-04-14,Medium,Closed
9171,4434,2025-11-20,Medium,Closed
9172,5113,2026-05-17,Low,Closed
9173,5648,2024-06-13,Medium,Closed
9174,5654,2026-06-09,Critical,Closed
9175,1615,2025-08-27,Low,Closed
9176,4483,2025-10-30,Low,Closed
9177,3146,2026-02-01,Critical,Closed
9178,1271,2025-08-04,Medium,Closed
9179,5624,2026-01-31,Low,Closed
9180,2164,2024-11-10,High,In Progress
9181,3159,2026-01-19,Medium,Closed
9182,2066,2024-07-28,Low,Closed
9183,5851,2026-02-26,Medium,In Progress
9184,1826,2025-10-02,Low,Closed
9185,3893,2024-12-22,High,Closed
9186,4887,2023-11-01,Critical,Closed
9187,2458,2024-10-08,Low,Closed
9188,1244,2024-07-28,Medium,Closed
9189,1439,2026-04-24,Low,Closed
9190,1053,2024-08-18,High,Closed
9191,5392,2024-09-25,Low,Closed
9192,3863,2025-10-10,High,Closed
9193,4225,2024-08-12,Critical,Open
9194,3317,2023-11-04,Medium,Closed
9195,1900,2023-08-30,Low,Open
9196,5107,2024-07-16,Medium,Closed
9197,4404,2023-07-22,High,Closed
9198,1555,2026-05-23,High,Closed
9199,1881,2024-01-15,Medium,In Progress
9200,1098,2025-04-26,Medium,Open
9201,5024,2024-05-23,Low,Closed
9202,4085,2025-05-10,Medium,Closed
9203,2553,2023-10-04,Low,Open
9204,4380,2023-07-18,Low,Closed
9205,1691,2025-07-03,Critical,Open
9206,3870,2026-02-01,Critical,Closed
9207,3062,2024-08-08,Medium,Closed
9208,5479,2023-12-06,Low,Closed
9209,3769,2025-11-29,Low,Closed
9210,3236,2024-01-30,High,In Progress
9211,2081,2023-11-27,High,Closed
9212,1110,2025-01-08,Medium,Closed
9213,3444,2025-11-24,Low,Closed
9214,1161,2025-10-05,Medium,In Progress
9215,5140,2024-09-01,Low,Closed
9216,2853,2024-01-23,Medium,Closed
9217,2054,2025-09-10,Low,Closed
9218,5519,2023-09-04,Medium,Closed
9219,1969,2025-02-04,Medium,Closed
9220,5628,2025-09-06,Medium,In Progress
9221,1676,2024-05-17,Low,In Progress
9222,5397,2025-12-10,Medium,Closed
9223,3538,2023-10-24,Medium,Closed
9224,5691,2025-09-07,High,Closed
9225,3617,2024-03-28,Medium,Closed
9226,1941,2025-05-23,High,Closed
9227,2738,2024-11-27,Low,Closed
9228,4131,2024-12-31,Critical,Open
9229,4789,2023-07-05,High,Closed
9230,1308,2025-03-03,High,Closed
9231,5123,2023-12-07,Low,Closed
9232,2640,2023-07-18,Critical,Closed
9233,3385,2025-07-16,High,Closed
9234,3359,2024-07-18,Low,Closed
9235,5170,2023-08-27,Low,Closed
9236,5097,2024-05-16,High,In Progress
9237,3776,2025-01-23,Critical,In Progress
9238,3999,2023-08-14,High,Closed
9239,5978,2024-06-20,Low,Closed
9240,5228,2023-12-27,Low,Closed
9241,2186,2025-02-18,Critical,Open
9242,3214,2026-06-15,High,Closed
9243,2982,2023-09-15,Critical,In Progress
9244,4948,2025-03-13,Medium,Closed
9245,1078,2025-11-12,Low,Closed
9246,1485,2024-05-03,Critical,Closed
9247,3059,2024-07-27,Medium,Closed
9248,2048,2026-06-10,High,Closed
9249,3577,2025-04-08,High,Closed
9250,3536,2024-10-23,High,Closed
9251,2728,2025-07-27,High,Closed
9252,4975,2026-06-25,Medium,Closed
9253,4394,2025-10-27,Critical,Closed
9254,5018,2024-10-13,Medium,In Progress
9255,5751,2023-09-25,Medium,Closed
9256,4079,2024-05-26,Medium,Closed
9257,3513,2025-09-14,Low,Open
9258,4413,2025-08-13,Low,In Progress
9259,3973,2024-05-18,Low,Closed
9260,5453,2023-11-28,Medium,Closed
9261,3611,2023-08-01,Low,Closed
9262,2993,2025-02-04,Medium,In Progress
9263,4105,2026-06-21,Medium,Closed
9264,2482,2025-06-15,Low,Closed
9265,1750,2025-01-24,Low,In Progress
9266,1746,2024-03-03,High,Closed
9267,5490,2023-07-09,Medium,Closed
9268,2668,2026-06-11,Low,Closed
9269,1929,2026-05-24,Medium,Open
9270,1802,2024-07-16,Medium,Closed
9271,1456,2025-07-09,High,Closed
9272,5196,2026-02-10,Medium,Closed
9273,3274,2024-04-20,High,Closed
9274,5345,2025-10-07,High,Closed
9275,5851,2026-03-22,Critical,Closed
9276,5983,2024-10-13,High,In Progress
9277,3439,2025-11-19,Medium,Open
9278,1288,2024-10-27,Low,Closed
9279,3674,2023-09-29,Medium,Closed
9280,2525,2023-08-09,Low,Closed
9281,5162,2026-05-17,Low,Closed
9282,5754,2024-07-18,Low,Closed
9283,5937,2025-06-26,Low,Closed
9284,3644,2024-01-23,Low,Closed
9285,4421,2025-12-06,Critical,Closed
9286,3462,2025-01-15,Low,Open
9287,5926,2025-05-30,Critical,Open
9288,5258,2025-08-01,Medium,Closed
9289,1580,2024-08-03,Low,Open
9290,3106,2024-06-19,Critical,Closed
9291,4608,2025-10-03,Low,Closed
9292,3372,2023-07-05,Critical,Closed
9293,1695,2025-10-23,Medium,Closed
9294,1197,2025-08-17,Low,In Progress
9295,3431,2025-04-27,High,Closed
9296,4866,2023-10-12,Medium,Closed
9297,2873,2026-01-29,Medium,Open
9298,5636,2024-03-02,Low,Closed
9299,2048,2025-10-17,Low,Closed
9300,3890,2025-08-31,Medium,Closed
9301,5808,2023-10-09,Low,Open
9302,5481,2026-06-18,Medium,Closed
9303,3880,2024-01-19,Medium,Closed
9304,5049,2023-11-04,Medium,In Progress
9305,4293,2024-05-14,High,In Progress
9306,4593,2024-03-06,High,Closed
9307,1046,2025-02-16,High,Closed
9308,3984,2025-03-07,Critical,Closed
9309,2875,2025-05-03,Critical,Closed
9310,1745,2023-07-23,High,Closed
9311,3434,2024-11-15,Low,Closed
9312,2568,2024-05-28,Low,Closed
9313,5244,2025-08-25,Medium,Closed
9314,4669,2024-09-17,High,Closed
9315,2195,2023-12-24,Medium,Closed
9316,3343,2025-06-09,Low,Closed
9317,2159,2026-02-01,Medium,Closed
9318,1949,2024-01-08,High,Closed
9319,4579,2024-12-09,High,Closed
9320,3606,2026-06-16,Medium,Open
9321,1650,2024-09-30,Medium,Open
9322,4754,2026-01-09,Medium,Closed
9323,3431,2023-11-02,High,Closed
9324,5847,2024-11-14,Low,In Progress
9325,1897,2025-12-27,High,In Progress
9326,3979,2023-11-30,Medium,Closed
9327,5347,2025-05-23,High,Closed
9328,4859,2025-03-18,High,Open
9329,4513,2023-08-01,Medium,Closed
9330,5461,2025-11-18,Medium,Closed
9331,1534,2025-11-14,Low,In Progress
9332,5057,2026-02-06,Medium,Closed
9333,5605,2024-04-29,High,Closed
9334,4937,2024-09-18,Low,Closed
9335,5448,2024-07-20,Low,Closed
9336,4813,2024-05-26,High,In Progress
9337,5045,2026-06-17,Low,Closed
9338,3287,2023-12-12,High,Closed
9339,5160,2023-07-03,High,Open
9340,3030,2026-06-10,Low,Closed
9341,3836,2024-02-28,High,Closed
9342,1566,2026-04-04,Medium,Closed
9343,2245,2025-08-28,Critical,Closed
9344,1462,2023-11-29,Low,Closed
9345,5806,2024-07-04,Medium,Closed
9346,4388,2024-09-28,Low,Closed
9347,4168,2023-09-20,Medium,In Progress
9348,4095,2025-07-04,High,Closed
9349,1387,2023-07-30,Low,Closed
9350,3420,2025-04-28,High,Closed
9351,4395,2023-08-29,High,Closed
9352,1574,2025-03-18,High,Closed
9353,5276,2024-09-05,Medium,In Progress
9354,5560,2024-09-07,Critical,Closed
9355,2490,2024-10-16,Low,Closed
9356,5581,2025-05-23,Medium,Closed
9357,2824,2026-06-14,High,Closed
9358,5334,2025-10-24,Critical,Closed
9359,1077,2023-12-05,Critical,In Progress
9360,5115,2025-08-28,Medium,Closed
9361,4016,2023-08-30,High,In Progress
9362,1141,2024-09-03,High,Closed
9363,3680,2025-03-10,Low,Open
9364,5234,2023-10-07,Low,Closed
9365,3063,2026-04-13,Medium,In Progress
9366,1070,2025-02-04,Medium,Closed
9367,4978,2023-08-07,Low,Open
9368,4016,2026-05-09,Low,Closed
9369,1193,2023-11-07,High,Closed
9370,4500,2024-02-08,High,In Progress
9371,4155,2025-10-11,Medium,In Progress
9372,4682,2025-06-06,Critical,Closed
9373,4279,2024-03-23,Medium,Closed
9374,4922,2025-11-17,Medium,Closed
9375,2750,2023-10-09,Medium,Closed
9376,2432,2024-05-15,High,Closed
9377,5250,2025-08-07,Low,Closed
9378,5335,2024-07-20,High,In Progress
9379,1403,2025-07-07,Low,Closed
9380,3163,2024-01-20,Medium,Closed
9381,4912,2024-07-19,Low,Open
9382,1445,2025-08-09,Low,Closed
9383,4175,2026-05-06,Low,Closed
9384,1884,2025-08-10,Low,Closed
9385,3130,2024-01-26,High,Closed
9386,2723,2026-04-17,Low,Closed
9387,2507,2024-06-24,Low,Closed
9388,1660,2023-10-01,Medium,Closed
9389,4451,2024-03-12,Critical,Closed
9390,1607,2025-01-13,High,In Progress
9391,5522,2023-09-27,Medium,Closed
9392,2888,2024-05-15,Medium,In Progress
9393,2727,2025-05-27,High,Closed
9394,4443,2024-10-02,Low,Closed
9395,2672,2026-02-08,Low,Closed
9396,5864,2024-11-15,High,In Progress
9397,4350,2024-08-31,Low,Closed
9398,2711,2024-06-28,High,Closed
9399,5341,2023-12-19,Medium,Closed
9400,5245,2025-08-24,Critical,Closed
9401,3450,2024-07-28,High,In Progress
9402,5928,2025-08-24,Medium,Closed
9403,2016,2023-07-06,Low,Closed
9404,2211,2024-04-27,High,Closed
9405,3385,2023-12-05,High,Closed
9406,4059,2025-03-12,Low,In Progress
9407,5484,2024-12-04,Low,Closed
9408,5566,2024-07-04,Low,Closed
9409,1190,2025-03-04,High,Closed
9410,5426,2025-01-04,Medium,Closed
9411,3207,2024-04-16,Medium,Closed
9412,3885,2023-11-24,Critical,Closed
9413,1837,2026-03-10,Medium,Closed
9414,4366,2023-07-31,Medium,Closed
9415,1550,2025-01-17,Medium,Closed
9416,3054,2026-01-16,High,Closed
9417,2210,2024-04-19,Critical,Closed
9418,5552,2025-10-24,Medium,Closed
9419,5651,2025-10-07,Low,Closed
9420,2419,2023-08-30,High,Closed
9421,5088,2026-05-14,Low,Closed
9422,1705,2025-05-09,High,Open
9423,4078,2025-01-06,Medium,Closed
9424,5586,2023-09-04,Critical,Closed
9425,5616,2024-06-04,Critical,Closed
9426,4359,2025-07-06,Critical,Open
9427,2025,2023-07-24,Medium,Closed
9428,1998,2026-05-29,Medium,Closed
9429,2576,2023-11-13,Low,Open
9430,1804,2025-06-11,Low,Closed
9431,3120,2026-05-22,Medium,Closed
9432,4625,2024-10-22,High,Closed
9433,1009,2026-01-25,Medium,Closed
9434,2960,2026-06-15,High,Closed
9435,2144,2024-01-06,Medium,Closed
9436,4800,2024-01-17,Low,Closed
9437,3905,2023-10-22,Critical,Closed
9438,4715,2025-02-25,Low,Closed
9439,2336,2025-06-20,Medium,Closed
9440,4080,2025-03-05,High,Closed
9441,5491,2025-09-21,Low,Closed
9442,1360,2023-10-15,Low,Closed
9443,3606,2025-02-04,Critical,Closed
9444,5185,2025-05-09,Low,Closed
9445,5181,2023-06-30,Medium,Closed
9446,5558,2024-10-30,Low,Closed
9447,3130,2023-06-29,Medium,Closed
9448,4808,2024-05-16,Medium,Closed
9449,3246,2023-10-07,Low,Closed
9450,1495,2024-05-03,Medium,In Progress
9451,4150,2024-02-08,Low,Closed
9452,2894,2025-12-28,High,Closed
9453,4905,2026-05-15,Low,Open
9454,5591,2024-06-17,Low,Closed
9455,1672,2024-09-02,Low,In Progress
9456,1320,2023-11-16,Low,In Progress
9457,3565,2024-11-20,Medium,Open
9458,2736,2025-07-08,Critical,Closed
9459,5653,2024-12-18,Medium,Closed
9460,5507,2025-05-10,Medium,Open
9461,1791,2025-02-21,Medium,Closed
9462,4837,2025-07-22,Low,Closed
9463,1310,2026-03-30,Medium,Open
9464,1713,2025-02-03,Critical,Closed
9465,5628,2026-03-19,Low,Closed
9466,1227,2024-05-31,Low,Closed
9467,1469,2024-10-30,Low,Closed
9468,4500,2026-06-09,Low,In Progress
9469,3057,2026-05-30,High,Closed
9470,5847,2025-10-31,Medium,Closed
9471,4315,2024-02-19,Low,Closed
9472,2726,2024-10-30,Medium,Closed
9473,2074,2024-01-24,Low,Open
9474,4860,2026-02-11,High,Closed
9475,2950,2025-01-14,High,Closed
9476,3736,2025-05-12,Medium,Closed
9477,1932,2025-06-17,Low,Closed
9478,1879,2024-07-04,Medium,Closed
9479,2658,2025-10-10,Low,Closed
9480,3396,2025-08-28,Medium,Closed
9481,2246,2025-04-22,High,Open
9482,2879,2025-10-28,Low,Closed
9483,3113,2024-09-13,High,Closed
9484,4432,2024-01-09,Medium,In Progress
9485,5552,2026-02-07,Medium,Closed
9486,1646,2024-06-04,Low,Closed
9487,4951,2025-09-10,Medium,Closed
9488,3447,2023-12-31,Critical,Open
9489,2681,2026-02-10,Medium,Closed
9490,2914,2025-05-02,High,Closed
9491,5900,2023-09-24,Low,Closed
9492,1754,2026-01-12,Critical,In Progress
9493,5205,2025-05-20,Medium,Closed
9494,3210,2025-03-14,High,Closed
9495,3620,2025-07-10,Medium,Closed
9496,4469,2024-06-26,Low,Closed
9497,5233,2025-09-02,Low,In Progress
9498,3756,2025-11-01,High,Closed
9499,3163,2023-08-07,High,Closed
9500,2709,2024-03-11,Medium,Closed
9501,2591,2025-01-09,High,In Progress
9502,4618,2024-08-06,High,Closed
9503,1274,2023-12-06,Low,Closed
9504,5887,2023-12-12,Low,In Progress
9505,1363,2025-05-20,Low,Closed
9506,1758,2024-10-03,Medium,Closed
9507,4226,2026-03-29,Medium,Closed
9508,1954,2025-11-27,High,Closed
9509,1756,2024-09-24,High,Closed
9510,4561,2025-02-22,Medium,Closed
9511,2856,2023-12-10,Low,In Progress
9512,2718,2026-04-05,High,Closed
9513,4676,2026-03-29,Critical,Closed
9514,4946,2025-07-18,Low,Closed
9515,3330,2026-05-26,Critical,Closed
9516,5311,2023-12-20,Medium,Closed
9517,1042,2024-09-06,Medium,In Progress
9518,2734,2025-03-27,Low,In Progress
9519,4619,2024-04-07,Medium,Closed
9520,5048,2024-08-12,Medium,In Progress
9521,2113,2024-01-21,High,Closed
9522,2719,2024-08-04,Low,Closed
9523,1004,2023-12-13,Low,In Progress
9524,2530,2026-03-11,Medium,Open
9525,1524,2023-11-07,Critical,Closed
9526,4162,2026-02-21,Low,Open
9527,4203,2023-12-18,High,Closed
9528,1133,2023-12-18,Medium,Open
9529,5011,2026-02-15,Medium,Open
9530,2746,2025-05-14,Low,Closed
9531,1936,2024-05-17,Low,In Progress
9532,5202,2024-12-06,Low,In Progress
9533,2681,2024-03-12,Low,Closed
9534,1981,2023-11-29,Medium,Closed
9535,5893,2024-11-28,High,Closed
9536,5184,2026-02-16,Low,Closed
9537,2047,2023-10-06,Medium,Open
9538,4497,2025-08-13,Medium,Open
9539,3862,2026-05-07,High,Closed
9540,3374,2025-10-23,Medium,Closed
9541,5017,2024-12-11,Low,Closed
9542,1329,2026-05-31,Critical,Closed
9543,2827,2024-05-24,Low,Closed
9544,1614,2024-03-02,High,Closed
9545,5251,2025-12-15,Critical,Closed
9546,4465,2024-08-15,Medium,In Progress
9547,2051,2025-10-23,High,In Progress
9548,3946,2025-02-11,High,Closed
9549,4477,2024-04-25,Low,Closed
9550,1357,2025-08-01,Medium,Closed
9551,3672,2025-01-17,High,Closed
9552,5560,2026-06-26,Medium,Closed
9553,5133,2024-05-10,Critical,In Progress
9554,1687,2024-09-26,Critical,In Progress
9555,1367,2024-09-12,Low,Closed
9556,1001,2024-10-14,Low,Closed
9557,5231,2025-12-06,Critical,Closed
9558,4083,2024-04-18,Medium,Closed
9559,4029,2023-09-15,High,Closed
9560,1915,2023-12-20,Low,Closed
9561,3866,2025-01-30,Medium,Closed
9562,2771,2025-04-06,Critical,Closed
9563,1552,2023-12-02,High,Closed
9564,2852,2023-10-10,Medium,Closed
9565,2734,2026-04-16,Low,Closed
9566,4639,2024-10-21,High,Closed
9567,5724,2025-05-15,Medium,Closed
9568,1339,2024-05-08,Low,Closed
9569,5244,2025-07-07,Low,Closed
9570,3939,2025-12-12,Low,Closed
9571,2558,2023-11-03,Medium,Closed
9572,5265,2024-07-25,Low,Open
9573,5473,2025-03-20,High,Closed
9574,5177,2024-10-21,Low,In Progress
9575,2940,2025-12-17,High,Closed
9576,2423,2023-08-26,Low,In Progress
9577,3310,2026-02-23,Low,Closed
9578,5167,2024-01-18,Low,In Progress
9579,2118,2026-06-22,High,Closed
9580,5894,2026-04-13,Medium,Closed
9581,4521,2025-09-04,Medium,Closed
9582,2829,2025-09-10,Low,Closed
9583,1925,2023-12-29,Low,Closed
9584,4310,2025-12-25,Low,Closed
9585,2485,2024-07-26,Low,Closed
9586,5669,2025-01-05,High,Closed
9587,5913,2025-01-14,Medium,Closed
9588,2954,2026-05-01,Low,Closed
9589,3811,2026-06-10,Low,In Progress
9590,1103,2024-02-23,Medium,Closed
9591,2104,2024-01-27,Medium,Closed
9592,5416,2024-05-18,High,In Progress
9593,4796,2025-11-23,High,Closed
9594,5934,2024-01-02,Medium,Closed
9595,2237,2025-11-08,Low,In Progress
9596,2874,2025-09-03,Critical,Open
9597,4445,2025-12-03,High,Closed
9598,4593,2024-12-17,Critical,Closed
9599,1077,2024-01-09,Low,Open
9600,1133,2024-08-08,Low,In Progress
9601,4181,2024-05-30,Medium,Closed
9602,1908,2025-11-06,Low,Closed
9603,4673,2024-11-01,Low,Closed
9604,2974,2025-09-20,Low,Closed
9605,4694,2026-06-20,Low,Closed
9606,1579,2023-08-17,High,In Progress
9607,1244,2025-03-18,Medium,Closed
9608,1495,2025-05-06,High,Closed
9609,4021,2025-09-20,Medium,Closed
9610,4910,2023-09-14,Low,Closed
9611,4715,2025-12-20,High,Closed
9612,1936,2024-02-18,Medium,Closed
9613,4937,2026-02-11,Low,Closed
9614,1436,2025-03-17,Medium,In Progress
9615,4901,2025-10-05,High,Closed
9616,2348,2024-07-27,Low,Closed
9617,5429,2026-03-19,Low,Closed
9618,3663,2023-09-15,Critical,Closed
9619,5149,2025-01-07,Low,In Progress
9620,3873,2023-09-06,Low,Closed
9621,2424,2025-01-26,High,Closed
9622,4671,2025-03-19,Low,Open
9623,1099,2026-06-12,Low,Closed
9624,4716,2024-08-01,Medium,Open
9625,3245,2025-12-26,Low,Closed
9626,4130,2026-05-13,Medium,Closed
9627,2537,2023-11-21,Low,In Progress
9628,5629,2023-11-20,Critical,Closed
9629,3098,2025-04-11,High,Closed
9630,3396,2025-06-19,Critical,Closed
9631,3971,2025-07-07,Medium,Closed
9632,5143,2024-10-30,Low,Open
9633,1729,2024-01-20,Medium,Closed
9634,2342,2024-07-30,Low,Closed
9635,3508,2026-05-12,Medium,Closed
9636,1655,2025-07-13,Medium,In Progress
9637,5271,2026-05-10,Medium,In Progress
9638,1991,2024-12-23,Medium,Closed
9639,1377,2025-03-29,Medium,Closed
9640,4578,2025-06-20,Low,Closed
9641,5161,2025-04-04,Medium,Closed
9642,5784,2024-01-09,Low,Closed
9643,3858,2026-03-09,Medium,Closed
9644,3393,2024-09-15,Low,Closed
9645,2762,2024-07-12,Low,Closed
9646,2622,2025-11-29,Low,Closed
9647,3601,2024-03-31,High,Open
9648,4400,2023-11-23,High,In Progress
9649,2036,2025-06-10,Medium,In Progress
9650,5079,2025-10-24,High,Closed
9651,3595,2026-06-08,Medium,Closed
9652,5264,2023-12-23,Low,In Progress
9653,4024,2025-12-13,Critical,Open
9654,5574,2026-01-20,Medium,Closed
9655,5198,2024-09-27,Critical,Closed
9656,5628,2026-03-10,Medium,Closed
9657,3095,2024-10-07,Critical,Closed
9658,4334,2025-04-30,Medium,In Progress
9659,5669,2024-07-30,Medium,Closed
9660,3266,2025-11-06,High,Open
9661,4801,2024-12-28,Medium,Closed
9662,5513,2024-08-16,Low,Closed
9663,4283,2026-06-25,Low,Closed
9664,3574,2025-08-09,Medium,Closed
9665,5920,2024-09-19,High,Closed
9666,3214,2025-10-23,High,Closed
9667,5297,2025-01-26,Medium,In Progress
9668,2762,2026-03-15,Critical,Closed
9669,1879,2025-03-18,Medium,Closed
9670,1287,2023-08-20,Low,Open
9671,4811,2023-07-22,High,Closed
9672,2729,2025-01-22,Low,Closed
9673,3638,2025-07-28,Medium,In Progress
9674,1581,2024-01-11,Low,In Progress
9675,2092,2025-11-03,Medium,Closed
9676,5459,2025-03-17,Low,Closed
9677,5398,2024-12-05,Low,Closed
9678,2769,2024-03-09,Medium,Closed
9679,1234,2026-06-26,Low,Closed
9680,4787,2024-03-03,Low,In Progress
9681,3421,2025-09-19,Medium,Closed
9682,2932,2024-02-19,Low,Closed
9683,2601,2026-06-10,High,Closed
9684,1785,2024-05-25,Medium,Closed
9685,2443,2025-11-04,Medium,Closed
9686,1791,2024-08-01,Medium,Closed
9687,4639,2023-11-17,High,Closed
9688,5794,2024-06-06,Low,Closed
9689,2154,2025-10-09,High,Closed
9690,2862,2023-09-03,Critical,Closed
9691,2087,2025-08-23,High,Closed
9692,1191,2025-03-13,Low,Closed
9693,2313,2023-09-01,Medium,Closed
9694,5073,2023-06-27,Medium,Closed
9695,5193,2024-09-01,Medium,Open
9696,1889,2026-01-18,Medium,Open
9697,1875,2025-08-28,Medium,Closed
9698,1466,2024-08-29,Low,Closed
9699,4941,2025-07-23,Medium,Closed
9700,5641,2025-11-17,High,Closed
9701,5550,2024-02-27,Medium,Closed
9702,5042,2024-07-05,Low,In Progress
9703,4355,2024-12-31,Medium,In Progress
9704,1788,2025-04-26,Low,In Progress
9705,5409,2023-11-07,Low,Closed
9706,3172,2023-11-04,Medium,Closed
9707,2529,2026-02-08,Low,Closed
9708,3846,2025-11-19,Medium,Closed
9709,4398,2025-01-28,Medium,Closed
9710,2699,2024-05-27,Medium,Closed
9711,3340,2025-03-02,High,Closed
9712,4428,2024-01-28,High,Closed
9713,5371,2023-12-19,Medium,Closed
9714,1672,2025-04-22,Low,Open
9715,2072,2024-08-25,Low,In Progress
9716,2023,2025-06-28,Medium,Closed
9717,3856,2025-08-25,Medium,Closed
9718,3772,2024-02-09,Low,Open
9719,1061,2026-04-19,Medium,Closed
9720,5187,2024-10-17,Low,In Progress
9721,4077,2026-03-25,Critical,Closed
9722,4814,2025-03-05,Critical,In Progress
9723,5687,2025-08-19,Low,Closed
9724,1917,2024-12-14,Low,Closed
9725,5926,2026-02-12,High,In Progress
9726,4940,2024-12-12,Low,Closed
9727,4273,2025-09-26,High,Closed
9728,5768,2025-05-26,High,In Progress
9729,3583,2025-12-31,Low,In Progress
9730,3794,2025-12-18,Medium,Closed
9731,4135,2024-11-11,Low,Closed
9732,5685,2026-02-12,High,Closed
9733,5740,2025-09-25,Low,Closed
9734,3836,2023-11-13,Low,In Progress
9735,3995,2026-04-30,Low,Closed
9736,1727,2024-10-15,Low,Closed
9737,4748,2025-02-03,Medium,Closed
9738,2508,2024-03-08,High,Open
9739,2082,2023-07-09,High,Closed
9740,1697,2023-08-10,Low,Closed
9741,2031,2025-03-16,Critical,Closed
9742,2325,2025-01-11,Medium,Closed
9743,5575,2025-02-06,Medium,Closed
9744,3438,2025-02-03,High,Closed
9745,3269,2025-04-25,High,Closed
9746,5456,2024-05-09,Medium,Closed
9747,1828,2026-06-21,Medium,Open
9748,1311,2024-10-20,Medium,Closed
9749,5405,2024-11-04,High,Open
9750,1428,2023-08-30,Critical,In Progress
9751,5725,2024-06-16,Critical,In Progress
9752,3460,2023-08-13,High,Closed
9753,1491,2024-10-08,Low,Open
9754,1742,2025-11-20,High,Closed
9755,5945,2025-06-17,Low,Closed
9756,3181,2024-09-16,Low,Open
9757,3344,2024-07-05,Medium,Closed
9758,1305,2023-10-23,Medium,Closed
9759,2834,2024-04-17,Medium,Closed
9760,5426,2025-07-12,Low,Closed
9761,2806,2023-11-03,Low,Open
9762,2898,2025-01-14,Low,Closed
9763,4802,2026-04-20,Low,Closed
9764,1946,2024-12-19,High,In Progress
9765,1652,2023-09-28,Medium,Closed
9766,3343,2026-03-22,Critical,Closed
9767,1496,2024-07-20,Medium,Closed
9768,1048,2024-11-28,Medium,In Progress
9769,5455,2025-07-24,Medium,Closed
9770,3558,2023-09-17,Low,Closed
9771,1746,2025-10-15,Low,Closed
9772,4479,2025-03-20,Critical,Closed
9773,5056,2024-06-02,High,Closed
9774,1777,2026-03-23,High,Closed
9775,3099,2024-08-04,Medium,Closed
9776,4608,2023-10-11,Medium,Closed
9777,1122,2024-05-17,Critical,Closed
9778,4936,2024-05-21,High,In Progress
9779,5688,2023-08-28,Low,Closed
9780,3646,2024-06-25,Critical,In Progress
9781,2033,2026-02-12,Medium,Closed
9782,1568,2024-02-16,Medium,Closed
9783,1044,2025-05-13,Low,Closed
9784,3835,2025-11-25,Medium,Open
9785,2149,2024-09-07,Medium,Closed
9786,2682,2025-05-06,Low,Closed
9787,3392,2025-09-23,Low,Closed
9788,3011,2025-01-11,Medium,Closed
9789,2715,2026-05-24,Low,Open
9790,4006,2024-03-31,Low,Closed
9791,1164,2025-01-14,Medium,Closed
9792,3533,2023-08-28,Low,In Progress
9793,2719,2024-06-26,Medium,In Progress
9794,3597,2024-07-01,Low,Closed
9795,2578,2025-10-07,Medium,Closed
9796,3552,2026-01-29,High,In Progress
9797,5219,2025-05-27,Medium,Closed
9798,4676,2025-11-20,Low,Closed
9799,4517,2025-06-06,Low,Closed
9800,5484,2024-03-10,High,Closed
9801,5101,2023-06-30,Medium,Closed
9802,5323,2024-06-20,Low,Open
9803,1423,2025-12-18,High,In Progress
9804,1885,2025-04-14,Medium,Closed
9805,4250,2024-10-17,Medium,Closed
9806,1981,2025-08-05,Low,Closed
9807,3216,2024-05-22,Medium,Closed
9808,1040,2023-10-23,Medium,In Progress
9809,5207,2024-09-27,Low,Closed
9810,5806,2025-02-20,High,Open
9811,1126,2023-08-22,Critical,In Progress
9812,4341,2025-05-14,Low,Open
9813,5500,2023-10-17,Medium,Closed
9814,3619,2025-11-10,Low,Closed
9815,4909,2024-04-29,Medium,Closed
9816,4626,2025-11-01,Low,Closed
9817,2975,2025-07-01,Medium,Closed
9818,3071,2025-09-05,Low,Closed
9819,4205,2024-02-17,Medium,Closed
9820,4698,2023-07-29,Medium,In Progress
9821,4156,2024-04-06,Medium,Closed
9822,2069,2024-10-24,Low,In Progress
9823,3423,2025-10-21,Low,Open
9824,5673,2024-11-11,Low,Closed
9825,5005,2025-03-15,Medium,In Progress
9826,2205,2023-10-10,Low,Closed
9827,3423,2024-12-25,Low,Closed
9828,3036,2025-09-01,High,Closed
9829,4819,2024-01-28,Low,Closed
9830,4351,2023-09-03,Medium,In Progress
9831,1351,2025-10-21,High,Closed
9832,5154,2023-09-15,Low,Closed
9833,2286,2023-08-20,Critical,Closed
9834,5850,2025-07-16,Low,Closed
9835,1794,2026-02-19,Critical,Closed
9836,2720,2025-03-05,High,Open
9837,3805,2025-05-06,Medium,Closed
9838,2592,2025-03-13,Low,Closed
9839,5343,2025-09-26,Low,In Progress
9840,5966,2025-08-09,High,In Progress
9841,4207,2024-01-21,Medium,Closed
9842,5976,2024-03-18,High,In Progress
9843,4986,2025-04-10,Low,Closed
9844,4764,2023-11-04,Medium,Closed
9845,2826,2024-08-30,Critical,Closed
9846,1887,2025-04-27,Medium,Closed
9847,2202,2024-04-15,Low,Closed
9848,2621,2023-12-24,High,Closed
9849,4631,2023-07-12,Low,In Progress
9850,4145,2025-09-29,High,Closed
9851,3901,2026-06-24,Low,In Progress
9852,3856,2023-08-31,Medium,Closed
9853,1584,2025-08-06,Medium,Closed
9854,1843,2025-06-03,Low,In Progress
9855,4563,2023-08-01,Critical,Closed
9856,2576,2026-02-16,High,In Progress
9857,1073,2023-06-30,Low,In Progress
9858,4159,2026-03-02,High,In Progress
9859,1762,2024-04-12,Low,Closed
9860,1154,2024-10-08,Critical,Closed
9861,1209,2024-05-06,Medium,Closed
9862,2979,2024-05-11,High,Closed
9863,2824,2024-05-18,Low,Closed
9864,3124,2026-03-25,High,Closed
9865,3202,2026-02-07,Medium,Closed
9866,3470,2024-05-31,Medium,Closed
9867,4248,2025-04-18,Low,Closed
9868,2299,2025-12-01,Medium,Closed
9869,5174,2023-08-12,Medium,Closed
9870,2798,2024-10-25,High,Closed
9871,1258,2024-06-12,Low,Closed
9872,5763,2025-05-29,High,Closed
9873,3245,2026-05-25,Medium,Closed
9874,1907,2024-05-30,Low,Closed
9875,4773,2024-04-15,High,Closed
9876,3302,2025-12-24,Low,Closed
9877,5325,2024-11-01,High,Closed
9878,5224,2024-11-21,High,Closed
9879,4643,2026-03-07,Critical,Open
9880,4950,2024-02-16,Medium,Open
9881,5273,2025-06-04,High,Closed
9882,3201,2025-10-07,Low,Closed
9883,3353,2026-06-23,Medium,Closed
9884,5914,2024-01-25,Low,Closed
9885,3564,2024-11-09,Medium,Closed
9886,2141,2025-03-18,Low,Open
9887,3198,2025-12-16,Medium,Closed
9888,1949,2026-01-29,High,Open
9889,2749,2023-07-22,Low,Closed
9890,4994,2023-08-22,Critical,Closed
9891,2697,2025-12-09,Low,Closed
9892,2231,2025-04-05,High,Closed
9893,1325,2023-10-25,High,In Progress
9894,5368,2025-12-11,Low,In Progress
9895,2389,2026-05-05,Low,Closed
9896,5920,2025-10-03,Low,In Progress
9897,1618,2025-05-01,Medium,Closed
9898,3417,2024-12-29,High,Closed
9899,1577,2024-09-13,Low,Closed
9900,1180,2023-10-02,Critical,Closed
9901,5074,2025-07-16,High,Closed
9902,4275,2023-08-23,High,Closed
9903,2575,2024-10-23,Medium,In Progress
9904,2263,2024-12-20,Low,Closed
9905,4842,2024-04-24,High,Closed
9906,3488,2025-12-01,High,Closed
9907,1986,2025-01-17,Medium,Closed
9908,2418,2024-12-15,Medium,Closed
9909,1106,2025-06-03,Critical,Closed
9910,4314,2026-03-31,Critical,In Progress
9911,3827,2023-11-26,Low,Closed
9912,5906,2024-02-12,Critical,Closed
9913,3033,2025-11-22,High,Closed
9914,2084,2025-10-09,Low,Closed
9915,4767,2024-02-13,Medium,Closed
9916,1968,2026-04-03,Critical,In Progress
9917,5539,2025-08-26,Low,Closed
9918,3291,2025-09-02,Medium,Closed
9919,3484,2024-06-14,Low,Closed
9920,5920,2024-08-27,Medium,Closed
9921,2305,2026-01-31,Critical,Closed
9922,2753,2025-03-23,Critical,Open
9923,5964,2024-09-22,Medium,Closed
9924,1714,2025-09-10,Low,Closed
9925,4868,2025-12-30,Low,Closed
9926,3132,2025-07-28,Low,Closed
9927,4292,2023-12-25,Low,In Progress
9928,4258,2025-03-10,Critical,Closed
9929,4936,2024-06-28,Medium,Closed
9930,1332,2025-03-19,Medium,Closed
9931,1810,2023-09-06,Medium,Closed
9932,3620,2024-02-20,Low,Closed
9933,1156,2024-04-06,Low,Closed
9934,3733,2023-08-03,Medium,Open
9935,2027,2023-09-04,Low,In Progress
9936,2761,2024-02-04,High,Closed
9937,1264,2025-02-14,Medium,Closed
9938,5994,2023-07-21,Medium,In Progress
9939,2587,2026-04-03,Low,Closed
9940,2772,2024-08-09,Low,Closed
9941,3705,2026-03-02,Medium,In Progress
9942,3599,2025-09-08,Medium,Closed
9943,5896,2025-02-22,Low,In Progress
9944,3125,2023-10-08,Low,Open
9945,1756,2025-08-30,High,Closed
9946,4837,2023-09-25,Medium,Closed
9947,4571,2026-04-06,Medium,In Progress
9948,5573,2024-05-22,High,Closed
9949,2252,2025-09-23,Low,Closed
9950,3863,2024-06-14,Critical,Closed
9951,2858,2023-09-09,Low,Closed
9952,4055,2023-12-23,High,Closed
9953,3027,2026-03-30,Low,Closed
9954,2748,2025-12-23,Critical,Closed
9955,2878,2023-07-07,Low,Closed
9956,4120,2024-06-25,Critical,Closed
9957,3953,2024-07-18,High,In Progress
9958,1611,2025-11-03,Low,Closed
9959,5042,2025-05-17,Medium,Closed
9960,2466,2023-11-24,Low,Closed
9961,5031,2024-12-02,High,Closed
9962,2051,2025-02-24,Low,Closed
9963,3445,2025-09-29,Medium,Closed
9964,4889,2023-08-27,Low,Closed
9965,2985,2025-03-10,Low,Closed
9966,5296,2025-05-22,Critical,Closed
9967,4986,2025-05-08,Medium,Open
9968,4821,2023-09-02,Critical,Closed
9969,2854,2024-11-13,Critical,Closed
9970,1219,2023-07-17,Low,Closed
9971,2177,2023-11-29,Medium,Closed
9972,2783,2023-07-22,Low,Closed
9973,4154,2024-04-07,High,Closed
9974,2098,2024-04-21,Low,Open
9975,4729,2023-11-22,Low,Closed
9976,3947,2026-03-16,Low,In Progress
9977,2828,2023-08-13,Medium,Closed
9978,4539,2024-10-07,High,Closed
9979,1934,2025-05-13,Low,Closed
9980,3631,2025-01-10,Medium,Closed
9981,1241,2025-02-19,Medium,Closed
9982,4275,2025-11-18,Medium,Open
9983,3379,2025-04-25,Low,Open
9984,4553,2026-04-06,Medium,Closed
9985,5005,2026-04-19,Low,In Progress
9986,5807,2025-03-12,Low,Closed
9987,4243,2024-04-27,High,Closed
9988,5268,2024-09-29,Medium,Closed
9989,4356,2024-11-23,Low,In Progress
9990,1270,2025-12-30,Medium,Closed
9991,3222,2023-10-11,Low,Closed
9992,4592,2025-03-24,Medium,Closed
9993,1238,2026-02-26,Low,Closed
9994,3506,2023-11-14,Low,Closed
9995,3790,2025-04-18,Low,Open
9996,5531,2026-02-21,Medium,Closed
9997,2403,2026-03-08,Low,Closed
9998,4498,2025-09-29,Low,Closed
9999,5685,2025-08-31,Medium,Closed
10000,2640,2024-07-08,Low,Open
10001,3581,2025-11-03,Medium,Closed
10002,3974,2024-07-21,High,Closed
10003,2458,2025-03-27,Low,Open
10004,5210,2023-09-17,Critical,Closed
10005,1666,2025-01-22,Low,Closed
10006,2898,2023-07-15,Low,Closed
10007,3336,2025-11-07,Low,In Progress
10008,2539,2025-11-22,Low,Closed
10009,5559,2024-11-05,Medium,Closed
10010,3371,2026-01-22,Low,Closed
10011,2241,2025-09-04,Medium,Closed
10012,1625,2023-10-01,Medium,Closed
10013,1386,2025-04-28,Medium,Closed
10014,5194,2024-05-25,Low,In Progress
10015,1678,2025-07-10,High,Closed
10016,1458,2025-10-11,Low,In Progress
10017,5579,2025-01-28,Medium,Closed
10018,3548,2026-05-16,Low,Closed
10019,5356,2024-04-05,Low,Closed
10020,3117,2024-04-19,Low,Closed
10021,1203,2026-06-15,Medium,Closed
10022,4398,2024-03-19,Critical,Closed
10023,4656,2023-08-28,High,Closed
10024,4741,2026-06-23,Low,Closed
10025,5395,2024-06-09,Low,Closed
10026,5122,2024-06-11,High,In Progress
10027,3362,2023-07-30,Medium,Closed
10028,5850,2026-03-08,High,Closed
10029,5940,2025-05-04,Medium,Closed
10030,4186,2023-10-13,Low,Closed
10031,5881,2025-11-06,Low,Closed
10032,4095,2023-12-07,Medium,Closed
10033,2785,2023-09-27,Medium,Closed
10034,4040,2024-07-16,Medium,Closed
10035,5221,2026-03-08,High,Closed
10036,1793,2023-09-01,Low,Closed
10037,5522,2023-08-17,High,Closed
10038,5173,2025-12-15,Critical,Closed
10039,3403,2026-01-10,Low,Closed
10040,1501,2025-08-11,Low,Closed
10041,4157,2024-01-22,High,Closed
10042,1863,2026-04-17,Low,In Progress
10043,2727,2024-07-12,Critical,Open
10044,4741,2025-07-03,Medium,Closed
10045,4187,2025-01-31,Critical,Closed
10046,3460,2025-08-07,Medium,Closed
10047,3948,2025-12-30,Medium,In Progress
10048,5096,2024-12-10,Low,Open
10049,4454,2023-09-16,Medium,Closed
10050,5267,2026-03-02,High,Closed
10051,3272,2024-02-05,Low,Closed
10052,3199,2024-01-20,Low,In Progress
10053,2917,2024-04-19,High,In Progress
10054,2487,2025-12-16,Low,Closed
10055,1665,2023-09-21,Low,Closed
10056,5158,2024-01-23,High,Closed
10057,5105,2023-08-01,Medium,Open
10058,2336,2024-06-09,Low,In Progress
10059,4018,2024-05-31,Medium,Closed
10060,4556,2025-12-18,Medium,In Progress
10061,3525,2025-08-10,Low,Closed
10062,2320,2023-11-02,High,Closed
10063,2847,2025-06-21,Medium,Closed
10064,4919,2024-08-06,Low,Open
10065,1258,2024-10-20,Critical,Open
10066,3811,2023-08-07,Low,Closed
10067,2855,2023-08-19,Medium,Closed
10068,2222,2024-01-25,High,Closed
10069,1622,2024-05-08,Low,Closed
10070,4615,2026-05-09,Medium,Closed
10071,5520,2025-02-05,Medium,Closed
10072,3709,2025-11-29,Critical,Closed
10073,3513,2026-05-08,Critical,Closed
10074,4731,2026-05-07,Medium,Closed
10075,3771,2025-09-18,Low,In Progress
10076,1563,2025-04-09,Critical,Open
10077,1900,2025-02-19,Medium,Closed
10078,5635,2025-02-23,Low,Closed
10079,2624,2026-02-09,Medium,Closed
10080,5486,2024-01-22,Low,Open
10081,2701,2024-06-23,Medium,Closed
10082,5026,2025-07-15,Low,Closed
10083,1223,2024-01-15,Medium,Open
10084,2435,2024-08-12,Medium,Closed
10085,3078,2025-07-14,Critical,Closed
10086,1899,2023-10-25,Medium,Closed
10087,5911,2025-08-28,High,Closed
10088,4650,2025-04-17,Medium,Closed
10089,3989,2024-11-19,High,In Progress
10090,2882,2024-12-19,Low,Closed
10091,4863,2025-11-18,Low,Open
10092,5611,2025-05-23,High,In Progress
10093,1506,2023-12-24,Medium,Open
10094,3524,2023-12-10,Medium,Closed
10095,4143,2026-01-05,Medium,Closed
10096,4795,2024-09-24,Low,Closed
10097,3836,2023-08-17,Low,Open
10098,5187,2024-12-15,Low,Closed
10099,5481,2024-05-09,High,Closed
10100,2733,2025-12-19,Low,Closed
10101,4010,2025-09-01,Low,Closed
10102,2071,2025-04-04,Medium,Open
10103,5071,2024-06-20,Low,Closed
10104,5015,2024-11-29,High,Closed
10105,4564,2024-02-24,Low,Closed
10106,4114,2026-05-03,High,Closed
10107,2772,2024-03-14,Critical,Closed
10108,3715,2024-10-23,Critical,Open
10109,4994,2026-02-09,Critical,Closed
10110,1102,2025-08-13,High,Closed
10111,2166,2026-01-04,High,Closed
10112,3977,2024-10-01,Critical,Closed
10113,5901,2024-04-27,Medium,Closed
10114,4052,2026-06-14,Low,Closed
10115,1018,2026-05-30,Medium,Open
10116,1339,2025-12-02,Medium,Closed
10117,2196,2026-06-16,Low,Closed
10118,1498,2024-05-28,Medium,Closed
10119,2350,2024-11-09,Low,Closed
10120,2479,2023-10-27,Low,Open
10121,5098,2026-05-04,Medium,Closed
10122,1219,2025-09-18,High,Closed
10123,4202,2024-12-21,Low,Closed
10124,2977,2025-11-05,High,Closed
10125,1352,2025-09-22,Medium,In Progress
10126,4439,2023-11-01,Low,In Progress
10127,2606,2025-10-16,Low,Closed
10128,1683,2024-08-12,Low,Closed
10129,3847,2023-11-17,Medium,Closed
10130,1203,2025-02-14,High,Closed
10131,4360,2025-09-10,Medium,Open
10132,1160,2024-12-24,Critical,Closed
10133,3042,2024-07-12,Low,Closed
10134,3457,2023-08-16,High,Closed
10135,2606,2025-10-12,Medium,Closed
10136,5209,2025-10-08,Low,In Progress
10137,1606,2025-08-08,High,Closed
10138,2214,2025-11-08,Medium,Closed
10139,1960,2024-09-15,High,Closed
10140,5707,2024-03-29,Medium,Closed
10141,1585,2025-05-06,High,Closed
10142,1848,2024-06-09,Low,Closed
10143,2820,2023-12-30,High,Closed
10144,1306,2024-01-25,Low,Open
10145,2189,2024-09-28,Medium,Closed
10146,2293,2024-12-22,High,Closed
10147,4626,2023-11-08,Low,Closed
10148,2552,2025-06-30,High,Closed
10149,4456,2023-08-26,Medium,In Progress
10150,1780,2025-12-29,Low,Closed
10151,3865,2025-07-01,Low,Closed
10152,2595,2023-12-24,Low,Closed
10153,1280,2023-10-11,Medium,Closed
10154,5703,2024-11-16,High,Closed
10155,3662,2024-02-28,High,In Progress
10156,2682,2024-01-15,Medium,Closed
10157,3602,2025-03-27,Low,Closed
10158,4467,2024-12-20,Low,Closed
10159,3867,2025-06-14,Medium,Closed
10160,1206,2025-02-13,High,Closed
10161,3793,2026-01-16,Medium,Open
10162,1011,2024-09-25,Medium,Closed
10163,5681,2025-08-14,Low,Open
10164,2419,2025-10-18,Medium,In Progress
10165,4717,2025-12-19,Medium,Closed
10166,5675,2025-05-29,Low,Closed
10167,5276,2025-01-14,Low,Closed
10168,1963,2023-08-09,Low,Closed
10169,1343,2024-08-26,Medium,Closed
10170,3801,2024-12-16,Low,Closed
10171,1293,2025-12-30,High,Closed
10172,2156,2025-09-04,High,Closed
10173,5574,2025-10-19,Medium,Closed
10174,5528,2024-06-15,High,Closed
10175,5776,2025-09-18,Low,Open
10176,1543,2023-10-04,Low,Closed
10177,3649,2026-05-20,Low,Closed
10178,3442,2025-01-14,Medium,In Progress
10179,4390,2024-04-30,High,Closed
10180,2680,2024-02-05,High,Closed
10181,5063,2025-11-15,Medium,Closed
10182,2674,2024-08-11,High,Closed
10183,1871,2024-03-28,Medium,Closed
10184,2120,2025-09-22,Low,Open
10185,3354,2024-09-21,Low,Closed
10186,3617,2023-07-11,High,Closed
10187,4642,2024-07-31,High,Closed
10188,1577,2024-08-24,High,Closed
10189,2867,2023-08-06,Medium,Closed
10190,2651,2026-05-10,Low,Closed
10191,2455,2024-03-28,High,Closed
10192,1118,2026-04-08,High,Closed
10193,3008,2023-08-26,High,In Progress
10194,5539,2024-12-21,High,Closed
10195,1649,2026-04-29,Low,Closed
10196,4805,2025-08-19,Low,Closed
10197,4543,2023-12-26,Medium,Closed
10198,1917,2024-05-20,Low,Closed
10199,4065,2024-10-15,High,Closed
10200,1236,2025-01-10,Medium,Closed
10201,1785,2024-04-16,Medium,Closed
10202,5358,2025-07-04,Medium,Closed
10203,2653,2025-03-06,High,Closed
10204,4887,2023-10-05,Medium,Closed
10205,4876,2025-10-24,Low,Closed
10206,2477,2025-04-12,Medium,Closed
10207,4077,2024-10-25,Medium,Closed
10208,3000,2024-03-03,Critical,Closed
10209,4052,2025-06-24,Critical,Closed
10210,3917,2026-02-27,High,Closed
10211,5876,2025-03-17,Medium,Closed
10212,2856,2025-11-18,Medium,Closed
10213,5542,2024-06-04,Medium,Closed
10214,4554,2024-04-30,Low,Open
10215,2174,2023-08-16,Medium,Closed
10216,1412,2026-01-18,Critical,Closed
10217,5565,2023-07-14,Medium,Closed
10218,1889,2024-11-01,Medium,Closed
10219,1927,2025-12-18,Medium,Closed
10220,2769,2025-04-07,High,Closed
10221,2074,2023-07-03,Low,Closed
10222,3622,2025-10-02,Low,Closed
10223,3144,2024-10-04,Critical,Closed
10224,5296,2023-10-04,High,Closed
10225,4581,2024-07-31,Medium,Closed
10226,5765,2026-05-29,Medium,Closed
10227,4023,2025-11-17,Medium,Closed
10228,3376,2024-06-26,Medium,Closed
10229,1335,2024-03-14,High,Closed
10230,1988,2024-08-17,Medium,Closed
10231,3242,2025-02-23,Low,Closed
10232,4548,2025-09-10,Low,Closed
10233,5864,2024-04-07,Low,Closed
10234,5849,2026-02-02,Low,Closed
10235,1168,2025-09-15,Low,Closed
10236,2943,2023-08-30,Low,Closed
10237,5039,2023-09-25,High,Closed
10238,5955,2026-01-24,Critical,Open
10239,3034,2024-08-22,Low,Closed
10240,3805,2024-06-30,Low,Closed
10241,2049,2024-11-28,Low,Closed
10242,1327,2025-06-18,Low,Closed
10243,3613,2026-04-08,Low,Closed
10244,3512,2025-06-15,High,Closed
10245,2235,2025-07-31,High,In Progress
10246,4996,2023-07-19,Medium,Closed
10247,3282,2026-06-02,Critical,Closed
10248,2909,2024-06-05,High,Closed
10249,5341,2026-05-13,Low,In Progress
10250,2060,2025-07-04,Low,Closed
10251,3263,2025-12-10,Low,In Progress
10252,5681,2025-10-25,Medium,Open
10253,3369,2024-12-04,Low,Closed
10254,2273,2024-09-13,Medium,Closed
10255,5562,2024-07-06,Medium,Closed
10256,1292,2025-02-22,Medium,Closed
10257,4340,2026-02-02,Medium,Closed
10258,4669,2023-09-12,Critical,Closed
10259,4260,2025-05-30,High,Closed
10260,2940,2025-02-21,High,Closed
10261,3403,2025-07-17,Low,Closed
10262,5239,2025-01-04,Medium,Closed
10263,3091,2024-01-07,Low,In Progress
10264,1623,2026-05-11,Medium,In Progress
10265,1824,2025-03-25,Medium,Closed
10266,5755,2024-11-22,Low,In Progress
10267,2282,2026-05-11,Medium,In Progress
10268,3129,2026-06-22,Medium,Open
10269,5825,2023-12-02,Medium,In Progress
10270,1607,2025-10-30,Low,In Progress
10271,5657,2023-11-19,Critical,In Progress
10272,1903,2024-07-26,Low,Closed
10273,5965,2024-04-21,Low,Closed
10274,2693,2023-11-06,Critical,Open
10275,1805,2024-04-04,Low,Open
10276,2592,2025-11-28,Medium,Closed
10277,5707,2025-03-22,High,Closed
10278,5855,2023-09-10,Critical,Closed
10279,3331,2026-05-30,Medium,In Progress
10280,1207,2023-12-02,Medium,Closed
10281,2423,2025-01-25,Medium,Closed
10282,2959,2025-07-31,High,Closed
10283,1328,2023-08-18,High,Closed
10284,2785,2026-05-01,Low,Closed
10285,3964,2025-06-21,Medium,In Progress
10286,4591,2026-04-20,Medium,Closed
10287,3339,2025-04-10,High,Open
10288,3615,2025-08-18,Medium,Closed
10289,1842,2026-05-27,Medium,Closed
10290,5000,2024-12-03,Medium,Closed
10291,1426,2026-04-18,Medium,Closed
10292,2248,2023-08-01,High,Closed
10293,1781,2023-11-07,Medium,Closed
10294,2393,2024-08-16,Medium,Closed
10295,4078,2025-08-03,Low,In Progress
10296,1424,2024-01-04,High,Closed
10297,5548,2023-11-26,Low,Closed
10298,1716,2025-12-28,Low,In Progress
10299,4587,2025-11-16,Low,Closed
10300,2795,2024-08-30,Medium,Closed
10301,5830,2024-04-16,Low,In Progress
10302,1978,2023-08-25,High,Closed
10303,3756,2024-03-18,High,Closed
10304,5492,2025-06-21,Low,Closed
10305,1125,2024-07-29,High,Closed
10306,5573,2024-06-26,Critical,Closed
10307,5742,2025-09-29,Medium,Closed
10308,2539,2026-04-14,Medium,Closed
10309,5654,2026-03-08,Critical,In Progress
10310,4203,2026-06-18,High,Closed
10311,5041,2026-05-29,Medium,Open
10312,5373,2026-06-05,Critical,Open
10313,2051,2025-08-31,High,Closed
10314,4589,2025-03-02,Medium,Open
10315,5184,2024-07-08,Low,Closed
10316,5273,2023-08-25,Medium,Closed
10317,3793,2024-03-07,High,Closed
10318,4753,2023-07-01,Low,Closed
10319,3670,2025-09-01,Low,Open
10320,2942,2026-05-12,High,Closed
10321,2759,2023-11-17,High,Closed
10322,3881,2024-05-11,Low,In Progress
10323,3077,2025-09-14,Low,Closed
10324,2931,2024-07-25,Medium,Closed
10325,4507,2023-09-14,Medium,Closed
10326,3717,2025-11-20,Low,Open
10327,2431,2026-01-29,Low,Closed
10328,5666,2025-04-07,Low,In Progress
10329,3141,2025-04-19,Critical,Closed
10330,4703,2024-03-29,Low,In Progress
10331,2115,2024-04-25,High,Closed
10332,1553,2026-01-17,High,In Progress
10333,3859,2024-03-16,Medium,Closed
10334,2962,2024-01-13,Low,Closed
10335,3086,2025-12-02,High,In Progress
10336,4122,2025-11-04,Low,Closed
10337,3856,2025-03-24,Low,Closed
10338,1920,2025-05-01,Low,Closed
10339,5019,2023-11-25,Low,In Progress
10340,4142,2023-11-25,Low,In Progress
10341,2155,2026-05-17,High,Open
10342,3364,2024-11-17,Medium,Closed
10343,2330,2024-09-22,High,Closed
10344,2187,2024-05-11,Low,In Progress
10345,4505,2024-05-07,Low,Closed
10346,5639,2023-10-07,Low,Closed
10347,4763,2025-01-11,Medium,Closed
10348,1046,2026-04-23,High,Closed
10349,4239,2025-04-23,Low,Closed
10350,2444,2024-11-25,Medium,Closed
10351,5398,2025-01-08,Low,Closed
10352,1500,2026-03-18,Low,Closed
10353,5626,2024-02-29,Low,Closed
10354,4792,2025-07-16,High,In Progress
10355,3637,2023-11-18,High,Closed
10356,3794,2026-03-07,Medium,Closed
10357,2651,2024-09-07,High,Closed
10358,1864,2025-10-25,Medium,Closed
10359,2525,2024-03-05,Medium,Closed
10360,5605,2025-08-30,Critical,Closed
10361,2887,2024-12-20,Low,Closed
10362,2937,2026-02-09,High,Closed
10363,4545,2024-06-04,Low,Open
10364,2264,2025-06-01,Critical,Closed
10365,3946,2024-02-08,Medium,Closed
10366,3056,2025-12-20,Medium,In Progress
10367,5615,2024-05-22,Low,Closed
10368,5942,2024-09-20,Medium,In Progress
10369,5086,2024-07-15,Medium,In Progress
10370,2349,2025-12-18,Low,Closed
10371,3791,2024-01-06,Low,Open
10372,2294,2024-06-05,Low,Closed
10373,2395,2026-06-15,Low,Closed
10374,1235,2025-08-27,Low,Closed
10375,2582,2023-07-18,Low,Closed
10376,5621,2025-02-19,Low,In Progress
10377,5741,2024-07-30,Medium,Closed
10378,1741,2024-03-04,Low,Closed
10379,3960,2024-04-14,Medium,Closed
10380,3531,2026-06-20,Critical,Closed
10381,2290,2025-12-16,Low,Closed
10382,3891,2025-11-24,Medium,Open
10383,2715,2024-02-08,Medium,In Progress
10384,2410,2025-04-15,Low,Closed
10385,4422,2025-09-19,Critical,In Progress
10386,5699,2023-10-26,Critical,In Progress
10387,3325,2025-08-20,Low,Closed
10388,5851,2023-12-06,Medium,Closed
10389,2568,2025-12-24,Medium,Closed
10390,5517,2026-01-26,Low,In Progress
10391,4083,2024-11-17,High,Closed
10392,1850,2024-01-28,Low,Closed
10393,5775,2023-09-07,Critical,In Progress
10394,4767,2025-03-08,Medium,Closed
10395,5089,2023-10-26,Medium,Closed
10396,3474,2025-09-28,Medium,Closed
10397,3833,2025-11-17,Medium,Closed
10398,4799,2023-09-21,Medium,Closed
10399,4495,2026-06-22,Critical,Closed
10400,4209,2024-11-30,High,Closed
10401,1952,2025-09-20,Low,Closed
10402,1330,2023-09-27,Low,Closed
10403,3910,2024-12-27,Low,Closed
10404,2726,2023-07-27,Medium,Closed
10405,1261,2026-01-15,High,Open
10406,3886,2026-06-23,Medium,Closed
10407,5839,2024-06-12,Medium,Closed
10408,1721,2026-04-30,High,Open
10409,1510,2024-07-10,Low,Closed
10410,1187,2025-08-14,High,Closed
10411,2314,2025-07-16,Medium,Closed
10412,1140,2025-11-30,Medium,Closed
10413,2921,2024-11-02,Low,In Progress
10414,5064,2024-09-19,Low,Closed
10415,1518,2024-12-15,Medium,Closed
10416,5019,2025-08-06,Critical,Closed
10417,5422,2024-08-13,Low,Closed
10418,3138,2026-04-26,Low,Closed
10419,1325,2026-05-09,Low,Closed
10420,1891,2023-10-05,Critical,Closed
10421,1094,2026-01-11,Medium,Closed
10422,2587,2025-09-25,Medium,Closed
10423,5685,2024-04-12,Low,Open
10424,2111,2025-09-20,Low,Closed
10425,1018,2025-04-15,High,Closed
10426,2828,2024-01-29,Medium,Closed
10427,5083,2023-10-31,Medium,Open
10428,1788,2024-01-12,High,Closed
10429,5207,2025-12-19,High,Closed
10430,3590,2024-03-25,Critical,Closed
10431,4326,2024-07-01,Critical,Closed
10432,4850,2025-01-30,Low,In Progress
10433,1557,2025-01-29,High,Closed
10434,5118,2023-12-21,Low,Open
10435,3021,2025-12-31,Low,Closed
10436,5637,2026-02-01,High,Closed
10437,2859,2024-11-01,Medium,Closed
10438,5979,2025-11-05,Medium,Closed
10439,4289,2024-02-04,Critical,In Progress
10440,3624,2026-06-19,Medium,In Progress
10441,1429,2025-02-27,High,In Progress
10442,1638,2025-01-29,Low,Closed
10443,4413,2023-08-31,Medium,Closed
10444,2386,2024-06-26,Low,Closed
10445,3620,2023-10-16,Low,Closed
10446,1334,2025-03-16,Low,In Progress
10447,4426,2024-10-27,Medium,Closed
10448,1072,2024-10-31,Medium,Closed
10449,3339,2025-07-01,Medium,In Progress
10450,3176,2025-09-04,High,In Progress
10451,3392,2025-12-22,Low,Closed
10452,4219,2026-05-29,Medium,Closed
10453,4125,2024-12-25,High,In Progress
10454,4083,2024-11-21,Medium,Closed
10455,2483,2026-01-30,Low,In Progress
10456,1504,2026-05-23,Critical,In Progress
10457,4777,2025-10-09,Low,Closed
10458,3149,2026-03-02,Medium,Closed
10459,2184,2025-03-25,Medium,In Progress
10460,3889,2025-07-28,High,In Progress
10461,2622,2024-09-10,High,Closed
10462,5035,2024-09-18,Medium,Open
10463,2100,2023-09-29,High,Closed
10464,4088,2026-04-26,Low,In Progress
10465,1409,2024-12-19,Medium,Closed
10466,5982,2023-11-03,High,In Progress
10467,4047,2025-08-24,Medium,Closed
10468,2063,2023-12-20,High,Closed
10469,3964,2024-10-21,Low,In Progress
10470,4041,2023-11-07,High,Closed
10471,5646,2024-03-15,High,Closed
10472,1595,2025-08-19,Critical,Open
10473,1087,2024-05-31,Critical,Closed
10474,3774,2025-09-25,Low,In Progress
10475,3913,2023-09-14,High,Open
10476,2103,2025-10-31,High,Open
10477,5160,2024-10-09,Low,Closed
10478,4008,2024-05-01,Low,Closed
10479,5864,2024-12-19,Low,Closed
10480,4164,2025-01-26,Medium,Closed
10481,5670,2023-11-25,Medium,Closed
10482,1311,2023-10-15,Critical,Closed
10483,4091,2025-08-18,Medium,Closed
10484,2766,2026-05-18,High,Closed
10485,4912,2025-10-03,High,Open
10486,1571,2026-06-20,High,In Progress
10487,4663,2023-12-26,High,Closed
10488,3524,2024-03-25,High,Closed
10489,4095,2023-11-28,High,Closed
10490,1795,2024-09-05,Medium,In Progress
10491,1301,2026-05-11,Critical,Closed
10492,2800,2024-11-21,Medium,In Progress
10493,3445,2023-07-02,Medium,Closed
10494,3265,2025-04-21,Low,Closed
10495,2424,2025-12-28,Low,Closed
10496,1252,2024-05-11,Low,Closed
10497,2599,2024-09-02,Low,Closed
10498,1587,2024-02-01,Medium,Closed
10499,3505,2023-10-02,Critical,Closed
10500,1664,2026-02-01,Critical,Closed
10501,4744,2025-07-19,High,Closed
10502,1725,2026-02-18,Critical,Closed
10503,3608,2024-05-25,Medium,Closed
10504,4652,2025-09-12,High,Closed
10505,1702,2023-12-21,Medium,Closed
10506,1114,2025-10-16,Medium,Closed
10507,2084,2025-06-06,Medium,In Progress
10508,1187,2025-08-17,Low,Closed
10509,1573,2023-08-12,Medium,Closed
10510,3249,2024-04-19,Low,Closed
10511,3405,2026-05-03,Medium,Closed
10512,1458,2024-12-01,Medium,Closed
10513,3438,2024-07-18,Medium,Closed
10514,3322,2026-02-08,Medium,Closed
10515,5555,2025-06-15,Low,In Progress
10516,1129,2024-11-26,Medium,Closed
10517,3893,2025-10-18,Medium,Closed
10518,4903,2023-07-11,Medium,Closed
10519,2590,2023-11-13,High,Closed
10520,1918,2025-12-26,Medium,Open
10521,3809,2026-04-01,Medium,Closed
10522,1348,2024-05-31,Critical,Closed
10523,4542,2023-08-02,Low,Closed
10524,1661,2025-06-19,Critical,Closed
10525,5414,2023-10-23,Medium,Closed
10526,2388,2025-02-09,Medium,Closed
10527,5032,2026-05-16,Medium,Closed
10528,5580,2025-02-25,Medium,Closed
10529,2607,2025-12-16,High,Closed
10530,3087,2025-06-26,High,Closed
10531,3378,2026-06-21,Low,Open
10532,3597,2024-06-20,High,Closed
10533,3557,2024-03-08,Low,Closed
10534,5467,2024-10-12,Low,Closed
10535,5159,2026-01-26,High,Closed
10536,4191,2024-10-17,Low,Closed
10537,1961,2026-01-27,Low,Closed
10538,2331,2024-01-31,Medium,Closed
10539,2584,2024-10-17,Medium,Open
10540,2889,2026-01-18,Medium,Closed
10541,3293,2025-01-09,Low,Closed
10542,4071,2024-09-06,High,Closed
10543,1323,2023-08-19,Medium,Closed
10544,1896,2025-11-03,Medium,Closed
10545,2743,2024-05-16,Medium,Closed
10546,4977,2024-09-24,Low,Closed
10547,1793,2024-03-01,High,Open
10548,3600,2026-03-06,Medium,In Progress
10549,1306,2025-01-14,Medium,Closed
10550,4316,2024-07-10,Medium,Closed
10551,2634,2025-07-04,Critical,Closed
10552,2174,2024-01-25,Medium,Closed
10553,5848,2026-04-25,Critical,Closed
10554,5185,2026-04-28,Medium,Closed
10555,2873,2025-05-29,High,Closed
10556,4992,2024-03-31,Medium,In Progress
10557,1194,2024-08-18,Low,Closed
10558,5883,2024-09-11,Low,Open
10559,2181,2026-02-28,Medium,Closed
10560,3930,2024-10-25,Low,Closed
10561,1584,2026-05-17,Low,Closed
10562,3518,2025-02-25,Low,Closed
10563,1412,2024-02-17,Medium,Closed
10564,5503,2026-05-26,High,Closed
10565,2220,2025-03-20,Medium,Closed
10566,5531,2024-01-24,High,Closed
10567,2098,2023-08-08,High,In Progress
10568,2331,2024-10-12,Medium,Closed
10569,2246,2024-07-31,Medium,Closed
10570,5700,2024-04-24,Low,Closed
10571,1741,2025-09-07,Medium,Closed
10572,3019,2023-12-29,High,Closed
10573,5069,2023-06-28,Medium,In Progress
10574,5931,2025-06-07,Critical,Closed
10575,2844,2026-04-06,Medium,Closed
10576,5307,2024-01-30,Medium,Closed
10577,1313,2026-03-22,Medium,Closed
10578,3420,2025-06-25,Medium,Closed
10579,1435,2024-01-19,Low,In Progress
10580,1593,2024-07-14,Medium,In Progress
10581,5403,2024-03-18,High,Open
10582,1114,2024-03-22,Medium,In Progress
10583,2227,2023-07-28,High,In Progress
10584,1869,2026-04-29,Low,Closed
10585,1594,2024-12-02,Medium,In Progress
10586,3683,2023-09-15,Critical,Closed
10587,5833,2024-06-17,Critical,Closed
10588,4231,2025-03-01,Medium,Closed
10589,3760,2024-02-22,Low,Closed
10590,2111,2025-12-15,High,Closed
10591,4045,2025-12-16,Low,Closed
10592,1196,2025-08-28,Low,Closed
10593,4544,2023-11-16,Medium,Open
10594,4795,2025-11-24,Low,Closed
10595,1192,2026-05-18,Low,Closed
10596,1387,2024-11-22,Medium,In Progress
10597,3915,2026-05-16,High,Closed
10598,4960,2026-01-12,High,Closed
10599,5451,2026-02-03,Critical,Closed
10600,1113,2023-09-20,Critical,Closed
10601,3916,2024-11-22,Low,Closed
10602,4761,2024-10-23,Critical,Closed
10603,5459,2024-10-26,Low,Closed
10604,2343,2024-06-23,Low,In Progress
10605,3347,2024-07-28,Low,In Progress
10606,5236,2024-05-04,Medium,Closed
10607,3867,2026-02-16,High,Closed
10608,5070,2025-06-06,Medium,In Progress
10609,2458,2026-02-26,Low,Closed
10610,3644,2025-06-16,Low,Closed
10611,2738,2024-11-27,Low,Open
10612,1629,2025-03-02,Low,Closed
10613,2736,2023-09-05,Medium,Open
10614,4574,2024-05-21,Low,Closed
10615,1902,2025-09-22,Low,In Progress
10616,4719,2024-12-02,High,Closed
10617,3888,2025-03-05,High,Closed
10618,5659,2025-02-04,Low,In Progress
10619,2641,2025-02-05,Medium,Closed
10620,3144,2025-05-08,Low,Closed
10621,5056,2024-07-27,Low,Closed
10622,2859,2024-01-06,High,Open
10623,2256,2024-03-22,Medium,Closed
10624,3985,2025-12-02,Critical,Closed
10625,1201,2025-06-02,High,Open
10626,4528,2024-03-07,Medium,Open
10627,1031,2024-10-12,Low,Closed
10628,4480,2024-07-29,High,Closed
10629,4664,2024-08-18,High,Closed
10630,2339,2025-04-01,Medium,In Progress
10631,2885,2026-05-10,Low,Closed
10632,3958,2024-05-20,High,Closed
10633,1400,2026-03-20,Medium,Closed
10634,3110,2024-06-25,Low,Closed
10635,5819,2025-08-02,Low,In Progress
10636,1689,2023-09-29,High,In Progress
10637,5093,2024-07-21,High,Closed
10638,2953,2023-08-15,Medium,Closed
10639,3241,2024-11-30,Medium,Closed
10640,2856,2024-02-06,Critical,Closed
10641,4021,2024-10-28,Medium,Closed
10642,2481,2025-09-28,Medium,Closed
10643,1657,2024-10-24,Low,Closed
10644,1190,2024-03-11,Medium,Closed
10645,5251,2024-12-06,Medium,In Progress
10646,4734,2026-02-07,High,Closed
10647,3471,2023-12-10,Medium,Closed
10648,5900,2024-06-05,Low,Open
10649,2686,2023-07-01,Medium,In Progress
10650,1763,2026-03-10,High,In Progress
10651,3137,2025-03-17,Medium,In Progress
10652,3684,2026-04-07,High,Closed
10653,4296,2024-09-20,Low,Closed
10654,3081,2025-02-24,Low,Closed
10655,1399,2025-05-09,Low,In Progress
10656,4233,2024-03-23,Low,Closed
10657,2064,2023-12-12,Medium,Open
10658,2100,2024-11-04,Medium,In Progress
10659,3398,2025-11-07,Medium,Closed
10660,2897,2025-09-11,Medium,Closed
10661,1706,2024-01-20,Critical,Closed
10662,3062,2023-08-17,Critical,Closed
10663,1011,2023-08-04,Medium,Closed
10664,5856,2025-07-11,High,Closed
10665,5840,2023-12-17,Medium,Closed
10666,4076,2023-07-03,High,Closed
10667,3306,2023-11-28,High,Closed
10668,2662,2024-04-01,Low,In Progress
10669,4306,2025-10-19,High,Closed
10670,5071,2025-01-02,Critical,In Progress
10671,1265,2024-04-14,High,Closed
10672,1533,2024-11-14,Low,Closed
10673,4218,2025-01-14,High,In Progress
10674,3402,2024-10-25,High,Closed
10675,2313,2024-12-10,Low,Closed
10676,3155,2026-01-10,Medium,Closed
10677,3295,2023-10-30,Medium,In Progress
10678,5503,2025-04-11,Low,Closed
10679,1483,2024-04-13,High,In Progress
10680,5629,2023-07-28,High,In Progress
10681,2612,2025-12-07,Medium,Closed
10682,3660,2023-12-02,High,Closed
10683,1449,2024-05-13,Low,Closed
10684,2800,2025-02-08,Low,Open
10685,2321,2024-09-23,Medium,Closed
10686,1346,2025-05-04,Low,Closed
10687,5229,2024-10-30,Medium,Closed
10688,2221,2024-02-14,Medium,Closed
10689,4721,2023-10-04,High,Closed
10690,4997,2023-08-14,Low,Closed
10691,5266,2024-04-13,Medium,Closed
10692,1895,2023-09-17,Low,Closed
10693,5368,2024-07-01,High,In Progress
10694,4697,2025-05-01,Low,In Progress
10695,5359,2025-02-02,Low,Closed
10696,4832,2026-03-05,Medium,Closed
10697,1343,2025-04-21,Low,Closed
10698,3762,2025-09-11,Low,Closed
10699,4253,2025-05-03,Medium,Closed
10700,5206,2024-06-08,Low,In Progress
10701,4675,2024-08-17,Critical,Open
10702,4853,2024-07-22,High,Closed
10703,3461,2024-12-01,Medium,Closed
10704,4358,2025-10-13,Medium,In Progress
10705,4192,2023-10-14,High,Closed
10706,4629,2026-05-31,Medium,Closed
10707,1479,2026-04-17,Low,Open
10708,2234,2024-01-13,High,Closed
10709,1705,2025-07-06,High,Closed
10710,4957,2023-07-27,Critical,Closed
10711,5212,2024-03-10,Medium,Closed
10712,5263,2024-12-12,High,Closed
10713,2072,2025-03-10,High,Closed
10714,2658,2024-02-26,Low,Closed
10715,3077,2025-10-17,Medium,Closed
10716,4281,2023-11-19,Medium,Closed
10717,2533,2023-09-18,Low,Closed
10718,5751,2023-11-16,Medium,Closed
10719,3531,2023-08-07,Low,Open
10720,4976,2024-08-19,Medium,Closed
10721,3721,2023-08-02,Low,Closed
10722,5016,2023-11-24,High,Closed
10723,3469,2025-03-11,Medium,Closed
10724,4263,2024-10-20,High,Closed
10725,2310,2025-09-07,Low,Closed
10726,5075,2026-01-12,Low,Closed
10727,3569,2024-09-10,Critical,Closed
10728,5031,2025-10-14,High,Closed
10729,2201,2023-08-31,Medium,Closed
10730,4138,2025-10-03,Critical,Closed
10731,1328,2024-04-13,Medium,Closed
10732,2370,2024-08-04,Medium,Closed
10733,2092,2024-01-29,Medium,Closed
10734,3390,2025-10-25,Low,Closed
10735,2137,2024-08-01,Low,In Progress
10736,5319,2025-12-28,Medium,Open
10737,1442,2024-08-12,Low,Closed
10738,4040,2023-09-24,Medium,Closed
10739,2421,2024-04-15,High,Closed
10740,4857,2025-12-14,High,In Progress
10741,2826,2024-05-04,High,Closed
10742,4799,2025-08-29,Medium,Closed
10743,5844,2025-10-12,Medium,Closed
10744,3790,2024-09-29,Medium,Open
10745,1721,2023-11-04,Medium,Closed
10746,4991,2023-08-27,High,In Progress
10747,2175,2023-09-02,Medium,Closed
10748,4463,2026-02-15,High,Open
10749,2915,2025-10-02,High,In Progress
10750,1153,2024-09-07,High,Closed
10751,4322,2025-02-23,Low,Closed
10752,1128,2023-10-13,Low,Closed
10753,5862,2024-06-05,Critical,Closed
10754,4877,2026-05-06,Medium,Closed
10755,5996,2025-02-21,Medium,Closed
10756,4763,2023-10-03,Medium,Closed
10757,1777,2023-12-30,Medium,In Progress
10758,5013,2023-12-04,Critical,Closed
10759,4694,2026-03-07,Low,Open
10760,1159,2023-10-10,Low,Closed
10761,3923,2023-06-28,Medium,Closed
10762,3472,2026-03-29,Medium,Closed
10763,1604,2024-12-18,High,In Progress
10764,2312,2024-02-14,Low,Closed
10765,2155,2026-06-06,High,Closed
10766,1451,2026-02-12,High,Closed
10767,3802,2025-11-29,Medium,In Progress
10768,4184,2025-04-26,Medium,Closed
10769,2652,2024-01-27,Low,Closed
10770,2441,2025-11-05,Low,Closed
10771,1930,2025-12-07,Critical,Closed
10772,5208,2025-12-23,Low,Closed
10773,4886,2024-11-24,High,Closed
10774,2621,2023-09-09,Low,Closed
10775,2261,2025-12-10,High,Closed
10776,5931,2025-09-07,High,Closed
10777,4833,2025-10-25,Low,In Progress
10778,5021,2023-12-29,Low,Closed
10779,4867,2023-09-29,Low,Closed
10780,1032,2024-04-08,Critical,Closed
10781,5457,2025-11-25,Low,Open
10782,4374,2025-04-09,Medium,Closed
10783,2266,2025-08-02,Low,Closed
10784,5637,2024-07-22,Low,Closed
10785,2621,2026-06-20,High,Closed
10786,5802,2024-03-02,Low,Closed
10787,3301,2025-11-22,Low,Closed
10788,5733,2023-09-30,High,Closed
10789,4247,2025-01-29,Medium,Closed
10790,1405,2025-10-14,Medium,Open
10791,1521,2024-03-26,Low,Closed
10792,3938,2025-06-30,High,In Progress
10793,2066,2024-03-06,Low,In Progress
10794,5016,2026-06-02,Medium,Closed
10795,1755,2023-08-30,Medium,Closed
10796,2305,2023-09-28,Low,Closed
10797,5830,2024-02-15,Medium,Closed
10798,5419,2023-12-23,Low,Closed
10799,5527,2023-11-30,Low,Closed
10800,5639,2025-07-31,Low,Closed
10801,5425,2023-08-21,Medium,Closed
10802,5833,2026-03-30,High,Closed
10803,3618,2025-07-07,Low,Open
10804,5162,2025-05-29,Low,Open
10805,4469,2025-04-11,Low,Closed
10806,1221,2025-05-25,Critical,Closed
10807,4612,2026-04-26,Medium,Closed
10808,5654,2026-01-13,Medium,Closed
10809,2000,2024-02-17,High,In Progress
10810,2859,2023-12-10,Medium,Open
10811,2120,2023-08-24,Low,Closed
10812,5995,2023-12-14,High,Closed
10813,3606,2023-08-15,Low,Open
10814,5994,2025-10-11,Critical,Closed
10815,5029,2025-09-18,Low,Closed
10816,2197,2024-01-04,High,Open
10817,5095,2025-04-12,Medium,Closed
10818,4380,2024-02-04,Low,Closed
10819,4446,2024-10-15,Low,Open
10820,3289,2023-10-29,Critical,Closed
10821,4495,2024-04-26,Low,Closed
10822,2301,2025-09-24,Low,Closed
10823,4840,2026-04-14,Medium,Closed
10824,4061,2023-09-03,Medium,Closed
10825,3879,2024-07-10,High,Closed
10826,2555,2024-01-12,Medium,Closed
10827,3157,2025-08-04,High,Closed
10828,5106,2026-04-09,High,Closed
10829,2166,2026-01-24,Low,Closed
10830,5549,2025-02-14,Medium,Closed
10831,4072,2026-01-25,Medium,Open
10832,4916,2025-03-10,Medium,Closed
10833,1306,2024-11-11,Medium,In Progress
10834,3290,2024-01-04,Low,Closed
10835,2377,2024-12-20,Medium,Closed
10836,1113,2026-04-13,Critical,Closed
10837,2597,2023-07-19,Low,Closed
10838,2077,2024-04-24,High,In Progress
10839,2631,2025-11-26,High,Closed
10840,5685,2024-06-03,Medium,Closed
10841,2048,2026-06-17,High,In Progress
10842,1067,2024-08-08,Medium,Closed
10843,4751,2024-05-27,High,Closed
10844,2546,2025-02-08,Medium,Closed
10845,2349,2024-08-02,Medium,Closed
10846,5684,2026-06-21,High,Closed
10847,1040,2023-09-14,Medium,Closed
10848,1072,2024-02-07,Medium,Open
10849,5969,2024-01-03,Critical,Closed
10850,2103,2024-07-18,High,Closed
10851,4052,2026-04-23,Low,In Progress
10852,2318,2025-10-31,High,Closed
10853,3713,2025-11-19,High,Open
10854,2472,2023-12-25,High,Open
10855,4244,2025-12-01,Medium,Closed
10856,3465,2025-04-20,High,Closed
10857,5765,2023-12-30,Medium,Closed
10858,4850,2024-02-01,Medium,Closed
10859,3547,2026-06-03,Low,Closed
10860,4400,2025-04-05,Low,Closed
10861,4768,2025-01-21,Medium,Open
10862,3146,2025-04-11,High,Closed
10863,3330,2024-09-11,Medium,Closed
10864,3398,2024-07-05,Critical,In Progress
10865,4652,2024-05-30,High,Closed
10866,2574,2024-08-05,Low,Closed
10867,4789,2025-01-18,Medium,Closed
10868,1118,2024-06-08,Low,Closed
10869,5321,2023-10-06,Medium,Closed
10870,2798,2023-07-11,High,Open
10871,3947,2025-03-14,Low,Closed
10872,3852,2026-02-10,Low,Closed
10873,1718,2025-10-25,Low,Closed
10874,4413,2026-02-28,High,Closed
10875,1963,2025-11-21,High,Closed
10876,1519,2024-01-12,Low,Closed
10877,5708,2024-02-25,Medium,Closed
10878,3098,2024-03-06,Medium,In Progress
10879,1585,2023-08-15,Low,Closed
10880,5352,2023-11-10,Medium,In Progress
10881,3238,2026-01-21,Low,Closed
10882,2024,2024-11-13,High,In Progress
10883,3267,2026-03-13,Medium,In Progress
10884,4137,2024-07-31,Low,Closed
10885,5345,2023-11-07,Critical,Closed
10886,4986,2024-09-06,Medium,In Progress
10887,4664,2025-02-13,Medium,In Progress
10888,4622,2025-02-04,Low,Closed
10889,2239,2026-01-03,Low,Closed
10890,4020,2025-12-08,Medium,Closed
10891,3764,2025-07-19,Low,Closed
10892,3456,2023-07-31,Medium,Closed
10893,1547,2024-05-20,Critical,Closed
10894,2503,2023-07-16,Medium,Closed
10895,5398,2025-01-15,Low,Closed
10896,4962,2026-05-19,Critical,In Progress
10897,5427,2025-11-06,Critical,Closed
10898,3098,2023-09-03,Medium,Closed
10899,4404,2026-01-26,Medium,Closed
10900,2843,2024-03-29,Medium,Closed
10901,4635,2025-05-01,Medium,Closed
10902,1251,2023-11-10,Medium,Closed
10903,2235,2026-01-21,Low,Closed
10904,1173,2024-12-19,Medium,Closed
10905,2875,2026-05-31,Medium,Closed
10906,4114,2026-02-15,Medium,Closed
10907,4245,2026-06-25,Low,Open
10908,4036,2026-03-29,Low,Closed
10909,2131,2025-05-30,Low,Closed
10910,3229,2024-08-26,Medium,Closed
10911,5586,2024-02-24,High,Closed
10912,3987,2026-02-27,Medium,Closed
10913,4506,2025-09-24,High,In Progress
10914,5652,2024-12-19,Medium,Closed
10915,4713,2025-12-22,Low,Closed
10916,3576,2023-07-23,Low,Closed
10917,4627,2025-10-30,Medium,Closed
10918,4521,2025-07-20,Medium,Closed
10919,4604,2024-02-10,Medium,Closed
10920,3963,2023-09-26,Medium,In Progress
10921,3483,2024-09-21,High,Open
10922,2940,2025-07-28,Medium,Closed
10923,1084,2025-01-30,High,Closed
10924,1859,2024-09-08,Low,Closed
10925,1318,2025-01-17,High,Closed
10926,2914,2026-06-04,Medium,Closed
10927,3242,2023-11-22,Medium,Closed
10928,5364,2024-11-04,Low,In Progress
10929,1435,2026-04-27,Low,Closed
10930,5283,2023-06-29,Low,Closed
10931,2092,2026-05-03,Medium,Closed
10932,3745,2024-05-04,Medium,Closed
10933,2967,2024-11-04,Low,Closed
10934,1853,2025-05-19,High,Closed
10935,5645,2024-05-23,High,Closed
10936,3496,2026-04-13,High,In Progress
10937,5460,2024-03-11,Medium,Closed
10938,3920,2025-08-01,Low,Closed
10939,4503,2026-05-23,High,Closed
10940,4388,2023-12-28,Low,Closed
10941,5083,2024-02-07,Medium,Closed
10942,1793,2026-01-15,Medium,Closed
10943,5307,2025-11-15,Medium,In Progress
10944,3190,2024-04-11,High,Open
10945,4193,2025-10-15,Low,In Progress
10946,4359,2024-06-12,Low,Closed
10947,3475,2025-10-18,Low,Closed
10948,4589,2024-05-20,Critical,Closed
10949,1510,2025-04-25,Low,Closed
10950,4951,2024-06-08,High,Closed
10951,5928,2024-12-12,Low,Closed
10952,4650,2024-05-20,Low,Closed
10953,4958,2025-09-27,Medium,Closed
10954,2342,2024-02-04,Medium,Closed
10955,3093,2026-02-27,Medium,Closed
10956,4969,2024-08-21,High,Closed
10957,4534,2024-06-28,Medium,Closed
10958,3571,2024-12-26,Low,Open
10959,5925,2024-11-26,Low,In Progress
10960,3124,2025-05-08,Medium,Closed
10961,3568,2023-12-22,High,Closed
10962,5039,2024-12-12,Low,Closed
10963,2277,2025-09-16,Critical,Closed
10964,1830,2025-08-01,Medium,Closed
10965,5047,2026-06-03,High,Open
10966,2130,2025-07-22,High,Closed
10967,4969,2024-08-03,Low,Open
10968,1970,2025-03-28,High,Closed
10969,5966,2025-12-30,High,Closed
10970,5482,2025-12-24,Medium,Closed
10971,5189,2025-06-21,High,Closed
10972,2225,2024-12-11,Medium,Open
10973,5541,2024-03-29,Medium,Closed
10974,4094,2023-11-04,High,Closed
10975,4103,2023-07-15,Medium,Closed
10976,3611,2025-10-26,Medium,Closed
10977,5254,2023-09-28,High,Closed
10978,1483,2025-01-15,High,Closed
10979,2013,2024-07-11,Critical,Closed
10980,4643,2024-09-09,Critical,Closed
10981,3964,2025-08-30,High,In Progress
10982,1274,2025-10-18,Low,Open
10983,3672,2024-11-05,High,Closed
10984,3741,2025-08-15,High,Closed
10985,2403,2025-10-29,High,Open
10986,3497,2025-06-29,Medium,Closed
10987,5429,2026-05-31,Medium,Closed
10988,4574,2026-02-17,Medium,Closed
10989,5884,2024-01-26,Medium,In Progress
10990,1990,2026-04-15,Medium,Closed
10991,3993,2024-12-02,Low,Open
10992,1261,2026-01-19,Medium,Closed
10993,2412,2024-10-09,Medium,Closed
10994,3054,2026-02-01,Critical,Closed
10995,1363,2024-04-08,Medium,Closed
10996,2116,2024-08-16,Medium,Closed
10997,1466,2023-08-12,Critical,In Progress
10998,1346,2025-07-02,Critical,Closed
10999,2479,2024-05-16,High,In Progress
11000,4006,2023-11-13,Medium,Closed
11001,5017,2023-07-06,High,Open
11002,3306,2025-03-25,Low,Closed
11003,3689,2025-09-14,High,Closed
11004,1955,2026-01-22,Critical,Closed
11005,1022,2024-05-16,Low,Closed
11006,3489,2025-12-21,Medium,Closed
11007,2557,2025-06-20,Low,In Progress
11008,5267,2026-04-03,High,In Progress
11009,1263,2025-08-08,Low,Closed
11010,2616,2023-11-23,Medium,In Progress
11011,1665,2025-09-12,High,Closed
11012,3324,2025-05-06,High,Closed
11013,2491,2024-08-19,High,Closed
11014,4928,2025-03-09,Low,Closed
11015,2911,2024-10-24,High,Closed
11016,1381,2025-11-15,Low,Closed
11017,4416,2025-08-16,Medium,In Progress
11018,3341,2025-11-30,Medium,Closed
11019,2092,2024-03-02,Low,Closed
11020,4369,2025-08-31,Medium,Closed
11021,4845,2026-05-12,Low,Open
11022,2077,2025-01-21,High,Closed
11023,1578,2023-07-21,Medium,Open
11024,4377,2023-09-10,Low,Closed
11025,5597,2025-03-03,High,Closed
11026,1001,2023-12-11,High,Closed
11027,4628,2026-03-18,High,Closed
11028,4057,2023-06-30,Medium,Closed
11029,1447,2025-11-29,Medium,In Progress
11030,2339,2025-03-25,Medium,In Progress
11031,3894,2023-07-18,Low,Closed
11032,1377,2024-12-01,Low,Closed
11033,2922,2025-08-12,High,Closed
11034,1139,2025-03-02,Medium,Closed
11035,4764,2023-07-02,Medium,Open
11036,3432,2026-01-10,Medium,In Progress
11037,5563,2026-01-12,Low,Closed
11038,2488,2025-08-29,High,Closed
11039,4780,2025-05-31,Medium,Closed
11040,2907,2024-07-31,Medium,Closed
11041,1648,2024-05-15,Low,Closed
11042,3022,2025-05-14,Low,Closed
11043,3789,2023-12-31,Medium,Closed
11044,1537,2024-12-26,High,Open
11045,4893,2024-04-02,High,Closed
11046,3824,2025-05-14,High,Closed
11047,3200,2024-08-06,Critical,Closed
11048,4627,2026-02-25,Low,Closed
11049,5711,2023-08-29,Low,Closed
11050,5619,2023-09-30,Low,Closed
11051,4340,2026-01-11,Low,Closed
11052,3610,2023-07-18,Low,Closed
11053,4066,2025-12-09,Low,Closed
11054,4575,2024-09-17,High,Closed
11055,4283,2024-01-29,Low,Closed
11056,3319,2025-11-05,Low,Closed
11057,5885,2024-06-06,Low,Closed
11058,2835,2025-10-21,Medium,Closed
11059,5514,2025-11-10,Low,In Progress
11060,2619,2026-04-12,Low,Closed
11061,2497,2023-07-13,Low,Closed
11062,2847,2023-12-08,Medium,Closed
11063,1834,2023-12-12,Low,Open
11064,2621,2026-04-16,Medium,In Progress
11065,1184,2025-02-01,Low,Closed
11066,3137,2023-08-30,Medium,Closed
11067,3183,2025-03-12,Medium,Open
11068,1047,2025-05-06,Medium,Closed
11069,2505,2026-02-07,Low,Closed
11070,1996,2024-03-04,Medium,Closed
11071,2464,2023-11-08,Medium,In Progress
11072,5435,2026-06-03,Low,In Progress
11073,3851,2024-12-14,Medium,In Progress
11074,5865,2024-11-06,Low,Open
11075,4751,2024-02-02,Low,Closed
11076,2991,2024-12-16,Medium,Closed
11077,3082,2023-11-02,Medium,Closed
11078,4416,2023-08-29,Medium,Closed
11079,2587,2024-12-13,Medium,Closed
11080,2293,2024-07-24,Medium,Closed
11081,3587,2025-06-01,Low,Closed
11082,5085,2023-09-16,Low,Closed
11083,2405,2025-02-16,Low,Closed
11084,5153,2025-08-14,Low,In Progress
11085,1148,2023-07-16,Critical,Closed
11086,4513,2024-05-03,Critical,Closed
11087,1730,2026-06-06,Medium,Closed
11088,4088,2026-05-09,High,Closed
11089,1636,2024-06-05,Low,Closed
11090,5526,2024-09-13,Low,Closed
11091,2859,2023-12-15,Low,Closed
11092,4452,2024-02-11,Low,Closed
11093,5947,2025-08-29,Low,Closed
11094,3071,2025-01-21,Low,In Progress
11095,1704,2024-04-01,Critical,Open
11096,3217,2025-08-06,Medium,Closed
11097,1902,2026-03-31,Medium,In Progress
11098,2059,2025-10-20,Critical,Closed
11099,1624,2025-08-09,Critical,Closed
11100,5583,2025-01-05,Critical,Open
11101,3489,2025-08-08,High,Closed
11102,1951,2024-08-13,Low,Closed
11103,5540,2024-07-24,Medium,Closed
11104,1041,2025-11-11,Low,Closed
11105,2121,2026-05-21,Low,Open
11106,3887,2023-07-20,Low,Closed
11107,4993,2025-04-21,Medium,Closed
11108,1732,2026-04-15,Medium,In Progress
11109,3971,2023-11-08,Medium,Closed
11110,1586,2023-09-25,Medium,Open
11111,2840,2025-03-19,High,Open
11112,5126,2024-04-09,Low,Closed
11113,4091,2025-06-21,High,In Progress
11114,2307,2024-01-15,Medium,In Progress
11115,2332,2026-02-04,Low,In Progress
11116,5771,2026-02-11,Low,Closed
11117,2917,2024-04-19,High,Closed
11118,2328,2024-06-17,High,Closed
11119,2867,2025-08-20,Low,In Progress
11120,4642,2024-06-11,Low,Closed
11121,5855,2023-10-09,Medium,In Progress
11122,5984,2025-07-13,Low,Closed
11123,4931,2023-11-26,High,Closed
11124,2912,2025-10-07,Low,Open
11125,1328,2025-09-16,Low,Closed
11126,3984,2023-08-02,Low,Closed
11127,2741,2025-08-20,Low,In Progress
11128,1070,2024-04-29,Critical,In Progress
11129,5491,2025-08-18,Low,In Progress
11130,4142,2023-11-09,Medium,Open
11131,5000,2026-03-26,High,Closed
11132,4539,2025-05-13,Low,Closed
11133,3678,2026-02-15,Critical,In Progress
11134,5941,2025-04-01,High,Closed
11135,4044,2025-04-06,High,Closed
11136,1752,2024-09-27,Medium,Open
11137,5429,2024-06-17,High,Closed
11138,5665,2023-12-22,Medium,Closed
11139,1452,2025-03-06,Low,Closed
11140,4362,2025-05-04,Medium,Closed
11141,5011,2023-12-07,Medium,In Progress
11142,2696,2026-03-15,Low,In Progress
11143,3470,2025-08-24,Low,Closed
11144,5142,2026-05-15,Low,Closed
11145,3453,2026-04-09,High,Open
11146,1870,2024-03-20,Low,In Progress
11147,5041,2025-10-23,Medium,Closed
11148,1873,2026-06-03,High,Closed
11149,1012,2025-12-04,High,Closed
11150,4582,2024-12-31,Medium,Closed
11151,4884,2023-10-15,Low,Closed
11152,2402,2025-04-04,Medium,Closed
11153,2305,2025-10-29,Medium,Closed
11154,5937,2025-01-27,Low,Closed
11155,2253,2025-12-30,High,Closed
11156,3103,2024-12-01,Low,Closed
11157,2525,2025-11-05,Medium,Closed
11158,4387,2024-10-05,Medium,In Progress
11159,1280,2023-08-31,Medium,Open
11160,5331,2024-07-21,Medium,Closed
11161,3599,2024-11-08,Critical,Closed
11162,4214,2023-07-06,Medium,Closed
11163,3065,2024-04-30,Low,Open
11164,1736,2024-09-26,Medium,In Progress
11165,2538,2025-03-19,High,In Progress
11166,1024,2024-09-08,High,In Progress
11167,3027,2026-02-14,Medium,Closed
11168,3628,2023-11-06,Medium,In Progress
11169,5078,2024-09-20,Low,Closed
11170,2392,2025-12-28,Low,Closed
11171,5028,2024-02-21,High,In Progress
11172,4529,2025-06-20,Low,Closed
11173,5029,2025-04-06,Medium,In Progress
11174,1473,2025-11-27,High,Closed
11175,5776,2025-09-05,Critical,Open
11176,4203,2025-08-18,High,Open
11177,5447,2025-09-24,High,Closed
11178,2737,2024-06-10,Medium,In Progress
11179,5514,2026-04-03,Medium,Open
11180,4796,2024-03-30,Medium,Closed
11181,3922,2023-11-02,Medium,Closed
11182,5752,2026-01-26,Medium,Closed
11183,3437,2023-08-10,Critical,Closed
11184,2621,2024-12-24,Low,Closed
11185,4161,2024-05-15,Critical,Closed
11186,4026,2025-03-26,Critical,Closed
11187,3574,2025-08-04,Low,In Progress
11188,2409,2025-03-12,High,Open
11189,5921,2024-01-21,High,Closed
11190,1824,2025-01-17,Medium,Closed
11191,3542,2025-03-25,Medium,Closed
11192,3263,2024-09-19,Medium,Closed
11193,1905,2023-12-05,Low,Closed
11194,1562,2023-07-21,Low,Closed
11195,2169,2024-04-20,Low,In Progress
11196,4157,2024-12-13,Medium,Closed
11197,1098,2024-10-24,Critical,Closed
11198,2668,2025-09-15,Low,Closed
11199,2796,2024-07-02,Medium,Open
11200,4221,2025-11-27,Medium,Closed
11201,5182,2025-07-30,Low,Closed
11202,5900,2025-05-17,Medium,Open
11203,5260,2026-01-26,Low,Closed
11204,1504,2024-07-25,Low,Closed
11205,1559,2025-03-25,Low,In Progress
11206,1110,2025-02-01,Low,Closed
11207,3416,2025-01-18,Medium,Closed
11208,2986,2026-06-25,Critical,Closed
11209,3741,2024-12-08,High,Closed
11210,1329,2024-10-19,Medium,Closed
11211,4493,2025-03-17,Critical,Closed
11212,5916,2026-02-03,Low,Closed
11213,2079,2024-02-17,Low,Closed
11214,2128,2025-09-24,Medium,Open
11215,5051,2025-07-01,Critical,Closed
11216,3412,2023-12-13,Low,In Progress
11217,1545,2025-09-21,Low,Closed
11218,2024,2024-10-05,Medium,Closed
11219,2832,2026-03-22,Low,Closed
11220,5364,2023-09-02,Medium,Closed
11221,1563,2024-06-05,Low,Closed
11222,4980,2026-05-30,Low,Closed
11223,2018,2024-09-11,Low,Closed
11224,4151,2024-07-09,Low,Closed
11225,5636,2025-08-28,Low,Closed
11226,4227,2025-02-25,Low,Closed
11227,2707,2026-04-17,Low,Closed
11228,2206,2025-05-23,Medium,Closed
11229,2943,2026-02-08,Low,Closed
11230,1177,2025-08-05,Critical,Open
11231,5070,2025-12-26,Medium,Closed
11232,5478,2024-10-24,Critical,Open
11233,5045,2024-12-05,Low,Closed
11234,5826,2024-07-04,Low,Closed
11235,4595,2024-11-22,Low,Closed
11236,3063,2024-01-22,Low,Closed
11237,3920,2023-09-23,Low,Open
11238,1956,2025-03-01,Medium,Closed
11239,5591,2026-02-07,Medium,Closed
11240,4532,2024-08-17,Low,Open
11241,1749,2025-05-27,Medium,Closed
11242,2681,2023-08-14,Medium,Closed
11243,3644,2023-11-19,Medium,Closed
11244,5237,2024-01-07,Medium,Closed
11245,2685,2026-04-19,Medium,Closed
11246,3249,2024-03-21,Critical,Closed
11247,4434,2023-11-10,Medium,Closed
11248,4805,2024-11-13,Low,Closed
11249,3376,2024-01-28,High,Open
11250,3238,2024-09-23,Medium,Closed
11251,2856,2025-01-19,Critical,Closed
11252,5253,2025-02-07,Low,Closed
11253,1368,2024-11-03,High,Closed
11254,5691,2023-09-07,Medium,Closed
11255,3702,2025-09-29,Low,Closed
11256,3489,2023-11-13,Low,Closed
11257,1957,2025-09-19,Medium,Closed
11258,4379,2026-01-08,High,Closed
11259,5501,2024-09-08,Critical,Closed
11260,3768,2024-02-08,Low,Closed
11261,3204,2024-11-11,Low,Open
11262,2040,2026-01-13,Low,Open
11263,4018,2025-07-07,Medium,In Progress
11264,5153,2024-07-29,Low,Closed
11265,5812,2024-05-15,High,In Progress
11266,4748,2025-07-16,Medium,Closed
11267,5985,2026-04-06,Medium,Closed
11268,1421,2026-04-06,Medium,Closed
11269,4996,2023-12-18,Medium,Closed
11270,1942,2024-03-23,Low,Closed
11271,5722,2024-12-12,Low,Closed
11272,2628,2025-04-27,Low,Closed
11273,3367,2025-06-05,Low,Closed
11274,5905,2023-09-09,Low,Closed
11275,4554,2023-10-06,Low,Closed
11276,5302,2024-07-09,Low,Closed
11277,5029,2025-07-18,Medium,Open
11278,1447,2025-04-12,High,Open
11279,5637,2024-04-08,Medium,In Progress
11280,3745,2024-07-22,Medium,Open
11281,4792,2025-04-23,Medium,In Progress
11282,1142,2025-11-14,Low,Closed
11283,3979,2026-06-21,Medium,Closed
11284,2906,2024-06-21,Low,Closed
11285,5054,2025-09-20,Medium,Closed
11286,5711,2025-11-25,High,Closed
11287,2400,2026-06-07,High,Closed
11288,5185,2024-08-19,Medium,In Progress
11289,1113,2025-10-11,Medium,Closed
11290,3175,2025-05-07,Medium,Closed
11291,3135,2025-02-11,Medium,Closed
11292,1344,2024-10-03,Low,Closed
11293,2634,2024-06-17,Low,Closed
11294,4291,2023-12-02,Critical,Open
11295,5888,2025-09-10,High,Closed
11296,4141,2024-01-03,High,Closed
11297,5176,2025-05-02,Medium,Closed
11298,5043,2024-04-22,Medium,Open
11299,5932,2026-04-14,Low,Closed
11300,2346,2024-07-06,Medium,Closed
11301,4909,2024-09-26,Low,Closed
11302,3172,2025-06-08,Low,Closed
11303,2238,2024-02-26,Medium,Closed
11304,1028,2025-04-08,Low,Closed
11305,4693,2025-03-02,Critical,Closed
11306,2184,2024-11-19,Medium,Closed
11307,3277,2023-07-23,High,Closed
11308,5464,2026-05-14,Critical,Closed
11309,3504,2023-09-03,Low,Closed
11310,5283,2025-10-24,Low,Open
11311,3095,2024-03-14,Medium,Closed
11312,2103,2023-11-09,Medium,Closed
11313,3330,2025-08-07,Medium,Closed
11314,2031,2025-11-08,Low,Closed
11315,3832,2025-09-05,High,Closed
11316,1804,2025-05-09,Medium,Closed
11317,3387,2023-07-28,High,Open
11318,5253,2024-10-14,Medium,Open
11319,1295,2025-07-21,Medium,Closed
11320,4144,2026-03-10,Medium,Closed
11321,3542,2024-09-12,Low,Closed
11322,2181,2026-05-29,Medium,Closed
11323,4246,2023-12-04,High,In Progress
11324,3022,2023-10-22,Critical,Closed
11325,1991,2024-09-21,Low,Closed
11326,4406,2025-07-17,Low,Open
11327,2342,2023-08-17,Critical,Closed
11328,1401,2023-11-10,Medium,Open
11329,5890,2023-12-02,Medium,Open
11330,5581,2025-06-05,Medium,Closed
11331,3492,2024-01-23,High,Open
11332,3796,2024-11-03,High,Closed
11333,3454,2023-12-04,High,Closed
11334,4007,2025-07-19,Medium,Closed
11335,1731,2025-10-05,Medium,Closed
11336,3556,2024-04-26,Critical,Closed
11337,5045,2025-07-29,High,Closed
11338,2290,2025-03-09,Low,Closed
11339,2097,2025-11-15,Low,Closed
11340,1650,2025-06-11,High,Closed
11341,3697,2023-10-03,Low,Closed
11342,4362,2025-11-29,Critical,Open
11343,4479,2023-07-14,Medium,Closed
11344,1040,2024-09-04,Low,In Progress
11345,4054,2025-11-30,High,Closed
11346,4480,2025-11-12,High,Closed
11347,5619,2024-08-31,High,Open
11348,3166,2023-08-27,High,Closed
11349,3700,2024-12-21,High,Closed
11350,3401,2023-11-19,Medium,In Progress
11351,5376,2025-07-09,Critical,Closed
11352,2248,2023-12-21,High,Open
11353,5287,2025-02-16,High,In Progress
11354,3605,2026-01-10,Critical,Closed
11355,2497,2025-10-19,Medium,Closed
11356,4870,2024-05-18,Low,Closed
11357,2069,2025-06-30,Critical,In Progress
11358,1244,2025-08-12,Medium,Closed
11359,4247,2023-10-08,High,Closed
11360,2509,2025-12-06,Low,Closed
11361,1860,2026-05-11,Medium,In Progress
11362,4029,2024-02-07,Low,Closed
11363,3203,2024-07-04,Low,Closed
11364,1362,2023-07-09,Medium,Closed
11365,3044,2023-07-06,Medium,Closed
11366,3902,2024-07-03,High,Closed
11367,5322,2026-04-04,High,Closed
11368,4375,2023-11-23,Medium,Closed
11369,4137,2023-08-09,High,In Progress
11370,1971,2023-07-31,Low,In Progress
11371,2580,2024-10-26,High,Open
11372,4686,2025-09-22,High,Closed
11373,4125,2025-05-10,Medium,Closed
11374,3303,2024-01-22,High,Closed
11375,1941,2026-05-31,Low,Closed
11376,2787,2024-08-08,Medium,In Progress
11377,4953,2025-11-25,Low,Closed
11378,1506,2025-12-05,Medium,Open
11379,2742,2026-05-06,Critical,Closed
11380,4780,2024-11-28,High,In Progress
11381,4150,2025-01-02,Medium,Closed
11382,1241,2025-11-14,Low,Closed
11383,4738,2025-12-30,High,Closed
11384,1549,2023-07-20,Critical,Open
11385,3336,2025-08-27,Low,In Progress
11386,3693,2023-07-13,High,Closed
11387,4808,2025-12-08,Low,In Progress
11388,4128,2024-10-31,Low,Closed
11389,3979,2025-04-08,Medium,Closed
11390,1074,2026-05-04,High,Closed
11391,3434,2023-07-17,Low,Closed
11392,5116,2025-10-24,Low,Closed
11393,5321,2025-01-12,Medium,In Progress
11394,5348,2024-09-14,Medium,In Progress
11395,1874,2023-11-26,High,In Progress
11396,4475,2025-09-03,Critical,Closed
11397,5133,2025-01-26,High,Closed
11398,1838,2025-05-17,High,Closed
11399,2787,2025-09-24,Low,In Progress
11400,5147,2025-02-17,Low,Closed
11401,1814,2024-04-14,Low,Closed
11402,5667,2024-06-26,Low,Open
11403,4166,2023-09-08,Low,Closed
11404,3945,2026-05-14,Medium,Open
11405,3911,2023-12-14,Low,Closed
11406,1004,2024-11-26,High,Closed
11407,5188,2023-09-25,Medium,Closed
11408,3587,2025-11-05,High,Closed
11409,1785,2025-11-19,High,Closed
11410,1887,2025-08-16,Low,Closed
11411,4135,2025-10-29,Medium,Closed
11412,1287,2026-03-07,High,Closed
11413,4022,2026-01-11,Low,Closed
11414,5805,2024-05-08,Medium,Closed
11415,3769,2026-06-22,Low,In Progress
11416,3025,2025-08-21,Low,Open
11417,1897,2024-04-04,Critical,In Progress
11418,1354,2024-08-28,Low,Closed
11419,5602,2023-12-06,High,Closed
11420,5495,2023-08-02,High,Closed
11421,1436,2024-03-03,Critical,Closed
11422,2609,2025-10-13,Medium,Closed
11423,2350,2025-02-18,Low,Closed
11424,1364,2025-12-17,High,Closed
11425,2316,2026-03-09,High,In Progress
11426,2101,2024-11-18,Low,Closed
11427,4526,2024-09-11,High,Closed
11428,5865,2026-06-02,High,Closed
11429,4953,2024-07-02,Low,Closed
11430,1190,2024-11-18,High,Closed
11431,4529,2024-11-18,Low,Closed
11432,3037,2026-03-10,Low,Open
11433,5407,2024-08-26,Low,Closed
11434,5024,2026-04-01,High,Closed
11435,5023,2025-02-17,Medium,In Progress
11436,2676,2023-10-31,Critical,Open
11437,3573,2024-07-14,Low,Closed
11438,3858,2023-10-21,Medium,Closed
11439,1109,2025-09-05,Low,Closed
11440,1984,2023-12-07,High,Closed
11441,3353,2024-07-31,Medium,In Progress
11442,2823,2024-06-22,Medium,Closed
11443,2365,2025-12-28,Medium,Closed
11444,5928,2024-03-01,Medium,Closed
11445,5791,2024-01-21,Medium,In Progress
11446,1845,2024-01-12,High,In Progress
11447,1253,2024-03-22,Low,In Progress
11448,4155,2023-07-10,Medium,Open
11449,1129,2024-07-12,Low,Closed
11450,5879,2024-11-26,High,In Progress
11451,1283,2026-03-23,Low,Closed
11452,4419,2024-03-01,Medium,Closed
11453,1089,2025-02-17,High,Open
11454,5825,2023-11-05,Low,Closed
11455,5841,2025-04-19,Low,Closed
11456,4143,2023-07-29,Critical,Closed
11457,4774,2023-10-08,Medium,Closed
11458,3625,2025-01-21,High,Closed
11459,2518,2025-11-04,Medium,Closed
11460,2324,2024-10-10,Medium,Closed
11461,5164,2026-06-17,Medium,Closed
11462,3022,2023-11-24,Low,In Progress
11463,5127,2025-05-24,Low,Closed
11464,1963,2023-08-22,Low,Closed
11465,3482,2024-09-04,Low,Closed
11466,5880,2024-12-08,Medium,Closed
11467,1178,2024-05-10,Low,Closed
11468,1089,2024-10-23,Low,Open
11469,5090,2023-07-10,High,Closed
11470,5449,2026-05-31,Low,Closed
11471,2005,2025-01-08,Medium,Closed
11472,1549,2023-10-01,High,Closed
11473,5216,2025-04-25,Critical,Closed
11474,1504,2024-12-18,Medium,Closed
11475,1971,2026-01-28,Low,Closed
11476,5260,2026-01-20,Critical,Closed
11477,2511,2025-10-10,Critical,Closed
11478,4504,2024-11-19,Critical,In Progress
11479,3682,2026-06-20,Medium,Closed
11480,3261,2023-11-15,Low,Closed
11481,2273,2026-03-19,Medium,Open
11482,2839,2023-11-11,Medium,Closed
11483,4687,2025-10-19,High,Closed
11484,5511,2026-04-06,Low,Closed
11485,4542,2026-01-05,Low,Open
11486,2772,2024-10-08,Low,Closed
11487,5630,2023-10-18,High,Closed
11488,4532,2025-04-16,Low,Closed
11489,3269,2026-04-03,Low,Closed
11490,4202,2025-02-06,Medium,Closed
11491,4445,2023-08-13,Critical,Closed
11492,5627,2024-01-16,Low,Closed
11493,1826,2026-05-05,Low,Open
11494,3201,2025-07-10,Medium,Closed
11495,5599,2024-05-29,Critical,Closed
11496,2508,2025-12-26,High,Closed
11497,1634,2025-03-03,High,Closed
11498,5818,2024-03-29,Medium,Closed
11499,3146,2024-11-17,Low,Open
11500,3463,2024-03-15,Medium,Closed
11501,3957,2025-03-31,Critical,Closed
11502,1278,2026-01-24,Critical,Open
11503,4147,2023-12-29,Medium,Closed
11504,3005,2024-06-29,Medium,Open
11505,3185,2025-07-27,Low,Closed
11506,4506,2024-12-07,Low,Open
11507,5080,2025-11-14,Low,Closed
11508,5514,2025-09-07,Low,Open
11509,5968,2026-05-19,High,Closed
11510,3180,2025-07-15,Medium,Closed
11511,4903,2024-06-20,High,In Progress
11512,3238,2024-03-01,Low,In Progress
11513,3878,2025-02-03,Critical,Closed
11514,3672,2024-04-11,Low,In Progress
11515,4337,2025-10-06,Low,Closed
11516,5168,2023-10-06,Medium,Closed
11517,5823,2026-04-30,Medium,Closed
11518,4238,2025-04-15,Medium,Closed
11519,3863,2026-06-25,Medium,Closed
11520,4411,2024-07-30,Medium,Open
11521,4847,2024-08-02,Low,Open
11522,2873,2025-05-14,Medium,In Progress
11523,1716,2024-10-14,High,Open
11524,1017,2026-02-17,Low,In Progress
11525,1259,2024-07-18,Critical,Closed
11526,3396,2026-05-30,Low,Closed
11527,5059,2023-08-03,Medium,Closed
11528,1511,2026-05-30,Medium,Open
11529,3796,2024-02-27,High,In Progress
11530,1815,2023-12-04,High,Closed
11531,5497,2023-12-01,Medium,Closed
11532,5820,2024-08-27,Low,In Progress
11533,2015,2023-10-23,Critical,In Progress
11534,5770,2024-03-17,Critical,Open
11535,1074,2024-07-11,High,Closed
11536,1069,2026-06-22,High,In Progress
11537,4384,2025-06-28,Low,Closed
11538,3132,2025-04-28,Medium,Open
11539,2858,2025-05-25,Low,In Progress
11540,5120,2024-08-10,Medium,Closed
11541,5526,2024-04-09,Medium,Closed
11542,3261,2024-08-03,Critical,Closed
11543,1677,2026-01-10,Critical,Closed
11544,2207,2025-02-06,High,Open
11545,3507,2024-05-15,Medium,Closed
11546,4191,2024-12-02,Low,Closed
11547,5609,2024-11-14,Medium,Closed
11548,5790,2023-11-03,Low,Closed
11549,2445,2025-02-09,High,Open
11550,2858,2024-04-27,High,Closed
11551,4354,2025-03-21,High,Closed
11552,2830,2023-11-20,High,Closed
11553,2431,2023-11-25,Low,Closed
11554,4900,2024-09-14,Low,Closed
11555,1510,2025-05-01,Low,In Progress
11556,1933,2025-01-19,Medium,Closed
11557,3106,2025-02-15,Low,In Progress
11558,3118,2025-02-06,Critical,Closed
11559,1910,2024-09-10,Critical,Closed
11560,1275,2025-07-25,Low,Closed
11561,1032,2023-07-04,Medium,Closed
11562,3649,2025-11-10,Medium,Closed
11563,4423,2025-09-24,Low,Closed
11564,3527,2026-05-03,Low,Closed
11565,1143,2023-07-26,Low,Closed
11566,3062,2025-07-17,Medium,Closed
11567,1106,2024-08-07,Low,Closed
11568,2272,2024-12-07,Medium,Closed
11569,2048,2023-11-14,Medium,Closed
11570,3844,2024-09-23,Low,Closed
11571,4887,2023-10-28,Low,Closed
11572,5802,2026-02-06,Medium,Closed
11573,2975,2026-06-21,Low,Closed
11574,5948,2023-09-08,Low,In Progress
11575,5942,2025-03-06,High,In Progress
11576,1689,2023-08-01,High,Closed
11577,4837,2026-02-23,Medium,Closed
11578,2856,2024-02-19,Low,Closed
11579,2946,2025-01-05,High,Closed
11580,4666,2025-07-18,Low,Closed
11581,1723,2025-02-06,Low,In Progress
11582,5159,2025-06-29,Medium,Closed
11583,4699,2025-06-20,Low,In Progress
11584,5948,2024-09-27,High,Closed
11585,3442,2026-05-16,Medium,Closed
11586,4268,2025-11-18,Critical,Closed
11587,5469,2024-07-20,Medium,In Progress
11588,4551,2024-12-04,Medium,Closed
11589,4488,2025-12-07,High,Closed
11590,1809,2024-08-22,Low,Open
11591,5084,2025-05-27,Low,In Progress
11592,3460,2025-04-10,Medium,Open
11593,1236,2025-12-02,High,Closed
11594,1888,2024-10-11,Medium,In Progress
11595,2824,2023-12-10,Low,Closed
11596,4288,2023-08-02,Low,Closed
11597,4185,2024-08-26,Medium,Closed
11598,1285,2024-03-01,High,Closed
11599,2839,2026-01-29,Low,Closed
11600,3042,2024-05-23,Low,In Progress
11601,1505,2024-05-05,High,Closed
11602,5200,2025-01-02,Critical,Open
11603,4109,2025-06-04,High,Closed
11604,1461,2025-10-12,Low,Closed
11605,2272,2024-10-16,Medium,Closed
11606,1865,2023-10-06,Medium,Closed
11607,3788,2025-02-08,Medium,Closed
11608,1156,2024-09-07,Low,Closed
11609,4004,2026-02-09,Low,Closed
11610,3504,2024-03-24,Low,Open
11611,3060,2025-11-26,Medium,Open
11612,5045,2024-05-20,Critical,Closed
11613,4370,2024-04-08,High,Open
11614,5409,2024-04-11,Medium,Closed
11615,1980,2025-06-15,Low,Open
11616,5716,2024-05-24,High,In Progress
11617,1002,2026-01-11,Medium,Closed
11618,5457,2026-01-25,High,In Progress
11619,5594,2024-12-07,High,Closed
11620,5468,2025-12-24,Low,In Progress
11621,5697,2024-09-10,Low,Closed
11622,1659,2023-08-15,Low,Closed
11623,2887,2024-08-17,High,Closed
11624,4724,2026-04-10,Low,Closed
11625,2617,2024-11-23,Medium,Closed
11626,3405,2024-03-16,Low,Closed
11627,3998,2026-05-31,Medium,Closed
11628,3406,2024-06-11,Low,Closed
11629,5835,2024-09-06,Critical,Closed
11630,6000,2026-01-28,Medium,Closed
11631,1493,2026-01-25,Medium,Open
11632,2988,2026-05-16,Medium,In Progress
11633,2223,2025-06-15,Medium,Closed
11634,3939,2024-05-24,Low,In Progress
11635,1660,2025-08-01,Medium,Closed
11636,5759,2025-06-12,High,Closed
11637,2624,2025-02-23,Medium,Closed
11638,1317,2025-12-24,Critical,Closed
11639,4505,2025-11-21,Medium,Closed
11640,5189,2025-05-31,Low,Closed
11641,4518,2024-12-19,Low,Closed
11642,2710,2025-05-02,Low,Closed
11643,4039,2023-07-11,High,In Progress
11644,1027,2024-06-25,Low,Closed
11645,4040,2025-05-24,Low,In Progress
11646,3617,2025-01-25,High,Closed
11647,2371,2025-12-28,Critical,Closed
11648,1148,2025-05-05,Low,Open
11649,2429,2026-05-03,High,Closed
11650,5098,2024-04-18,High,Closed
11651,2333,2024-02-11,High,Closed
11652,5040,2025-03-15,Medium,Closed
11653,3889,2026-04-26,Low,Closed
11654,2929,2025-09-25,Low,In Progress
11655,3038,2026-05-26,High,In Progress
11656,5629,2024-11-12,High,Closed
11657,4825,2026-01-24,Medium,Closed
11658,2648,2024-03-11,Low,Closed
11659,2249,2026-01-13,Critical,Closed
11660,5382,2025-06-15,Low,In Progress
11661,1499,2024-01-18,Medium,Open
11662,3614,2024-09-24,High,Closed
11663,4777,2025-12-16,Low,Closed
11664,5340,2024-10-12,Medium,Closed
11665,1229,2023-07-03,Low,Closed
11666,1140,2025-07-12,Medium,Closed
11667,5608,2025-06-02,High,Closed
11668,5348,2025-02-23,Medium,Closed
11669,5348,2024-06-30,Low,Closed
11670,2163,2024-07-16,Critical,Closed
11671,5142,2024-02-28,Low,Closed
11672,1537,2024-02-08,Medium,Closed
11673,1122,2025-09-08,Medium,In Progress
11674,2667,2025-11-18,Low,Closed
11675,3423,2023-11-15,Medium,Closed
11676,4971,2024-07-17,High,Closed
11677,3169,2023-07-31,Low,In Progress
11678,1075,2026-04-15,Medium,Closed
11679,4718,2024-11-20,Medium,Closed
11680,1267,2024-11-09,High,Closed
11681,5459,2024-07-05,Low,Closed
11682,5934,2023-10-11,Medium,Closed
11683,1103,2025-12-18,High,Closed
11684,2511,2024-10-13,High,In Progress
11685,4497,2024-12-10,Medium,In Progress
11686,2870,2023-06-27,Medium,Closed
11687,2540,2025-12-28,Medium,Open
11688,3455,2023-10-26,High,Closed
11689,1140,2026-04-12,Low,Open
11690,2994,2024-02-15,Critical,Closed
11691,5311,2024-11-20,Low,Closed
11692,5274,2024-08-15,Medium,Closed
11693,5890,2026-02-17,Medium,Closed
11694,4422,2025-02-16,High,In Progress
11695,1766,2026-06-05,High,Closed
11696,2422,2023-07-11,High,Closed
11697,2960,2023-11-06,Medium,Open
11698,4206,2024-10-23,High,Closed
11699,1636,2023-11-06,Medium,Closed
11700,2711,2025-07-19,Critical,Open
11701,1446,2026-01-26,Medium,In Progress
11702,5927,2026-06-15,Low,Closed
11703,2799,2024-05-23,Low,In Progress
11704,1166,2023-07-23,Low,Closed
11705,5509,2023-08-30,Low,Closed
11706,3919,2025-06-26,Medium,Closed
11707,5586,2026-04-07,High,In Progress
11708,2894,2024-10-16,Low,Closed
11709,5663,2025-08-02,Medium,In Progress
11710,5422,2025-12-29,Critical,Closed
11711,4461,2024-02-18,Medium,Closed
11712,5778,2026-05-05,Critical,Closed
11713,1404,2024-06-01,High,Closed
11714,2162,2025-02-24,Low,Closed
11715,5752,2026-03-19,Critical,Closed
11716,4539,2024-05-20,Medium,Closed
11717,2938,2024-03-24,Medium,In Progress
11718,3239,2026-02-23,High,Closed
11719,3403,2026-06-24,Low,Closed
11720,2611,2025-08-27,Medium,Closed
11721,2228,2024-01-15,Critical,Closed
11722,3487,2025-07-06,Medium,Open
11723,1712,2023-09-01,High,Open
11724,3486,2025-09-02,Medium,Open
11725,4080,2025-06-25,Critical,Closed
11726,2137,2024-10-25,Low,Closed
11727,1420,2024-12-16,High,Closed
11728,3941,2023-11-02,Medium,In Progress
11729,1872,2024-09-09,Medium,Closed
11730,4368,2025-08-15,Medium,Closed
11731,1978,2023-12-01,Low,In Progress
11732,1897,2026-01-08,High,Closed
11733,1548,2025-10-22,High,Closed
11734,1477,2024-12-29,Low,Closed
11735,2160,2025-09-13,Critical,In Progress
11736,4187,2025-06-20,Low,Closed
11737,3517,2023-09-19,Low,Closed
11738,1320,2025-10-15,Low,Closed
11739,2668,2024-04-10,Low,Closed
11740,3738,2025-07-18,Low,Open
11741,1550,2024-02-18,High,Closed
11742,5663,2023-09-23,Low,Closed
11743,3350,2024-12-24,Low,Closed
11744,2452,2024-10-16,Critical,In Progress
11745,3809,2024-07-27,Low,Closed
11746,2733,2026-01-09,Low,Closed
11747,5273,2023-09-26,Medium,In Progress
11748,1986,2023-08-02,Medium,Closed
11749,5391,2026-05-10,Medium,Closed
11750,1277,2024-09-14,Low,Open
11751,4688,2026-06-26,High,Closed
11752,5672,2023-09-06,Low,Closed
11753,4399,2024-09-14,Critical,Closed
11754,5939,2025-10-19,Low,Closed
11755,4455,2026-04-12,Low,In Progress
11756,4534,2025-07-09,Low,Closed
11757,2385,2024-12-13,Medium,Closed
11758,1414,2025-01-11,Medium,Closed
11759,5912,2025-03-29,Low,Closed
11760,3850,2026-02-17,Low,Closed
11761,4814,2025-01-24,Critical,In Progress
11762,2702,2025-02-19,Low,Closed
11763,4305,2024-03-05,Critical,Closed
11764,2856,2024-02-04,Medium,Closed
11765,5674,2024-08-05,High,Closed
11766,5164,2026-06-01,Low,In Progress
11767,5196,2025-01-12,Critical,Closed
11768,1581,2025-05-28,Low,Closed
11769,1462,2024-10-28,Low,Closed
11770,4138,2025-03-11,Low,Closed
11771,4733,2023-12-08,Medium,Closed
11772,4952,2024-12-23,Critical,Closed
11773,4792,2024-09-12,Low,In Progress
11774,5734,2024-10-04,Medium,Closed
11775,2418,2024-08-11,Medium,Closed
11776,3809,2026-04-12,Medium,Closed
11777,4318,2023-11-23,Medium,Closed
11778,3227,2026-05-06,Low,Closed
11779,5267,2024-04-09,Low,Open
11780,2384,2024-10-06,Low,Closed
11781,4598,2025-01-02,Critical,Closed
11782,5421,2025-12-09,Low,In Progress
11783,3948,2026-04-22,Low,Closed
11784,1454,2024-09-29,Medium,Closed
11785,5481,2023-10-31,Critical,Closed
11786,1292,2025-03-04,Low,Closed
11787,1330,2023-10-06,Medium,Closed
11788,3502,2023-09-22,Low,Closed
11789,4812,2024-04-20,Low,Closed
11790,5609,2026-03-02,High,Closed
11791,1434,2025-06-18,Low,Closed
11792,3383,2024-05-31,Low,Closed
11793,1049,2025-02-14,High,Closed
11794,3163,2023-08-24,High,In Progress
11795,5916,2026-06-23,Medium,Closed
11796,2218,2025-08-01,Medium,Closed
11797,2153,2024-02-29,Low,In Progress
11798,2676,2023-12-31,Low,Closed
11799,5494,2024-12-21,Critical,Closed
11800,3874,2024-04-24,High,Closed
11801,3025,2024-06-08,Low,Closed
11802,1793,2024-08-07,High,In Progress
11803,3657,2023-10-18,Medium,Closed
11804,5836,2024-01-18,Medium,Closed
11805,5131,2023-12-16,Medium,Closed
11806,2675,2025-11-06,Medium,Open
11807,1922,2026-04-23,Low,Closed
11808,5243,2025-07-16,Low,Closed
11809,1488,2026-03-26,Critical,Closed
11810,5323,2026-04-07,Medium,Closed
11811,1580,2025-05-20,Low,Closed
11812,3515,2024-09-06,Low,Closed
11813,5979,2026-04-16,High,Open
11814,3315,2023-08-22,Low,Closed
11815,4875,2025-08-23,High,Closed
11816,5314,2024-08-09,Medium,Closed
11817,4620,2023-11-16,Medium,Closed
11818,1730,2025-07-05,Medium,Closed
11819,3486,2024-03-24,Medium,Closed
11820,5811,2026-04-17,High,Closed
11821,5352,2024-03-24,Low,In Progress
11822,2590,2024-10-18,Low,In Progress
11823,4435,2026-06-24,Medium,Closed
11824,3905,2025-05-25,Medium,In Progress
11825,1158,2025-08-25,Low,Closed
11826,5504,2026-01-01,Low,Closed
11827,5952,2024-04-13,High,In Progress
11828,2847,2024-05-24,Medium,Closed
11829,5718,2025-01-21,Low,Closed
11830,3927,2023-09-04,Medium,Closed
11831,3852,2025-05-13,Low,In Progress
11832,1616,2026-05-23,Low,Open
11833,2694,2025-08-17,Medium,Closed
11834,4179,2026-05-29,High,In Progress
11835,4424,2024-11-16,Medium,Closed
11836,3792,2024-05-25,Low,Closed
11837,4277,2025-01-13,Medium,Open
11838,4260,2026-02-26,High,Open
11839,1473,2024-05-19,Low,Closed
11840,5908,2025-12-02,Medium,Closed
11841,2130,2024-09-17,Low,Closed
11842,1944,2023-12-05,Low,In Progress
11843,1336,2025-10-28,Low,Closed
11844,4558,2026-01-13,Low,Closed
11845,4869,2025-02-17,Critical,Closed
11846,1616,2024-03-14,Medium,Closed
11847,2231,2024-06-14,Medium,Closed
11848,3807,2023-10-22,Medium,Closed
11849,5232,2024-09-29,Medium,In Progress
11850,2409,2026-06-13,High,Closed
11851,1756,2024-07-05,Low,Closed
11852,5123,2024-10-16,Medium,Closed
11853,4558,2023-08-16,Low,Closed
11854,3516,2025-11-10,Medium,Closed
11855,2386,2023-08-26,High,In Progress
11856,1376,2023-08-02,Critical,Closed
11857,1128,2026-01-05,Medium,In Progress
11858,2037,2024-05-10,Low,Closed
11859,3634,2025-06-23,High,In Progress
11860,3968,2023-08-23,High,Closed
11861,3265,2025-04-13,Medium,Closed
11862,1497,2026-01-12,Critical,Closed
11863,5396,2026-01-16,Low,Closed
11864,3184,2024-11-07,High,Closed
11865,4498,2025-03-08,Medium,Closed
11866,5757,2025-08-05,Low,Open
11867,3309,2023-08-30,High,Closed
11868,5014,2024-10-25,Medium,In Progress
11869,4073,2025-11-19,High,Closed
11870,3677,2024-07-19,Low,Closed
11871,2509,2024-11-11,Low,Closed
11872,5817,2024-05-06,High,Closed
11873,5880,2025-04-15,Medium,Open
11874,4855,2024-09-02,Low,Closed
11875,2738,2024-05-30,Low,Closed
11876,4855,2023-12-07,Medium,Closed
11877,4894,2025-09-30,Low,Closed
11878,1652,2026-04-25,Low,Closed
11879,3994,2023-12-06,Low,Closed
11880,1984,2026-04-16,Critical,Closed
11881,3666,2025-12-21,Medium,Closed
11882,2641,2025-06-28,Medium,Closed
11883,4092,2024-10-09,Low,Closed
11884,2349,2026-02-07,Critical,Closed
11885,1745,2024-08-31,Low,Closed
11886,4958,2025-03-24,Low,Closed
11887,2551,2025-09-28,Medium,Closed
11888,4378,2024-03-23,Medium,Closed
11889,4482,2025-05-13,High,In Progress
11890,1131,2024-10-09,High,In Progress
11891,4514,2025-07-21,Medium,In Progress
11892,4121,2024-10-11,Low,Closed
11893,4728,2023-11-13,Medium,Closed
11894,5620,2026-06-08,Medium,Open
11895,3971,2026-03-12,Critical,Closed
11896,1391,2024-07-02,High,Closed
11897,2491,2025-09-05,Medium,Closed
11898,1947,2023-10-11,Medium,Closed
11899,4178,2024-06-28,High,Closed
11900,5727,2023-11-18,Low,Closed
11901,1721,2026-05-04,Critical,Open
11902,2547,2025-12-09,Medium,Closed
11903,5857,2024-06-27,Low,Closed
11904,3880,2024-10-07,Medium,Closed
11905,1102,2023-11-22,Low,Closed
11906,1299,2024-10-29,Medium,In Progress
11907,4681,2024-03-05,Medium,In Progress
11908,3519,2025-10-18,High,Open
11909,5013,2025-12-18,Medium,Closed
11910,3005,2024-11-16,Medium,Closed
11911,1363,2025-12-20,Medium,Closed
11912,2186,2024-07-14,Medium,Closed
11913,3179,2025-06-15,Medium,In Progress
11914,3250,2024-12-27,Low,Closed
11915,2324,2025-09-20,Medium,Closed
11916,3867,2025-12-20,Low,Closed
11917,1052,2024-02-17,Low,In Progress
11918,5847,2023-12-12,Low,Closed
11919,3869,2023-09-15,Low,Closed
11920,5034,2026-03-07,Low,Closed
11921,4392,2024-01-15,High,Closed
11922,5058,2024-04-25,Medium,Closed
11923,1261,2023-12-22,Medium,In Progress
11924,5415,2024-09-10,High,Closed
11925,2095,2024-02-12,High,Open
11926,1220,2026-06-10,Low,Closed
11927,2404,2025-10-10,Low,Closed
11928,3125,2023-12-25,High,Closed
11929,2526,2024-10-09,Medium,Closed
11930,3520,2025-02-17,Low,Closed
11931,3949,2024-06-25,Medium,In Progress
11932,4945,2023-11-14,High,Closed
11933,4511,2026-03-28,High,Open
11934,4297,2024-09-13,Low,Closed
11935,4797,2025-04-24,Low,Open
11936,2958,2024-02-28,Low,In Progress
11937,4177,2024-06-23,Low,Closed
11938,4078,2025-08-22,Medium,Open
11939,3823,2023-10-07,Low,Closed
11940,2439,2024-10-24,Low,Closed
11941,3849,2024-05-06,Medium,Closed
11942,1760,2025-08-20,Medium,Open
11943,3652,2024-04-18,Low,Closed
11944,2080,2025-02-26,Low,Open
11945,4253,2026-04-16,Low,Closed
11946,5784,2024-05-26,Critical,In Progress
11947,3963,2024-09-04,High,In Progress
11948,1286,2024-01-11,Medium,Open
11949,1068,2025-12-15,Critical,In Progress
11950,2349,2024-11-25,High,In Progress
11951,2876,2024-02-29,Low,Open
11952,5881,2024-06-18,Medium,Closed
11953,3806,2023-07-09,Critical,Closed
11954,3823,2025-07-09,Medium,In Progress
11955,4812,2023-09-07,Medium,Closed
11956,5221,2023-08-30,High,Closed
11957,5504,2024-11-07,High,In Progress
11958,4215,2024-04-01,Critical,In Progress
11959,5473,2025-11-24,Low,Closed
11960,5336,2024-10-12,Low,In Progress
11961,4595,2024-04-09,Low,Closed
11962,3637,2025-02-25,Medium,Closed
11963,5874,2025-06-24,High,Closed
11964,5462,2025-08-27,Low,Closed
11965,1946,2025-10-26,Medium,Closed
11966,5767,2026-06-07,Low,In Progress
11967,4814,2025-12-31,High,In Progress
11968,4067,2025-08-31,Low,Closed
11969,5668,2025-07-12,High,Open
11970,4920,2024-10-10,Low,Closed
11971,4190,2025-04-26,Low,Closed
11972,4128,2025-08-08,Medium,Closed
11973,3568,2025-04-04,Medium,Closed
11974,3695,2025-08-01,High,Closed
11975,3149,2025-06-26,Critical,Closed
11976,1226,2026-01-13,High,Closed
11977,4235,2024-07-29,Low,Closed
11978,4607,2025-07-23,Low,Closed
11979,1418,2024-05-08,Medium,In Progress
11980,1993,2025-06-02,Low,Closed
11981,1245,2024-08-08,High,Closed
11982,1051,2024-10-12,Medium,Closed
11983,4314,2025-02-04,Low,Closed
11984,5525,2024-05-22,Medium,Closed
11985,1867,2024-09-17,Medium,Closed
11986,1058,2025-10-23,Critical,In Progress
11987,4767,2025-06-26,Medium,Closed
11988,2758,2025-12-05,Medium,Closed
11989,1127,2025-11-13,High,Closed
11990,2594,2024-06-20,Critical,Open
11991,4621,2025-06-11,Low,Closed
11992,5136,2023-10-12,Low,Closed
11993,2476,2023-12-10,Low,Open
11994,5890,2025-03-05,High,Closed
11995,4319,2024-07-14,Medium,Closed
11996,5128,2024-09-16,Low,Closed
11997,4483,2025-12-24,Low,Closed
11998,5028,2025-03-23,Low,In Progress
11999,2476,2023-09-06,Medium,Open
12000,3481,2025-08-22,Low,Open
12001,3108,2024-05-07,Critical,Closed
12002,3881,2026-03-04,Low,Closed
12003,1475,2023-11-18,Medium,In Progress
12004,5504,2024-06-10,High,Closed
12005,1354,2023-09-09,Low,Closed
12006,2120,2025-01-26,Medium,Closed
12007,3681,2024-12-17,Medium,Open
12008,4061,2024-04-10,Medium,In Progress
12009,3754,2023-07-14,High,Closed
12010,1128,2024-02-23,Medium,Open
12011,2756,2026-01-05,Low,Closed
12012,1962,2025-10-04,Low,Closed
12013,1064,2026-05-10,Low,Closed
12014,4492,2024-03-06,High,Closed
12015,5333,2024-09-12,Low,Closed
12016,3007,2024-03-24,High,Closed
12017,2726,2023-11-20,High,Closed
12018,4346,2023-08-08,Low,Open
12019,2297,2026-06-09,Low,Closed
12020,5871,2023-12-25,High,Closed
12021,1993,2024-11-14,Low,Closed
12022,4578,2025-05-08,Critical,Closed
12023,3514,2024-02-09,Low,Closed
12024,3147,2025-11-06,Critical,In Progress
12025,2188,2023-12-03,Low,Closed
12026,4275,2025-12-13,Low,Closed
12027,4661,2023-12-13,Low,Closed
12028,1466,2024-03-05,High,Closed
12029,3615,2026-03-01,High,Open
12030,4134,2024-12-09,High,Closed
12031,3350,2023-11-12,Medium,Closed
12032,1494,2025-11-23,Low,Closed
12033,2209,2025-10-15,High,Closed
12034,5926,2023-10-28,Critical,Closed
12035,5401,2026-02-21,Low,Closed
12036,4869,2026-05-30,Low,Closed
12037,3444,2025-05-20,Low,Closed
12038,5955,2024-12-22,Critical,Closed
12039,2732,2025-07-26,Medium,In Progress
12040,4092,2025-01-29,High,Closed
12041,4960,2023-10-22,Medium,In Progress
12042,4793,2023-08-28,Medium,In Progress
12043,3647,2024-05-18,Medium,Closed
12044,3185,2025-03-14,High,Closed
12045,4504,2023-10-06,Low,Closed
12046,3223,2025-09-19,Medium,Closed
12047,3379,2025-07-20,High,Open
12048,2267,2025-09-10,Critical,Open
12049,5662,2026-01-24,Medium,Closed
12050,5036,2024-06-01,Medium,In Progress
12051,1085,2024-03-03,Critical,In Progress
12052,4099,2024-10-24,Low,Closed
12053,4090,2026-06-25,High,Closed
12054,4785,2023-12-13,Low,Closed
12055,5923,2023-10-21,High,Closed
12056,1597,2026-06-25,Critical,Closed
12057,3935,2024-09-15,High,Closed
12058,5823,2024-07-20,Low,Closed
12059,1813,2026-06-02,Medium,In Progress
12060,5275,2026-01-15,Medium,Closed
12061,2128,2025-06-23,High,Closed
12062,4677,2024-08-30,Medium,In Progress
12063,2522,2026-06-09,Medium,Closed
12064,2173,2026-03-09,Medium,Closed
12065,2775,2025-06-05,Medium,Closed
12066,5779,2024-10-20,Critical,Closed
12067,2457,2025-11-23,Low,In Progress
12068,3995,2023-12-23,Low,Closed
12069,5988,2025-02-18,Medium,In Progress
12070,2537,2025-07-11,High,In Progress
12071,1947,2023-11-24,High,Closed
12072,2374,2026-04-05,Medium,In Progress
12073,2537,2023-10-30,Critical,Closed
12074,3183,2023-09-20,High,Closed
12075,1060,2024-07-13,High,Closed
12076,1208,2025-04-05,Critical,In Progress
12077,1645,2024-10-27,High,Open
12078,5619,2024-11-23,Low,Closed
12079,2693,2026-02-10,Medium,Closed
12080,3583,2023-10-21,Medium,Closed
12081,3812,2023-11-17,High,Closed
12082,3881,2023-11-21,High,Closed
12083,3620,2023-08-28,Low,Closed
12084,2001,2025-09-28,Medium,Closed
12085,1875,2024-07-02,Critical,Closed
12086,3336,2023-09-07,Critical,In Progress
12087,5859,2025-01-24,High,Closed
12088,1953,2025-02-21,High,Closed
12089,2608,2025-08-19,High,Closed
12090,1552,2025-09-27,Low,Closed
12091,5885,2023-08-20,Medium,Open
12092,1297,2026-06-10,High,Open
12093,4796,2025-09-09,Medium,Closed
12094,3210,2026-06-10,Medium,In Progress
12095,1238,2026-04-23,Medium,Closed
12096,3729,2025-08-15,Low,Open
12097,1315,2023-11-02,Low,Closed
12098,3978,2023-12-11,Critical,Closed
12099,5379,2023-06-27,Low,Closed
12100,2530,2024-10-05,Medium,Closed
12101,5073,2024-11-16,Low,Closed
12102,3340,2026-03-24,High,Closed
12103,3253,2023-10-22,Critical,Closed
12104,2155,2026-03-25,Critical,Closed
12105,1345,2026-04-21,Critical,Closed
12106,3981,2023-08-28,Medium,Closed
12107,3557,2024-04-17,Medium,Closed
12108,4505,2025-08-01,Low,Closed
12109,2848,2023-10-08,Low,Closed
12110,4154,2024-05-29,Low,Closed
12111,4209,2024-07-28,High,Closed
12112,2045,2026-05-19,High,In Progress
12113,1357,2024-08-05,Medium,Closed
12114,5074,2025-11-02,Low,Open
12115,4917,2025-02-05,Critical,Closed
12116,3617,2025-03-12,Low,Closed
12117,5994,2026-01-23,Medium,Closed
12118,2671,2024-01-21,Low,Closed
12119,2420,2025-11-18,Medium,Closed
12120,5522,2024-06-14,Medium,In Progress
12121,3027,2026-04-28,Low,Open
12122,1200,2025-01-16,High,Open
12123,4471,2024-12-07,Low,Open
12124,3273,2025-07-27,Medium,Closed
12125,3613,2025-08-08,High,Closed
12126,5925,2024-04-02,Critical,Closed
12127,2933,2025-06-21,Medium,Closed
12128,1294,2024-12-02,High,Closed
12129,3067,2025-03-02,Medium,Closed
12130,2263,2024-05-21,Critical,Closed
12131,4307,2026-05-07,Low,Closed
12132,5584,2023-07-13,Medium,Closed
12133,2866,2024-05-27,High,Closed
12134,1083,2025-09-24,Low,Closed
12135,4047,2026-05-19,Critical,In Progress
12136,1790,2024-01-31,Medium,Closed
12137,2432,2024-09-22,High,Open
12138,5781,2026-01-18,Medium,Closed
12139,1808,2024-10-10,Critical,Closed
12140,2407,2025-06-24,Low,Closed
12141,5828,2025-02-12,Critical,In Progress
12142,2458,2025-08-29,Medium,Closed
12143,3250,2024-02-15,Low,Closed
12144,5631,2024-09-01,Low,Open
12145,2719,2024-05-04,Critical,Closed
12146,3945,2026-02-13,High,Closed
12147,5802,2025-09-12,High,Closed
12148,1292,2023-10-08,High,Closed
12149,2834,2025-07-25,Medium,Closed
12150,3406,2025-08-09,Critical,Closed
12151,4999,2025-01-26,Medium,Closed
12152,2679,2023-07-30,Low,Closed
12153,4093,2025-07-13,Medium,Closed
12154,1867,2026-05-28,Medium,In Progress
12155,4166,2024-11-07,Medium,In Progress
12156,1111,2026-06-19,Medium,Closed
12157,3580,2024-07-19,Low,Open
12158,2669,2024-09-23,Low,Closed
12159,5028,2026-02-07,Low,Closed
12160,4854,2024-09-21,Low,In Progress
12161,1950,2024-07-29,Low,In Progress
12162,5655,2024-05-30,High,Closed
12163,1064,2025-07-04,Medium,Open
12164,3489,2024-02-06,Low,Closed
12165,2634,2024-06-24,High,Closed
12166,4256,2024-10-05,Low,In Progress
12167,4215,2025-10-13,High,Closed
12168,1257,2023-11-16,Medium,In Progress
12169,3932,2023-12-04,Medium,In Progress
12170,5546,2026-06-08,Critical,In Progress
12171,5916,2025-12-16,Critical,Closed
12172,4968,2025-06-05,Medium,Closed
12173,1490,2024-06-01,Low,Closed
12174,2515,2026-05-17,Medium,Open
12175,2026,2024-12-14,Medium,In Progress
12176,4439,2025-02-27,Low,Closed
12177,3994,2026-03-21,Medium,In Progress
12178,5081,2024-03-11,Medium,Closed
12179,1820,2024-01-12,Medium,Closed
12180,4618,2024-07-20,Medium,Closed
12181,5559,2024-03-18,Low,Closed
12182,4801,2025-12-21,High,Closed
12183,4631,2025-08-03,Low,In Progress
12184,1432,2026-01-04,Low,Closed
12185,2484,2025-04-09,Medium,Closed
12186,3225,2024-07-31,Medium,Closed
12187,1802,2024-01-26,Medium,In Progress
12188,1777,2024-11-22,Low,Closed
12189,2602,2026-04-14,High,Closed
12190,3396,2024-03-24,Critical,Closed
12191,1111,2026-06-01,High,Closed
12192,5198,2025-12-31,Low,Closed
12193,4012,2024-07-05,Low,Closed
12194,5597,2025-02-25,High,In Progress
12195,5261,2026-02-27,High,Closed
12196,5279,2023-12-11,High,Closed
12197,5395,2026-05-12,Low,Open
12198,4982,2025-11-05,Medium,Open
12199,5979,2026-03-26,High,Closed
12200,2700,2024-11-01,High,Closed
12201,2568,2024-05-26,Medium,Closed
12202,3085,2023-08-23,Medium,Closed
12203,2287,2025-01-19,Low,Closed
12204,1674,2024-03-03,High,Closed
12205,1809,2024-10-29,Low,Closed
12206,3161,2025-01-10,Low,Closed
12207,5151,2026-03-01,Critical,Closed
12208,5253,2026-06-13,Low,Closed
12209,1105,2026-05-07,Medium,Closed
12210,1525,2025-09-10,High,Closed
12211,4467,2024-04-03,High,Closed
12212,4770,2025-05-23,Medium,Closed
12213,5089,2024-12-15,Low,In Progress
12214,3303,2025-07-27,Critical,Closed
12215,5091,2025-02-28,Low,Closed
12216,2386,2023-10-03,Medium,In Progress
12217,2801,2024-10-21,Medium,Closed
12218,4136,2025-02-17,Critical,In Progress
12219,3434,2024-04-04,Low,Closed
12220,1290,2024-01-13,Medium,Closed
12221,1372,2023-11-28,Medium,Open
12222,1130,2025-12-15,Low,Closed
12223,3137,2025-03-19,Low,Closed
12224,4287,2024-12-21,Low,In Progress
12225,1470,2024-12-24,Low,Closed
12226,3104,2024-02-10,Medium,Closed
12227,2223,2023-12-16,Critical,Closed
12228,1334,2023-07-14,Low,Open
12229,1263,2024-10-23,Medium,Closed
12230,5001,2025-04-24,Low,Closed
12231,3677,2023-08-20,Low,Closed
12232,4587,2023-08-02,Low,Open
12233,2341,2024-06-26,Critical,In Progress
12234,3685,2024-01-14,Medium,In Progress
12235,3107,2024-05-01,Low,Closed
12236,4790,2023-07-14,High,Closed
12237,4018,2023-12-30,Medium,Closed
12238,5037,2026-01-10,Low,Closed
12239,2246,2025-06-29,Low,In Progress
12240,3865,2024-06-17,Low,Closed
12241,2453,2026-03-08,Low,Closed
12242,3276,2023-12-22,Low,Open
12243,2875,2026-04-06,Critical,Closed
12244,1722,2024-04-16,Medium,Open
12245,5746,2024-06-28,Medium,Closed
12246,5835,2025-03-23,Medium,Closed
12247,3632,2026-02-01,Medium,Closed
12248,1593,2026-05-30,Low,Closed
12249,3163,2025-05-19,Low,Closed
12250,4845,2024-03-29,Critical,Open
12251,5433,2025-12-05,Medium,Closed
12252,5459,2023-11-09,Critical,Closed
12253,4375,2026-05-16,Critical,Closed
12254,2716,2023-09-03,Low,In Progress
12255,5146,2025-01-05,High,Closed
12256,2712,2025-05-10,High,Closed
12257,3930,2024-03-21,High,Closed
12258,4364,2025-01-01,Low,Closed
12259,3468,2025-06-13,Low,Closed
12260,3228,2025-10-11,Medium,In Progress
12261,3287,2025-08-27,Critical,Closed
12262,2804,2026-03-14,High,In Progress
12263,4866,2024-06-14,High,In Progress
12264,4125,2024-09-01,Low,In Progress
12265,3890,2024-04-15,Low,Closed
12266,5193,2023-08-29,Medium,Closed
12267,3600,2024-05-19,High,In Progress
12268,1243,2024-09-10,Low,Open
12269,4390,2024-03-15,Low,Closed
12270,2238,2025-05-18,Medium,Open
12271,2861,2026-01-25,Low,Open
12272,1526,2023-07-28,Medium,Closed
12273,4778,2024-06-09,Critical,Closed
12274,2957,2024-06-11,Low,Closed
12275,4015,2023-07-12,Low,Closed
12276,4416,2026-05-15,High,Closed
12277,5816,2024-07-12,High,Closed
12278,3092,2025-11-13,Medium,Closed
12279,1072,2023-07-30,Low,In Progress
12280,4182,2026-03-22,Medium,In Progress
12281,4249,2023-10-07,High,Closed
12282,2273,2023-12-13,Medium,Closed
12283,4196,2025-08-01,Medium,Closed
12284,3643,2023-12-20,Medium,Closed
12285,2868,2026-01-19,Medium,Closed
12286,2590,2025-10-18,Low,Closed
12287,2496,2025-06-17,Medium,Closed
12288,4450,2023-10-11,Medium,Closed
12289,2168,2024-09-07,Medium,In Progress
12290,1197,2025-07-02,Low,Closed
12291,3276,2026-03-09,Low,In Progress
12292,3268,2026-05-25,Low,Closed
12293,2145,2024-08-22,Medium,Open
12294,3638,2023-12-23,Low,Open
12295,2713,2024-03-28,Low,Closed
12296,1431,2024-07-11,Medium,Closed
12297,2039,2026-05-20,Medium,Closed
12298,3885,2025-07-13,Low,Closed
12299,2826,2025-03-23,Medium,In Progress
12300,4966,2024-05-11,Low,Closed
12301,2142,2023-12-05,Low,Closed
12302,1481,2025-01-06,Critical,Closed
12303,3130,2023-07-08,Medium,Closed
12304,2504,2025-11-15,Medium,In Progress
12305,4779,2025-05-10,Low,Closed
12306,3206,2025-10-01,Medium,Closed
12307,1131,2024-09-23,Low,Open
12308,2423,2026-01-20,Medium,In Progress
12309,5635,2024-01-03,Medium,Closed
12310,5989,2023-10-24,Low,Open
12311,5525,2025-08-14,Medium,Open
12312,3107,2025-08-21,Low,Closed
12313,4505,2025-04-03,High,Closed
12314,3822,2025-04-29,High,Closed
12315,5815,2025-06-01,Low,Open
12316,1587,2025-07-15,Medium,Closed
12317,5377,2025-03-20,High,Closed
12318,5463,2024-05-20,Low,Closed
12319,3686,2023-08-23,Low,Open
12320,4356,2025-07-22,Medium,Closed
12321,5744,2024-12-21,High,Closed
12322,2033,2025-10-23,Low,Closed
12323,2560,2024-12-20,Medium,Closed
12324,4926,2026-02-25,Medium,Closed
12325,2613,2024-06-13,Critical,In Progress
12326,5252,2024-04-12,Critical,Closed
12327,4087,2024-08-28,Low,Open
12328,3639,2025-01-10,Low,Closed
12329,5684,2025-07-27,Medium,Closed
12330,3140,2025-07-10,Low,Closed
12331,5631,2023-09-01,Low,Closed
12332,5552,2023-10-13,Low,In Progress
12333,3456,2023-06-27,Critical,Open
12334,1697,2026-02-26,Critical,Closed
12335,2369,2025-01-18,Low,Closed
12336,2071,2025-09-05,Low,Closed
12337,5567,2023-07-09,Critical,Closed
12338,4273,2026-03-28,Critical,Closed
12339,1814,2025-10-31,High,Closed
12340,2472,2024-05-21,Medium,Closed
12341,1333,2025-09-13,Medium,Closed
12342,1522,2024-12-12,Low,Closed
12343,3320,2024-04-08,Medium,In Progress
12344,5126,2025-02-16,Low,Closed
12345,1049,2024-11-26,Low,Closed
12346,3748,2025-09-09,Low,Closed
12347,3517,2023-11-14,Low,Closed
12348,4708,2026-01-26,Low,Closed
12349,1092,2023-12-02,Low,In Progress
12350,2106,2024-02-18,Critical,In Progress
12351,1744,2023-07-02,Low,Closed
12352,4546,2024-11-09,High,Closed
12353,1401,2024-07-16,Low,Open
12354,3243,2024-05-09,Medium,In Progress
12355,4377,2023-12-19,High,Closed
12356,4288,2025-01-29,Medium,Closed
12357,2627,2026-04-11,Medium,Closed
12358,5427,2025-02-10,Critical,Closed
12359,5702,2024-02-13,Low,In Progress
12360,3855,2024-04-13,Low,Open
12361,2068,2024-01-03,Low,Closed
12362,3763,2024-09-14,Low,Closed
12363,5105,2025-11-04,High,Closed
12364,2843,2025-10-06,Low,Closed
12365,1767,2025-01-14,Medium,Open
12366,2442,2023-08-16,Critical,Closed
12367,2596,2025-12-10,High,Closed
12368,3951,2024-02-23,Medium,Closed
12369,4922,2024-12-16,Low,Closed
12370,1398,2026-01-19,Low,Closed
12371,3558,2024-01-02,High,In Progress
12372,5028,2023-07-14,Medium,Closed
12373,1301,2024-08-20,Medium,Closed
12374,3238,2024-01-25,Low,In Progress
12375,3119,2023-09-05,Medium,Closed
12376,1465,2025-09-03,Medium,Closed
12377,5224,2025-03-01,High,Closed
12378,5495,2023-12-02,Medium,Closed
12379,3582,2023-09-09,Low,Closed
12380,3877,2025-11-25,Low,Open
12381,1450,2025-09-06,Low,Closed
12382,4873,2025-04-14,Low,Closed
12383,4346,2025-10-13,Low,Closed
12384,3624,2025-11-05,Critical,Closed
12385,3609,2024-07-15,Low,Closed
12386,4734,2025-11-20,Medium,Closed
12387,5814,2026-03-25,Low,Closed
12388,3691,2025-01-25,Medium,Closed
12389,5119,2025-12-11,Medium,Open
12390,3810,2024-11-27,Low,In Progress
12391,4038,2024-01-07,Medium,Open
12392,2555,2024-04-24,High,Closed
12393,5736,2024-01-13,Low,Closed
12394,2970,2025-06-16,Low,Open
12395,5108,2024-11-07,Critical,Closed
12396,2506,2026-02-02,Low,In Progress
12397,5961,2024-07-24,Critical,In Progress
12398,5310,2023-08-26,Medium,Closed
12399,3045,2025-06-13,Medium,Closed
12400,3031,2025-05-25,Low,In Progress
12401,1526,2025-12-04,Low,Open
12402,2247,2024-12-08,Medium,Closed
12403,4144,2024-01-02,Critical,Open
12404,4971,2026-02-15,Medium,In Progress
12405,2235,2026-06-17,High,Closed
12406,3337,2024-07-07,High,Closed
12407,5887,2024-12-14,Low,Open
12408,1457,2024-12-20,High,Closed
12409,5804,2024-09-19,Low,Closed
12410,4687,2023-12-28,Medium,Closed
12411,1783,2025-09-03,Medium,Closed
12412,5425,2023-12-14,High,Closed
12413,4422,2025-07-23,Low,In Progress
12414,1100,2023-09-15,Medium,Closed
12415,3994,2024-02-20,Medium,Closed
12416,5762,2023-11-24,High,Open
12417,1505,2024-08-07,Critical,Closed
12418,2775,2025-08-09,High,Closed
12419,4321,2024-08-25,Critical,Closed
12420,5347,2023-09-24,Critical,Closed
12421,2630,2025-01-15,Low,Closed
12422,4643,2023-07-26,Low,Closed
12423,5286,2025-07-13,Critical,In Progress
12424,2588,2026-06-24,Critical,Closed
12425,4286,2025-11-17,Low,Closed
12426,4963,2026-03-01,Low,In Progress
12427,5662,2025-05-26,Low,Closed
12428,3237,2026-05-01,Low,Closed
12429,4462,2024-09-06,Medium,Closed
12430,5951,2023-07-15,Low,In Progress
12431,2935,2026-02-04,Low,In Progress
12432,5206,2025-01-30,Low,Closed
12433,2203,2023-12-12,Medium,Closed
12434,4665,2024-07-31,Low,Open
12435,1486,2026-01-12,Medium,Closed
12436,4974,2023-12-05,High,Closed
12437,3394,2025-11-02,High,Closed
12438,3362,2023-12-21,Low,Closed
12439,1393,2026-05-19,Medium,Closed
12440,3334,2024-04-22,Low,Closed
12441,5598,2025-08-04,Low,Closed
12442,3227,2025-11-17,Critical,Closed
12443,2987,2025-06-26,Medium,Closed
12444,5283,2025-10-23,Medium,Closed
12445,4296,2026-04-26,High,Open
12446,2243,2025-08-30,High,In Progress
12447,1512,2025-05-12,Medium,Closed
12448,2996,2024-01-05,High,Closed
12449,2593,2026-02-12,Low,Closed
12450,5498,2026-05-25,Medium,In Progress
12451,2333,2024-12-05,Low,In Progress
12452,5482,2024-11-23,Critical,Closed
12453,5579,2024-04-19,Medium,Closed
12454,1316,2024-04-07,High,Closed
12455,4596,2025-08-30,Critical,Closed
12456,2204,2026-01-09,Medium,Closed
12457,5011,2023-08-23,Medium,Open
12458,2573,2025-03-25,Low,Closed
12459,1572,2025-10-29,Low,Closed
12460,5245,2024-07-22,Medium,Closed
12461,3106,2024-05-18,Medium,Closed
12462,1402,2023-09-06,Medium,In Progress
12463,4117,2024-06-26,High,Closed
12464,3042,2025-09-23,Medium,Closed
12465,3878,2025-08-24,Medium,Closed
12466,1419,2024-10-07,Medium,In Progress
12467,2616,2024-01-11,High,Closed
12468,2019,2023-12-28,Low,Closed
12469,4665,2025-09-24,Low,Closed
12470,3817,2024-03-08,Low,Open
12471,1577,2026-02-18,Low,Closed
12472,4809,2024-06-01,Medium,Closed
12473,5980,2023-12-06,Critical,Closed
12474,1018,2025-05-03,Medium,Closed
12475,3701,2025-12-24,High,Closed
12476,3383,2024-06-16,Low,Closed
12477,3313,2023-10-27,Low,In Progress
12478,3559,2026-03-17,Medium,In Progress
12479,3070,2026-05-07,High,Closed
12480,4685,2023-10-24,Medium,Closed
12481,4772,2024-11-22,Low,Closed
12482,1860,2023-10-22,High,Closed
12483,1333,2024-03-01,High,Closed
12484,2295,2023-09-05,Medium,Closed
12485,5720,2024-11-12,High,Open
12486,2243,2025-07-27,Medium,Open
12487,2802,2024-05-20,Low,Closed
12488,2448,2026-03-24,Low,Closed
12489,5322,2023-08-02,Medium,Closed
12490,3954,2025-12-13,Low,Closed
12491,5246,2024-08-19,Low,Closed
12492,1061,2025-01-16,Medium,Closed
12493,4862,2026-03-24,Medium,Closed
12494,3351,2025-11-06,Low,Closed
12495,2857,2023-12-21,Medium,Closed
12496,1145,2026-06-13,High,Closed
12497,4820,2024-11-22,High,Open
12498,1960,2026-02-03,High,In Progress
12499,3073,2024-08-06,High,Closed
12500,4274,2025-04-16,Medium,Closed
12501,4361,2025-03-27,Medium,Closed
12502,4974,2025-01-25,Medium,Closed
12503,3361,2024-01-19,Low,Closed
12504,1075,2025-05-13,Low,Closed
12505,1773,2024-02-22,High,Closed
12506,3001,2024-07-14,High,Closed
12507,4058,2024-04-07,Low,Closed
12508,4667,2025-12-23,Low,Closed
12509,3528,2024-05-23,Low,Closed
12510,2968,2024-12-10,Medium,Closed
12511,2622,2023-09-20,Medium,In Progress
12512,4008,2024-06-10,Medium,Closed
12513,1352,2023-07-29,Low,Open
12514,5292,2025-09-10,Medium,Closed
12515,2631,2026-03-02,Low,Closed
12516,5941,2024-12-01,Critical,Closed
12517,5634,2024-06-01,Critical,Open
12518,1463,2026-05-15,Low,Closed
12519,2113,2025-11-09,Medium,Closed
12520,1392,2023-10-01,Medium,Open
12521,2393,2024-02-29,Medium,Closed
12522,5458,2026-05-25,Low,Closed
12523,3409,2025-01-24,Low,Closed
12524,4897,2023-07-28,Low,Closed
12525,2969,2025-06-02,Critical,Closed
12526,2833,2025-01-07,Low,Closed
12527,2564,2026-06-04,Low,Closed
12528,1914,2025-06-12,High,Closed
12529,4323,2024-06-18,Medium,Closed
12530,2063,2024-11-21,Low,In Progress
12531,3111,2024-02-17,High,Closed
12532,3721,2026-06-01,Medium,Closed
12533,2055,2024-08-21,High,In Progress
12534,2279,2024-03-22,Low,Closed
12535,4882,2024-09-02,Medium,Closed
12536,3765,2026-04-09,Low,Closed
12537,3094,2026-03-09,High,Closed
12538,3150,2026-03-30,Low,Closed
12539,3574,2024-03-31,Low,Closed
12540,1207,2024-12-16,Medium,Open
12541,5378,2024-01-22,Low,Closed
12542,3912,2025-06-16,Medium,Closed
12543,3432,2023-07-17,Medium,Closed
12544,5084,2024-03-27,Low,Closed
12545,3994,2025-07-27,Critical,Closed
12546,1007,2023-10-25,Low,Closed
12547,5335,2026-01-13,Low,Closed
12548,3957,2024-03-02,Medium,Closed
12549,3230,2023-11-14,Medium,Closed
12550,1479,2026-04-20,Low,Closed
12551,1035,2025-11-27,Low,In Progress
12552,4730,2023-08-20,Medium,In Progress
12553,1490,2025-02-18,Low,Closed
12554,2471,2025-05-05,Critical,Closed
12555,4639,2025-04-06,High,Closed
12556,5724,2025-07-22,Critical,Closed
12557,3972,2024-01-18,Low,In Progress
12558,2099,2023-12-18,Medium,Closed
12559,3286,2024-08-19,Low,Closed
12560,4296,2024-12-08,Medium,In Progress
12561,3213,2024-11-22,Critical,Closed
12562,3043,2025-01-01,Medium,Open
12563,3855,2026-06-21,Medium,Closed
12564,4617,2023-12-25,Medium,Closed
12565,2004,2026-04-14,High,Closed
12566,1131,2024-09-20,Medium,In Progress
12567,1467,2025-03-26,Low,Closed
12568,4907,2026-04-09,Medium,Closed
12569,4623,2023-09-02,Low,Closed
12570,2869,2023-11-08,Medium,Closed
12571,2120,2026-01-21,Critical,In Progress
12572,1707,2025-06-13,High,Closed
12573,5964,2025-07-23,Low,Closed
12574,4975,2026-02-17,Medium,Closed
12575,5073,2025-11-18,Low,Closed
12576,2808,2024-08-09,Low,Closed
12577,3513,2024-02-18,Low,Closed
12578,1598,2024-06-08,Low,Open
12579,5711,2024-07-11,High,Closed
12580,3414,2024-11-27,Low,In Progress
12581,3246,2026-03-22,Medium,Closed
12582,4150,2023-11-27,Low,Closed
12583,5648,2025-11-22,Critical,In Progress
12584,1578,2026-05-01,Low,Closed
12585,1151,2023-06-29,Low,Closed
12586,3221,2026-05-29,Low,In Progress
12587,1988,2023-12-13,Medium,Closed
12588,1196,2025-08-25,Medium,Closed
12589,1872,2024-07-23,Medium,Closed
12590,1359,2024-11-01,Low,Closed
12591,2151,2023-12-31,Medium,Closed
12592,4508,2025-11-23,Low,Closed
12593,1562,2023-08-18,Medium,Closed
12594,2716,2025-09-06,High,Open
12595,4665,2025-01-30,Low,Closed
12596,3301,2026-02-16,Medium,Closed
12597,5275,2025-05-25,Medium,Closed
12598,4859,2026-05-10,Low,Open
12599,2642,2025-08-15,Low,Closed
12600,2139,2024-05-04,High,Closed
12601,5069,2023-12-05,Medium,In Progress
12602,4448,2026-06-18,Low,Closed
12603,2203,2025-12-29,Medium,Closed
12604,2765,2023-09-23,Critical,Open
12605,3012,2023-10-10,Medium,Closed
12606,3241,2023-08-25,High,Closed
12607,5358,2026-06-17,Medium,Closed
12608,4885,2025-07-09,Low,Closed
12609,2495,2023-08-26,Low,Open
12610,2415,2026-02-15,Medium,In Progress
12611,3423,2025-08-30,Critical,Closed
12612,1331,2023-07-01,Low,Closed
12613,2615,2024-06-19,Medium,Closed
12614,3464,2023-07-08,Low,Closed
12615,4465,2025-02-02,Low,Closed
12616,3202,2024-06-11,Low,Closed
12617,3504,2025-06-02,High,In Progress
12618,5690,2025-09-23,Medium,In Progress
12619,3667,2024-01-01,High,Closed
12620,1813,2025-02-24,Low,Closed
12621,4473,2024-08-28,Low,Open
12622,5838,2026-02-25,High,Closed
12623,1184,2026-05-08,Medium,Closed
12624,4360,2024-02-21,Medium,Closed
12625,3420,2025-06-12,High,Closed
12626,2443,2024-07-22,Low,Closed
12627,4228,2025-11-05,High,Closed
12628,1019,2026-02-10,Medium,Closed
12629,4301,2023-07-06,Low,Closed
12630,3323,2025-12-02,Medium,Closed
12631,5857,2024-10-22,High,Closed
12632,3813,2024-09-08,Low,Open
12633,2132,2025-11-16,Medium,Closed
12634,2682,2024-12-13,High,Open
12635,3924,2025-08-01,Low,Closed
12636,3764,2024-01-27,Medium,Closed
12637,1177,2024-07-09,Medium,Closed
12638,4836,2024-04-04,Low,Closed
12639,4793,2024-02-28,Medium,Open
12640,5314,2025-09-06,Medium,Closed
12641,1157,2024-08-16,High,Closed
12642,4981,2024-12-22,Medium,Closed
12643,1376,2025-11-09,Medium,Closed
12644,2427,2024-04-19,Medium,Closed
12645,5129,2024-11-25,Low,Closed
12646,1221,2023-08-05,Low,Closed
12647,2138,2025-07-09,Medium,Closed
12648,3348,2025-12-30,Medium,Closed
12649,4407,2024-03-01,Medium,Closed
12650,4467,2024-02-07,Low,Closed
12651,1445,2024-07-28,High,Closed
12652,5573,2025-10-18,Medium,Closed
12653,1895,2025-06-14,Medium,In Progress
12654,3528,2025-03-24,Low,Closed
12655,1831,2025-09-14,High,Closed
12656,1843,2025-11-30,Medium,Open
12657,5081,2025-07-14,Medium,Closed
12658,2320,2026-02-01,Low,Closed
12659,2870,2026-02-08,Low,Closed
12660,5265,2024-05-31,Critical,Closed
12661,2402,2025-11-26,Low,Open
12662,2848,2024-07-26,Low,Closed
12663,5501,2024-04-03,Critical,In Progress
12664,2753,2025-06-04,High,Closed
12665,5381,2024-10-23,Low,Closed
12666,3568,2026-01-08,High,Closed
12667,1077,2026-05-11,Low,Open
12668,2167,2024-03-18,Low,In Progress
12669,5952,2026-01-18,Low,Open
12670,1532,2024-05-16,Low,Closed
12671,2154,2023-12-16,Medium,Closed
12672,2682,2024-05-04,Critical,Closed
12673,2753,2024-01-09,Low,Closed
12674,3834,2026-06-10,Critical,Closed
12675,2274,2023-09-19,Low,Closed
12676,4711,2024-11-12,Low,Closed
12677,2856,2023-11-17,High,Closed
12678,3553,2025-08-17,Medium,Closed
12679,1235,2024-10-30,Low,Closed
12680,4230,2025-02-10,Low,Closed
12681,4974,2024-12-27,High,Closed
12682,2016,2024-03-24,Medium,Closed
12683,3632,2024-03-23,Low,In Progress
12684,4722,2025-05-20,Medium,Closed
12685,3958,2026-01-24,Low,Closed
12686,4938,2023-09-14,Medium,Closed
12687,4024,2024-03-11,Medium,Closed
12688,1463,2024-09-13,Medium,Closed
12689,4867,2024-10-03,High,Closed
12690,1435,2023-12-13,High,Closed
12691,1578,2025-12-11,Medium,In Progress
12692,2303,2025-07-04,Medium,Closed
12693,4075,2026-04-01,Critical,Closed
12694,1883,2026-04-14,Medium,Closed
12695,1219,2023-11-27,Medium,Open
12696,4871,2023-09-19,Medium,Closed
12697,1562,2025-06-28,High,Closed
12698,5689,2025-09-12,High,Closed
12699,3892,2023-07-09,Low,Closed
12700,4709,2023-12-16,Critical,Closed
12701,3724,2024-06-12,Medium,Closed
12702,3384,2023-09-12,Medium,Closed
12703,4296,2024-12-13,Low,Closed
12704,3045,2024-04-04,Critical,Closed
12705,3627,2023-07-25,Low,Closed
12706,3997,2026-04-21,Medium,Closed
12707,3667,2024-10-17,Low,Closed
12708,4325,2025-01-30,Medium,Closed
12709,1622,2025-08-13,High,Closed
12710,1901,2023-08-08,Medium,Closed
12711,5458,2025-03-08,Medium,Closed
12712,1237,2024-04-15,Low,Closed
12713,3441,2026-03-31,Medium,Closed
12714,3693,2026-02-26,High,Closed
12715,1297,2025-11-27,Low,In Progress
12716,2820,2026-02-04,Low,In Progress
12717,3825,2023-12-10,Critical,Closed
12718,1141,2026-06-26,Critical,Closed
12719,5906,2025-07-01,High,Closed
12720,3213,2025-10-26,Low,Closed
12721,1718,2024-07-30,High,Closed
12722,5831,2025-11-27,Medium,In Progress
12723,1103,2023-10-06,Low,Closed
12724,5049,2024-10-30,Medium,Closed
12725,2008,2025-04-05,Low,In Progress
12726,1621,2024-08-17,High,Closed
12727,4487,2026-06-07,Low,Closed
12728,5974,2025-07-30,Low,Closed
12729,5503,2023-11-06,Low,Closed
12730,3200,2024-12-01,Low,Closed
12731,5016,2024-06-29,Low,Closed
12732,5830,2025-01-07,High,Closed
12733,4431,2024-03-05,High,Open
12734,4729,2024-07-30,Medium,Closed
12735,4058,2026-03-31,Medium,Closed
12736,5997,2026-05-28,Low,Closed
12737,5237,2026-03-26,Low,Closed
12738,4130,2023-07-06,Medium,Open
12739,3228,2024-02-13,High,Closed
12740,1417,2023-08-28,Medium,Closed
12741,1547,2024-01-30,Medium,Closed
12742,3381,2025-07-05,High,Closed
12743,1738,2024-03-03,Low,Closed
12744,4680,2025-04-20,High,Closed
12745,2976,2025-12-13,Low,Closed
12746,1800,2026-06-18,High,Closed
12747,1088,2025-12-16,High,Closed
12748,4733,2023-09-18,High,Closed
12749,3834,2023-08-10,Critical,Closed
12750,5421,2025-08-20,Low,Closed
12751,1657,2025-09-08,Medium,Closed
12752,5120,2025-05-29,Critical,Closed
12753,2512,2025-12-31,High,In Progress
12754,5899,2024-06-07,Low,Closed
12755,1952,2025-05-20,High,Closed
12756,3192,2025-11-19,Medium,Open
12757,5498,2026-03-30,Medium,In Progress
12758,5214,2026-04-18,Low,Closed
12759,5188,2025-06-22,Low,Closed
12760,2442,2025-07-22,Medium,Closed
12761,4984,2024-02-16,Low,Closed
12762,2609,2026-02-27,High,Closed
12763,5909,2024-02-27,Low,Closed
12764,4527,2025-12-05,Medium,Closed
12765,5293,2025-03-04,High,Closed
12766,4370,2025-06-08,Low,Closed
12767,5252,2025-12-31,Medium,Closed
12768,5627,2025-08-27,Medium,Closed
12769,4623,2025-08-09,High,Closed
12770,5760,2025-06-09,Low,Closed
12771,2340,2023-09-06,Medium,Closed
12772,5881,2024-04-18,Critical,Closed
12773,5430,2025-11-04,Critical,Closed
12774,4905,2023-12-28,Low,Closed
12775,2284,2025-02-07,Low,In Progress
12776,2218,2023-11-08,Low,In Progress
12777,5460,2025-06-13,Critical,Closed
12778,4241,2024-06-29,Critical,Closed
12779,1491,2023-09-06,Medium,In Progress
12780,5686,2024-01-24,Medium,Closed
12781,5087,2025-10-23,Low,Closed
12782,5316,2025-07-09,Low,Closed
12783,4508,2024-06-22,High,Closed
12784,2078,2025-06-02,High,Open
12785,5641,2024-04-29,Medium,Open
12786,3642,2024-02-07,High,Closed
12787,4459,2023-07-31,Low,Closed
12788,1095,2026-05-09,Low,Closed
12789,3351,2023-08-15,High,Closed
12790,5236,2024-07-14,Low,In Progress
12791,2446,2026-01-28,Low,Open
12792,2438,2026-05-25,High,Closed
12793,1749,2025-09-20,Medium,Closed
12794,5022,2025-03-24,Medium,Closed
12795,1901,2025-08-03,Critical,Closed
12796,5999,2026-06-07,Low,Closed
12797,2219,2025-06-26,Low,Closed
12798,2270,2023-08-05,Low,Closed
12799,4858,2024-12-04,High,Closed
12800,5626,2025-12-28,Medium,Closed
12801,1947,2023-12-02,Medium,In Progress
12802,2161,2024-10-02,Low,Closed
12803,1527,2023-09-03,Low,Closed
12804,5691,2026-03-11,High,Closed
12805,2823,2026-04-21,High,Closed
12806,4419,2023-10-23,Medium,Closed
12807,4761,2024-02-04,Low,In Progress
12808,1878,2025-09-15,Medium,Closed
12809,2093,2025-05-22,Low,Closed
12810,5066,2023-10-10,Low,Closed
12811,1607,2023-12-02,Critical,Open
12812,2891,2023-11-14,Medium,Closed
12813,2518,2024-06-28,Low,Closed
12814,4499,2025-10-29,Critical,Closed
12815,4304,2023-11-09,High,In Progress
12816,3403,2023-11-24,High,Closed
12817,2612,2023-08-10,Low,Closed
12818,1067,2025-11-29,Low,Closed
12819,5969,2025-07-03,Medium,Closed
12820,4886,2026-01-19,Medium,Closed
12821,2146,2025-01-07,Low,In Progress
12822,2150,2026-05-05,Medium,Closed
12823,1665,2025-02-23,Low,In Progress
12824,5056,2026-01-28,Medium,Closed
12825,1199,2024-09-27,Medium,Open
12826,5694,2024-01-26,Low,Closed
12827,2408,2025-02-24,Medium,Closed
12828,3714,2025-10-27,Low,Closed
12829,3439,2025-11-04,Critical,Closed
12830,5875,2023-08-16,High,Closed
12831,3788,2024-07-22,Medium,Closed
12832,4893,2024-05-28,Low,Closed
12833,3590,2026-01-07,Low,Closed
12834,3228,2025-10-07,Medium,Closed
12835,5665,2024-10-03,Low,Closed
12836,2160,2024-09-17,Medium,In Progress
12837,5467,2024-09-01,Medium,Closed
12838,2618,2025-04-14,Low,In Progress
12839,2844,2026-02-20,High,Closed
12840,4556,2024-08-07,Low,In Progress
12841,3553,2023-09-04,High,Closed
12842,1080,2024-04-23,High,Closed
12843,5086,2024-06-08,Critical,In Progress
12844,3336,2025-07-13,Medium,Closed
12845,2084,2024-12-13,High,In Progress
12846,2542,2025-05-24,Low,In Progress
12847,2200,2023-12-04,Medium,Closed
12848,4430,2025-09-24,Low,In Progress
12849,4558,2024-01-20,Medium,Closed
12850,2780,2023-11-28,Low,Closed
12851,5002,2025-08-11,Low,Closed
12852,1738,2026-04-15,Critical,In Progress
12853,3274,2023-12-20,Medium,Open
12854,2066,2025-12-08,Medium,Closed
12855,2395,2023-12-19,Medium,Closed
12856,2982,2024-11-23,Low,Closed
12857,3177,2024-04-30,Low,Open
12858,2459,2025-11-27,Low,Closed
12859,5704,2025-12-31,Medium,Closed
12860,2915,2023-08-13,High,Closed
12861,4627,2024-02-27,Medium,In Progress
12862,1794,2024-03-08,Low,Closed
12863,2462,2025-08-10,High,Closed
12864,2869,2025-07-02,Medium,Closed
12865,5110,2025-04-08,Critical,Closed
12866,4344,2025-12-02,Critical,Closed
12867,3306,2023-07-22,Medium,Closed
12868,4917,2023-12-17,Low,Closed
12869,3187,2025-04-03,Low,Closed
12870,1200,2025-10-20,Medium,Closed
12871,4331,2025-05-08,Medium,Closed
12872,5194,2025-09-18,Critical,Open
12873,1586,2024-10-13,Low,Closed
12874,1239,2026-05-02,Critical,Closed
12875,4933,2026-06-13,High,Closed
12876,1755,2024-10-30,High,Closed
12877,3490,2025-07-15,Low,Closed
12878,4491,2024-11-24,High,Closed
12879,3276,2026-06-20,High,Closed
12880,1244,2023-11-25,Medium,Closed
12881,4429,2025-09-21,High,Closed
12882,5331,2024-12-10,Critical,Closed
12883,4113,2025-07-10,Low,Closed
12884,1718,2023-06-30,Low,Closed
12885,2114,2025-03-16,Low,In Progress
12886,3148,2025-12-12,High,Closed
12887,3956,2024-03-17,Medium,Closed
12888,4333,2025-01-25,High,Closed
12889,1930,2025-01-20,Low,Closed
12890,2158,2024-01-21,Low,Closed
12891,3946,2026-06-15,Medium,Closed
12892,1029,2024-11-24,High,Closed
12893,1547,2024-01-17,Low,Closed
12894,3996,2025-01-06,Medium,Closed
12895,1125,2024-04-18,Medium,Closed
12896,4018,2025-06-24,High,Closed
12897,1252,2024-11-16,Medium,Closed
12898,1342,2025-07-05,Medium,Closed
12899,5380,2024-05-21,Medium,Closed
12900,5423,2025-12-20,High,Open
12901,5497,2024-11-06,High,Closed
12902,2302,2023-08-08,Medium,Closed
12903,4257,2025-05-23,High,Closed
12904,5043,2024-09-14,Low,Open
12905,3314,2026-03-04,Medium,Closed
12906,3901,2026-02-13,Medium,Open
12907,3029,2024-07-01,Critical,Closed
12908,5559,2025-08-14,Low,Closed
12909,4018,2025-05-21,High,Closed
12910,5008,2024-05-06,Medium,Closed
12911,5568,2025-06-07,Low,Closed
12912,3955,2024-02-25,Medium,Closed
12913,5541,2024-02-07,Medium,In Progress
12914,2685,2026-03-03,Low,Closed
12915,2694,2025-09-14,Low,Closed
12916,5967,2024-08-18,Critical,Closed
12917,4031,2026-04-18,Critical,Closed
12918,1381,2024-07-08,Low,Closed
12919,1915,2023-08-15,Medium,Closed
12920,3208,2025-07-22,Medium,Closed
12921,3433,2024-02-06,Low,Closed
12922,4450,2023-07-16,Low,Closed
12923,2552,2024-11-02,Low,Closed
12924,2108,2024-08-06,Low,Closed
12925,4324,2023-07-27,Critical,Closed
12926,2857,2026-04-22,Critical,In Progress
12927,2316,2024-02-15,Low,Closed
12928,5182,2024-02-16,Medium,Closed
12929,2432,2025-11-10,Low,Closed
12930,3240,2025-06-22,Low,Closed
12931,2501,2025-01-11,Low,Closed
12932,1614,2025-05-30,Low,Open
12933,2060,2025-01-04,Low,In Progress
12934,3750,2025-10-06,Critical,Open
12935,4986,2024-03-24,Low,Closed
12936,5986,2025-07-08,Critical,Closed
12937,4167,2024-06-19,Low,Closed
12938,1256,2025-09-19,Medium,Open
12939,2418,2024-08-17,Medium,Closed
12940,5014,2023-11-18,Medium,Closed
12941,2116,2024-04-17,Medium,Open
12942,3520,2025-05-20,Critical,Closed
12943,3964,2025-04-13,Medium,In Progress
12944,5684,2023-08-03,High,In Progress
12945,1234,2023-08-05,High,In Progress
12946,1575,2025-03-16,Medium,Closed
12947,1164,2024-09-13,Medium,Closed
12948,4222,2023-12-11,Medium,In Progress
12949,2594,2026-02-11,Medium,Closed
12950,1499,2025-08-20,Medium,In Progress
12951,5170,2024-07-12,High,Open
12952,4831,2026-05-09,Low,Closed
12953,4724,2024-01-04,Medium,Open
12954,5226,2024-09-14,Medium,Closed
12955,2559,2024-08-17,Medium,Open
12956,1139,2025-11-30,Medium,Closed
12957,4885,2024-06-01,High,Closed
12958,3372,2026-06-16,High,In Progress
12959,4158,2026-05-08,Medium,Closed
12960,4769,2024-12-28,Low,Closed
12961,1923,2024-04-14,Low,Open
12962,5284,2024-06-12,Medium,In Progress
12963,1934,2025-02-10,Low,Closed
12964,1520,2023-10-24,High,Closed
12965,4502,2026-04-10,Low,Closed
12966,4459,2026-05-03,Medium,Closed
12967,2667,2023-11-05,Low,Closed
12968,3074,2026-05-23,Low,In Progress
12969,1946,2025-12-21,High,Closed
12970,1811,2024-06-03,Low,Closed
12971,1847,2025-09-15,Low,Closed
12972,1580,2026-06-13,Medium,Closed
12973,1804,2023-11-04,Low,Closed
12974,3645,2025-04-03,Medium,Closed
12975,1857,2024-01-31,Low,Closed
12976,3913,2025-12-12,Low,Open
12977,5792,2026-04-01,Medium,Closed
12978,1723,2025-11-20,High,Closed
12979,2548,2023-11-14,Low,Closed
12980,5314,2025-03-12,High,Closed
12981,1243,2024-02-10,Low,Closed
12982,5384,2026-03-28,High,Closed
12983,5176,2023-12-17,High,Closed
12984,2451,2025-08-13,Low,Closed
12985,2736,2024-04-13,Low,In Progress
12986,5207,2025-01-15,Medium,Closed
12987,2846,2025-08-10,Critical,Closed
12988,4013,2024-04-26,Medium,In Progress
12989,2918,2024-10-26,Critical,Closed
12990,2153,2025-04-16,Low,Closed
12991,1008,2025-12-19,High,Closed
12992,4948,2026-03-21,Low,Closed
12993,4149,2024-10-25,Low,Closed
12994,1199,2025-04-18,Medium,Closed
12995,1356,2025-10-17,Low,Closed
12996,4019,2024-04-04,Medium,Closed
12997,4508,2025-03-08,Low,In Progress
12998,1211,2025-06-07,Low,Closed
12999,4630,2024-09-05,Medium,In Progress
13000,5205,2024-03-15,Low,Closed
13001,1586,2024-08-27,Medium,Closed
13002,5890,2023-12-18,Medium,Open
13003,4271,2025-05-27,Low,Closed
13004,3805,2025-09-30,Low,Closed
13005,3396,2024-08-15,High,Closed
13006,2671,2023-10-27,Low,Closed
13007,1252,2024-03-25,Medium,Closed
13008,1647,2026-01-06,Critical,In Progress
13009,3938,2025-05-31,Medium,Closed
13010,5029,2023-10-16,Medium,Open
13011,2022,2023-12-31,Critical,Closed
13012,1465,2024-01-15,Medium,Open
13013,3206,2024-04-22,High,Open
13014,2006,2025-07-25,Low,In Progress
13015,1524,2024-02-06,Medium,Closed
13016,5595,2025-09-16,Medium,Open
13017,5483,2025-12-15,High,Closed
13018,2686,2024-04-17,Medium,Closed
13019,2983,2023-09-25,Critical,Closed
13020,2758,2024-08-05,Low,In Progress
13021,1524,2024-09-08,Low,Closed
13022,4407,2023-06-28,High,Closed
13023,2552,2025-11-28,Medium,Closed
13024,3529,2025-01-15,Medium,Closed
13025,2374,2025-04-10,Low,Closed
13026,1658,2025-01-31,Low,Closed
13027,5842,2023-11-18,Medium,In Progress
13028,1605,2026-02-03,Low,Closed
13029,3833,2023-10-28,High,Closed
13030,1484,2025-05-14,Medium,Open
13031,3187,2025-09-26,Critical,Closed
13032,5643,2024-05-06,Critical,Closed
13033,3867,2024-12-24,High,Closed
13034,1388,2024-12-22,Critical,Closed
13035,3751,2025-05-20,Medium,Closed
13036,3653,2024-01-26,Low,Closed
13037,2031,2023-08-17,Low,In Progress
13038,3061,2025-07-20,Medium,Closed
13039,1692,2024-06-13,Low,In Progress
13040,2467,2026-04-25,Low,Open
13041,4576,2024-09-17,Low,Closed
13042,4864,2025-01-06,Medium,Closed
13043,4373,2023-10-24,Medium,Closed
13044,3546,2024-01-07,Medium,Closed
13045,2779,2025-04-08,Low,In Progress
13046,1765,2024-10-17,Low,Closed
13047,4265,2026-06-15,High,Closed
13048,5198,2026-01-08,Low,Open
13049,3738,2026-01-10,Low,Closed
13050,2315,2026-01-01,Critical,Open
13051,4952,2025-09-03,High,Closed
13052,5854,2025-12-15,Low,Closed
13053,2695,2023-09-04,High,Open
13054,5351,2023-07-06,Medium,Closed
13055,1235,2025-08-27,High,Closed
13056,4021,2024-08-09,High,Closed
13057,1019,2025-10-26,Low,In Progress
13058,4174,2023-07-22,Critical,Closed
13059,1821,2024-08-14,High,Closed
13060,4876,2024-11-02,Medium,Open
13061,1435,2025-05-07,Low,In Progress
13062,5976,2023-08-28,High,Closed
13063,1895,2024-09-25,Critical,Closed
13064,2840,2025-09-16,Low,Closed
13065,5974,2024-08-17,Low,In Progress
13066,4753,2024-11-25,Medium,Closed
13067,3286,2025-11-04,Medium,Closed
13068,3448,2024-04-18,Medium,Closed
13069,5138,2026-06-21,Low,Closed
13070,2657,2023-10-22,Low,In Progress
13071,1437,2024-08-12,High,In Progress
13072,5509,2023-12-23,Medium,Closed
13073,3003,2024-10-28,Medium,Closed
13074,1979,2024-09-06,Medium,Closed
13075,2788,2024-02-29,High,Closed
13076,3396,2023-07-26,Critical,Closed
13077,1346,2025-09-19,Medium,Open
13078,1650,2023-07-18,Low,Closed
13079,5384,2026-03-01,High,Open
13080,5719,2025-05-14,Low,In Progress
13081,2767,2025-01-20,Low,Closed
13082,2224,2024-03-11,Low,In Progress
13083,3140,2024-10-29,High,Closed
13084,1171,2024-11-02,Medium,Closed
13085,4740,2025-08-25,Low,Closed
13086,1053,2025-05-09,Medium,Closed
13087,5748,2023-10-23,High,Closed
13088,5382,2024-06-23,Low,Closed
13089,5614,2024-04-30,Low,In Progress
13090,5117,2024-12-23,Low,Closed
13091,3222,2024-08-05,Low,Closed
13092,1460,2024-06-18,Medium,Closed
13093,3306,2026-04-30,Medium,Closed
13094,5037,2023-09-24,Critical,Closed
13095,2913,2025-01-11,Low,Closed
13096,3823,2025-12-04,Low,Closed
13097,5489,2026-02-22,Medium,Closed
13098,3988,2025-02-22,Low,Closed
13099,5875,2024-11-27,High,Closed
13100,2035,2024-05-21,Medium,Closed
13101,5129,2025-05-18,Critical,Closed
13102,3634,2024-03-17,Medium,Closed
13103,5449,2023-07-05,Medium,In Progress
13104,3152,2024-07-17,Critical,Open
13105,1283,2024-11-14,Medium,Open
13106,5554,2025-08-16,High,Closed
13107,4733,2024-07-07,Low,Closed
13108,3570,2026-05-03,Low,Closed
13109,5065,2024-12-25,Medium,Closed
13110,1866,2025-08-04,Critical,Closed
13111,5237,2025-04-01,Medium,Closed
13112,3332,2024-07-29,High,Closed
13113,4238,2025-05-03,Critical,Closed
13114,4085,2023-12-25,Medium,Closed
13115,3709,2025-04-23,High,Closed
13116,2235,2026-03-24,Low,Open
13117,1645,2023-10-31,Medium,Closed
13118,2367,2026-02-08,Low,In Progress
13119,3484,2026-05-04,Low,Closed
13120,3139,2024-04-01,Low,Closed
13121,3797,2024-03-05,Medium,Closed
13122,2090,2024-09-09,Medium,Closed
13123,3257,2024-06-26,Low,Closed
13124,2290,2025-12-05,Low,Closed
13125,1314,2024-05-13,Medium,Open
13126,3212,2025-05-28,Low,In Progress
13127,1202,2023-09-21,Medium,Closed
13128,4163,2024-12-01,Medium,In Progress
13129,1250,2024-02-04,Low,Closed
13130,2877,2026-05-28,Low,Closed
13131,3314,2025-09-27,Medium,Closed
13132,5270,2025-12-24,Low,Closed
13133,5050,2024-10-02,High,Closed
13134,5892,2024-08-17,High,In Progress
13135,5304,2026-05-31,Critical,In Progress
13136,3949,2024-12-02,Low,Closed
13137,3939,2025-04-08,Medium,Open
13138,4293,2024-11-03,Medium,Closed
13139,1488,2024-08-09,Medium,Closed
13140,1342,2023-07-02,Critical,Closed
13141,3525,2025-05-17,Critical,Closed
13142,1232,2026-05-14,Medium,In Progress
13143,1494,2024-12-04,Medium,Closed
13144,3992,2026-01-28,Medium,Closed
13145,4339,2025-04-05,Low,Closed
13146,3702,2024-03-26,Low,Closed
13147,5769,2026-04-13,High,Closed
13148,2950,2023-08-11,Medium,Closed
13149,1515,2025-10-12,Medium,Closed
13150,2789,2024-05-14,Medium,Closed
13151,3707,2026-05-27,High,Closed
13152,2810,2025-02-23,Medium,Closed
13153,1908,2025-09-17,Medium,Closed
13154,4482,2025-04-25,Low,Closed
13155,2748,2024-05-11,Medium,Closed
13156,4772,2023-12-16,Low,Open
13157,1663,2024-11-02,Low,In Progress
13158,2178,2024-12-26,Medium,Closed
13159,3021,2026-02-22,Critical,In Progress
13160,1371,2024-07-24,High,Open
13161,3493,2025-01-27,Critical,Closed
13162,5517,2025-08-17,Low,Closed
13163,5186,2024-08-19,Critical,Closed
13164,5601,2023-12-19,High,Closed
13165,3978,2025-08-21,Medium,Closed
13166,5865,2025-08-14,Low,Open
13167,3332,2024-03-04,Critical,In Progress
13168,3594,2023-12-03,Medium,Closed
13169,4370,2023-07-07,High,Closed
13170,5911,2026-06-02,Low,Closed
13171,3020,2024-02-21,Low,Closed
13172,5409,2025-11-18,High,Closed
13173,2323,2023-12-10,Medium,In Progress
13174,1537,2025-11-06,High,Open
13175,5347,2026-06-23,High,Closed
13176,4012,2025-03-06,Critical,Closed
13177,3390,2024-12-23,High,Open
13178,4955,2026-05-10,Critical,Closed
13179,4372,2024-12-25,Medium,Closed
13180,3931,2025-08-13,Medium,In Progress
13181,5745,2024-01-19,Low,Closed
13182,3711,2025-04-27,High,Closed
13183,3682,2023-12-15,High,Closed
13184,4275,2025-01-03,Low,Closed
13185,2959,2024-10-14,Medium,Open
13186,4248,2026-02-18,Low,Closed
13187,5964,2024-08-08,Medium,Closed
13188,4599,2025-04-08,High,Closed
13189,5343,2025-04-28,Low,Closed
13190,3472,2025-05-06,Medium,Closed
13191,3422,2025-03-02,Medium,In Progress
13192,3770,2026-03-04,Medium,In Progress
13193,1504,2024-09-22,Low,Closed
13194,2279,2025-02-01,Low,Open
13195,2460,2023-08-02,High,Closed
13196,4744,2025-02-01,Medium,Open
13197,3705,2026-06-26,Critical,In Progress
13198,2393,2026-01-31,Critical,Open
13199,1787,2025-02-21,High,Closed
13200,4238,2025-12-24,Low,Closed
13201,2084,2026-05-20,Medium,Closed
13202,1260,2024-03-02,High,Open
13203,4562,2024-01-28,Low,Closed
13204,5900,2023-12-31,Medium,Closed
13205,1355,2025-07-17,Medium,Closed
13206,2351,2026-03-15,Medium,Closed
13207,2884,2024-12-08,Medium,Closed
13208,5262,2023-09-21,High,Closed
13209,1480,2026-01-03,High,Closed
13210,2521,2026-01-12,Low,Open
13211,1021,2025-11-26,Medium,Open
13212,5246,2025-06-13,High,Open
13213,4558,2023-08-14,Medium,In Progress
13214,5136,2024-12-24,Medium,Closed
13215,4384,2024-09-09,Medium,Closed
13216,2238,2023-11-06,Low,Closed
13217,2401,2024-04-07,Low,Closed
13218,5837,2024-07-20,Low,In Progress
13219,2046,2024-11-21,Medium,Closed
13220,5974,2024-12-20,Low,Closed
13221,1285,2023-07-13,Medium,Open
13222,5428,2025-07-13,Low,Closed
13223,2215,2026-02-07,Critical,Closed
13224,2566,2024-10-17,High,Closed
13225,5339,2025-01-08,High,Closed
13226,5392,2024-10-19,High,Closed
13227,5111,2025-01-30,Medium,In Progress
13228,4754,2025-12-20,Critical,In Progress
13229,2665,2023-07-23,High,Closed
13230,1553,2025-01-14,High,Closed
13231,3368,2024-04-12,Low,Closed
13232,1753,2023-08-02,Low,Closed
13233,1641,2025-06-01,Low,Closed
13234,1009,2024-07-10,Low,Closed
13235,1363,2026-05-31,Critical,Closed
13236,4836,2026-06-23,High,Closed
13237,4782,2024-09-15,Critical,Closed
13238,3191,2025-10-18,Low,In Progress
13239,4105,2023-09-08,Medium,Closed
13240,3756,2025-05-31,Medium,Closed
13241,2415,2025-04-16,Critical,Closed
13242,4345,2025-11-25,Low,Closed
13243,2335,2025-04-07,High,Closed
13244,4108,2026-01-25,Medium,Closed
13245,4834,2025-01-10,High,Closed
13246,3217,2024-08-29,High,Closed
13247,2796,2025-05-01,High,Closed
13248,4752,2026-01-21,Low,Closed
13249,1227,2025-01-22,Medium,Closed
13250,3166,2025-11-26,Medium,Closed
13251,3401,2026-06-02,Critical,Closed
13252,4954,2023-08-28,Medium,Closed
13253,1564,2023-12-20,Medium,Closed
13254,3627,2025-04-13,Low,Closed
13255,1347,2025-02-03,Medium,Closed
13256,3604,2024-02-29,Low,In Progress
13257,4417,2025-11-13,Low,In Progress
13258,3462,2026-01-07,High,Closed
13259,1216,2024-11-09,Medium,Closed
13260,2735,2025-08-20,Low,Closed
13261,3203,2026-03-25,High,In Progress
13262,3764,2023-12-08,Medium,Closed
13263,5938,2026-03-09,Low,Closed
13264,3124,2026-05-01,High,Closed
13265,2545,2026-01-20,Medium,In Progress
13266,3611,2025-01-05,Low,Closed
13267,1061,2026-05-01,Medium,Closed
13268,1295,2024-06-28,Medium,Closed
13269,2060,2023-08-22,High,Closed
13270,4799,2023-09-15,Critical,Closed
13271,2769,2025-02-28,Low,Closed
13272,2705,2025-05-03,High,Closed
13273,3244,2025-05-02,High,Open
13274,3964,2025-12-12,Medium,Closed
13275,4579,2025-01-13,Low,Closed
13276,2991,2025-04-18,Medium,Open
13277,2856,2024-04-29,Low,Closed
13278,5701,2024-11-28,High,Closed
13279,1157,2024-03-23,Low,Closed
13280,4485,2025-06-22,Low,Closed
13281,3323,2025-05-17,Low,Closed
13282,5638,2025-11-03,Low,Open
13283,3711,2024-06-19,Low,Closed
13284,1648,2025-08-30,High,Closed
13285,3813,2024-11-20,Low,In Progress
13286,4097,2024-07-24,High,Closed
13287,4786,2024-06-25,High,Closed
13288,4331,2025-12-29,Critical,Open
13289,4900,2025-09-30,Medium,Closed
13290,1368,2024-07-19,Low,Closed
13291,1531,2025-09-19,Medium,Closed
13292,2568,2025-11-29,Low,Closed
13293,2384,2025-08-20,Critical,Closed
13294,2288,2026-05-12,Medium,Closed
13295,3392,2025-03-29,Low,Closed
13296,1620,2024-11-03,High,Open
13297,1705,2025-02-27,Low,Closed
13298,1581,2025-10-11,Low,Closed
13299,2005,2023-06-30,Low,Closed
13300,3078,2024-10-26,Medium,In Progress
13301,4770,2024-11-14,Low,In Progress
13302,4676,2024-01-21,Low,Closed
13303,1594,2025-03-25,Medium,Closed
13304,1947,2024-07-06,High,Closed
13305,2936,2026-06-25,High,Closed
13306,5302,2025-04-28,Medium,Closed
13307,5932,2025-10-29,High,Closed
13308,3034,2024-12-11,Critical,Closed
13309,3635,2023-07-27,Medium,Closed
13310,2006,2025-02-28,Medium,Closed
13311,2591,2024-11-07,Low,Closed
13312,1432,2025-09-14,Low,Closed
13313,5910,2024-08-30,High,Open
13314,1723,2023-11-21,High,Open
13315,2135,2023-12-10,Medium,Closed
13316,4748,2025-09-13,Low,Closed
13317,2983,2025-10-27,High,Closed
13318,2610,2025-01-31,Medium,In Progress
13319,2862,2024-03-14,Low,Open
13320,3760,2025-01-13,Low,Closed
13321,5506,2024-06-13,Low,In Progress
13322,3979,2025-12-24,Critical,Closed
13323,1512,2025-03-24,Medium,Closed
13324,3246,2023-12-25,Medium,Closed
13325,5593,2025-06-25,Low,Closed
13326,4811,2023-12-07,Medium,Closed
13327,4759,2025-08-10,Low,Closed
13328,3975,2024-04-04,Medium,Closed
13329,3473,2024-03-26,Low,Closed
13330,2327,2023-11-11,High,In Progress
13331,3352,2025-10-06,High,Closed
13332,1487,2024-05-22,Low,Closed
13333,1501,2024-06-14,Low,Closed
13334,5255,2025-11-16,Low,Closed
13335,5653,2025-02-18,Medium,Open
13336,5464,2025-02-15,Medium,Closed
13337,1076,2024-01-01,Critical,Open
13338,1919,2024-09-03,Medium,In Progress
13339,4562,2023-09-03,Low,Open
13340,1726,2024-10-10,Critical,Closed
13341,1362,2023-08-13,Low,Closed
13342,1616,2024-05-27,Low,Closed
13343,5053,2024-12-07,Critical,In Progress
13344,5506,2026-02-25,Low,Open
13345,5089,2024-12-04,Medium,Closed
13346,5720,2024-01-14,Medium,In Progress
13347,3974,2023-08-09,Low,Closed
13348,5880,2023-11-21,Medium,Closed
13349,4857,2025-04-04,High,In Progress
13350,2139,2026-01-29,Low,Closed
13351,3873,2025-08-19,Low,Closed
13352,3247,2024-08-01,High,Closed
13353,5256,2024-02-13,Low,Closed
13354,5256,2026-03-29,Low,Closed
13355,2045,2025-01-26,Low,Closed
13356,1890,2024-02-20,Low,In Progress
13357,2007,2024-03-30,Medium,Closed
13358,2026,2025-07-18,Low,Open
13359,4193,2024-11-28,Low,Open
13360,2291,2023-12-22,Medium,Closed
13361,2607,2023-08-13,Low,Closed
13362,2815,2024-01-28,Medium,Closed
13363,4854,2024-01-20,Low,Closed
13364,1134,2025-02-14,Medium,Closed
13365,5367,2025-03-24,Low,Open
13366,3229,2025-07-14,Low,In Progress
13367,3318,2025-06-03,Medium,Closed
13368,5988,2025-06-27,Low,Closed
13369,3321,2025-01-02,Low,Open
13370,2938,2026-04-01,Medium,Closed
13371,5850,2025-10-02,Low,Closed
13372,1984,2024-01-21,Low,Closed
13373,3861,2024-12-02,Medium,In Progress
13374,1404,2025-10-10,Low,In Progress
13375,1392,2023-08-29,Low,Open
13376,3195,2025-09-11,Medium,Closed
13377,2986,2025-01-13,High,Closed
13378,4583,2023-07-03,Low,Closed
13379,3647,2026-05-22,High,Open
13380,3450,2025-04-29,Medium,Closed
13381,3374,2024-07-24,Medium,Open
13382,2596,2025-04-08,High,In Progress
13383,2517,2024-04-19,Medium,Closed
13384,4439,2025-03-23,Low,In Progress
13385,5882,2026-03-15,High,Closed
13386,3030,2024-02-04,Low,Closed
13387,2561,2024-10-27,Medium,Closed
13388,5891,2026-05-01,Medium,Closed
13389,2688,2026-02-04,Medium,Open
13390,3013,2023-12-04,High,Closed
13391,2323,2026-03-02,Low,Closed
13392,5433,2026-05-18,Medium,In Progress
13393,4052,2023-10-24,Low,Open
13394,4619,2025-08-30,Medium,Closed
13395,2325,2023-08-25,High,Closed
13396,4541,2024-08-10,High,Closed
13397,2513,2026-04-22,Low,Closed
13398,3048,2024-08-26,Low,Closed
13399,4013,2024-10-04,Medium,Closed
13400,3579,2024-04-02,Low,Closed
13401,5652,2024-10-10,Medium,In Progress
13402,5378,2024-07-08,Medium,Closed
13403,1899,2024-06-06,Low,Closed
13404,4277,2025-01-02,Medium,Closed
13405,3578,2026-05-25,High,In Progress
13406,3813,2024-10-04,High,Closed
13407,3801,2024-09-17,Low,Closed
13408,1687,2025-07-27,High,Closed
13409,3393,2026-02-11,High,Closed
13410,4210,2023-12-16,Medium,Open
13411,1121,2026-06-17,Low,Closed
13412,3482,2024-06-06,Medium,Closed
13413,4169,2025-01-08,High,Closed
13414,3701,2023-09-06,Critical,Closed
13415,4482,2026-02-24,High,Closed
13416,5960,2025-02-16,High,Closed
13417,3530,2024-09-05,Medium,Closed
13418,5601,2023-08-28,Medium,Closed
13419,2087,2025-06-14,High,Closed
13420,5135,2026-04-08,Low,Closed
13421,3205,2025-02-07,Low,Closed
13422,4945,2024-08-20,Medium,Closed
13423,5163,2026-03-02,Medium,Closed
13424,3455,2026-06-09,High,Closed
13425,4118,2025-01-14,Low,Closed
13426,2909,2024-09-02,Critical,Closed
13427,2599,2024-09-07,Low,Closed
13428,6000,2025-07-07,Medium,Closed
13429,3142,2024-02-23,Low,Closed
13430,3058,2025-08-02,Medium,Closed
13431,5871,2024-10-12,Medium,Closed
13432,5321,2023-09-26,Low,Open
13433,1727,2025-03-07,High,Closed
13434,5739,2024-05-28,Critical,Closed
13435,2649,2025-01-22,Medium,In Progress
13436,4914,2026-01-26,Low,Closed
13437,1778,2025-04-11,Low,Closed
13438,2778,2024-10-30,High,Closed
13439,5643,2026-01-13,Low,Open
13440,5065,2025-02-12,Medium,In Progress
13441,2032,2026-06-22,Medium,Closed
13442,1920,2025-10-04,High,Closed
13443,5454,2025-01-13,Medium,In Progress
13444,5326,2023-11-06,Medium,Closed
13445,4344,2025-02-05,Medium,Closed
13446,4366,2025-10-03,High,Closed
13447,5425,2025-02-10,Low,Closed
13448,1291,2025-04-22,Low,Closed
13449,3985,2024-06-30,Medium,Closed
13450,3623,2025-08-27,Medium,Closed
13451,4229,2025-04-29,Medium,Closed
13452,1577,2023-09-04,Low,Closed
13453,3612,2023-12-08,Medium,Closed
13454,5312,2024-12-12,Medium,Closed
13455,1173,2024-09-20,Low,In Progress
13456,5286,2025-01-05,Medium,In Progress
13457,3221,2024-01-14,Low,In Progress
13458,1492,2025-05-29,High,Closed
13459,2427,2023-08-01,High,Closed
13460,2041,2025-09-15,Medium,Closed
13461,1963,2025-08-23,Low,Closed
13462,1372,2024-01-04,Medium,Closed
13463,2511,2023-08-13,Critical,Closed
13464,3996,2026-06-10,High,Closed
13465,4657,2023-07-11,Low,Closed
13466,4205,2024-07-11,Medium,In Progress
13467,3110,2024-11-03,Low,Closed
13468,5031,2025-10-07,Low,Closed
13469,4850,2025-09-24,Critical,Closed
13470,1285,2024-04-12,High,Closed
13471,4374,2023-09-20,Medium,In Progress
13472,2455,2025-06-30,High,In Progress
13473,5022,2023-09-16,Low,Closed
13474,5625,2023-12-14,Critical,Closed
13475,4974,2026-04-08,Medium,In Progress
13476,4988,2025-02-06,High,Closed
13477,2630,2024-09-17,Medium,Closed
13478,1513,2025-05-30,High,Closed
13479,2501,2025-08-06,High,In Progress
13480,5149,2025-05-01,Medium,Closed
13481,2504,2025-01-01,Medium,Closed
13482,1696,2025-04-17,High,Closed
13483,3271,2025-11-16,Low,Closed
13484,4926,2026-01-14,Low,Closed
13485,4569,2024-10-04,Low,Closed
13486,4075,2024-07-17,High,In Progress
13487,1763,2023-12-26,Low,Closed
13488,1284,2024-08-07,High,Open
13489,3195,2024-05-19,Low,Closed
13490,2627,2024-04-17,High,Open
13491,1485,2023-11-26,High,Closed
13492,3556,2024-02-01,Medium,Open
13493,5311,2024-12-02,Low,Closed
13494,4054,2024-04-30,Medium,Closed
13495,1940,2023-09-23,Critical,In Progress
13496,3904,2025-10-16,High,Closed
13497,3776,2024-02-19,Low,Closed
13498,2523,2025-10-13,Low,Closed
13499,5904,2023-07-19,Low,Closed
13500,3986,2024-05-03,Medium,Closed
13501,3422,2024-01-17,High,Closed
13502,5828,2024-02-28,Low,In Progress
13503,3064,2024-01-02,Medium,Closed
13504,2048,2024-08-17,Critical,Open
13505,4227,2024-09-14,Medium,Closed
13506,3725,2024-03-14,Low,Closed
13507,5475,2023-07-24,Low,Closed
13508,5939,2023-11-30,Low,Closed
13509,5769,2025-10-30,Low,Closed
13510,4999,2025-07-19,Low,In Progress
13511,3636,2024-09-30,Low,Closed
13512,3128,2025-11-09,Low,Open
13513,3532,2024-12-03,Low,Closed
13514,5378,2025-07-17,Critical,Closed
13515,1716,2026-03-27,Medium,Closed
13516,5877,2023-06-27,Low,Closed
13517,5589,2025-03-25,Low,Closed
13518,1632,2023-07-08,Critical,Closed
13519,1854,2026-05-17,Low,Closed
13520,1268,2024-05-22,Medium,Closed
13521,1762,2025-08-25,Critical,Closed
13522,5431,2025-07-22,High,Closed
13523,4823,2024-06-13,Low,Closed
13524,1077,2025-10-26,High,In Progress
13525,3815,2023-08-11,Medium,Closed
13526,5367,2023-12-20,Low,Closed
13527,3404,2024-11-01,Medium,Closed
13528,2903,2024-07-28,Low,Open
13529,3235,2023-11-18,Medium,Closed
13530,4798,2024-05-26,Medium,Closed
13531,3503,2025-03-18,Medium,Open
13532,4085,2026-06-15,Medium,Open
13533,2262,2026-01-31,High,Open
13534,4525,2024-02-26,Low,Closed
13535,5406,2025-10-30,Low,In Progress
13536,4809,2023-12-15,Low,Closed
13537,5046,2023-11-04,Low,Closed
13538,5150,2024-01-30,High,Closed
13539,2140,2024-02-11,Medium,Closed
13540,1715,2026-04-19,Medium,Closed
13541,3561,2026-06-12,Low,Closed
13542,5020,2026-02-20,Medium,Closed
13543,3835,2026-06-06,Medium,Closed
13544,4903,2026-05-11,Medium,Open
13545,4024,2023-11-16,High,Closed
13546,5360,2025-08-16,High,Closed
13547,1268,2025-04-01,Medium,Closed
13548,5666,2025-01-18,Low,Closed
13549,2106,2024-07-24,Low,Open
13550,4139,2025-02-26,Medium,In Progress
13551,1735,2025-01-09,Medium,Closed
13552,5808,2025-03-20,Medium,Closed
13553,2795,2024-12-28,Medium,Closed
13554,1664,2025-02-19,Low,Closed
13555,3260,2023-12-20,High,Closed
13556,1475,2025-07-28,Medium,In Progress
13557,5999,2023-08-08,High,Closed
13558,3701,2023-09-15,Medium,Closed
13559,3386,2024-02-05,Low,Closed
13560,4262,2024-07-04,Low,Closed
13561,4499,2024-07-27,Critical,Open
13562,2746,2025-02-02,Medium,Closed
13563,5481,2024-07-28,Medium,Closed
13564,5313,2025-01-08,High,Closed
13565,3649,2024-06-09,Low,Closed
13566,2452,2023-11-27,Low,Closed
13567,5071,2024-01-27,Low,Closed
13568,2417,2025-12-04,Medium,Closed
13569,5370,2026-03-03,Medium,In Progress
13570,5062,2024-10-21,Medium,Closed
13571,4245,2023-11-26,Low,Closed
13572,1578,2023-10-15,Critical,Closed
13573,3298,2026-01-07,Low,Closed
13574,5735,2024-10-01,Critical,Open
13575,3288,2025-09-11,Medium,Closed
13576,3284,2024-11-02,Critical,Closed
13577,2312,2024-08-26,High,Closed
13578,5972,2026-03-16,Low,Open
13579,4179,2023-08-11,Medium,Closed
13580,5915,2023-12-26,High,Closed
13581,5199,2023-08-13,Low,Closed
13582,1432,2025-07-19,High,Closed
13583,2705,2026-02-11,High,Closed
13584,4424,2025-04-06,High,In Progress
13585,4765,2024-05-25,Medium,Closed
13586,2869,2025-01-26,High,Closed
13587,2056,2024-10-19,Low,Closed
13588,5486,2025-11-02,Medium,Closed
13589,3653,2024-04-18,High,Closed
13590,5207,2025-09-21,Low,In Progress
13591,2249,2025-08-19,Medium,Closed
13592,4777,2024-03-23,High,Closed
13593,5625,2024-12-03,High,Closed
13594,2281,2024-02-14,High,Closed
13595,4895,2025-07-19,Medium,Closed
13596,4362,2023-09-22,Low,Closed
13597,2243,2025-01-18,High,Closed
13598,2112,2024-10-20,Medium,Closed
13599,3587,2023-08-23,Low,Closed
13600,3746,2023-07-21,Low,Closed
13601,3090,2024-07-05,Low,In Progress
13602,3981,2025-04-15,Critical,Closed
13603,5973,2024-12-10,Critical,Closed
13604,5309,2023-10-01,Medium,Closed
13605,3298,2025-12-02,High,Closed
13606,2507,2026-05-18,Medium,Closed
13607,4874,2023-12-08,Low,Closed
13608,1383,2025-05-02,High,Closed
13609,3841,2025-03-09,Low,Closed
13610,4550,2024-07-24,Medium,Closed
13611,4504,2026-01-01,Low,In Progress
13612,2348,2024-06-13,Medium,Open
13613,1809,2024-07-19,Medium,Closed
13614,4098,2025-01-12,Low,Closed
13615,5146,2024-07-02,Low,Closed
13616,3067,2024-08-13,Low,Closed
13617,2389,2026-06-25,Medium,Closed
13618,2425,2024-06-24,Medium,Open
13619,2849,2024-12-06,High,In Progress
13620,5087,2025-06-07,High,Closed
13621,4391,2023-11-09,Medium,Closed
13622,2324,2024-07-03,Critical,Closed
13623,5321,2024-02-10,High,Open
13624,3073,2026-04-06,Low,Closed
13625,3710,2024-08-04,High,Closed
13626,1220,2024-08-11,Medium,Closed
13627,3788,2025-01-09,Low,Closed
13628,5361,2024-06-19,Low,Closed
13629,3296,2026-03-20,High,In Progress
13630,3991,2024-02-02,Medium,Closed
13631,4668,2026-05-30,Low,Closed
13632,4193,2025-12-28,Medium,Open
13633,5804,2024-04-20,Medium,Closed
13634,3371,2025-03-19,Low,Closed
13635,2433,2024-08-20,Critical,Closed
13636,1177,2026-03-30,Medium,Closed
13637,4179,2026-05-22,Low,Closed
13638,2159,2025-10-25,Medium,Open
13639,2244,2023-11-29,Medium,Closed
13640,5395,2023-12-04,High,In Progress
13641,2630,2025-05-24,High,Closed
13642,1037,2024-05-16,Medium,Closed
13643,3214,2025-09-19,Critical,Closed
13644,3971,2024-02-15,Low,Closed
13645,5962,2025-01-24,Low,Closed
13646,4780,2023-07-01,Low,Open
13647,1087,2025-05-18,High,Closed
13648,4371,2026-01-07,Low,Closed
13649,1310,2025-12-04,High,Closed
13650,4380,2023-07-14,Medium,In Progress
13651,3216,2024-11-26,Medium,Closed
13652,3154,2025-04-08,High,Closed
13653,3905,2023-11-02,High,Closed
13654,3873,2024-03-22,Low,Closed
13655,5770,2025-04-20,Critical,Closed
13656,1599,2023-09-03,Low,Closed
13657,2079,2025-03-22,Low,Closed
13658,3002,2025-10-02,Low,Closed
13659,2798,2023-08-31,Critical,Open
13660,4591,2024-01-10,High,Closed
13661,5911,2024-07-21,Low,Open
13662,1574,2025-07-03,Medium,Closed
13663,3982,2026-01-04,Low,Closed
13664,4027,2026-03-13,Medium,Closed
13665,3534,2025-04-02,High,Closed
13666,4071,2025-11-30,Low,Closed
13667,4557,2025-07-24,Critical,Closed
13668,2531,2024-01-27,Medium,In Progress
13669,4993,2025-02-09,Low,Closed
13670,5433,2023-12-20,Low,Closed
13671,2630,2023-10-26,Medium,Closed
13672,1647,2025-04-16,Low,Closed
13673,2549,2024-12-29,High,Open
13674,2808,2024-07-18,Medium,In Progress
13675,3821,2024-02-08,Critical,Closed
13676,1499,2023-08-06,Medium,Closed
13677,3732,2025-03-11,Low,Closed
13678,4250,2025-05-28,Low,Closed
13679,5908,2024-10-19,High,Closed
13680,4330,2025-12-22,Low,In Progress
13681,2969,2026-04-25,High,Closed
13682,1258,2025-05-26,Medium,Closed
13683,1853,2025-01-17,Low,Closed
13684,1352,2026-01-28,High,Open
13685,1637,2025-11-27,High,In Progress
13686,5307,2024-11-19,Medium,Closed
13687,4570,2026-04-25,High,In Progress
13688,1267,2025-02-10,Medium,In Progress
13689,3428,2023-07-22,Medium,Closed
13690,1489,2026-05-11,Critical,Open
13691,3987,2026-04-11,Medium,Closed
13692,5232,2024-03-11,Low,Closed
13693,4370,2024-10-30,Medium,Closed
13694,5094,2025-09-26,Medium,Closed
13695,3664,2023-11-30,Low,Closed
13696,5144,2025-01-14,Medium,Closed
13697,1050,2024-09-15,Low,In Progress
13698,1793,2025-07-30,High,In Progress
13699,3962,2025-12-14,Critical,Closed
13700,1448,2024-02-24,Critical,Open
13701,5086,2026-03-12,Medium,Closed
13702,5273,2024-12-31,Low,Closed
13703,3589,2024-04-10,High,Closed
13704,2767,2024-09-08,High,Closed
13705,4380,2025-05-30,Low,Closed
13706,5256,2025-03-11,Low,Closed
13707,3429,2026-01-06,Low,In Progress
13708,3937,2025-06-18,Low,Open
13709,1159,2025-10-09,Low,Closed
13710,2912,2025-05-16,High,Closed
13711,1912,2024-05-08,Medium,Closed
13712,1430,2025-05-15,High,In Progress
13713,2569,2023-08-11,Medium,Closed
13714,5778,2026-01-07,Low,Closed
13715,4898,2025-03-14,Medium,Open
13716,1716,2025-04-01,Critical,Closed
13717,3072,2024-10-11,Low,Closed
13718,3876,2023-12-29,High,Closed
13719,5976,2025-07-04,Low,Closed
13720,4538,2026-06-03,Medium,Closed
13721,2016,2024-04-05,High,In Progress
13722,3851,2023-08-05,Low,Closed
13723,3171,2026-05-01,Medium,Closed
13724,1289,2026-06-25,Medium,Closed
13725,4872,2025-09-22,Low,Closed
13726,4072,2025-11-11,Low,Closed
13727,1530,2026-05-08,Medium,Closed
13728,5362,2026-06-05,Low,Closed
13729,6000,2023-08-20,High,Closed
13730,2733,2025-06-10,Medium,In Progress
13731,4275,2024-11-03,High,Closed
13732,2778,2025-01-22,Medium,Closed
13733,2114,2025-12-03,Low,Closed
13734,3372,2023-08-07,Medium,Closed
13735,2058,2024-01-02,Low,Closed
13736,2362,2026-01-21,Low,Closed
13737,1853,2023-09-16,Critical,Closed
13738,2215,2025-12-11,Low,Open
13739,3509,2024-01-12,Critical,Open
13740,4942,2025-09-21,Low,Closed
13741,2906,2024-11-28,Critical,In Progress
13742,3612,2025-07-06,Medium,In Progress
13743,5282,2025-10-30,Critical,Closed
13744,2207,2026-04-25,High,In Progress
13745,3841,2025-06-08,Low,Closed
13746,4303,2024-07-17,Low,Open
13747,2756,2024-04-21,Medium,Open
13748,4699,2026-03-19,Low,Closed
13749,3223,2023-07-17,Medium,Closed
13750,2507,2023-12-19,Medium,Closed
13751,3938,2024-12-14,Critical,Closed
13752,4590,2024-05-05,Medium,In Progress
13753,4802,2026-05-01,Low,In Progress
13754,4615,2024-09-19,Critical,Closed
13755,4708,2025-11-24,Critical,Closed
13756,1978,2024-03-09,Medium,Open
13757,5555,2023-12-03,Medium,Closed
13758,1959,2026-05-05,Medium,Open
13759,1724,2026-04-23,High,Closed
13760,3104,2024-09-19,Critical,Open
13761,3948,2026-05-29,Medium,In Progress
13762,2097,2025-11-18,High,Closed
13763,3199,2023-08-07,Medium,Closed
13764,4630,2026-02-17,Critical,Closed
13765,1748,2024-10-23,High,Closed
13766,4425,2023-09-16,Low,Closed
13767,1448,2024-03-06,Medium,Closed
13768,5110,2025-05-04,High,In Progress
13769,5981,2023-11-06,High,Closed
13770,5679,2025-07-03,High,Closed
13771,5165,2024-02-08,Low,Closed
13772,1538,2024-07-20,Low,Closed
13773,1957,2025-10-30,Low,Closed
13774,4018,2025-12-17,Medium,Closed
13775,3663,2024-08-11,Low,Closed
13776,2347,2023-07-28,Low,Closed
13777,3492,2024-01-26,Medium,Closed
13778,4322,2025-10-03,Medium,Closed
13779,2505,2026-06-04,Low,Closed
13780,5338,2024-11-29,High,Closed
13781,1546,2023-06-28,Low,Open
13782,2568,2025-06-27,Low,Closed
13783,3829,2025-06-29,Low,Closed
13784,2354,2024-03-21,Low,In Progress
13785,1482,2025-02-07,Medium,Closed
13786,2178,2025-07-01,High,Closed
13787,4476,2025-07-16,Medium,Closed
13788,2174,2023-11-03,Low,Open
13789,5290,2024-07-20,Low,Closed
13790,3506,2023-07-27,Medium,Open
13791,5879,2025-09-10,High,In Progress
13792,3838,2023-08-28,High,Closed
13793,3816,2024-07-19,High,In Progress
13794,2679,2025-03-10,Low,Open
13795,5721,2025-04-12,Medium,Closed
13796,2371,2024-04-05,Low,In Progress
13797,4279,2025-06-16,Low,In Progress
13798,3711,2024-09-14,Medium,Closed
13799,1321,2024-09-18,Low,In Progress
13800,4276,2025-08-19,Medium,Closed
13801,2916,2025-04-05,High,Closed
13802,3946,2023-08-06,Low,Closed
13803,3749,2023-08-10,Medium,Closed
13804,1500,2025-08-14,Medium,Closed
13805,2928,2024-04-29,Low,Closed
13806,4314,2026-04-09,Low,In Progress
13807,4838,2024-04-11,Medium,Closed
13808,4888,2025-01-08,Medium,Closed
13809,2503,2025-10-28,Critical,Closed
13810,2412,2025-01-20,Low,Closed
13811,4918,2025-09-14,Medium,Closed
13812,1106,2024-04-22,Medium,Closed
13813,4880,2024-07-23,Medium,Closed
13814,4668,2024-12-06,Low,Closed
13815,5395,2025-02-25,High,Closed
13816,4779,2024-03-04,High,Closed
13817,3674,2025-09-08,Low,Open
13818,2432,2026-03-20,High,In Progress
13819,2708,2024-04-26,Medium,Closed
13820,1587,2026-05-29,Low,In Progress
13821,1422,2025-01-04,Low,Closed
13822,2379,2026-02-20,Low,Closed
13823,5216,2025-09-06,Medium,Closed
13824,4067,2024-06-04,Medium,In Progress
13825,3796,2024-09-09,Low,Closed
13826,1778,2026-06-05,Critical,In Progress
13827,3139,2025-02-16,Medium,Closed
13828,5847,2026-02-09,Medium,Closed
13829,1376,2025-11-18,Low,Closed
13830,4698,2026-04-15,Low,Open
13831,1253,2025-09-08,Low,In Progress
13832,4379,2024-03-21,Critical,Closed
13833,2439,2023-11-24,Low,Open
13834,1353,2023-09-28,Low,Closed
13835,5446,2025-07-30,High,Closed
13836,2486,2024-04-05,High,Open
13837,4050,2026-03-23,Critical,Closed
13838,4517,2024-06-27,High,Closed
13839,3587,2026-05-17,Medium,Closed
13840,1563,2023-08-13,Low,Closed
13841,4962,2025-03-25,Medium,Closed
13842,2952,2025-09-06,Low,In Progress
13843,1218,2025-01-18,Critical,Closed
13844,4380,2025-06-07,Critical,Closed
13845,5375,2024-08-27,High,Closed
13846,1524,2025-05-28,Medium,Closed
13847,2517,2024-03-02,Low,In Progress
13848,2239,2026-03-24,Medium,In Progress
13849,2505,2025-02-17,Low,Closed
13850,4540,2025-11-15,High,Closed
13851,1702,2026-04-05,Medium,Closed
13852,4875,2025-01-12,Low,Closed
13853,4230,2025-12-09,Critical,Closed
13854,1787,2023-08-08,Medium,In Progress
13855,3501,2023-12-21,High,Closed
13856,4706,2025-07-02,Medium,Closed
13857,1266,2026-01-19,High,Closed
13858,5063,2025-11-25,Medium,Closed
13859,3240,2024-06-29,Critical,Closed
13860,3423,2026-05-29,Low,Closed
13861,1260,2026-06-12,High,Closed
13862,2287,2026-04-21,Medium,Closed
13863,4564,2025-07-14,Medium,Closed
13864,1448,2025-02-02,Medium,In Progress
13865,3885,2025-11-23,Medium,Closed
13866,3419,2024-10-26,Low,Open
13867,5762,2024-07-05,Medium,Closed
13868,2434,2024-09-10,Medium,Closed
13869,2807,2025-12-22,Medium,Closed
13870,5190,2025-05-26,Low,Closed
13871,5681,2025-09-07,High,In Progress
13872,5864,2026-04-25,High,In Progress
13873,4254,2026-06-26,Medium,Closed
13874,5915,2024-06-14,Low,Closed
13875,1447,2026-04-15,Low,Closed
13876,1624,2026-06-26,Low,Closed
13877,1067,2026-05-30,Medium,Closed
13878,5292,2024-09-28,Medium,Closed
13879,1056,2025-06-04,High,Closed
13880,5810,2026-02-22,Low,Closed
13881,4670,2025-02-28,High,In Progress
13882,2308,2026-01-25,Medium,Closed
13883,5620,2024-06-06,Medium,Closed
13884,2598,2026-01-01,Medium,Closed
13885,5255,2025-08-23,Low,In Progress
13886,2740,2026-01-15,Medium,In Progress
13887,3776,2024-06-15,Medium,Closed
13888,5671,2024-04-03,Medium,Closed
13889,2568,2024-02-12,Medium,Closed
13890,2112,2024-03-02,Medium,Closed
13891,2337,2023-10-17,Low,Closed
13892,5482,2025-01-20,Medium,Closed
13893,5234,2023-10-22,Critical,In Progress
13894,4888,2025-11-07,Critical,In Progress
13895,3056,2025-09-29,High,Closed
13896,3092,2026-05-02,Medium,Closed
13897,1340,2024-05-24,Medium,Closed
13898,4655,2025-08-15,Medium,Closed
13899,1622,2024-11-20,High,Closed
13900,5034,2025-12-23,Critical,Closed
13901,5493,2025-08-26,High,Closed
13902,3993,2024-01-12,Medium,Closed
13903,4735,2025-04-23,Medium,Closed
13904,3683,2024-09-30,Low,Closed
13905,4154,2025-11-06,Low,In Progress
13906,2526,2024-06-16,Medium,Open
13907,3824,2024-03-24,High,Closed
13908,1564,2024-03-12,Critical,In Progress
13909,2003,2023-08-23,Medium,Closed
13910,5256,2024-04-08,Low,Closed
13911,4948,2026-04-06,High,Closed
13912,1581,2023-06-28,Medium,Open
13913,3724,2026-03-31,High,In Progress
13914,3058,2026-01-03,Low,Closed
13915,3501,2024-12-20,Medium,Closed
13916,5826,2026-03-04,Low,Closed
13917,3166,2025-12-10,Medium,Closed
13918,5727,2024-01-04,Low,Closed
13919,4792,2025-03-08,Low,Closed
13920,3522,2024-11-09,Low,Closed
13921,5950,2025-07-27,Low,Closed
13922,2575,2026-01-18,Critical,Closed
13923,2702,2024-10-30,High,In Progress
13924,3898,2026-01-30,High,Closed
13925,4320,2024-10-20,Critical,Closed
13926,3021,2024-03-04,Medium,Closed
13927,4686,2024-04-28,Medium,Closed
13928,5646,2024-12-12,Low,Closed
13929,1885,2024-06-18,Medium,In Progress
13930,4617,2023-11-04,Medium,Closed
13931,3812,2024-12-02,Medium,In Progress
13932,2832,2025-05-11,Low,Closed
13933,2848,2025-07-09,Medium,Closed
13934,1436,2023-12-08,High,Closed
13935,3832,2023-11-15,Medium,Open
13936,1665,2025-01-08,High,In Progress
13937,4324,2024-03-05,Low,In Progress
13938,5570,2026-03-20,Low,Closed
13939,4906,2023-10-12,Low,Closed
13940,5930,2025-09-28,Medium,In Progress
13941,4325,2023-12-26,High,Closed
13942,5923,2024-02-06,Medium,In Progress
13943,2272,2024-01-15,High,Closed
13944,4927,2025-06-17,Low,Open
13945,4019,2025-06-21,Medium,Closed
13946,1224,2025-08-08,Medium,Closed
13947,2077,2023-08-05,Low,Closed
13948,2536,2024-12-31,Low,Closed
13949,4194,2026-03-21,Low,Closed
13950,5828,2024-04-20,Medium,Closed
13951,5383,2024-04-07,Medium,Closed
13952,2909,2024-04-16,High,Open
13953,2149,2023-11-19,Low,Closed
13954,2156,2024-03-10,High,Closed
13955,2631,2025-09-03,High,Open
13956,3091,2025-07-25,Critical,Closed
13957,1804,2025-12-27,Medium,Closed
13958,1230,2023-07-27,Low,Closed
13959,3854,2025-07-31,Medium,In Progress
13960,5195,2025-04-22,Critical,Closed
13961,2886,2025-08-21,Low,Closed
13962,1756,2026-06-24,Low,Closed
13963,3398,2025-09-10,Low,Closed
13964,4006,2024-05-01,High,In Progress
13965,4541,2025-11-07,Medium,Closed
13966,1525,2026-03-04,Medium,Open
13967,2239,2024-07-28,Medium,Closed
13968,5889,2024-05-28,Low,Closed
13969,2233,2025-11-20,High,Open
13970,4585,2026-01-12,Low,Closed
13971,2051,2024-01-23,Medium,Closed
13972,4200,2023-10-23,Critical,Open
13973,1694,2025-10-08,High,Closed
13974,2114,2024-12-12,Low,Closed
13975,1477,2026-03-01,High,Closed
13976,3827,2026-03-07,High,Closed
13977,2468,2024-07-31,Medium,Closed
13978,2832,2024-07-13,High,In Progress
13979,3724,2026-04-09,High,Closed
13980,5614,2024-02-16,Low,Closed
13981,1605,2024-08-22,Medium,Open
13982,4419,2023-11-06,Low,In Progress
13983,2817,2025-02-19,Critical,Closed
13984,5841,2024-12-09,Low,Closed
13985,3872,2024-11-17,Medium,Closed
13986,4542,2023-11-16,Low,Closed
13987,3513,2024-11-21,Critical,In Progress
13988,2620,2026-01-05,Low,In Progress
13989,2324,2025-06-30,Critical,In Progress
13990,3827,2024-01-31,Low,In Progress
13991,4644,2025-09-26,Low,In Progress
13992,2923,2024-04-26,Medium,Closed
13993,1452,2024-02-24,Critical,Closed
13994,2455,2024-12-31,High,Closed
13995,4056,2023-12-17,Low,Closed
13996,3878,2023-12-02,Medium,Closed
13997,3620,2024-01-06,Low,Closed
13998,4006,2025-03-20,Medium,Closed
13999,4980,2024-03-10,Medium,In Progress
14000,1240,2023-12-22,High,Closed
14001,2810,2024-07-19,Low,Closed
14002,2479,2026-01-16,Medium,Closed
14003,2444,2024-01-28,Low,Closed
14004,1413,2023-08-16,High,Closed
14005,2504,2026-03-15,Medium,Open
14006,5975,2023-10-03,High,Closed
14007,2555,2024-03-31,Low,Closed
14008,4704,2025-12-27,Medium,In Progress
14009,4343,2025-02-14,High,Closed
14010,3986,2024-05-23,Low,Closed
14011,5224,2025-12-12,Low,Closed
14012,2987,2025-01-01,Medium,Closed
14013,5086,2024-09-20,Low,Closed
14014,2067,2025-03-19,Medium,Closed
14015,3647,2025-03-24,Critical,Closed
14016,5499,2025-10-02,Low,Open
14017,3986,2024-05-26,Medium,In Progress
14018,3681,2024-11-11,High,Closed
14019,4411,2024-01-17,Medium,Closed
14020,1526,2024-04-06,High,Closed
14021,4588,2026-02-07,Medium,Open
14022,2546,2025-11-21,Medium,In Progress
14023,3620,2025-03-05,Low,Closed
14024,5328,2023-11-28,Medium,Closed
14025,4037,2024-08-24,Medium,Open
14026,1458,2025-07-08,Medium,Closed
14027,3941,2026-01-11,Low,Closed
14028,2851,2025-11-27,Medium,Closed
14029,1354,2024-07-15,Low,Closed
14030,4357,2023-07-26,High,Closed
14031,1375,2026-03-29,Medium,Closed
14032,4434,2024-10-11,Medium,Closed
14033,1638,2026-03-07,Medium,Closed
14034,2014,2025-01-15,High,Closed
14035,1242,2023-10-11,Medium,Closed
14036,2792,2025-12-08,Medium,Closed
14037,3359,2024-12-18,Low,Closed
14038,2010,2025-12-12,Critical,Closed
14039,4917,2024-09-27,High,Open
14040,4030,2025-02-21,Medium,Closed
14041,2766,2024-02-09,Low,Closed
14042,2802,2026-04-16,Critical,Open
14043,4529,2024-04-09,Medium,Closed
14044,5469,2026-06-10,Medium,Open
14045,3403,2025-10-22,Low,Open
14046,1123,2025-02-04,Medium,Open
14047,5631,2025-10-28,Critical,In Progress
14048,4090,2026-05-15,Low,Closed
14049,3080,2024-02-02,Low,Closed
14050,3472,2025-06-03,Low,Closed
14051,4461,2024-08-31,High,Closed
14052,2396,2025-10-05,Medium,Closed
14053,1613,2023-12-30,High,Closed
14054,4229,2025-11-13,Medium,Closed
14055,4607,2024-02-01,Low,Closed
14056,5522,2023-06-27,Medium,Closed
14057,4201,2026-03-30,Medium,In Progress
14058,4880,2023-07-29,Medium,In Progress
14059,5512,2023-12-11,High,Closed
14060,5239,2023-11-06,Low,Closed
14061,4298,2025-09-03,High,Closed
14062,3485,2024-04-24,High,Closed
14063,1113,2024-06-06,Low,In Progress
14064,5289,2024-09-01,Medium,Closed
14065,1070,2025-01-09,High,Closed
14066,4876,2025-08-14,Low,Closed
14067,5718,2023-07-16,Medium,Closed
14068,4290,2023-08-20,Medium,Closed
14069,3528,2025-07-04,Critical,Closed
14070,3048,2025-03-16,High,Closed
14071,3986,2025-06-21,Low,Closed
14072,2732,2026-01-05,Medium,Closed
14073,5133,2023-06-30,Low,In Progress
14074,5207,2026-06-11,Low,Closed
14075,4839,2023-11-27,Medium,Open
14076,2820,2024-11-20,Low,In Progress
14077,3085,2024-11-25,High,Closed
14078,4775,2023-10-31,Critical,Closed
14079,5298,2023-12-06,Medium,Closed
14080,1241,2025-08-31,Medium,Closed
14081,4024,2025-09-04,Low,Closed
14082,4912,2025-12-03,Medium,Closed
14083,3874,2026-01-27,Low,Closed
14084,4305,2026-02-08,Medium,Closed
14085,5264,2026-03-27,Low,Closed
14086,2408,2023-12-17,Critical,Closed
14087,3916,2025-04-16,Medium,Open
14088,3784,2025-04-27,Medium,Closed
14089,3579,2024-09-16,High,Open
14090,3641,2025-05-04,Low,Closed
14091,1528,2026-01-28,High,Closed
14092,5430,2023-12-31,Low,Closed
14093,1926,2025-11-06,Medium,Closed
14094,3646,2024-08-28,Medium,Closed
14095,1589,2024-11-17,Medium,Closed
14096,4444,2024-12-06,Low,Closed
14097,4037,2024-07-20,Low,Closed
14098,4611,2024-10-13,Low,Open
14099,3314,2023-07-13,Critical,Closed
14100,2007,2025-01-11,Low,Closed
14101,3594,2023-10-20,Low,Open
14102,1260,2026-06-05,Medium,Open
14103,1707,2025-06-06,Low,Closed
14104,3395,2024-05-26,Medium,In Progress
14105,5109,2026-03-24,Critical,In Progress
14106,4493,2026-02-13,Medium,Closed
14107,3607,2024-01-15,High,Closed
14108,1346,2025-01-05,Low,In Progress
14109,5235,2024-01-30,Medium,Closed
14110,3007,2025-05-10,Medium,Open
14111,1551,2025-11-30,High,Closed
14112,3278,2025-06-10,Low,In Progress
14113,3051,2023-09-22,Low,In Progress
14114,5896,2026-05-02,Low,Closed
14115,2427,2025-02-07,High,Closed
14116,1528,2023-08-27,Medium,Closed
14117,4355,2023-09-18,Low,Closed
14118,4445,2024-06-09,Medium,Closed
14119,3755,2026-03-21,Medium,In Progress
14120,3104,2024-03-30,High,Closed
14121,1005,2024-08-03,Low,In Progress
14122,5252,2025-10-25,Medium,Closed
14123,1072,2023-12-04,Low,Closed
14124,5032,2024-01-30,Critical,Closed
14125,3513,2025-07-28,Critical,Closed
14126,5999,2024-11-27,Medium,Closed
14127,2946,2025-11-26,Low,In Progress
14128,3727,2025-04-03,Low,Closed
14129,5823,2026-06-04,Medium,In Progress
14130,2404,2023-12-10,Medium,Closed
14131,5626,2023-09-07,Low,Closed
14132,5117,2025-08-22,Medium,Closed
14133,5844,2025-03-21,Medium,Closed
14134,5773,2023-08-14,Medium,In Progress
14135,5872,2024-11-29,Low,Closed
14136,5255,2025-02-21,Low,Closed
14137,3602,2025-01-25,Medium,Closed
14138,2137,2026-06-21,Low,Closed
14139,2975,2023-12-28,Low,Closed
14140,5334,2024-04-15,Medium,Closed
14141,3861,2026-02-05,Medium,Closed
14142,3325,2024-03-20,Medium,Closed
14143,5494,2023-07-11,High,Closed
14144,5009,2024-08-07,Low,Closed
14145,4328,2024-07-26,Low,Closed
14146,3923,2026-02-06,Low,Closed
14147,3615,2025-06-13,Medium,Open
14148,4276,2024-12-12,High,Closed
14149,1630,2025-08-26,Medium,Closed
14150,1252,2026-03-08,Low,Closed
14151,3274,2025-07-10,Medium,Closed
14152,4424,2025-11-04,Medium,Closed
14153,5554,2024-02-24,High,Closed
14154,5285,2023-07-18,Critical,Closed
14155,5784,2026-01-10,Low,Closed
14156,3757,2025-02-13,Medium,Closed
14157,1206,2025-05-17,Low,Closed
14158,5294,2025-04-03,Medium,Closed
14159,2969,2025-10-09,High,Closed
14160,2223,2026-05-10,Medium,Closed
14161,4512,2026-05-04,Medium,Open
14162,5573,2023-06-28,Medium,Open
14163,5206,2025-02-27,Medium,In Progress
14164,2321,2024-04-25,Low,Open
14165,2153,2024-09-07,High,Closed
14166,2048,2025-01-03,Medium,Closed
14167,2506,2024-11-28,Medium,In Progress
14168,2989,2023-09-02,Medium,Closed
14169,5702,2025-06-28,High,Closed
14170,2175,2024-09-17,Medium,Closed
14171,4761,2024-10-02,Low,Closed
14172,3302,2025-09-10,Medium,Closed
14173,4002,2025-07-12,Critical,Open
14174,4466,2023-08-14,Critical,Closed
14175,5325,2024-06-29,Low,Closed
14176,5230,2025-11-14,Medium,Closed
14177,2847,2023-12-30,Medium,Closed
14178,1435,2025-04-04,Medium,Closed
14179,2052,2025-03-19,Medium,Closed
14180,4550,2025-07-17,Medium,Closed
14181,5798,2025-05-19,Low,Closed
14182,4803,2026-06-17,High,Closed
14183,2875,2024-05-21,Medium,Closed
14184,5715,2024-07-29,Low,Closed
14185,2091,2024-12-30,Low,Closed
14186,2716,2023-12-17,Medium,Closed
14187,1171,2024-08-04,Medium,Open
14188,5843,2025-04-04,Medium,In Progress
14189,4299,2025-05-14,Low,In Progress
14190,2985,2024-02-07,Critical,Closed
14191,4118,2026-02-24,Medium,Closed
14192,4098,2026-03-19,Low,In Progress
14193,5836,2024-01-29,High,In Progress
14194,5636,2025-05-30,Critical,Closed
14195,5224,2025-08-29,Critical,In Progress
14196,5919,2025-05-20,Low,Closed
14197,4879,2024-10-28,Medium,Closed
14198,4693,2025-11-20,High,Closed
14199,2069,2026-01-12,Medium,Closed
14200,1869,2025-09-18,Medium,In Progress
14201,3946,2024-10-21,Medium,In Progress
14202,4454,2026-04-04,Low,Open
14203,4285,2024-03-24,High,Closed
14204,4213,2026-01-03,Critical,Closed
14205,2824,2025-05-06,Low,Open
14206,2742,2025-02-19,Low,In Progress
14207,1401,2025-05-07,Low,Closed
14208,3185,2025-04-27,Medium,Closed
14209,3679,2023-10-13,Medium,Closed
14210,1315,2026-05-28,Low,Closed
14211,1015,2025-11-15,Low,Open
14212,4219,2024-08-09,Low,Open
14213,4126,2023-09-04,Low,In Progress
14214,2730,2025-06-10,Medium,Closed
14215,3055,2025-08-08,Critical,Closed
14216,1107,2026-01-04,Medium,Closed
14217,3012,2024-09-06,Low,Closed
14218,5897,2025-11-10,Low,Closed
14219,5661,2024-01-26,Medium,Closed
14220,4142,2023-10-19,Critical,In Progress
14221,2372,2024-02-02,Critical,Open
14222,5704,2025-01-23,Low,In Progress
14223,2048,2025-12-29,High,Closed
14224,1314,2025-03-31,Critical,Closed
14225,1205,2025-09-24,Medium,Closed
14226,5432,2024-03-21,Medium,Open
14227,2493,2024-01-04,Low,In Progress
14228,4646,2024-04-05,Low,Closed
14229,3290,2024-11-25,Low,Closed
14230,5711,2024-07-08,Medium,Closed
14231,3045,2024-07-06,Medium,Closed
14232,3659,2025-10-06,Low,Closed
14233,1403,2024-05-10,Low,Open
14234,3501,2024-08-04,Low,Closed
14235,4944,2025-06-06,High,Closed
14236,1491,2025-03-10,Low,Closed
14237,2228,2025-07-17,Low,Closed
14238,5834,2025-10-17,Critical,Closed
14239,1900,2025-09-16,Low,Open
14240,3317,2023-12-22,Medium,Open
14241,4033,2024-02-15,Medium,Closed
14242,3566,2023-12-16,High,Closed
14243,4629,2023-11-20,Low,Open
14244,4883,2024-07-22,Low,Closed
14245,4592,2025-05-16,Medium,In Progress
14246,4643,2025-03-31,Medium,Closed
14247,2068,2024-06-18,Low,Closed
14248,5747,2025-02-19,Medium,Closed
14249,1293,2023-07-23,Medium,Closed
14250,2937,2025-10-26,Low,Open
14251,3193,2025-05-22,Low,Closed
14252,3213,2024-08-25,Low,Closed
14253,5647,2025-07-14,High,Closed
14254,3471,2026-01-21,Low,Closed
14255,5313,2025-08-26,Critical,In Progress
14256,1412,2026-06-13,Critical,Closed
14257,4145,2023-07-05,Low,Closed
14258,1871,2025-08-26,Medium,Closed
14259,5046,2025-04-28,Low,Closed
14260,3024,2026-02-12,High,Closed
14261,5321,2025-07-25,Low,Closed
14262,2199,2025-10-11,Critical,Closed
14263,4745,2024-10-24,High,Open
14264,1737,2025-03-06,High,Closed
14265,2416,2025-07-01,Low,Closed
14266,5661,2024-04-23,Critical,In Progress
14267,4071,2024-11-08,High,Open
14268,1619,2025-02-26,Medium,Closed
14269,4411,2026-04-14,Medium,Closed
14270,5161,2025-04-19,Medium,Open
14271,1246,2024-03-21,Medium,Closed
14272,4362,2024-11-16,Medium,Closed
14273,5319,2025-12-12,Low,Closed
14274,4365,2025-05-12,Medium,Closed
14275,1478,2024-01-17,Medium,Closed
14276,3857,2025-01-03,Low,Closed
14277,2849,2025-01-02,Low,Closed
14278,3584,2024-03-08,Low,Closed
14279,4220,2026-05-14,Medium,Closed
14280,1218,2024-03-14,Low,Open
14281,4794,2023-09-23,Medium,Closed
14282,1274,2024-04-06,High,Closed
14283,1829,2025-09-27,High,Open
14284,4194,2026-01-24,Medium,Closed
14285,5596,2023-11-23,Low,In Progress
14286,2227,2026-06-26,Critical,Closed
14287,2303,2025-07-04,Critical,Closed
14288,5100,2025-03-15,Critical,Closed
14289,4467,2024-04-04,High,Closed
14290,1381,2024-01-17,Critical,In Progress
14291,3079,2025-05-10,Low,Closed
14292,5071,2024-12-18,Low,Closed
14293,4480,2024-08-08,High,Closed
14294,4304,2024-07-02,High,Closed
14295,3894,2023-08-05,Low,Closed
14296,5628,2025-03-08,High,In Progress
14297,3736,2025-06-08,Medium,In Progress
14298,1566,2026-05-31,Medium,Open
14299,4137,2023-12-27,Medium,Closed
14300,5342,2025-12-03,Low,Closed
14301,2058,2023-08-08,Medium,Closed
14302,1838,2025-04-27,Low,In Progress
14303,2300,2024-03-07,Critical,Closed
14304,4185,2026-06-13,Low,Closed
14305,1522,2025-12-02,Medium,Closed
14306,4659,2025-03-06,High,Closed
14307,4184,2025-02-06,High,Closed
14308,2328,2023-12-14,Low,Closed
14309,2606,2023-12-05,Medium,Closed
14310,5798,2024-02-28,Medium,Closed
14311,5740,2025-02-05,Low,Closed
14312,1344,2025-09-03,High,In Progress
14313,2076,2025-10-04,Medium,In Progress
14314,3587,2024-09-12,Low,Closed
14315,3950,2025-02-05,High,Closed
14316,2555,2024-05-25,High,Closed
14317,3727,2024-01-09,Low,Closed
14318,4191,2024-06-12,High,In Progress
14319,3630,2025-01-15,Medium,Closed
14320,3817,2025-12-02,Low,Open
14321,4004,2025-11-21,Low,Closed
14322,1839,2024-10-27,High,Closed
14323,2154,2024-01-06,Medium,Closed
14324,2052,2024-01-17,Medium,Closed
14325,4598,2026-04-09,Critical,Closed
14326,5361,2026-06-26,High,Closed
14327,4862,2025-01-23,Low,Closed
14328,5574,2024-01-21,Critical,Closed
14329,2818,2025-01-24,Low,Closed
14330,2857,2026-06-05,Medium,Closed
14331,4282,2024-07-30,High,Closed
14332,4041,2026-04-21,Medium,Closed
14333,1992,2026-06-06,Low,Closed
14334,4740,2024-02-18,Low,Closed
14335,2663,2026-02-06,Medium,Closed
14336,4125,2025-02-20,Low,Closed
14337,2934,2023-07-18,High,Closed
14338,4886,2025-01-30,Medium,Open
14339,3976,2024-04-18,Medium,Closed
14340,4732,2024-04-26,Medium,In Progress
14341,3185,2023-10-05,Medium,Closed
14342,5167,2024-10-01,Medium,In Progress
14343,2046,2026-06-14,Low,Closed
14344,2370,2024-10-21,Low,Closed
14345,2321,2023-07-27,High,Closed
14346,4089,2026-06-12,Medium,In Progress
14347,2608,2024-01-04,Medium,Closed
14348,1731,2025-01-09,Low,In Progress
14349,1030,2023-07-19,Medium,Closed
14350,4357,2024-07-31,Medium,Closed
14351,3746,2026-05-28,High,In Progress
14352,4830,2026-01-28,Low,Closed
14353,4734,2024-08-24,Medium,Closed
14354,2299,2024-12-12,Low,Closed
14355,1919,2023-11-16,High,Closed
14356,1868,2026-03-09,Critical,Closed
14357,4985,2025-01-30,Low,Closed
14358,3114,2026-06-05,Critical,Closed
14359,4188,2024-05-24,Medium,Closed
14360,2880,2024-04-13,Medium,Open
14361,3540,2023-09-26,Low,Closed
14362,1845,2026-01-30,High,Closed
14363,3231,2025-07-15,Medium,Closed
14364,3334,2024-03-23,High,Closed
14365,5857,2024-01-14,Critical,Closed
14366,1020,2023-12-26,Low,Closed
14367,3587,2024-04-12,Low,Closed
14368,3775,2026-06-23,High,Closed
14369,2907,2024-09-02,Critical,Closed
14370,5322,2023-08-17,Medium,Closed
14371,1585,2026-06-19,Medium,Closed
14372,3946,2024-02-20,Low,Closed
14373,4474,2026-03-31,Medium,Closed
14374,5594,2025-10-11,Critical,In Progress
14375,3587,2024-04-12,Low,Closed
14376,2754,2026-05-03,Medium,Closed
14377,1417,2024-04-07,Critical,Closed
14378,1826,2026-03-15,High,Closed
14379,4079,2024-11-17,Critical,Open
14380,4677,2024-10-26,Medium,Closed
14381,1510,2024-05-12,Medium,Closed
14382,1656,2024-05-06,High,Closed
14383,2615,2025-11-19,Critical,Closed
14384,4876,2024-02-03,Low,Closed
14385,5535,2024-10-25,Low,Closed
14386,5587,2024-04-28,Low,Closed
14387,2837,2026-03-03,High,Closed
14388,5935,2023-09-21,Medium,In Progress
14389,3449,2024-08-06,High,In Progress
14390,4815,2023-10-20,Critical,Closed
14391,4948,2026-05-06,Low,Closed
14392,3921,2024-05-19,High,Closed
14393,5847,2024-08-28,Medium,Closed
14394,5318,2023-08-15,Low,Closed
14395,5520,2026-05-07,High,Closed
14396,4891,2023-09-09,Low,Closed
14397,3824,2025-07-18,Low,Closed
14398,4256,2024-12-09,Critical,Closed
14399,5439,2025-10-12,Medium,Open
14400,5473,2026-01-31,Low,Closed
14401,1511,2025-12-28,Low,Closed
14402,4732,2025-05-26,Low,Closed
14403,3725,2024-01-01,Medium,Closed
14404,2458,2024-12-31,Medium,Closed
14405,3385,2026-02-05,Medium,In Progress
14406,5018,2025-06-17,Low,Closed
14407,3001,2025-05-23,Low,Closed
14408,5791,2025-02-21,Medium,Closed
14409,4727,2024-05-08,Medium,Closed
14410,4215,2026-04-26,Medium,Closed
14411,4980,2025-12-24,Low,Closed
14412,4375,2024-02-17,Medium,Closed
14413,5996,2025-01-15,Low,Closed
14414,5056,2024-02-17,Medium,Closed
14415,3801,2024-04-23,Medium,Closed
14416,1165,2024-07-19,Medium,Closed
14417,1021,2025-05-12,High,Closed
14418,3446,2023-10-27,Low,Closed
14419,2184,2023-06-27,Critical,Closed
14420,4622,2026-05-25,Medium,Open
14421,3101,2026-03-11,Critical,Closed
14422,5241,2024-11-09,Medium,In Progress
14423,2062,2026-01-19,Medium,Open
14424,1715,2025-07-20,Low,Closed
14425,4347,2023-11-22,Low,Closed
14426,4793,2025-01-02,Low,Closed
14427,4720,2025-12-15,Medium,Closed
14428,5471,2024-08-03,Low,Closed
14429,2181,2025-11-26,Critical,Closed
14430,3098,2025-03-14,High,Closed
14431,2689,2025-07-05,Low,Closed
14432,5511,2025-11-09,Medium,Closed
14433,5879,2024-08-26,High,Closed
14434,4692,2024-12-27,High,In Progress
14435,2062,2024-02-16,Low,Closed
14436,1990,2026-01-28,Low,Closed
14437,3945,2024-11-23,Low,Closed
14438,2250,2024-05-05,High,Closed
14439,3628,2025-11-22,Medium,Closed
14440,3379,2024-04-16,Critical,Closed
14441,1053,2025-09-18,Medium,Closed
14442,4830,2024-02-20,Medium,Closed
14443,1072,2026-02-05,Medium,Closed
14444,1735,2024-11-12,Critical,Closed
14445,5443,2025-05-25,Low,Closed
14446,1862,2023-09-09,High,Closed
14447,3937,2026-05-17,Low,Closed
14448,5950,2023-12-14,Low,Open
14449,3281,2026-03-24,Low,Closed
14450,5855,2024-03-30,Medium,Closed
14451,3648,2025-02-08,High,Closed
14452,2996,2023-09-30,Medium,Closed
14453,5302,2024-07-12,Critical,In Progress
14454,3556,2023-09-03,Low,Open
14455,5203,2025-12-02,Low,Closed
14456,1452,2024-11-24,Low,In Progress
14457,2817,2026-06-24,Medium,Closed
14458,2997,2025-04-07,High,Closed
14459,2188,2025-02-02,Low,Closed
14460,1583,2023-07-23,Medium,In Progress
14461,1169,2023-07-07,Medium,Closed
14462,3651,2023-12-15,Critical,In Progress
14463,5658,2023-07-07,Medium,Closed
14464,5127,2024-03-12,Medium,Closed
14465,2635,2025-07-03,High,Closed
14466,2551,2023-12-16,Low,Closed
14467,2318,2025-01-25,Medium,Closed
14468,3743,2025-08-19,Low,Closed
14469,5976,2024-01-16,Medium,Closed
14470,3365,2024-02-29,High,Closed
14471,4875,2025-05-23,Medium,Closed
14472,1706,2025-02-04,High,Open
14473,3898,2024-12-22,Medium,Closed
14474,5583,2024-07-09,Low,Closed
14475,5761,2024-02-18,Medium,In Progress
14476,1051,2025-06-23,Medium,Closed
14477,1900,2023-10-07,Medium,Closed
14478,1573,2024-05-22,Medium,Closed
14479,4172,2023-09-12,Low,Closed
14480,5829,2024-07-22,Medium,Closed
14481,5544,2024-12-16,Medium,Closed
14482,5558,2024-09-25,High,Closed
14483,4046,2024-03-30,Medium,Closed
14484,2278,2025-07-11,High,Closed
14485,1092,2024-10-07,Critical,Closed
14486,2484,2026-04-08,Low,In Progress
14487,5757,2026-06-04,Medium,Closed
14488,5172,2023-11-07,Low,Closed
14489,3105,2025-02-01,Low,Closed
14490,3502,2023-12-30,Medium,Closed
14491,3958,2025-10-17,Medium,Closed
14492,2712,2024-06-07,Low,Closed
14493,4115,2024-07-24,High,Closed
14494,2729,2024-08-07,High,In Progress
14495,2648,2024-09-06,Medium,Closed
14496,5560,2025-10-11,High,Closed
14497,4203,2024-02-25,Medium,Closed
14498,3766,2026-06-13,Low,Closed
14499,4292,2023-10-19,Medium,Closed
14500,5353,2026-03-11,Low,Open
14501,1974,2024-04-25,Medium,Open
14502,2613,2024-12-22,Low,Closed
14503,2849,2024-08-27,Critical,Closed
14504,1524,2023-11-19,Medium,Closed
14505,1048,2024-04-29,High,Closed
14506,1110,2024-11-16,High,Closed
14507,2878,2025-05-18,Low,Closed
14508,1493,2023-09-26,Medium,Open
14509,2018,2025-08-03,Low,Closed
14510,5620,2025-12-07,Critical,Closed
14511,1922,2024-06-18,High,Closed
14512,4185,2023-09-13,Low,Closed
14513,1086,2025-12-26,Low,Closed
14514,4214,2026-01-18,Low,Open
14515,5845,2025-06-08,Critical,Closed
14516,4840,2023-10-18,High,Closed
14517,4236,2024-03-06,Medium,Open
14518,5173,2023-09-16,Medium,Closed
14519,3655,2024-11-30,High,Closed
14520,1586,2024-03-17,High,Closed
14521,5581,2024-03-24,Low,Closed
14522,4446,2023-10-05,Low,Closed
14523,1042,2026-05-25,Low,In Progress
14524,5833,2024-05-28,Low,Open
14525,1084,2024-09-17,Medium,Closed
14526,4912,2026-06-03,Medium,Closed
14527,5773,2026-06-06,Medium,Open
14528,1054,2023-10-04,Medium,In Progress
14529,5229,2023-09-11,High,Closed
14530,1255,2025-03-25,High,Closed
14531,1276,2025-05-22,High,Closed
14532,1948,2025-03-02,Low,Closed
14533,4004,2024-03-22,High,In Progress
14534,1646,2025-09-27,Medium,Closed
14535,5465,2025-01-29,Low,Closed
14536,2438,2023-10-10,Low,Closed
14537,4940,2024-11-06,Low,Closed
14538,2322,2023-07-16,Low,Open
14539,4152,2025-12-03,High,Closed
14540,2956,2025-06-05,Low,Closed
14541,5499,2024-07-18,Low,Closed
14542,5700,2023-07-14,Low,Closed
14543,3461,2025-09-05,Medium,Closed
14544,2287,2024-06-14,Medium,Open
14545,4725,2023-12-29,Low,Closed
14546,4441,2023-12-04,Medium,Closed
14547,3199,2023-12-01,Medium,Closed
14548,5172,2024-09-11,Low,Closed
14549,3795,2025-08-28,High,In Progress
14550,4546,2025-07-07,Low,Closed
14551,4607,2025-10-19,Medium,Open
14552,5196,2023-10-20,Medium,Closed
14553,5172,2026-05-14,High,Closed
14554,1365,2025-02-10,Medium,Closed
14555,2885,2025-01-20,High,Closed
14556,1902,2024-04-27,Critical,Closed
14557,3297,2024-04-06,Low,Closed
14558,1873,2026-06-20,Medium,Closed
14559,2745,2025-07-09,Low,In Progress
14560,4917,2025-07-28,High,Open
14561,4596,2025-04-19,Critical,Closed
14562,1524,2023-09-18,Low,Open
14563,1689,2025-06-08,Low,Closed
14564,2882,2024-11-19,High,In Progress
14565,2284,2025-10-24,Low,Closed
14566,2489,2023-11-16,Low,Closed
14567,4731,2025-07-05,Low,Open
14568,3396,2025-07-01,Medium,Closed
14569,4170,2024-05-20,Low,Open
14570,1443,2025-06-04,Medium,Closed
14571,4499,2023-10-23,Critical,Closed
14572,1487,2024-01-25,Low,Closed
14573,5254,2025-05-11,Low,Closed
14574,4650,2025-03-26,Low,Closed
14575,1491,2023-07-25,Critical,Closed
14576,5394,2023-11-24,Low,Closed
14577,4237,2025-06-17,High,Closed
14578,3034,2024-12-30,Low,In Progress
14579,4797,2024-08-10,High,Closed
14580,1206,2026-02-28,Low,Closed
14581,1035,2024-11-07,Medium,In Progress
14582,5533,2023-09-08,Medium,Closed
14583,4245,2024-10-27,Medium,Closed
14584,3242,2025-10-27,Low,Closed
14585,2290,2024-12-05,Medium,Open
14586,4771,2024-04-10,Low,Closed
14587,5869,2024-03-20,High,In Progress
14588,1171,2025-10-11,Medium,In Progress
14589,1887,2024-06-23,Medium,In Progress
14590,3857,2026-06-25,Low,Closed
14591,2106,2023-12-03,Medium,Closed
14592,2002,2026-03-12,Critical,In Progress
14593,3448,2024-06-16,Critical,Closed
14594,2765,2024-09-27,Medium,In Progress
14595,3279,2024-12-10,High,Closed
14596,5154,2024-04-17,Critical,Closed
14597,4506,2023-09-27,High,Closed
14598,3200,2024-08-21,Low,Closed
14599,2201,2025-05-11,High,Closed
14600,1715,2023-12-24,High,Closed
14601,2615,2023-12-07,Medium,Closed
14602,1627,2026-05-05,High,In Progress
14603,1223,2026-06-20,Low,Closed
14604,3378,2025-04-05,Medium,Closed
14605,2407,2024-09-02,Low,Open
14606,2370,2024-01-11,Low,In Progress
14607,2561,2025-04-11,Low,In Progress
14608,5160,2025-11-02,Low,Closed
14609,5752,2024-12-13,Critical,Closed
14610,4214,2024-06-06,Low,In Progress
14611,5299,2025-08-04,Low,Closed
14612,3659,2024-05-09,Medium,Open
14613,5834,2025-07-08,Low,Closed
14614,4330,2025-01-21,Medium,Closed
14615,5390,2025-11-24,Medium,In Progress
14616,3969,2025-03-10,Medium,Closed
14617,4214,2026-02-08,High,Closed
14618,4001,2024-03-07,High,Closed
14619,2182,2025-06-21,Low,Open
14620,4287,2026-03-23,Medium,Closed
14621,2648,2023-10-12,Medium,In Progress
14622,4744,2024-09-16,Medium,Open
14623,1573,2024-12-13,Low,Closed
14624,4718,2025-10-28,Low,Closed
14625,3941,2024-01-31,Medium,Open
14626,2395,2024-06-26,Low,Closed
14627,4278,2024-12-23,Low,In Progress
14628,2460,2023-09-29,High,Closed
14629,3237,2023-08-10,Low,In Progress
14630,5534,2023-10-24,Low,Open
14631,1920,2024-05-27,Medium,Open
14632,2994,2026-04-06,High,Closed
14633,5422,2025-06-11,Low,Closed
14634,3686,2026-03-14,Low,Open
14635,4299,2024-06-25,High,Closed
14636,3599,2024-03-01,Medium,Closed
14637,2604,2024-10-08,Medium,Closed
14638,4819,2023-11-30,Low,Closed
14639,4494,2026-05-22,High,Closed
14640,3870,2025-11-07,Medium,Closed
14641,2981,2024-03-21,Medium,Closed
14642,5959,2025-07-18,Low,Closed
14643,2861,2025-08-08,Low,Closed
14644,3381,2025-07-26,High,In Progress
14645,4411,2023-07-11,High,Closed
14646,4775,2023-11-10,Medium,Closed
14647,3446,2025-10-20,High,Closed
14648,1254,2025-12-24,Critical,Closed
14649,3429,2024-09-18,Low,Closed
14650,3453,2025-07-18,Low,Closed
14651,4823,2025-10-28,Low,Closed
14652,2698,2026-06-17,Medium,Closed
14653,2422,2024-03-27,Low,Closed
14654,4377,2023-12-24,High,Closed
14655,5030,2025-05-08,Medium,Closed
14656,5842,2025-06-11,Medium,In Progress
14657,5623,2024-04-14,High,Closed
14658,2763,2024-12-27,Low,Closed
14659,5478,2025-01-25,Low,Open
14660,4800,2024-03-13,Medium,Closed
14661,2920,2023-09-04,Medium,In Progress
14662,2387,2025-11-17,Medium,Closed
14663,1642,2025-05-13,High,In Progress
14664,2851,2025-07-29,High,In Progress
14665,5112,2026-01-20,High,Closed
14666,3528,2024-01-17,Low,Closed
14667,5300,2024-02-19,Low,Closed
14668,4570,2023-07-19,Medium,Closed
14669,1673,2024-09-22,High,Closed
14670,3777,2026-04-01,High,Closed
14671,3543,2025-07-31,Low,Closed
14672,3925,2025-09-10,Critical,Closed
14673,3761,2026-03-26,Medium,Closed
14674,5784,2025-05-13,Medium,Closed
14675,5884,2025-07-31,Low,Closed
14676,5769,2024-12-22,High,Closed
14677,4869,2026-02-27,Medium,Closed
14678,4262,2023-08-10,High,Closed
14679,2554,2026-05-23,Medium,Closed
14680,1478,2024-01-24,High,Closed
14681,2471,2023-09-21,Critical,Closed
14682,5706,2023-08-18,Low,Closed
14683,1013,2025-01-03,Low,In Progress
14684,2060,2025-05-22,Low,In Progress
14685,1074,2025-03-09,Low,Closed
14686,5792,2025-01-04,Low,Closed
14687,2400,2023-10-08,Low,Closed
14688,1053,2026-01-15,Low,Closed
14689,1919,2026-04-21,Medium,Open
14690,2429,2025-09-03,Medium,Closed
14691,3909,2024-02-23,Medium,Closed
14692,2827,2025-03-17,Medium,Open
14693,2253,2025-05-15,Medium,Closed
14694,3182,2025-09-10,High,Closed
14695,4328,2026-02-20,Low,In Progress
14696,2689,2025-09-20,High,Closed
14697,4514,2024-02-15,Medium,In Progress
14698,3304,2024-11-11,Medium,Closed
14699,3884,2024-04-17,Critical,Open
14700,4074,2024-05-07,Low,Open
14701,4110,2025-06-21,Medium,Closed
14702,3321,2024-11-19,Low,Closed
14703,5932,2026-05-16,Medium,Closed
14704,5403,2025-01-13,Low,Closed
14705,2509,2024-08-29,Medium,Closed
14706,4472,2025-04-29,High,In Progress
14707,1505,2026-04-24,Low,Closed
14708,4961,2023-11-02,Critical,In Progress
14709,1846,2025-08-31,Low,Closed
14710,3886,2026-04-02,Critical,Closed
14711,1704,2024-07-04,Low,Closed
14712,2103,2025-11-01,High,In Progress
14713,5292,2023-07-12,Medium,Closed
14714,1777,2024-07-18,Low,Open
14715,1169,2025-04-01,Low,Closed
14716,2188,2025-09-11,Critical,Closed
14717,3920,2025-03-06,Medium,Closed
14718,4447,2025-02-15,Critical,Closed
14719,3746,2026-03-02,Low,Closed
14720,3559,2024-11-04,Low,Closed
14721,4935,2024-05-03,Low,Closed
14722,1151,2025-05-27,Low,Open
14723,5788,2023-12-27,Low,Closed
14724,1990,2026-04-04,High,Closed
14725,3071,2025-04-11,Low,Closed
14726,4257,2024-03-12,Medium,Open
14727,5624,2025-05-29,Medium,Closed
14728,5750,2023-10-21,High,In Progress
14729,3868,2026-05-29,Low,Open
14730,5576,2025-11-17,Medium,Closed
14731,4461,2024-08-13,Medium,Closed
14732,3182,2025-09-19,High,Closed
14733,4085,2024-05-24,Low,Closed
14734,1686,2023-11-30,Medium,Closed
14735,2114,2025-02-11,Medium,Closed
14736,3700,2025-03-17,Medium,Closed
14737,4626,2025-11-02,Medium,Closed
14738,5048,2024-02-07,High,Closed
14739,3295,2024-08-03,High,Closed
14740,2020,2025-07-24,High,Closed
14741,1120,2025-08-06,High,Closed
14742,2331,2026-06-02,Critical,Closed
14743,5786,2024-08-13,High,In Progress
14744,5584,2026-04-03,High,Open
14745,1340,2025-07-29,Low,Closed
14746,1570,2026-04-08,Low,Closed
14747,1907,2024-08-16,Medium,Closed
14748,5253,2025-12-23,High,Closed
14749,3749,2024-07-21,High,Open
14750,4786,2024-08-10,Low,In Progress
14751,1048,2025-02-17,Medium,Closed
14752,1548,2024-10-31,Medium,Closed
14753,5086,2024-02-01,Medium,Closed
14754,5173,2024-04-18,High,Closed
14755,1846,2026-03-19,High,Closed
14756,2489,2025-05-09,Low,Closed
14757,2563,2025-01-18,Critical,In Progress
14758,4704,2025-05-05,Critical,In Progress
14759,1168,2025-12-18,High,Closed
14760,2715,2025-10-14,High,Closed
14761,4356,2024-06-27,High,Closed
14762,3325,2026-05-16,High,In Progress
14763,2340,2023-10-31,High,Closed
14764,1555,2023-07-07,Medium,Closed
14765,5846,2024-06-15,Low,Open
14766,1192,2023-11-07,High,Closed
14767,3092,2026-02-02,Medium,Closed
14768,1818,2025-09-29,Low,Closed
14769,3790,2024-11-30,Low,In Progress
14770,2297,2025-12-07,Medium,Closed
14771,2694,2024-10-18,Medium,Closed
14772,5231,2026-03-24,Medium,Closed
14773,4894,2023-08-01,High,Closed
14774,4955,2025-02-05,Medium,In Progress
14775,3106,2023-12-16,Medium,Closed
14776,1525,2023-12-26,Medium,Closed
14777,5389,2025-10-26,Low,Closed
14778,4210,2024-12-30,Medium,Closed
14779,3333,2026-01-22,Medium,Closed
14780,2666,2023-07-20,Low,In Progress
14781,3568,2026-01-06,Critical,Closed
14782,1228,2026-03-12,Low,Closed
14783,1959,2023-10-08,Low,Closed
14784,2385,2025-10-16,Medium,Closed
14785,4595,2025-01-19,Critical,Closed
14786,5153,2023-12-15,Medium,In Progress
14787,2118,2024-04-27,Low,Closed
14788,3106,2025-01-29,Low,In Progress
14789,5588,2026-04-25,Low,Closed
14790,2324,2025-08-30,Critical,Closed
14791,2171,2025-10-27,Low,Closed
14792,2103,2025-06-04,Low,In Progress
14793,4164,2025-09-10,Critical,Closed
14794,1544,2025-03-29,Medium,Closed
14795,4982,2025-10-22,Critical,Closed
14796,5068,2025-08-17,Low,Closed
14797,4490,2023-11-18,Medium,Closed
14798,5696,2026-05-05,Medium,Closed
14799,2221,2026-01-26,High,Closed
14800,2672,2024-06-23,High,Closed
14801,2569,2024-07-09,Low,Closed
14802,4516,2024-09-01,High,Closed
14803,1761,2023-09-19,High,In Progress
14804,2757,2024-07-27,Medium,Closed
14805,2341,2024-09-20,Medium,Closed
14806,2366,2024-02-22,Low,Closed
14807,4766,2024-11-27,Medium,Open
14808,5215,2024-03-30,Medium,In Progress
14809,3377,2025-05-04,Low,Open
14810,1904,2024-06-11,Medium,Closed
14811,5258,2024-02-11,Medium,Closed
14812,4886,2024-06-14,Low,Closed
14813,3775,2025-01-21,Critical,Open
14814,2301,2023-08-05,Medium,Closed
14815,3348,2024-10-27,Medium,Closed
14816,3441,2025-05-23,Low,Closed
14817,2790,2023-10-31,Medium,Closed
14818,1147,2024-06-09,Medium,Closed
14819,5613,2025-05-11,Medium,Open
14820,5618,2023-09-12,Medium,Closed
14821,3885,2025-03-22,Medium,In Progress
14822,5002,2024-09-23,High,Closed
14823,3730,2024-01-07,Medium,In Progress
14824,4572,2025-02-21,High,Closed
14825,4645,2024-06-10,Low,In Progress
14826,1840,2025-09-21,Critical,Closed
14827,5267,2025-07-15,Medium,Closed
14828,4956,2025-01-21,Critical,Closed
14829,3086,2025-02-15,Medium,Closed
14830,1303,2024-05-24,Low,Closed
14831,5481,2025-01-31,Medium,Closed
14832,1180,2024-06-21,High,Closed
14833,3021,2024-09-11,Medium,Closed
14834,3494,2025-04-24,Medium,Closed
14835,3862,2026-06-04,High,Closed
14836,5104,2024-02-22,Low,Closed
14837,4483,2026-01-27,Medium,Closed
14838,4859,2025-05-29,Low,Closed
14839,2760,2025-09-20,Medium,Closed
14840,5263,2023-12-09,Low,Closed
14841,5503,2025-12-27,High,Closed
14842,5999,2026-01-31,Low,In Progress
14843,1020,2023-09-12,Low,Closed
14844,3157,2024-01-04,Low,Closed
14845,5315,2026-06-18,Low,Closed
14846,3938,2023-10-09,High,Closed
14847,3379,2025-05-19,High,In Progress
14848,3522,2024-04-01,Low,In Progress
14849,4503,2025-01-16,High,Closed
14850,3437,2025-04-30,Low,Closed
14851,3918,2025-06-14,Medium,Closed
14852,1279,2025-11-12,High,In Progress
14853,5422,2026-04-05,Medium,Open
14854,4934,2023-07-29,High,Closed
14855,2008,2023-07-22,Medium,In Progress
14856,1187,2023-09-26,Medium,Closed
14857,1093,2024-06-20,Medium,Closed
14858,4180,2023-10-22,Low,Open
14859,4545,2025-11-29,Critical,Closed
14860,5598,2024-08-02,High,Open
14861,5917,2024-02-14,Low,Closed
14862,2770,2024-11-07,High,Closed
14863,4273,2024-07-12,Low,Closed
14864,5828,2023-12-21,Critical,Open
14865,4131,2024-09-25,Low,Closed
14866,3891,2023-08-09,High,Closed
14867,5410,2024-03-18,Medium,Closed
14868,1384,2023-10-02,Medium,Closed
14869,3291,2023-10-02,High,Closed
14870,3226,2024-11-20,Low,Closed
14871,5096,2025-01-19,Medium,Closed
14872,3747,2025-04-03,Medium,Open
14873,5616,2025-06-10,Low,Closed
14874,5280,2025-02-16,High,Closed
14875,3600,2026-05-10,Medium,Closed
14876,1608,2024-07-22,Medium,Closed
14877,3101,2024-11-04,Critical,In Progress
14878,1584,2025-02-04,High,In Progress
14879,2147,2023-08-08,High,In Progress
14880,5315,2026-03-28,Low,Closed
14881,1059,2024-01-20,Medium,Closed
14882,3565,2026-01-22,Medium,Closed
14883,4172,2024-01-02,High,Closed
14884,3867,2023-08-01,High,In Progress
14885,5691,2024-02-16,High,In Progress
14886,3506,2025-10-24,High,Closed
14887,3998,2023-08-09,Low,Closed
14888,4602,2025-03-01,High,Closed
14889,5174,2023-07-28,Low,Closed
14890,3245,2023-10-16,Low,Closed
14891,5474,2024-07-03,Medium,Closed
14892,5750,2026-04-24,High,Closed
14893,3446,2025-10-06,Low,Closed
14894,1402,2025-01-24,Medium,Closed
14895,1867,2025-06-07,Low,Closed
14896,1951,2024-06-07,Critical,Closed
14897,1400,2024-09-18,High,In Progress
14898,2991,2026-06-07,Low,Closed
14899,4768,2024-03-31,High,Closed
14900,4465,2025-04-25,Medium,Closed
14901,5492,2023-12-21,High,Closed
14902,1532,2024-06-22,Low,Closed
14903,5913,2024-06-29,Medium,Closed
14904,2225,2025-09-30,Low,In Progress
14905,1639,2026-06-14,Low,Closed
14906,4333,2025-11-29,Medium,Closed
14907,1877,2025-10-18,Medium,Open
14908,2746,2024-08-04,Low,Closed
14909,2040,2025-04-25,Critical,Closed
14910,2510,2025-11-10,Medium,Closed
14911,2091,2025-01-28,Low,Closed
14912,3111,2025-08-08,High,Closed
14913,3782,2024-09-10,Medium,Closed
14914,4302,2026-05-03,High,Open
14915,2934,2023-12-09,Low,Closed
14916,5463,2026-02-28,Low,Closed
14917,4265,2024-02-11,Medium,Closed
14918,5256,2024-10-29,Low,Open
14919,5898,2024-06-15,Medium,Closed
14920,4102,2024-12-28,Low,Closed
14921,4356,2024-11-26,Medium,In Progress
14922,1951,2024-08-06,Medium,Closed
14923,3871,2024-09-06,High,Closed
14924,3349,2025-02-01,Medium,Closed
14925,3292,2024-08-11,Low,Closed
14926,5957,2025-12-13,Low,In Progress
14927,1673,2023-09-02,Low,Closed
14928,2583,2025-02-04,Medium,Closed
14929,1978,2024-12-16,Medium,In Progress
14930,3515,2024-11-16,Medium,Closed
14931,2895,2025-12-07,Low,Open
14932,2575,2026-06-01,High,Closed
14933,1993,2026-01-08,Low,Closed
14934,2992,2026-04-08,High,Closed
14935,2314,2024-10-12,Critical,In Progress
14936,3008,2023-08-26,High,Open
14937,1150,2024-06-08,Medium,In Progress
14938,3224,2025-01-14,Medium,Closed
14939,3436,2025-07-07,Medium,Closed
14940,2749,2023-11-23,Low,Closed
14941,1252,2026-01-14,Critical,Closed
14942,1340,2026-03-27,Medium,Closed
14943,3386,2023-07-19,Medium,Closed
14944,2658,2026-01-28,Medium,In Progress
14945,4221,2024-01-31,Low,Closed
14946,2438,2024-12-25,Low,Closed
14947,4049,2024-12-21,Low,Closed
14948,2021,2024-07-15,High,Closed
14949,2001,2025-04-11,Medium,Closed
14950,4990,2026-02-21,Medium,Closed
14951,1855,2023-10-13,Low,Closed
14952,2821,2025-12-30,Low,Closed
14953,4156,2025-06-05,Critical,Closed
14954,5418,2024-11-03,Low,Closed
14955,5607,2025-07-04,Low,Closed
14956,5039,2025-12-10,Medium,Closed
14957,4450,2025-06-02,Critical,Closed
14958,1465,2025-05-24,Medium,Closed
14959,5352,2026-04-20,High,Closed
14960,4392,2026-01-19,Low,Closed
14961,1413,2024-03-20,Medium,Open
14962,5001,2023-10-10,Low,Open
14963,3009,2023-12-04,Medium,Closed
14964,4559,2025-05-25,High,In Progress
14965,5075,2025-04-19,Low,Closed
14966,2112,2026-06-24,Medium,Closed
14967,4826,2025-05-11,Low,Closed
14968,5623,2025-02-26,Medium,In Progress
14969,2082,2025-06-24,Critical,Closed
14970,5503,2026-03-01,Medium,Closed
14971,4916,2025-03-20,Medium,Closed
14972,3688,2024-02-05,Low,Closed
14973,2627,2026-05-04,Critical,Closed
14974,1367,2024-11-22,Low,In Progress
14975,4386,2024-11-24,High,Closed
14976,2976,2025-10-09,Critical,Closed
14977,1110,2024-08-13,Medium,Closed
14978,4690,2026-06-19,Medium,Closed
14979,4275,2025-07-23,Low,Open
14980,1861,2024-12-20,Medium,Open
14981,3128,2026-05-01,Medium,In Progress
14982,2137,2025-03-03,High,Closed
14983,4818,2023-11-15,Medium,In Progress
14984,3596,2024-10-09,High,Closed
14985,1961,2026-02-22,Low,In Progress
14986,1991,2024-02-02,High,Closed
14987,5718,2024-08-30,Critical,Open
14988,3549,2023-10-24,Medium,Closed
14989,3856,2024-05-02,Medium,Closed
14990,1548,2024-03-01,High,Open
14991,4100,2026-04-21,Medium,Closed
14992,4229,2025-07-27,Critical,Closed
14993,5109,2025-07-26,High,Closed
14994,4153,2025-05-17,Low,In Progress
14995,1803,2025-06-21,Medium,Closed
14996,1915,2024-07-06,Critical,Closed
14997,2478,2024-03-08,Low,Closed
14998,3445,2025-08-03,High,Open
14999,1687,2024-01-20,Critical,Closed
15000,2446,2025-08-08,Low,Closed
15001,4360,2024-01-19,Medium,Closed
15002,3348,2024-05-04,High,Closed
15003,2658,2025-09-16,High,Closed
15004,4372,2023-09-25,High,Closed
15005,2939,2024-01-29,Low,Closed
15006,2465,2023-10-06,Low,In Progress
15007,4768,2024-04-11,Low,Closed
15008,2313,2026-02-18,Low,Closed
15009,1494,2025-04-11,Medium,Closed
15010,3707,2025-10-27,High,In Progress
15011,5154,2023-12-23,Medium,Closed
15012,4458,2026-04-20,Medium,Closed
15013,3898,2025-11-16,Critical,Closed
15014,2024,2025-05-14,Medium,Closed
15015,5012,2026-02-28,Medium,Closed
15016,2253,2026-02-15,Low,Closed
15017,1773,2026-05-06,Low,Closed
15018,4376,2025-10-02,Low,In Progress
15019,1465,2024-12-14,Low,Closed
15020,5248,2026-02-15,Low,In Progress
15021,2195,2024-10-17,Medium,Closed
15022,4827,2025-08-11,Medium,Closed
15023,2867,2024-05-07,Medium,Closed
15024,4969,2025-10-19,Medium,In Progress
15025,1127,2025-12-29,Low,In Progress
15026,1863,2024-07-05,Low,Closed
15027,5351,2025-03-13,Medium,Closed
15028,5536,2023-12-01,Medium,In Progress
15029,2993,2024-12-05,Low,Closed
15030,1474,2026-04-06,High,Closed
15031,1789,2023-08-10,Low,Closed
15032,3020,2026-05-22,Low,Closed
15033,5437,2024-05-30,Medium,Closed
15034,2181,2026-04-25,High,In Progress
15035,4302,2025-08-30,Low,Open
15036,4985,2026-05-31,Medium,Closed
15037,4159,2024-02-16,Medium,Open
15038,3340,2024-02-12,Low,Closed
15039,1518,2025-03-29,Critical,Closed
15040,5714,2025-12-06,Medium,Closed
15041,1454,2026-04-13,Low,Closed
15042,2564,2025-10-03,Low,Closed
15043,1573,2025-05-24,Low,Open
15044,1568,2024-07-12,Medium,Closed
15045,3250,2024-07-31,High,Closed
15046,2506,2023-09-12,Medium,Closed
15047,1696,2026-05-22,Medium,Closed
15048,4905,2023-07-12,Medium,In Progress
15049,3667,2024-02-13,Medium,In Progress
15050,3930,2024-12-08,Medium,In Progress
15051,4020,2025-05-25,Low,Closed
15052,1926,2025-04-09,Medium,Closed
15053,5832,2024-10-27,Low,In Progress
15054,1738,2023-11-05,Low,Closed
15055,2248,2024-06-24,High,Closed
15056,1097,2025-11-18,High,In Progress
15057,1768,2024-08-10,Critical,Closed
15058,2552,2024-03-16,Medium,Closed
15059,4794,2024-10-11,Medium,Closed
15060,3667,2023-09-25,Low,Closed
15061,1105,2024-01-02,High,In Progress
15062,2946,2025-04-01,High,Closed
15063,1906,2025-02-01,Medium,Closed
15064,5223,2025-08-04,Low,Closed
15065,5902,2026-02-20,Low,Closed
15066,2465,2023-11-05,Medium,Closed
15067,5161,2023-11-03,Low,Closed
15068,2158,2025-08-30,Low,Closed
15069,4133,2023-07-13,Medium,In Progress
15070,1986,2024-09-26,Low,In Progress
15071,2002,2026-05-26,Low,Closed
15072,2411,2025-02-21,High,Closed
15073,1974,2026-04-21,Medium,In Progress
15074,3757,2024-05-26,High,Closed
15075,1549,2026-03-20,Medium,Closed
15076,1788,2026-01-26,Low,In Progress
15077,3497,2024-03-25,Critical,In Progress
15078,2128,2026-06-19,Low,In Progress
15079,1226,2025-07-06,Low,Closed
15080,3421,2025-12-22,Medium,Closed
15081,2038,2023-07-07,Low,Closed
15082,1943,2024-10-11,High,In Progress
15083,4347,2025-11-15,Medium,In Progress
15084,2163,2026-05-08,Low,Closed
15085,2861,2026-02-13,Medium,Closed
15086,4615,2025-12-13,Low,Closed
15087,5178,2024-08-31,Medium,Closed
15088,2618,2026-06-17,High,Closed
15089,5096,2024-03-20,Low,In Progress
15090,5798,2024-10-27,Medium,Closed
15091,4050,2026-03-14,High,Open
15092,2414,2025-07-12,Critical,In Progress
15093,4219,2025-05-27,High,Closed
15094,4754,2024-02-25,Low,Open
15095,2094,2025-10-20,Low,Closed
15096,5467,2026-04-09,High,Closed
15097,3980,2024-04-18,High,Closed
15098,4081,2024-02-17,Medium,Closed
15099,2180,2025-10-17,High,In Progress
15100,3422,2026-05-23,Medium,In Progress
15101,1656,2024-08-06,Medium,Closed
15102,1755,2023-12-17,Low,Closed
15103,4056,2023-07-13,Critical,Open
15104,4922,2026-04-07,Low,Closed
15105,3074,2026-02-02,Medium,Closed
15106,5886,2023-12-12,Medium,Open
15107,2590,2025-09-15,High,Closed
15108,1387,2024-07-01,Critical,Open
15109,2542,2024-08-12,Medium,Closed
15110,5946,2025-08-10,Medium,Open
15111,5071,2025-07-22,Medium,Closed
15112,5180,2023-10-09,Critical,Closed
15113,4450,2025-10-05,Low,Closed
15114,3163,2024-04-02,Low,Closed
15115,4442,2025-12-11,Low,Closed
15116,6000,2024-05-17,High,Closed
15117,3074,2023-07-11,Low,Closed
15118,4379,2024-11-17,Critical,Closed
15119,2896,2024-03-18,Low,In Progress
15120,1938,2024-04-08,Low,Closed
15121,5211,2024-08-11,Medium,Closed
15122,1776,2023-12-14,Medium,In Progress
15123,5643,2025-04-21,Medium,Closed
15124,1953,2023-12-09,Low,Closed
15125,1755,2026-06-20,High,Closed
15126,2037,2024-12-30,Critical,Open
15127,3171,2025-08-14,Critical,Closed
15128,4986,2025-05-14,Low,Closed
15129,1818,2026-03-24,Medium,In Progress
15130,1514,2023-11-21,Medium,Closed
15131,1395,2024-12-20,Medium,Closed
15132,1260,2025-03-29,High,In Progress
15133,5657,2024-02-12,Medium,Closed
15134,1927,2025-07-23,Medium,Open
15135,1176,2024-09-07,Critical,Closed
15136,1269,2025-04-22,Medium,Closed
15137,1919,2025-06-14,Critical,Open
15138,4448,2025-05-20,Critical,Closed
15139,3248,2024-06-24,Low,Closed
15140,5221,2025-05-04,High,Closed
15141,5653,2026-06-07,Medium,Closed
15142,5921,2024-01-04,Low,Closed
15143,3446,2023-10-25,Low,Closed
15144,1804,2024-11-13,Medium,Closed
15145,4594,2024-04-28,Medium,Open
15146,3917,2026-01-14,Low,Closed
15147,2170,2024-08-14,Low,In Progress
15148,1823,2025-10-16,Low,In Progress
15149,2295,2024-09-29,Medium,Closed
15150,4489,2023-08-19,Medium,Closed
15151,2039,2024-03-30,Low,In Progress
15152,4761,2025-03-20,High,Closed
15153,2937,2023-12-09,High,Closed
15154,5528,2023-10-15,Low,Closed
15155,1064,2025-02-17,Low,Closed
15156,3157,2026-02-25,Low,Closed
15157,2859,2025-09-13,Low,Closed
15158,4482,2023-08-15,Medium,Closed
15159,4296,2026-05-16,Critical,Closed
15160,4098,2025-11-27,Low,Closed
15161,2991,2025-10-04,Medium,Open
15162,4394,2024-05-27,Low,Closed
15163,5790,2024-12-18,Low,Closed
15164,5457,2025-11-06,Medium,Closed
15165,4941,2023-10-18,Medium,In Progress
15166,2172,2025-01-01,High,In Progress
15167,2719,2026-01-20,Low,Closed
15168,4610,2023-07-25,Low,Open
15169,4190,2025-04-13,Medium,Closed
15170,1965,2026-02-01,Medium,Open
15171,5374,2024-06-22,High,Closed
15172,2344,2025-04-18,Low,Closed
15173,1620,2026-03-31,Medium,Closed
15174,3201,2025-04-26,Low,Closed
15175,4195,2024-12-28,Low,Closed
15176,2478,2025-02-03,Low,Closed
15177,2809,2025-09-05,Medium,In Progress
15178,1587,2025-01-03,Medium,Open
15179,2745,2026-04-14,Low,In Progress
15180,1212,2023-10-03,Critical,Closed
15181,1245,2025-09-19,Medium,Closed
15182,4949,2025-04-11,Low,Closed
15183,3095,2024-03-12,Medium,Closed
15184,2098,2023-07-26,High,Closed
15185,1763,2024-11-13,Low,Closed
15186,1460,2024-04-04,Low,Open
15187,3257,2023-12-01,Low,Closed
15188,4940,2024-06-08,Critical,Closed
15189,3541,2024-04-12,Medium,Closed
15190,5156,2024-03-07,Low,Closed
15191,4150,2023-09-30,Low,Closed
15192,5446,2026-06-23,Medium,Closed
15193,4028,2024-12-26,Medium,Closed
15194,2366,2023-10-20,High,Closed
15195,1558,2026-05-28,High,In Progress
15196,3616,2024-11-29,Medium,Closed
15197,4056,2026-06-05,Medium,Closed
15198,3493,2025-05-06,Medium,Closed
15199,3612,2023-12-14,Low,Closed
15200,2947,2026-02-16,Low,Closed
15201,4037,2025-12-09,Low,In Progress
15202,2728,2024-01-02,High,Closed
15203,3963,2024-06-20,Low,Closed
15204,3610,2026-06-18,Medium,Closed
15205,2321,2025-12-08,Medium,Closed
15206,2270,2023-07-07,Medium,Closed
15207,4357,2025-09-16,Medium,Closed
15208,5618,2025-08-18,Medium,Closed
15209,1144,2025-10-18,Low,Closed
15210,4614,2023-11-13,Medium,Closed
15211,2643,2025-02-01,Low,Closed
15212,3289,2024-01-26,Low,Closed
15213,4464,2026-03-10,High,Open
15214,2598,2026-05-20,Critical,Closed
15215,2514,2023-10-06,High,Closed
15216,5381,2026-01-31,Medium,Closed
15217,2899,2025-07-04,High,Closed
15218,3538,2025-09-24,Medium,Closed
15219,5828,2024-12-24,Low,Closed
15220,2212,2026-05-17,High,Open
15221,4748,2023-11-12,Low,Closed
15222,1815,2025-02-14,Medium,Closed
15223,4574,2026-05-02,Medium,Closed
15224,5568,2024-07-05,Medium,Closed
15225,5192,2025-04-11,Low,Open
15226,4642,2024-05-20,Medium,In Progress
15227,4999,2025-08-13,Low,Closed
15228,4728,2026-02-05,High,In Progress
15229,5542,2025-01-22,Critical,Closed
15230,5938,2026-03-29,High,Closed
15231,3428,2025-06-13,Low,Closed
15232,2289,2024-02-11,High,Closed
15233,3801,2025-12-26,Medium,Closed
15234,4659,2024-01-03,Critical,Closed
15235,5502,2025-07-31,Medium,Closed
15236,5866,2025-11-10,High,Closed
15237,2996,2026-02-12,High,Closed
15238,5622,2024-11-17,High,Closed
15239,4487,2025-01-01,High,In Progress
15240,1967,2024-01-07,High,Closed
15241,5936,2025-02-19,Medium,In Progress
15242,1458,2024-09-30,Low,Closed
15243,3987,2024-06-11,Medium,Open
15244,2138,2023-10-18,High,Closed
15245,1996,2025-12-02,Medium,Closed
15246,3641,2024-01-07,Low,Closed
15247,3715,2024-06-12,Low,Open
15248,2665,2026-01-16,Medium,Closed
15249,3620,2026-05-20,High,Closed
15250,2958,2025-08-11,Low,Closed
15251,4943,2025-01-05,Low,Closed
15252,4358,2026-04-24,High,Closed
15253,5036,2025-03-21,Medium,Closed
15254,2477,2024-12-12,Critical,In Progress
15255,4857,2023-08-30,Medium,Closed
15256,1908,2025-11-28,Medium,Closed
15257,2339,2023-10-11,Medium,Closed
15258,1886,2024-06-05,Low,Closed
15259,1879,2023-10-28,Medium,Closed
15260,3661,2025-10-25,Low,Closed
15261,5881,2024-07-19,High,Closed
15262,4170,2025-07-17,Medium,Closed
15263,3567,2026-05-27,Medium,Closed
15264,5918,2025-09-06,Low,Closed
15265,3976,2024-08-27,Medium,Closed
15266,3160,2026-01-25,Critical,Open
15267,1370,2024-12-14,High,In Progress
15268,5917,2026-06-20,Low,Closed
15269,2376,2024-06-23,Low,Closed
15270,1987,2024-04-01,Critical,Closed
15271,3241,2023-07-15,High,In Progress
15272,3474,2023-11-08,Medium,Closed
15273,5140,2024-05-17,Medium,Closed
15274,4736,2025-12-10,Low,Closed
15275,4085,2023-07-12,Medium,Closed
15276,2706,2023-11-28,High,Closed
15277,3779,2025-10-29,Medium,Closed
15278,5029,2026-04-14,High,Closed
15279,3247,2024-11-30,Low,Open
15280,4400,2025-05-29,High,Closed
15281,2207,2024-12-03,Medium,Closed
15282,5176,2025-10-09,Low,Closed
15283,2900,2026-05-25,Medium,Closed
15284,2146,2024-06-17,Medium,Closed
15285,3854,2024-12-23,High,In Progress
15286,1711,2025-10-18,Medium,Closed
15287,3453,2025-05-22,Medium,Closed
15288,2074,2024-10-06,Medium,Closed
15289,4655,2023-08-20,High,In Progress
15290,4942,2023-10-30,High,In Progress
15291,4913,2023-12-31,High,In Progress
15292,5559,2025-05-24,Low,Open
15293,2614,2023-12-05,Medium,Open
15294,5885,2024-07-14,Medium,Closed
15295,1801,2024-11-26,Medium,Closed
15296,3142,2024-04-08,Critical,Closed
15297,1245,2025-03-19,High,Closed
15298,5364,2024-11-23,High,Open
15299,2780,2026-04-01,Medium,Closed
15300,1531,2024-03-23,Low,Closed
15301,3080,2024-05-16,Medium,Closed
15302,3953,2024-09-27,High,In Progress
15303,3258,2024-02-26,High,Closed
15304,1984,2024-03-19,High,Closed
15305,4308,2024-08-11,Medium,Closed
15306,4665,2026-03-05,Medium,Closed
15307,1082,2024-06-30,Medium,Closed
15308,2947,2025-03-11,Medium,In Progress
15309,4005,2024-11-21,Low,Closed
15310,2269,2025-10-30,Medium,Closed
15311,3417,2024-08-04,Medium,Closed
15312,5933,2024-06-20,Medium,Open
15313,4510,2025-08-19,Medium,Closed
15314,5208,2023-08-23,High,Closed
15315,3179,2023-07-08,High,In Progress
15316,2285,2025-01-11,Medium,In Progress
15317,2993,2024-09-03,Critical,Closed
15318,1921,2025-06-22,Medium,In Progress
15319,1566,2023-09-05,High,Closed
15320,1657,2026-04-09,Critical,Closed
15321,3344,2024-08-12,Medium,In Progress
15322,4118,2025-03-30,Medium,Closed
15323,3384,2025-06-19,Critical,Closed
15324,4292,2025-03-26,High,In Progress
15325,3759,2024-10-25,Medium,In Progress
15326,3124,2023-11-01,High,In Progress
15327,4930,2025-10-29,Medium,Closed
15328,1071,2025-01-23,Medium,Open
15329,3469,2024-10-13,Medium,Closed
15330,2486,2024-08-10,Medium,Closed
15331,2337,2024-02-06,Medium,Closed
15332,4238,2025-07-08,Medium,Closed
15333,4282,2025-08-19,High,Open
15334,5698,2024-10-03,Medium,In Progress
15335,5938,2026-05-15,High,Closed
15336,4857,2023-12-01,Medium,Open
15337,3270,2024-12-28,Low,Closed
15338,3826,2026-05-17,Medium,Open
15339,4675,2025-01-07,Medium,Closed
15340,1913,2026-02-26,Low,Closed
15341,5481,2023-11-29,Low,In Progress
15342,5547,2025-12-06,Low,Open
15343,1618,2025-10-01,Low,Closed
15344,5332,2025-04-12,Low,Closed
15345,4232,2024-12-04,High,Closed
15346,4274,2026-01-12,Low,Closed
15347,3578,2025-11-16,Low,Closed
15348,2045,2024-12-30,Low,Closed
15349,2655,2024-01-13,High,Closed
15350,3502,2024-05-13,High,Open
15351,5214,2025-03-09,High,Closed
15352,5344,2023-12-25,Medium,In Progress
15353,2239,2023-12-01,High,Closed
15354,4959,2024-09-16,High,Closed
15355,2629,2024-07-04,Medium,In Progress
15356,1300,2024-07-14,Critical,Closed
15357,5718,2025-01-18,High,Closed
15358,4153,2024-07-11,Low,Closed
15359,2360,2026-05-23,Medium,In Progress
15360,3934,2025-07-28,High,Closed
15361,1538,2026-02-12,Low,In Progress
15362,5257,2024-05-15,High,Closed
15363,4032,2025-01-18,Medium,Closed
15364,4895,2025-10-05,Low,Closed
15365,2721,2023-09-10,Medium,Closed
15366,3425,2026-04-25,Critical,Closed
15367,4401,2024-12-12,Medium,In Progress
15368,4483,2024-05-22,High,In Progress
15369,1383,2025-09-18,Medium,In Progress
15370,3650,2024-05-18,Low,In Progress
15371,5983,2024-03-31,High,In Progress
15372,3808,2024-04-14,High,In Progress
15373,1664,2026-02-13,High,Closed
15374,2265,2024-12-09,Low,Closed
15375,3843,2023-12-06,Low,In Progress
15376,4868,2023-11-29,Medium,Closed
15377,4246,2023-08-23,Low,In Progress
15378,1903,2023-07-20,Low,Closed
15379,5771,2025-12-30,Low,Closed
15380,3922,2024-03-01,Critical,Closed
15381,3043,2024-07-23,Low,Closed
15382,5334,2024-06-19,Low,Closed
15383,5847,2025-12-08,Critical,Closed
15384,3341,2025-02-14,Low,In Progress
15385,3941,2025-10-19,Medium,Closed
15386,4844,2026-03-24,Medium,In Progress
15387,4039,2026-06-23,Low,Closed
15388,3616,2026-02-24,Medium,In Progress
15389,1378,2024-08-13,High,Closed
15390,2671,2024-11-19,Medium,In Progress
15391,4398,2026-01-22,Low,Closed
15392,2223,2024-09-17,Low,Open
15393,1041,2025-03-03,Medium,Open
15394,5997,2026-02-28,Low,Closed
15395,3060,2024-03-13,Low,Closed
15396,2154,2026-03-02,Low,In Progress
15397,3866,2024-07-23,Critical,Closed
15398,1085,2024-04-02,Low,Closed
15399,2526,2026-05-08,Low,Closed
15400,1552,2025-09-05,High,Closed
15401,2505,2024-07-01,Low,Closed
15402,1308,2024-02-25,High,Closed
15403,3000,2023-10-08,Medium,Closed
15404,1325,2023-12-11,Medium,Closed
15405,5673,2024-04-10,Medium,Open
15406,1563,2025-08-03,Medium,In Progress
15407,3558,2024-03-02,Medium,In Progress
15408,3573,2025-03-15,Medium,Closed
15409,4247,2024-12-31,High,Closed
15410,3345,2026-01-03,Low,Closed
15411,5649,2025-10-02,Low,Open
15412,1918,2023-07-25,Medium,Closed
15413,4611,2024-12-31,Medium,Closed
15414,3748,2026-01-31,Medium,Closed
15415,2487,2025-11-26,Medium,Closed
15416,5366,2026-06-24,Critical,Closed
15417,5789,2025-07-30,High,Closed
15418,1032,2023-11-20,Low,Open
15419,2996,2024-01-31,Low,Closed
15420,2542,2024-12-12,Critical,Closed
15421,4396,2026-01-31,Medium,In Progress
15422,4135,2025-01-19,Medium,Open
15423,3536,2025-10-30,Medium,Closed
15424,1199,2023-09-09,Medium,Closed
15425,1284,2025-06-12,Critical,Closed
15426,4607,2024-02-22,High,Closed
15427,3146,2023-11-28,Low,Closed
15428,1552,2024-01-05,High,In Progress
15429,2827,2024-12-25,High,In Progress
15430,2202,2024-08-24,High,Closed
15431,5756,2024-01-25,Low,Closed
15432,3120,2023-08-03,High,Closed
15433,5250,2025-05-24,Medium,Closed
15434,1003,2023-10-27,Critical,Closed
15435,1717,2025-03-05,Medium,Closed
15436,4917,2025-11-09,High,Open
15437,3804,2025-12-07,High,Closed
15438,2098,2024-07-21,Low,Closed
15439,5456,2024-03-01,Low,Closed
15440,2859,2023-11-13,Medium,Closed
15441,4685,2024-03-27,Low,Closed
15442,5710,2026-02-13,High,Closed
15443,1304,2025-09-16,Medium,Closed
15444,4921,2026-02-17,Low,Closed
15445,2833,2025-10-19,Medium,Closed
15446,3612,2024-09-03,Low,Closed
15447,4783,2025-01-19,Medium,Closed
15448,1681,2026-02-01,Low,In Progress
15449,2615,2025-10-03,High,Closed
15450,1583,2024-01-01,Critical,Closed
15451,2705,2025-04-22,Low,Closed
15452,5336,2024-07-24,Low,Closed
15453,4332,2026-05-02,Medium,Open
15454,4644,2026-01-14,Critical,Closed
15455,1981,2025-08-12,Medium,Closed
15456,4828,2025-11-14,Medium,Open
15457,1989,2025-04-19,Medium,Closed
15458,3478,2023-07-13,Low,Closed
15459,3119,2023-10-02,Low,Closed
15460,2147,2023-10-28,Medium,Closed
15461,5288,2023-09-25,Medium,In Progress
15462,4212,2026-05-26,Medium,Closed
15463,1090,2023-12-28,Medium,Closed
15464,5796,2023-07-27,Low,Closed
15465,3638,2024-06-19,Medium,Closed
15466,1380,2024-08-16,Critical,Open
15467,3542,2025-02-05,Critical,Closed
15468,3112,2025-03-03,Medium,In Progress
15469,2159,2024-07-07,Low,Closed
15470,5966,2025-11-22,High,Closed
15471,5141,2025-06-07,Low,In Progress
15472,1292,2024-02-25,Low,Closed
15473,1924,2025-01-30,Medium,In Progress
15474,4429,2025-01-20,Medium,Closed
15475,4272,2026-01-15,Medium,Closed
15476,4223,2026-01-13,Medium,Closed
15477,1412,2024-09-10,Low,Closed
15478,3081,2024-05-15,Low,Closed
15479,1324,2024-07-03,Medium,Closed
15480,3890,2023-07-09,Critical,In Progress
15481,2177,2025-06-03,Low,Closed
15482,4375,2023-12-17,Critical,In Progress
15483,5052,2023-10-09,High,Closed
15484,1319,2024-02-10,High,Closed
15485,2544,2025-07-29,High,Closed
15486,1479,2024-03-23,Medium,Closed
15487,5120,2025-01-26,Low,In Progress
15488,4224,2025-12-27,High,Open
15489,2836,2026-03-31,High,Closed
15490,3218,2025-06-13,High,In Progress
15491,3918,2025-04-15,High,Closed
15492,4728,2024-12-16,Low,Closed
15493,1979,2026-03-29,Critical,Closed
15494,3416,2024-12-20,Medium,Closed
15495,2392,2026-03-02,Medium,Closed
15496,1918,2024-10-29,Low,Closed
15497,1277,2024-02-23,Medium,In Progress
15498,4360,2025-06-04,Medium,Closed
15499,5254,2023-10-16,Low,Closed
15500,2983,2024-09-22,Medium,In Progress
15501,5501,2025-11-24,Medium,Closed
15502,4980,2023-11-09,Low,Closed
15503,3675,2025-11-28,Low,Closed
15504,2226,2023-10-15,Low,Open
15505,2336,2025-06-17,Medium,In Progress
15506,5888,2024-09-20,Low,In Progress
15507,1282,2025-01-22,Medium,Closed
15508,5489,2025-06-03,Medium,In Progress
15509,1291,2023-08-26,Low,In Progress
15510,5029,2023-11-23,Medium,Closed
15511,5791,2026-03-05,Medium,Closed
15512,1565,2025-09-22,Low,Closed
15513,1193,2024-08-13,Low,Closed
15514,4048,2024-04-02,High,Closed
15515,4323,2024-01-26,Medium,Closed
15516,1301,2023-08-12,Low,Closed
15517,5320,2025-08-25,Critical,Closed
15518,2486,2024-11-03,High,Closed
15519,3169,2026-05-06,Medium,In Progress
15520,3229,2025-11-02,Medium,Closed
15521,2510,2025-03-19,Low,Closed
15522,2690,2023-07-17,Medium,Closed
15523,4711,2024-07-07,High,Closed
15524,3427,2025-11-18,Critical,Closed
15525,3273,2026-01-21,Medium,Open
15526,3227,2023-11-11,Critical,In Progress
15527,1528,2024-07-30,Low,Closed
15528,4182,2025-08-23,Low,Closed
15529,1548,2023-08-11,Low,Closed
15530,1661,2025-05-04,Critical,Closed
15531,3921,2026-05-12,Medium,In Progress
15532,3206,2024-01-28,Low,Closed
15533,1113,2024-05-15,Medium,In Progress
15534,1593,2025-02-25,High,Open
15535,1545,2023-11-30,Medium,In Progress
15536,4001,2024-08-17,Critical,Open
15537,5105,2025-06-09,High,Closed
15538,2304,2024-08-04,Medium,Closed
15539,2690,2026-04-06,Low,Closed
15540,5894,2025-10-19,Medium,Closed
15541,1312,2025-04-03,Low,Open
15542,4265,2024-10-07,Low,In Progress
15543,3542,2026-01-21,Low,Closed
15544,4027,2025-08-29,Low,In Progress
15545,5278,2024-10-11,High,Closed
15546,3058,2023-06-29,High,In Progress
15547,2864,2023-10-28,Low,Closed
15548,5391,2024-08-13,High,In Progress
15549,5649,2023-09-12,Low,Closed
15550,4832,2024-01-25,Medium,In Progress
15551,4346,2024-10-03,Medium,Closed
15552,1594,2024-05-12,Low,Closed
15553,4774,2025-09-03,High,In Progress
15554,1864,2023-08-26,Low,Closed
15555,2945,2024-01-14,Critical,Closed
15556,2611,2023-09-28,High,Closed
15557,2835,2023-10-16,Low,Open
15558,4252,2026-05-06,Medium,In Progress
15559,2553,2026-03-26,Medium,Closed
15560,5166,2026-04-03,High,Closed
15561,1543,2024-11-11,Medium,Closed
15562,1230,2025-01-27,High,Closed
15563,2852,2024-10-11,Low,Closed
15564,5680,2024-02-29,High,Closed
15565,4163,2024-02-14,Low,Closed
15566,4304,2026-02-27,Critical,Closed
15567,4901,2023-08-28,Low,Closed
15568,2177,2025-04-02,Low,Closed
15569,2833,2024-06-18,Medium,In Progress
15570,5096,2025-10-27,Low,Closed
15571,5561,2024-06-21,Low,Closed
15572,5239,2026-02-01,Medium,Closed
15573,3957,2026-04-24,High,Closed
15574,1440,2025-10-23,High,Closed
15575,1765,2025-05-12,Medium,In Progress
15576,4580,2024-03-11,Low,Closed
15577,5658,2024-02-19,Low,Closed
15578,5995,2025-06-08,High,Closed
15579,2314,2025-05-31,Medium,Closed
15580,1725,2024-11-01,Medium,Open
15581,4283,2024-07-23,Medium,Open
15582,5922,2025-12-07,High,Closed
15583,4159,2026-01-29,Medium,Closed
15584,3143,2024-05-05,Low,Closed
15585,3806,2023-09-07,Medium,Closed
15586,3990,2025-12-20,Medium,Closed
15587,5617,2025-09-25,Low,In Progress
15588,1453,2025-10-26,High,Closed
15589,5268,2024-01-07,Medium,Closed
15590,4496,2025-08-18,Low,In Progress
15591,3219,2024-06-14,Critical,Closed
15592,1121,2024-10-13,Low,In Progress
15593,5439,2024-11-09,Medium,Closed
15594,1170,2023-09-01,Medium,Closed
15595,3514,2026-04-25,Medium,Closed
15596,3559,2025-02-16,Medium,Closed
15597,3083,2024-12-19,High,Closed
15598,5951,2026-05-29,High,Closed
15599,3292,2023-10-01,Medium,Closed
15600,3862,2025-12-26,Medium,In Progress
15601,5439,2025-11-20,Low,Closed
15602,2601,2025-12-05,Critical,Closed
15603,4548,2026-06-05,Critical,Open
15604,4601,2025-09-03,High,Closed
15605,1275,2024-08-27,Low,Closed
15606,3746,2026-04-22,Low,Closed
15607,2085,2025-05-15,Low,Closed
15608,4507,2023-12-08,Medium,In Progress
15609,3276,2024-08-11,Medium,Open
15610,3152,2025-09-26,Low,Closed
15611,3574,2025-03-06,Critical,Closed
15612,3566,2025-08-15,Critical,Closed
15613,1903,2025-05-29,Critical,Closed
15614,1389,2023-09-23,Medium,Open
15615,2071,2023-09-22,High,Closed
15616,3001,2026-04-14,Low,Closed
15617,5410,2024-07-22,High,Closed
15618,5501,2024-05-04,Low,Closed
15619,1681,2023-09-10,Medium,Open
15620,2881,2026-01-05,Low,Closed
15621,4515,2024-01-11,Low,Closed
15622,2862,2024-07-15,Medium,In Progress
15623,2808,2023-09-19,Low,Closed
15624,4652,2024-01-25,Medium,Open
15625,1198,2025-12-05,Medium,Closed
15626,1277,2025-02-04,Low,Open
15627,2016,2025-05-27,Low,In Progress
15628,5618,2026-04-10,Medium,Closed
15629,5036,2026-02-11,High,Closed
15630,1385,2026-04-14,Medium,Closed
15631,2452,2025-05-21,Medium,Closed
15632,3054,2025-09-27,Medium,In Progress
15633,2980,2025-04-07,Medium,Open
15634,4936,2025-08-24,High,Closed
15635,4202,2023-11-27,Low,Closed
15636,4550,2024-04-29,Medium,Closed
15637,2796,2025-04-30,Low,Closed
15638,2064,2025-03-10,Medium,Closed
15639,1335,2026-02-22,Critical,Closed
15640,2091,2025-07-24,High,Closed
15641,1105,2024-08-29,Low,Closed
15642,4929,2024-01-08,Low,Closed
15643,2675,2024-02-08,Low,Open
15644,5897,2025-11-07,Medium,Closed
15645,2828,2026-04-17,Medium,Closed
15646,5227,2025-09-13,Low,Closed
15647,2442,2025-01-23,High,Closed
15648,1977,2025-12-18,Low,Closed
15649,4008,2025-08-14,Low,Closed
15650,4796,2026-01-05,Low,Closed
15651,4226,2025-11-21,Critical,In Progress
15652,4154,2026-03-18,Low,Closed
15653,4022,2025-06-22,High,Open
15654,2290,2025-04-07,Medium,In Progress
15655,5582,2024-11-18,Medium,In Progress
15656,4585,2025-12-08,Medium,Closed
15657,3469,2023-10-26,Medium,Closed
15658,1385,2024-05-23,Low,In Progress
15659,1925,2025-12-26,Medium,Closed
15660,1528,2024-02-22,Medium,Closed
15661,1045,2024-02-04,Low,Closed
15662,2808,2024-08-27,High,Closed
15663,1607,2023-07-31,Low,Open
15664,4946,2024-11-30,High,Closed
15665,5478,2025-06-08,Low,Closed
15666,3957,2025-12-02,Low,Closed
15667,4017,2024-05-08,Low,In Progress
15668,4111,2023-12-12,High,Closed
15669,5836,2025-10-05,Medium,Closed
15670,2990,2023-12-06,Low,Closed
15671,4169,2025-09-25,Low,Closed
15672,1554,2023-08-23,High,Closed
15673,2525,2025-12-14,Critical,In Progress
15674,4121,2026-03-13,High,Closed
15675,2635,2024-06-04,Low,Closed
15676,4195,2024-03-16,Low,Closed
15677,4398,2026-01-27,High,In Progress
15678,1478,2026-02-17,Low,Open
15679,2570,2025-12-27,High,Closed
15680,2621,2023-09-03,Critical,Closed
15681,5908,2026-04-28,Medium,Closed
15682,2996,2025-12-28,Low,Closed
15683,3577,2024-07-22,Low,Closed
15684,5819,2026-06-11,Low,Closed
15685,1670,2025-02-16,Low,Closed
15686,1880,2024-10-15,Low,Closed
15687,4945,2024-12-13,High,Closed
15688,5295,2026-06-26,Low,Closed
15689,4472,2025-01-01,Low,In Progress
15690,1777,2025-11-17,Critical,Closed
15691,2869,2025-07-12,Medium,Open
15692,1549,2025-06-13,Low,In Progress
15693,2250,2023-11-10,Medium,Closed
15694,4577,2023-12-18,Low,Closed
15695,3476,2025-07-25,Low,Closed
15696,5979,2025-12-13,Low,Closed
15697,5305,2025-02-24,High,Closed
15698,3447,2024-06-28,Low,Open
15699,3377,2025-05-11,Low,Closed
15700,5552,2025-10-08,Medium,Open
15701,5710,2023-08-10,High,Closed
15702,2331,2025-09-03,Low,Closed
15703,1377,2025-12-17,Low,Closed
15704,3761,2024-01-20,Medium,Closed
15705,1720,2025-12-02,Low,Closed
15706,5732,2025-04-22,Medium,Closed
15707,5510,2025-12-19,Medium,Closed
15708,5809,2024-08-17,Low,Closed
15709,1315,2023-11-16,High,Closed
15710,2218,2026-02-18,Low,In Progress
15711,4842,2024-12-03,High,Closed
15712,5608,2023-09-29,Low,Closed
15713,4380,2023-12-15,High,Open
15714,3199,2024-10-09,High,Closed
15715,5188,2024-11-25,Low,Closed
15716,1085,2024-03-24,High,Closed
15717,2231,2025-05-25,Critical,Closed
15718,4436,2025-04-10,High,Closed
15719,1855,2024-03-13,Low,Closed
15720,1333,2025-11-17,Low,Closed
15721,1630,2023-09-03,Low,In Progress
15722,4711,2026-01-21,Critical,Closed
15723,5146,2025-10-14,Medium,Closed
15724,5710,2025-03-10,Medium,Closed
15725,1673,2024-11-04,Medium,Closed
15726,2408,2023-08-30,High,Closed
15727,1511,2026-04-15,Medium,Closed
15728,1195,2023-08-06,Medium,Closed
15729,2802,2024-01-01,Critical,In Progress
15730,4141,2026-06-19,Medium,Closed
15731,1751,2026-06-05,Low,Closed
15732,5998,2025-05-09,Low,In Progress
15733,3555,2024-10-07,Low,Closed
15734,3111,2023-08-18,Critical,Closed
15735,3923,2024-01-03,Low,Closed
15736,1665,2025-06-07,High,In Progress
15737,3701,2023-11-14,Low,Closed
15738,4556,2024-01-03,Medium,Closed
15739,2366,2024-10-03,Medium,Closed
15740,3365,2025-11-01,Medium,In Progress
15741,1264,2024-01-25,Medium,Closed
15742,4414,2024-11-13,Medium,Closed
15743,4090,2025-03-06,Low,Closed
15744,3926,2023-11-23,High,Open
15745,5996,2025-02-24,Medium,Closed
15746,3334,2025-12-28,Medium,Closed
15747,2534,2025-07-31,Medium,In Progress
15748,1240,2024-10-01,Low,Closed
15749,4601,2023-07-30,Medium,In Progress
15750,4934,2025-07-31,Critical,Closed
15751,2295,2024-08-05,Medium,Closed
15752,3353,2024-11-25,Critical,Closed
15753,5312,2023-08-22,Low,Closed
15754,5169,2024-06-18,Critical,Closed
15755,1812,2025-08-10,High,In Progress
15756,1134,2025-04-05,Low,Open
15757,4700,2024-11-03,Medium,Closed
15758,4514,2024-08-25,Low,Closed
15759,2871,2025-06-24,Critical,Closed
15760,4496,2024-09-04,Low,Closed
15761,3239,2025-02-01,Critical,Closed
15762,3354,2026-04-02,Medium,In Progress
15763,3052,2026-05-18,Low,Closed
15764,3584,2026-05-04,High,Closed
15765,3434,2024-08-16,High,Closed
15766,3217,2025-05-15,Critical,In Progress
15767,4818,2026-04-03,Low,Closed
15768,4006,2025-11-24,Medium,Closed
15769,3458,2023-11-13,High,Closed
15770,5265,2023-12-28,Low,Closed
15771,5104,2025-04-30,Low,Closed
15772,5211,2026-03-20,Low,Closed
15773,5289,2025-05-17,High,Closed
15774,1340,2024-06-17,Low,Closed
15775,5309,2024-03-14,High,Closed
15776,4866,2025-04-23,High,Closed
15777,1944,2025-02-03,Medium,In Progress
15778,4932,2025-05-04,Medium,Closed
15779,3574,2026-04-16,Critical,In Progress
15780,3876,2023-10-24,Medium,Closed
15781,4302,2025-09-02,Medium,Closed
15782,3605,2024-12-04,High,Closed
15783,4211,2024-11-20,Low,Closed
15784,1523,2026-03-24,Low,In Progress
15785,5362,2026-05-07,Low,In Progress
15786,1176,2023-07-12,Medium,Closed
15787,5260,2024-08-13,High,Closed
15788,3274,2024-01-19,Low,Closed
15789,2496,2026-04-05,Medium,Open
15790,5417,2024-03-18,Low,Closed
15791,3851,2024-10-04,Low,Closed
15792,4629,2023-10-17,High,In Progress
15793,2886,2026-06-26,Medium,Open
15794,1437,2026-05-19,Low,In Progress
15795,5198,2025-05-29,Medium,Closed
15796,4147,2024-12-08,Medium,Closed
15797,1946,2025-11-19,Low,Closed
15798,3585,2026-05-30,Low,Open
15799,2534,2023-11-21,High,Closed
15800,4187,2024-12-26,Critical,Closed
15801,4857,2025-10-01,Critical,Closed
15802,2039,2025-07-30,Low,In Progress
15803,5940,2026-03-18,High,In Progress
15804,2719,2024-02-27,Low,Closed
15805,2134,2024-11-03,High,In Progress
15806,4712,2024-06-02,Medium,Closed
15807,2162,2024-06-06,High,In Progress
15808,2472,2025-04-14,Medium,In Progress
15809,1144,2025-05-31,Medium,Closed
15810,3785,2024-04-17,Low,Closed
15811,5502,2025-05-05,Medium,Closed
15812,3059,2023-10-05,Medium,Closed
15813,1992,2025-07-10,Medium,Closed
15814,3944,2025-06-27,Low,Closed
15815,4655,2026-06-02,Low,In Progress
15816,2240,2025-10-11,High,Closed
15817,4940,2025-03-16,Low,Closed
15818,4524,2023-08-24,Low,Closed
15819,4908,2025-06-25,Medium,In Progress
15820,4031,2025-11-20,Medium,Closed
15821,4972,2024-05-18,Low,Closed
15822,5018,2024-07-24,Medium,Closed
15823,4806,2024-08-22,Medium,In Progress
15824,5011,2024-10-28,Medium,Closed
15825,4526,2023-11-13,Medium,In Progress
15826,3183,2025-10-08,Medium,Closed
15827,3825,2025-09-24,Medium,Closed
15828,5475,2023-10-14,Medium,Closed
15829,3038,2025-09-30,Low,In Progress
15830,1693,2026-03-08,Low,Closed
15831,4241,2024-08-06,Critical,Closed
15832,1229,2024-06-30,Medium,Closed
15833,1335,2025-10-15,Low,Closed
15834,5404,2026-05-15,Medium,In Progress
15835,3756,2024-07-23,Low,Closed
15836,5731,2025-12-12,High,In Progress
15837,5993,2024-04-19,Low,Closed
15838,4067,2023-12-12,Medium,Open
15839,1792,2024-10-05,Low,Closed
15840,1379,2025-01-18,Medium,Closed
15841,3904,2024-07-15,Low,In Progress
15842,3586,2023-10-25,Medium,Closed
15843,4525,2024-05-10,Low,Closed
15844,2639,2025-08-30,Low,Closed
15845,4404,2024-12-09,High,In Progress
15846,1530,2026-04-20,High,Open
15847,1205,2024-12-18,Low,Closed
15848,5742,2023-11-19,Medium,Closed
15849,5852,2025-08-02,Low,Closed
15850,4064,2024-01-24,Low,Closed
15851,4665,2026-04-25,Critical,Closed
15852,2896,2025-05-22,Medium,Closed
15853,3486,2024-12-09,Critical,Closed
15854,5004,2024-05-30,Medium,Closed
15855,5932,2026-01-01,Medium,Closed
15856,2797,2025-06-14,High,Closed
15857,4334,2025-08-24,Low,Closed
15858,1999,2026-04-26,Low,Closed
15859,2867,2026-03-21,High,Closed
15860,5227,2024-04-03,Medium,In Progress
15861,5073,2024-06-12,Medium,Closed
15862,2564,2026-01-09,Low,Closed
15863,3756,2024-07-22,Medium,Closed
15864,5880,2025-04-30,Low,Closed
15865,4704,2023-08-17,Medium,In Progress
15866,4000,2024-02-06,Medium,Closed
15867,5346,2024-03-13,Medium,Closed
15868,1117,2026-05-27,Low,Closed
15869,2434,2023-09-17,Low,Closed
15870,4534,2023-10-27,High,Closed
15871,1774,2024-12-19,Medium,Closed
15872,2736,2024-02-26,Critical,Closed
15873,4485,2026-06-07,Medium,Closed
15874,3532,2023-08-19,Critical,Closed
15875,4963,2024-04-18,Medium,Closed
15876,4262,2025-02-17,Low,Closed
15877,3784,2023-08-02,Medium,Closed
15878,5418,2025-01-26,Low,Open
15879,3369,2026-01-09,Low,Closed
15880,5459,2025-05-19,Low,Closed
15881,4577,2024-06-10,Medium,Closed
15882,3107,2024-01-01,Low,Closed
15883,5371,2025-06-01,Medium,Open
15884,2421,2025-07-07,Medium,Closed
15885,4982,2023-06-29,High,Closed
15886,1634,2025-03-30,Critical,Closed
15887,4214,2023-10-29,Low,Open
15888,1913,2023-11-15,Low,Closed
15889,2176,2025-10-14,Medium,Closed
15890,3970,2025-09-14,Low,Open
15891,4984,2023-07-03,Low,Closed
15892,5261,2025-08-11,Medium,In Progress
15893,2105,2025-05-22,Medium,Closed
15894,1192,2025-02-15,Critical,Closed
15895,5253,2025-08-23,Medium,Closed
15896,4830,2023-09-07,Low,Closed
15897,4074,2025-12-16,Medium,Closed
15898,3227,2025-02-22,High,Closed
15899,2299,2026-05-15,Low,In Progress
15900,5875,2023-11-03,Low,Closed
15901,4157,2023-10-06,Low,Closed
15902,2726,2026-03-15,Low,Closed
15903,5514,2025-04-10,Low,Closed
15904,5677,2025-08-22,Medium,Closed
15905,5144,2024-12-06,Medium,Closed
15906,5876,2025-04-24,Low,Closed
15907,2141,2024-11-23,Low,In Progress
15908,5954,2025-01-08,Low,Closed
15909,5497,2024-03-11,Medium,Closed
15910,1286,2025-11-25,Low,Closed
15911,2836,2025-06-08,Low,In Progress
15912,1638,2026-01-04,Critical,Closed
15913,4937,2023-07-18,Low,Closed
15914,2354,2025-02-25,High,In Progress
15915,4210,2024-04-29,Low,Closed
15916,4858,2025-01-09,High,Closed
15917,2912,2024-09-15,Medium,Closed
15918,4082,2024-08-10,Low,In Progress
15919,5599,2025-02-22,Medium,Closed
15920,4029,2023-11-28,Medium,In Progress
15921,4475,2023-11-10,Low,Open
15922,3597,2023-08-28,Low,Closed
15923,4731,2024-06-28,Medium,Closed
15924,5549,2026-04-05,Medium,Closed
15925,1569,2023-10-01,Low,Closed
15926,4153,2025-07-30,Critical,In Progress
15927,3670,2024-11-27,Low,Closed
15928,2452,2024-05-09,High,Closed
15929,2419,2025-11-20,Low,In Progress
15930,3901,2024-01-15,High,Closed
15931,5350,2023-10-08,Medium,Closed
15932,3336,2024-01-20,Medium,Closed
15933,4749,2025-01-04,High,Closed
15934,5220,2024-07-03,Low,Open
15935,3352,2026-06-14,Medium,Closed
15936,3946,2026-02-16,Critical,Open
15937,1999,2026-02-18,Medium,Closed
15938,3050,2023-07-14,Low,Closed
15939,3427,2025-05-11,Medium,Closed
15940,5515,2024-02-10,Medium,Closed
15941,3192,2025-06-19,Low,Open
15942,5161,2025-01-18,Medium,Closed
15943,3026,2026-05-23,Low,Open
15944,4944,2025-02-20,Low,Closed
15945,1498,2024-12-22,Medium,Closed
15946,2621,2026-05-15,Low,Closed
15947,5491,2025-10-12,Medium,Closed
15948,1986,2025-11-25,High,Closed
15949,2807,2023-08-11,Critical,Open
15950,3505,2026-04-23,Low,Closed
15951,1153,2023-10-23,Low,Closed
15952,3093,2024-02-21,High,Closed
15953,5727,2025-08-26,High,In Progress
15954,5913,2024-11-11,Low,Closed
15955,2107,2025-02-21,Medium,Closed
15956,3453,2025-11-07,Medium,In Progress
15957,2710,2025-08-07,Critical,Closed
15958,4383,2026-03-16,Low,Open
15959,1657,2023-10-13,Low,Closed
15960,2476,2024-04-28,Low,In Progress
15961,3266,2023-10-16,Low,Closed
15962,4347,2025-10-05,Critical,Closed
15963,4863,2024-03-29,Medium,Closed
15964,5878,2023-09-21,Low,Closed
15965,2046,2023-11-04,Medium,Closed
15966,2714,2025-12-18,Medium,Closed
15967,4921,2023-12-13,Medium,Closed
15968,1153,2024-07-06,Medium,Open
15969,5828,2025-04-21,Low,Closed
15970,5228,2023-11-07,Low,Closed
15971,5624,2024-12-24,Low,Closed
15972,1123,2026-03-12,Medium,Closed
15973,2429,2023-11-30,High,Open
15974,5455,2024-03-23,Medium,Closed
15975,5068,2025-12-24,Low,In Progress
15976,5499,2025-12-06,Low,In Progress
15977,1742,2023-09-06,High,Closed
15978,3209,2025-04-22,Low,Closed
15979,5841,2026-06-20,Medium,In Progress
15980,4422,2025-06-26,Critical,Closed
15981,3727,2026-02-28,Medium,Closed
15982,5446,2024-11-19,Critical,Closed
15983,3338,2023-08-23,Medium,In Progress
15984,3873,2024-10-01,Medium,Closed
15985,3119,2025-05-28,Low,Open
15986,3073,2025-06-02,High,Closed
15987,3873,2024-05-25,Low,Closed
15988,3280,2025-11-25,High,Closed
15989,5856,2026-03-03,High,Closed
15990,3817,2023-10-12,Low,Closed
15991,5874,2024-05-06,Low,Closed
15992,4872,2023-08-24,Low,Closed
15993,1382,2024-06-19,Low,Closed
15994,5002,2026-01-10,Medium,Closed
15995,4497,2023-07-12,Low,Closed
15996,4529,2024-09-28,Low,Open
15997,4338,2023-10-08,Medium,Closed
15998,1829,2023-11-14,Medium,Closed
15999,5704,2025-07-26,Medium,Closed
16000,1448,2025-02-16,Medium,Closed
16001,5285,2026-06-09,Medium,Open
16002,1278,2024-10-13,Low,Closed
16003,4503,2025-11-09,Low,In Progress
16004,3185,2026-01-17,Low,Closed
16005,1662,2026-04-02,Medium,Closed
16006,2494,2023-11-21,Medium,In Progress
16007,3293,2024-11-04,High,Closed
16008,4889,2025-11-16,Medium,Closed
16009,4696,2025-06-09,Medium,Closed
16010,2427,2025-05-27,Low,Closed
16011,3604,2025-08-21,Critical,Closed
16012,4007,2024-02-04,Medium,Open
16013,5780,2025-11-18,Medium,Closed
16014,4133,2026-06-10,Low,Open
16015,5639,2024-02-29,High,Closed
16016,1757,2023-09-21,Medium,Closed
16017,4900,2023-08-18,Low,Closed
16018,3685,2025-10-18,High,Closed
16019,4603,2026-04-21,Low,Closed
16020,2122,2024-07-25,Critical,Closed
16021,4217,2024-01-10,Medium,Closed
16022,3298,2025-01-02,Medium,Closed
16023,2720,2025-08-07,Critical,Closed
16024,4634,2026-06-05,Low,In Progress
16025,4711,2024-05-27,Critical,Closed
16026,5561,2024-04-01,Low,In Progress
16027,2778,2026-04-21,High,In Progress
16028,5094,2025-03-04,Low,Closed
16029,3920,2024-08-21,High,Closed
16030,1661,2025-12-27,Medium,Closed
16031,2110,2026-06-17,Low,Closed
16032,2708,2025-03-13,Low,Closed
16033,1395,2025-06-04,Low,Closed
16034,3681,2023-09-25,Low,In Progress
16035,4412,2025-01-04,Medium,Closed
16036,1067,2025-06-17,Low,Closed
16037,4081,2024-10-15,Medium,Closed
16038,4869,2024-05-26,High,Closed
16039,1752,2024-11-10,Medium,Open
16040,4060,2024-03-20,Low,In Progress
16041,1173,2023-07-29,Medium,Closed
16042,2737,2026-03-27,Low,Closed
16043,5492,2026-01-28,High,Closed
16044,3596,2025-08-10,High,Closed
16045,4260,2026-05-10,Critical,Closed
16046,5656,2025-06-19,Medium,Closed
16047,3328,2025-07-17,Medium,Closed
16048,2026,2024-02-02,Medium,Closed
16049,3239,2024-02-02,Medium,Closed
16050,5336,2025-05-04,High,Closed
16051,2199,2023-11-17,Low,Closed
16052,1272,2023-09-21,High,In Progress
16053,2997,2024-06-17,High,Open
16054,1934,2025-07-20,High,Closed
16055,1633,2024-03-31,High,Closed
16056,2638,2024-03-25,Low,In Progress
16057,5808,2025-11-07,Medium,Closed
16058,1170,2023-08-14,Medium,Closed
16059,3015,2024-09-30,High,Closed
16060,5434,2026-02-02,Medium,Closed
16061,2095,2025-03-24,Critical,In Progress
16062,3680,2026-01-25,Low,Closed
16063,5768,2024-07-20,Medium,Closed
16064,3908,2023-08-27,Medium,Closed
16065,2967,2025-01-14,Critical,Closed
16066,2054,2025-05-16,Medium,In Progress
16067,1518,2025-01-19,High,Closed
16068,4324,2025-06-09,Low,Closed
16069,5114,2024-09-18,Medium,Closed
16070,1140,2025-12-26,Low,Closed
16071,3498,2024-12-22,Low,Closed
16072,3635,2025-06-25,Low,Open
16073,3237,2023-09-10,Low,Closed
16074,1393,2025-12-11,Low,In Progress
16075,5309,2025-10-16,Critical,In Progress
16076,3989,2024-07-01,High,In Progress
16077,4134,2024-08-19,Low,Open
16078,2447,2024-10-07,Low,Open
16079,5629,2025-05-21,Low,Closed
16080,1675,2023-12-09,High,In Progress
16081,3870,2023-07-31,Low,In Progress
16082,4666,2026-05-04,Medium,Closed
16083,4890,2025-02-08,Low,Closed
16084,1159,2025-02-21,Medium,Closed
16085,4119,2026-03-18,Medium,Closed
16086,1463,2026-05-17,Medium,Closed
16087,3306,2024-09-13,Medium,Closed
16088,4745,2026-05-04,High,Closed
16089,1423,2023-09-08,Medium,Closed
16090,5817,2025-02-13,High,Closed
16091,5750,2025-03-20,Low,In Progress
16092,2402,2025-09-26,Critical,Open
16093,5297,2024-12-02,Low,Open
16094,5551,2025-11-22,High,Closed
16095,1060,2025-08-25,Low,Closed
16096,1955,2025-06-04,Critical,Closed
16097,1978,2026-01-07,Medium,Closed
16098,5349,2025-04-17,Medium,Closed
16099,3611,2024-10-15,Low,Closed
16100,4527,2023-09-06,Medium,In Progress
16101,4117,2025-06-24,High,Closed
16102,1855,2026-05-31,High,Closed
16103,3436,2025-08-22,Low,Closed
16104,1672,2024-07-31,Medium,Closed
16105,3234,2026-04-22,High,Closed
16106,2976,2025-04-01,Low,In Progress
16107,3287,2025-03-31,Medium,Open
16108,3042,2025-08-01,Medium,Closed
16109,5674,2025-01-13,High,Closed
16110,3821,2024-02-15,Medium,Closed
16111,3684,2025-06-28,Low,Closed
16112,4068,2024-05-22,Medium,Closed
16113,4151,2024-06-18,Medium,Open
16114,2859,2023-08-12,High,In Progress
16115,4319,2025-07-27,Low,In Progress
16116,5351,2026-05-12,Medium,Closed
16117,4459,2024-04-11,Critical,Closed
16118,3219,2025-03-14,Low,Closed
16119,4792,2024-09-12,Medium,Closed
16120,4812,2025-01-19,Low,Closed
16121,3312,2024-12-03,Low,Closed
16122,4921,2024-02-05,High,Closed
16123,1149,2026-04-24,Medium,Closed
16124,3623,2024-01-30,Low,Closed
16125,4012,2023-09-10,Critical,Closed
16126,1634,2025-03-21,Critical,Closed
16127,3847,2025-10-20,Low,Closed
16128,1161,2023-12-20,Low,Closed
16129,3534,2026-04-26,Medium,Closed
16130,4079,2024-08-03,Low,Closed
16131,3619,2026-02-28,Medium,Closed
16132,5345,2025-11-22,Medium,Closed
16133,2413,2023-11-28,Low,Closed
16134,5648,2023-11-16,Medium,Closed
16135,3495,2024-06-05,Medium,Closed
16136,5763,2024-01-25,Medium,Closed
16137,5418,2023-08-29,Low,In Progress
16138,2787,2023-12-03,High,Closed
16139,1223,2023-07-10,Low,Closed
16140,5956,2025-01-16,Critical,Closed
16141,3145,2024-05-16,High,Closed
16142,2079,2025-02-24,Medium,In Progress
16143,2564,2024-08-01,Low,Closed
16144,4410,2025-01-15,Critical,Open
16145,3700,2025-04-23,Medium,Closed
16146,2859,2025-10-01,Medium,Closed
16147,4394,2024-01-21,Medium,Closed
16148,2617,2025-12-08,Low,Closed
16149,4409,2025-11-21,Low,Open
16150,5627,2024-03-31,Low,Closed
16151,4664,2025-06-12,Critical,Open
16152,3382,2023-10-06,High,In Progress
16153,1043,2025-09-11,Medium,Closed
16154,2810,2023-11-05,Low,Closed
16155,3764,2024-01-05,High,Open
16156,3586,2025-12-03,Medium,Closed
16157,3217,2025-04-18,Medium,Closed
16158,3441,2023-07-27,Low,Closed
16159,3005,2023-09-28,Low,Open
16160,4106,2025-06-29,Low,Closed
16161,5320,2024-10-11,Medium,Closed
16162,3940,2025-10-28,High,Closed
16163,4838,2026-01-03,Low,Closed
16164,3964,2026-02-27,Medium,Closed
16165,1039,2025-12-23,Medium,Closed
16166,5766,2025-05-10,Critical,Closed
16167,2980,2025-09-12,High,Closed
16168,1598,2024-07-10,Low,In Progress
16169,2746,2025-10-16,Low,Closed
16170,1184,2025-07-30,Medium,In Progress
16171,5593,2026-04-18,High,Closed
16172,1351,2023-12-29,Low,In Progress
16173,1067,2023-08-15,Low,Closed
16174,1027,2024-03-21,High,Closed
16175,2968,2023-09-10,High,Closed
16176,5948,2023-07-10,Low,Closed
16177,3994,2026-03-21,Low,Open
16178,5138,2023-08-11,Medium,Closed
16179,2011,2024-01-16,Critical,Closed
16180,4885,2024-02-11,Medium,Closed
16181,2095,2026-04-14,Critical,Closed
16182,2976,2024-01-18,Medium,Closed
16183,2322,2024-10-30,Critical,Closed
16184,3977,2024-07-25,High,Closed
16185,1819,2025-01-21,Low,Closed
16186,4758,2025-11-02,Low,Closed
16187,5195,2024-04-20,Medium,Closed
16188,2094,2024-10-13,Medium,Closed
16189,3270,2025-11-04,Critical,Open
16190,2512,2026-05-16,Medium,Closed
16191,3951,2025-02-18,Medium,Closed
16192,2218,2026-02-21,Low,Closed
16193,1425,2025-12-26,Low,Closed
16194,3747,2026-03-08,Low,Closed
16195,4478,2024-09-22,Medium,Closed
16196,1571,2023-10-14,Medium,Closed
16197,5312,2026-06-24,Medium,Closed
16198,1922,2026-05-27,Critical,Closed
16199,3688,2024-12-10,Medium,Closed
16200,1875,2023-10-07,Medium,Closed
16201,5446,2025-09-08,Medium,Closed
16202,4647,2023-10-12,Medium,In Progress
16203,4662,2024-08-30,Low,Closed
16204,2607,2025-06-29,Medium,Closed
16205,4061,2026-05-28,Low,Closed
16206,5666,2026-02-09,Low,In Progress
16207,1040,2025-01-30,High,Closed
16208,1175,2024-12-08,Low,In Progress
16209,5716,2023-09-20,Low,Closed
16210,1093,2026-03-04,Critical,Closed
16211,1184,2026-01-23,Low,Closed
16212,5836,2023-09-03,Medium,Closed
16213,2943,2023-07-01,High,Closed
16214,5508,2025-10-29,Critical,Open
16215,4300,2024-01-14,Low,Open
16216,1950,2026-05-02,Medium,Closed
16217,1346,2025-07-24,Medium,Closed
16218,5976,2026-03-11,Low,In Progress
16219,5441,2026-05-30,Low,Closed
16220,1326,2024-04-24,High,Closed
16221,1957,2024-10-20,Medium,Closed
16222,4060,2024-11-12,Medium,Closed
16223,3772,2025-11-08,High,Closed
16224,1376,2025-10-28,High,Open
16225,3115,2024-07-16,Low,Closed
16226,1332,2026-06-15,Medium,Closed
16227,3185,2025-03-26,Medium,Closed
16228,5991,2024-10-27,Medium,Open
16229,4577,2025-05-19,High,Open
16230,4828,2024-07-24,Medium,Closed
16231,1547,2024-05-24,Medium,Closed
16232,3646,2024-08-25,Critical,Open
16233,3643,2026-02-27,Low,Open
16234,2895,2024-08-17,Medium,Closed
16235,3291,2024-07-19,Medium,Closed
16236,1773,2026-06-17,Low,Open
16237,3484,2025-05-07,High,Closed
16238,4234,2025-11-22,Low,Closed
16239,1643,2023-09-18,Low,Closed
16240,4452,2026-04-18,Critical,Closed
16241,2861,2024-05-26,Medium,Closed
16242,1378,2024-12-11,High,Closed
16243,1862,2023-07-21,Medium,Closed
16244,2992,2025-12-01,Medium,Closed
16245,4700,2025-07-21,Low,Open
16246,1919,2025-10-19,Medium,Closed
16247,4538,2023-10-12,Low,Closed
16248,1684,2024-11-19,Medium,Closed
16249,3113,2024-04-17,Medium,Closed
16250,4229,2025-11-20,Critical,Closed
16251,3363,2026-01-06,Medium,In Progress
16252,5375,2026-06-11,Low,Closed
16253,3996,2026-06-25,High,Closed
16254,4594,2024-04-16,Medium,Closed
16255,3278,2024-10-09,Low,Closed
16256,2834,2026-05-23,High,Closed
16257,4306,2024-11-11,Medium,In Progress
16258,2868,2023-11-19,Medium,Closed
16259,4549,2024-06-24,Low,Closed
16260,1131,2024-03-08,Medium,Closed
16261,1050,2023-10-03,Critical,Closed
16262,4357,2025-07-14,Critical,Closed
16263,5563,2023-09-03,High,Open
16264,3727,2023-11-06,Low,Closed
16265,1050,2024-02-28,Medium,Open
16266,5712,2026-06-14,Low,Closed
16267,4217,2025-12-07,Low,Closed
16268,3194,2026-06-06,Critical,Open
16269,3533,2025-04-13,Low,Closed
16270,5022,2025-11-01,High,In Progress
16271,4144,2025-06-27,High,Closed
16272,5809,2024-09-16,Low,Closed
16273,4090,2024-12-05,Medium,Closed
16274,1545,2024-04-13,Critical,In Progress
16275,1848,2026-03-02,Low,Closed
16276,5998,2023-09-01,High,Closed
16277,1542,2025-08-24,High,In Progress
16278,3346,2025-10-20,Medium,Closed
16279,2945,2025-02-15,Medium,In Progress
16280,3704,2026-03-16,Low,Closed
16281,3947,2026-02-19,Medium,Closed
16282,2824,2024-12-03,Medium,Open
16283,3226,2025-09-29,Critical,In Progress
16284,2110,2025-09-29,Critical,In Progress
16285,4000,2026-04-30,Critical,In Progress
16286,3326,2026-04-08,Medium,Closed
16287,5414,2026-05-28,Low,Closed
16288,4065,2025-04-08,Low,Open
16289,2103,2026-04-16,Medium,In Progress
16290,1734,2023-11-05,Low,Closed
16291,2323,2026-02-09,High,Closed
16292,5168,2024-06-29,Low,Closed
16293,2268,2024-01-08,Low,In Progress
16294,3196,2025-12-28,Medium,In Progress
16295,5301,2025-05-07,Medium,Closed
16296,1978,2026-01-26,Low,Closed
16297,1806,2026-02-23,Low,Closed
16298,4439,2026-03-04,High,Closed
16299,1545,2026-03-01,Low,In Progress
16300,5016,2023-12-24,Medium,Open
16301,2451,2023-08-16,Low,In Progress
16302,1285,2025-11-05,High,Closed
16303,1689,2024-12-09,High,Closed
16304,2674,2023-07-05,High,Closed
16305,2994,2025-04-07,Critical,Closed
16306,5953,2024-03-27,Low,Closed
16307,5850,2025-07-20,Medium,Closed
16308,5072,2025-01-18,Medium,Closed
16309,2038,2023-06-27,Medium,In Progress
16310,3939,2025-09-29,Medium,Closed
16311,5344,2026-05-14,Low,Closed
16312,2278,2024-11-02,Low,Closed
16313,1109,2025-05-24,Medium,Open
16314,3000,2023-10-06,Critical,In Progress
16315,4154,2025-10-30,Low,Closed
16316,2883,2024-01-05,Low,Closed
16317,1610,2025-11-24,Critical,Closed
16318,3370,2025-11-26,Medium,Open
16319,3950,2026-06-03,Medium,Closed
16320,4854,2026-03-21,Critical,Closed
16321,5666,2025-02-16,Medium,Closed
16322,1659,2023-07-16,Medium,Closed
16323,4591,2025-09-16,Low,Closed
16324,5593,2024-05-19,Low,In Progress
16325,5565,2024-02-02,High,Closed
16326,5674,2023-08-21,High,Closed
16327,2348,2026-02-24,Medium,Closed
16328,1321,2023-12-24,Medium,Closed
16329,2324,2025-04-07,Medium,Closed
16330,5926,2025-07-25,High,Closed
16331,2138,2024-03-20,High,Closed
16332,4055,2025-11-07,Critical,Closed
16333,1095,2024-10-02,High,Closed
16334,2508,2025-10-22,High,Closed
16335,1962,2026-04-06,High,Closed
16336,4996,2024-07-03,High,Closed
16337,2765,2024-08-26,High,Closed
16338,2510,2024-05-04,Low,Closed
16339,3641,2024-11-07,Medium,Closed
16340,3094,2023-10-17,Low,Open
16341,2624,2025-09-13,Low,Closed
16342,4899,2026-04-03,Medium,In Progress
16343,4530,2025-08-19,Medium,Closed
16344,4236,2025-07-05,Medium,Closed
16345,5995,2025-04-04,Low,Open
16346,5240,2026-01-17,Medium,Closed
16347,5860,2025-03-20,Low,Closed
16348,1115,2025-08-15,High,Closed
16349,3497,2025-12-06,High,Closed
16350,2772,2026-04-10,Medium,Closed
16351,5710,2024-12-21,Critical,In Progress
16352,5787,2025-05-19,Medium,Closed
16353,2703,2025-05-03,Low,Closed
16354,4615,2026-02-14,Low,Closed
16355,1629,2023-10-19,Medium,Closed
16356,4710,2025-11-13,Low,Closed
16357,2156,2024-07-06,Low,In Progress
16358,4100,2025-01-31,High,Closed
16359,5059,2024-06-28,Critical,Closed
16360,1705,2026-06-05,High,Closed
16361,2387,2024-11-19,Medium,Closed
16362,4151,2023-09-08,Low,Closed
16363,2880,2026-04-06,Low,Closed
16364,4643,2026-06-05,Low,In Progress
16365,2674,2024-12-26,Low,In Progress
16366,3944,2026-02-04,Low,Open
16367,2448,2023-11-13,Low,Closed
16368,2229,2024-06-15,Medium,Closed
16369,1920,2024-06-15,Low,Closed
16370,1137,2025-10-08,Critical,Closed
16371,2500,2025-10-21,Medium,Closed
16372,5794,2026-02-26,Medium,Closed
16373,3366,2025-05-31,High,Open
16374,2409,2023-12-21,Low,Closed
16375,4647,2024-05-01,High,Closed
16376,4430,2023-10-04,High,Closed
16377,2308,2024-01-10,Low,Closed
16378,5023,2026-05-21,Medium,Closed
16379,3145,2024-02-14,Critical,Closed
16380,5863,2026-02-08,Medium,Closed
16381,5100,2024-08-01,Medium,Closed
16382,5053,2024-07-29,Low,In Progress
16383,4648,2024-07-28,Low,Closed
16384,1295,2026-06-02,Low,Closed
16385,4112,2026-04-15,Low,Closed
16386,3217,2024-04-07,Critical,Closed
16387,3339,2023-10-17,Medium,Closed
16388,2739,2025-05-13,Low,In Progress
16389,2212,2026-03-07,Low,Open
16390,5927,2025-10-19,Medium,Closed
16391,5570,2024-04-09,High,Closed
16392,5445,2024-01-20,Low,Closed
16393,4701,2024-02-10,Medium,Open
16394,5682,2024-08-25,High,Closed
16395,2991,2025-09-28,High,Open
16396,1008,2025-02-22,Medium,Open
16397,5209,2025-07-11,Medium,Closed
16398,4862,2025-10-22,Critical,Closed
16399,4129,2025-06-11,Low,In Progress
16400,5442,2024-05-21,High,Open
16401,1467,2025-04-05,High,Closed
16402,4805,2024-02-09,Medium,Closed
16403,1427,2026-03-23,Medium,Closed
16404,3512,2025-12-07,Medium,Open
16405,2556,2023-07-09,High,Closed
16406,5988,2026-05-08,High,Closed
16407,1548,2023-09-01,High,Closed
16408,1797,2026-01-20,Critical,In Progress
16409,1804,2025-02-01,Medium,Closed
16410,2842,2024-02-14,Low,In Progress
16411,4826,2024-02-04,High,Closed
16412,2742,2023-07-08,Medium,Closed
16413,2585,2024-03-01,Medium,Closed
16414,2525,2026-03-07,Low,In Progress
16415,4483,2026-05-23,Medium,Closed
16416,2051,2024-09-13,Low,Closed
16417,5854,2025-06-30,Medium,In Progress
16418,2850,2025-02-10,Low,Open
16419,5414,2024-05-07,Critical,Closed
16420,2139,2025-12-26,Medium,Closed
16421,1490,2025-05-25,High,In Progress
16422,5691,2025-05-12,Medium,In Progress
16423,5076,2023-12-12,Low,Closed
16424,5341,2024-11-09,Low,Closed
16425,1484,2025-06-11,Low,In Progress
16426,4606,2024-11-06,Medium,In Progress
16427,2856,2024-04-11,Low,Closed
16428,1232,2025-03-04,Medium,Closed
16429,5097,2023-08-31,Medium,Closed
16430,2304,2024-12-29,Low,Closed
16431,3004,2025-01-19,Medium,Closed
16432,5433,2025-04-13,Low,In Progress
16433,4187,2025-04-01,Low,In Progress
16434,3915,2025-01-20,Medium,Closed
16435,5921,2024-06-30,Critical,In Progress
16436,4513,2024-12-07,Medium,In Progress
16437,5168,2024-12-23,Medium,Closed
16438,1702,2025-08-12,Critical,Closed
16439,4929,2026-03-03,High,Closed
16440,1798,2023-07-16,Low,Open
16441,1947,2024-10-14,Medium,Closed
16442,4894,2025-07-11,Low,In Progress
16443,4201,2026-03-10,Medium,In Progress
16444,1139,2025-04-16,High,Closed
16445,1729,2026-05-13,High,In Progress
16446,3655,2023-10-15,High,Closed
16447,1725,2026-06-14,High,In Progress
16448,4147,2024-05-07,Critical,Closed
16449,2179,2024-01-24,Low,In Progress
16450,2052,2024-08-20,Medium,Closed
16451,5097,2024-02-25,Low,Closed
16452,3844,2025-04-10,High,Closed
16453,2342,2025-12-04,Low,Closed
16454,4761,2024-10-29,Critical,Closed
16455,4481,2026-04-28,Medium,Closed
16456,1153,2025-11-22,Medium,Closed
16457,3177,2025-04-06,Low,In Progress
16458,3200,2024-11-19,Critical,Closed
16459,5704,2025-10-30,High,Closed
16460,2275,2024-01-11,Low,Open
16461,3919,2024-09-02,Critical,Closed
16462,4548,2024-11-18,High,Closed
16463,3111,2024-05-30,High,Closed
16464,1137,2026-06-06,Medium,Closed
16465,5215,2025-12-15,Low,Open
16466,1165,2025-03-10,High,Closed
16467,4741,2025-08-13,Low,Closed
16468,5829,2025-08-07,Medium,Closed
16469,1467,2025-06-19,High,Closed
16470,1313,2026-05-04,Medium,Closed
16471,3867,2026-01-31,Low,Open
16472,4582,2024-11-01,Medium,Closed
16473,4528,2024-03-27,High,Closed
16474,5558,2024-10-24,Low,Closed
16475,1387,2025-10-11,Medium,Closed
16476,4006,2025-09-09,Medium,Closed
16477,4891,2025-06-08,Low,Closed
16478,3629,2023-07-18,Medium,Closed
16479,4387,2024-09-14,Medium,Closed
16480,3464,2023-10-13,High,Closed
16481,2289,2025-05-16,Medium,Closed
16482,1789,2024-09-17,Medium,Closed
16483,2661,2024-12-17,High,In Progress
16484,1479,2025-12-19,Low,In Progress
16485,1541,2023-11-29,Medium,Open
16486,1866,2024-06-10,Low,Open
16487,5532,2023-08-05,Medium,Closed
16488,2960,2024-07-16,High,Closed
16489,5578,2026-02-16,Low,Closed
16490,5999,2026-02-15,Low,Closed
16491,2465,2025-06-08,Critical,In Progress
16492,4584,2025-04-09,Low,Closed
16493,3095,2023-07-19,Low,Closed
16494,2093,2023-07-11,Low,Closed
16495,2455,2024-06-27,Low,Closed
16496,4909,2023-06-29,Medium,Closed
16497,3125,2023-11-21,Low,Closed
16498,2332,2024-12-15,Medium,Closed
16499,5929,2024-02-26,Low,Closed
16500,4485,2023-08-19,Critical,Closed
16501,2793,2024-02-22,Low,In Progress
16502,2912,2023-10-06,Low,Closed
16503,3360,2026-02-24,Low,Closed
16504,3118,2026-02-16,Low,In Progress
16505,5558,2024-02-01,Low,In Progress
16506,5626,2023-12-15,Low,Closed
16507,3691,2026-06-07,Medium,Closed
16508,5410,2026-03-07,Medium,Closed
16509,2512,2023-12-30,High,Closed
16510,4716,2024-06-02,High,Closed
16511,2601,2026-03-06,Low,Closed
16512,3580,2026-01-07,Low,Open
16513,4679,2024-02-21,Low,In Progress
16514,5621,2024-05-06,High,Closed
16515,3524,2023-12-03,Medium,Open
16516,1884,2023-11-04,Medium,Closed
16517,2894,2024-10-04,Medium,Closed
16518,4400,2025-03-06,Medium,Closed
16519,2894,2024-08-14,Low,Open
16520,2700,2023-09-06,Low,Closed
16521,2855,2024-01-17,Medium,In Progress
16522,5002,2024-07-15,High,Closed
16523,2753,2026-03-01,Medium,Closed
16524,1980,2023-12-27,Medium,Open
16525,1897,2023-11-02,High,Closed
16526,4705,2024-01-30,Low,Closed
16527,1260,2023-10-21,Medium,Closed
16528,4690,2025-10-16,Medium,Open
16529,5745,2024-08-18,Low,Closed
16530,4344,2024-08-14,Medium,Closed
16531,1078,2026-06-23,Low,Closed
16532,2973,2023-12-19,Low,In Progress
16533,1419,2024-01-09,Low,Closed
16534,5851,2023-08-22,Low,Closed
16535,5390,2025-07-02,Critical,Closed
16536,4641,2023-07-23,Low,Closed
16537,3095,2024-01-24,Low,Open
16538,4661,2025-03-06,Low,Closed
16539,5335,2025-12-02,Medium,Closed
16540,5253,2024-09-01,Critical,Closed
16541,2493,2025-04-22,Medium,Closed
16542,2522,2024-07-19,Medium,Closed
16543,2745,2024-01-19,Low,Closed
16544,2616,2025-08-15,Low,Closed
16545,2522,2025-08-27,Low,Closed
16546,3210,2024-08-10,Medium,Closed
16547,3706,2025-04-07,Critical,Closed
16548,2056,2025-10-14,Medium,Closed
16549,3925,2024-04-02,Low,Closed
16550,5747,2024-08-18,Low,In Progress
16551,1943,2025-11-25,Low,Open
16552,5423,2025-10-22,High,Closed
16553,1581,2025-02-28,Critical,Closed
16554,3577,2026-01-26,Low,Closed
16555,4828,2024-08-06,Low,Closed
16556,2793,2025-02-03,Low,Closed
16557,1246,2024-12-02,Medium,Closed
16558,1595,2024-01-02,Medium,Closed
16559,2768,2023-10-31,Low,Closed
16560,1638,2023-06-28,High,Closed
16561,5864,2024-06-26,Low,Closed
16562,4037,2023-12-31,Low,Open
16563,3110,2024-08-22,Medium,Closed
16564,2483,2025-04-10,High,Closed
16565,4594,2024-05-01,Medium,Closed
16566,3891,2025-06-15,Medium,Open
16567,1190,2025-08-10,High,Closed
16568,2277,2025-08-24,Low,Open
16569,2090,2025-05-09,Low,Closed
16570,2750,2025-02-25,Medium,Closed
16571,4325,2024-01-28,Medium,Closed
16572,1457,2024-07-17,Critical,Closed
16573,1506,2023-11-15,Low,Closed
16574,1418,2025-04-27,Critical,Open
16575,2470,2025-01-12,Low,Closed
16576,3602,2024-07-10,High,Open
16577,2900,2024-09-06,Low,Closed
16578,3960,2026-04-01,Medium,In Progress
16579,5140,2024-10-21,Low,Closed
16580,1315,2025-03-18,High,Closed
16581,2395,2023-08-01,High,Closed
16582,5318,2025-03-09,Medium,In Progress
16583,3675,2024-09-14,High,Closed
16584,4762,2024-07-01,Medium,Closed
16585,4189,2023-07-21,High,Open
16586,5776,2024-12-27,Medium,Closed
16587,5705,2026-05-28,High,Closed
16588,4858,2025-01-27,Medium,Closed
16589,3990,2024-08-11,High,Closed
16590,1357,2025-07-05,Medium,Closed
16591,1064,2025-03-06,High,Open
16592,1383,2025-12-01,High,Closed
16593,2758,2023-11-28,High,Closed
16594,4770,2025-01-08,High,Closed
16595,2497,2026-01-14,Critical,In Progress
16596,2326,2024-08-23,Medium,Closed
16597,1521,2025-10-25,Low,Closed
16598,4355,2024-04-16,High,Closed
16599,3892,2025-11-23,Low,Closed
16600,4236,2024-05-05,Medium,Closed
16601,5092,2025-05-10,Medium,Open
16602,3223,2024-03-31,Critical,Open
16603,4154,2026-05-07,Critical,In Progress
16604,2565,2025-05-11,Medium,Closed
16605,1267,2025-11-20,Low,Closed
16606,1927,2023-07-02,High,Closed
16607,2234,2025-10-17,Medium,Closed
16608,2700,2023-11-15,Low,Closed
16609,2719,2025-05-21,High,Closed
16610,1707,2024-11-02,Medium,Closed
16611,4061,2026-05-12,Low,Closed
16612,3605,2023-12-31,Medium,Closed
16613,3176,2025-07-01,Medium,Closed
16614,2932,2023-12-06,High,Closed
16615,2556,2025-01-23,Medium,Closed
16616,3238,2024-01-30,Low,In Progress
16617,3268,2026-06-21,Low,Closed
16618,2588,2026-05-11,High,Closed
16619,1146,2023-12-24,Medium,Closed
16620,3528,2025-01-24,Medium,Closed
16621,2779,2023-10-10,Low,Closed
16622,3065,2024-04-23,Low,Closed
16623,4011,2026-03-12,Low,Closed
16624,2594,2024-02-05,Medium,Closed
16625,3989,2023-11-01,Medium,Closed
16626,2147,2023-11-17,Critical,Closed
16627,4103,2025-10-27,High,Closed
16628,4629,2024-05-31,Low,Closed
16629,3508,2025-09-07,Medium,Closed
16630,1622,2025-04-11,Critical,Closed
16631,3981,2026-03-22,High,Closed
16632,1400,2024-10-23,High,Closed
16633,2591,2025-03-11,High,Closed
16634,4435,2026-05-13,Medium,Closed
16635,3572,2025-05-16,Critical,Closed
16636,3675,2023-11-16,Medium,Closed
16637,4552,2023-07-12,Low,In Progress
16638,5889,2023-10-13,Medium,Closed
16639,1584,2026-06-15,Medium,In Progress
16640,1384,2025-12-16,High,Closed
16641,3357,2026-04-27,Medium,Closed
16642,1720,2025-03-12,High,Closed
16643,4725,2026-05-13,Low,In Progress
16644,4808,2025-06-16,Medium,Closed
16645,2748,2023-12-09,High,Closed
16646,5706,2025-11-03,Low,Closed
16647,3999,2026-05-22,Low,In Progress
16648,5070,2026-01-20,Low,Closed
16649,1774,2024-01-18,Low,Open
16650,5013,2026-06-11,Low,Closed
16651,4257,2026-01-27,Medium,Closed
16652,5796,2024-03-15,Medium,Closed
16653,4939,2025-10-21,High,Closed
16654,3432,2023-08-12,High,Closed
16655,5814,2024-10-11,Critical,Open
16656,3614,2024-04-27,Low,In Progress
16657,4947,2025-01-04,Low,Closed
16658,5718,2023-10-17,High,Closed
16659,2515,2024-10-16,Medium,Closed
16660,4614,2024-10-27,Low,In Progress
16661,1010,2025-06-10,Low,In Progress
16662,3827,2025-04-13,Medium,Open
16663,2263,2024-05-26,Critical,In Progress
16664,1948,2023-08-10,Medium,Closed
16665,2722,2025-09-15,Medium,Closed
16666,3086,2024-09-18,Low,Open
16667,4121,2024-02-23,Critical,Closed
16668,4478,2025-12-14,Low,Closed
16669,5526,2023-07-20,Low,Closed
16670,4435,2024-12-27,Low,Closed
16671,5893,2025-02-20,Medium,Closed
16672,5814,2024-06-19,Low,Closed
16673,2888,2023-09-06,High,Closed
16674,4377,2025-09-08,Medium,In Progress
16675,4674,2025-07-05,Medium,Closed
16676,5554,2023-07-04,Medium,Closed
16677,3487,2024-03-19,High,Closed
16678,4377,2024-12-07,Critical,Closed
16679,1552,2024-04-18,Medium,Closed
16680,4386,2024-04-26,Low,Closed
16681,4916,2024-11-27,Low,Open
16682,3938,2026-03-23,Medium,Closed
16683,1362,2025-05-02,Medium,Closed
16684,5867,2024-06-14,High,Closed
16685,1236,2025-07-09,Low,Closed
16686,4086,2023-12-28,Medium,In Progress
16687,1726,2024-01-09,Medium,Open
16688,1443,2025-04-20,Low,Closed
16689,3858,2024-01-06,High,Closed
16690,3047,2024-02-11,High,Open
16691,4308,2024-06-16,High,Closed
16692,2222,2023-09-30,Critical,Open
16693,4036,2025-03-25,Medium,In Progress
16694,1809,2025-05-08,High,Closed
16695,3735,2025-09-28,High,Closed
16696,5229,2024-02-28,Critical,Closed
16697,4032,2024-05-30,High,Closed
16698,5475,2025-03-16,Medium,In Progress
16699,4952,2025-09-09,Critical,In Progress
16700,3279,2024-11-08,Medium,Closed
16701,4130,2024-01-12,Medium,Open
16702,1260,2026-06-05,Low,Closed
16703,3097,2023-09-26,Critical,Open
16704,4382,2023-07-18,Medium,Closed
16705,2770,2025-03-26,Medium,Closed
16706,4704,2025-05-19,High,Closed
16707,2865,2024-06-07,Medium,Closed
16708,4669,2025-12-23,Critical,Closed
16709,2506,2025-12-15,Low,Closed
16710,1148,2024-09-22,Low,Closed
16711,1864,2026-01-12,Medium,Closed
16712,1960,2024-07-06,Medium,Closed
16713,5377,2024-01-25,High,Closed
16714,1462,2025-10-26,Medium,In Progress
16715,4063,2025-12-02,Medium,Closed
16716,2543,2024-03-29,Medium,In Progress
16717,5561,2025-05-16,Low,Closed
16718,4919,2023-09-02,Medium,Closed
16719,2796,2024-09-19,Low,In Progress
16720,4784,2024-04-22,Low,Closed
16721,5825,2025-01-28,High,Closed
16722,4748,2024-11-02,Medium,In Progress
16723,4791,2026-06-02,Low,Closed
16724,4865,2023-10-15,Low,Closed
16725,5999,2024-10-06,Low,Closed
16726,2166,2024-01-21,Low,Closed
16727,3567,2024-02-23,Medium,Closed
16728,4038,2024-02-14,Medium,Closed
16729,4760,2024-12-10,Medium,Closed
16730,3706,2023-08-13,Low,Closed
16731,2570,2025-08-20,High,Open
16732,1970,2024-03-06,Low,Closed
16733,1476,2024-08-22,Low,Open
16734,1971,2023-09-29,Low,In Progress
16735,3375,2024-11-27,Medium,In Progress
16736,2208,2024-11-18,High,Closed
16737,3984,2024-10-22,Low,In Progress
16738,4713,2025-12-23,Medium,Open
16739,3457,2025-02-07,Low,Closed
16740,5959,2024-09-23,Medium,Closed
16741,1385,2026-03-23,High,Closed
16742,2718,2025-03-23,Medium,Open
16743,2342,2025-07-11,Medium,Closed
16744,1935,2026-01-03,High,In Progress
16745,2381,2024-10-27,Critical,Closed
16746,2774,2025-10-17,Medium,Open
16747,4907,2024-02-22,Low,Closed
16748,2693,2023-08-11,Low,Closed
16749,3127,2025-12-11,Medium,Closed
16750,2262,2026-01-24,High,Closed
16751,2175,2025-11-27,Low,Closed
16752,2326,2025-01-16,High,Closed
16753,5571,2025-11-16,Medium,Open
16754,3199,2024-07-01,Low,Closed
16755,3685,2025-11-16,High,Closed
16756,5186,2024-06-29,Low,Closed
16757,1826,2024-09-07,Critical,Closed
16758,1280,2025-12-01,High,Closed
16759,3399,2025-11-28,Critical,In Progress
16760,2667,2026-04-23,Low,In Progress
16761,3036,2024-04-21,Low,Closed
16762,4287,2025-12-25,Low,Closed
16763,3865,2024-01-27,Medium,Open
16764,5319,2024-06-09,High,Closed
16765,2309,2025-12-30,Medium,Closed
16766,3593,2025-03-02,Medium,Closed
16767,1793,2026-04-07,Medium,In Progress
16768,5415,2024-07-02,Low,Closed
16769,5731,2023-08-31,High,Closed
16770,1198,2025-07-03,High,Closed
16771,1182,2025-03-20,Low,Closed
16772,5034,2026-05-07,Medium,In Progress
16773,2127,2024-07-03,Low,Closed
16774,4009,2024-08-19,Low,Closed
16775,2106,2024-01-29,Medium,Closed
16776,4121,2024-03-13,Low,Closed
16777,5005,2023-10-02,Critical,Closed
16778,5690,2025-06-13,Medium,Open
16779,1455,2026-01-16,High,Closed
16780,3529,2024-01-24,Medium,Closed
16781,1120,2024-03-05,Low,Closed
16782,5846,2026-04-30,Medium,Closed
16783,5893,2024-05-28,Low,In Progress
16784,5210,2023-08-05,Medium,Closed
16785,4475,2025-11-23,Medium,In Progress
16786,2627,2023-07-23,Medium,Closed
16787,2032,2024-08-07,Low,Closed
16788,5510,2023-07-08,Low,Closed
16789,2289,2024-10-22,Low,In Progress
16790,2064,2023-09-03,Medium,Closed
16791,3830,2025-10-02,Low,Closed
16792,5427,2024-04-11,Low,Closed
16793,4091,2024-03-21,Medium,Closed
16794,3341,2023-09-18,Low,In Progress
16795,4485,2024-10-19,Low,Closed
16796,3241,2025-07-11,Low,Open
16797,1270,2023-07-13,Medium,Closed
16798,1474,2024-04-07,Critical,Open
16799,4174,2025-04-08,Low,In Progress
16800,5693,2023-12-23,Medium,In Progress
16801,3362,2026-04-05,Medium,Closed
16802,2329,2026-02-13,Medium,In Progress
16803,3902,2025-11-11,Low,Closed
16804,4184,2024-11-10,Low,Closed
16805,5539,2025-08-07,Critical,In Progress
16806,2596,2023-10-10,Medium,Closed
16807,4262,2024-11-02,Low,Closed
16808,3170,2025-04-04,Low,Closed
16809,4874,2025-06-25,Medium,Closed
16810,5034,2026-03-23,Low,Closed
16811,1880,2023-07-08,Low,Closed
16812,1675,2024-04-24,Low,Closed
16813,5123,2025-12-26,Low,Open
16814,1710,2024-09-22,Low,Closed
16815,3113,2024-11-07,High,Closed
16816,5010,2025-06-18,Critical,Closed
16817,5054,2024-12-18,Low,Closed
16818,5734,2025-04-27,Medium,Closed
16819,4775,2026-03-03,Low,Closed
16820,2691,2024-01-22,Low,Closed
16821,3949,2025-06-21,Medium,Closed
16822,1017,2025-11-30,Medium,Closed
16823,3889,2023-12-24,High,Closed
16824,1487,2025-11-09,Medium,Closed
16825,5402,2024-09-10,High,In Progress
16826,1846,2026-06-01,Low,Open
16827,2796,2025-03-13,Low,Closed
16828,4246,2025-10-21,Low,Closed
16829,1262,2023-10-12,High,Closed
16830,3703,2025-05-14,High,Closed
16831,3471,2023-09-28,Medium,Closed
16832,1368,2024-09-20,Medium,Closed
16833,1954,2023-12-04,Medium,Open
16834,2937,2025-11-14,High,Closed
16835,1281,2024-10-04,Low,Closed
16836,4456,2023-10-04,Critical,Closed
16837,3113,2024-08-07,Low,Closed
16838,4796,2024-10-10,Low,Closed
16839,5606,2025-09-01,High,Closed
16840,1155,2024-12-08,Low,Closed
16841,1868,2024-08-31,Medium,Closed
16842,2094,2024-07-31,High,Closed
16843,1485,2024-09-27,High,Closed
16844,3354,2023-08-21,Low,In Progress
16845,1495,2024-05-01,Low,In Progress
16846,2585,2025-01-14,Low,In Progress
16847,4671,2024-11-20,Medium,Open
16848,1883,2026-05-04,Low,Open
16849,1455,2025-08-11,Critical,In Progress
16850,5407,2023-12-21,Medium,In Progress
16851,2034,2026-03-07,High,Closed
16852,1317,2025-01-17,Low,Closed
16853,3373,2025-07-28,Critical,Open
16854,3240,2024-01-09,Medium,Closed
16855,4818,2026-03-23,Medium,Closed
16856,4406,2026-06-13,High,Closed
16857,3964,2025-01-01,Critical,Closed
16858,3027,2024-12-11,High,Closed
16859,1440,2024-09-11,Medium,In Progress
16860,1464,2025-12-05,Low,Closed
16861,2871,2023-07-13,High,Closed
16862,4384,2024-07-29,Medium,Closed
16863,4986,2023-09-27,Low,Closed
16864,2821,2025-08-31,Critical,Closed
16865,1512,2024-08-03,Low,Closed
16866,5918,2023-09-11,Low,Closed
16867,2547,2025-07-17,Medium,Closed
16868,2563,2023-08-27,High,Closed
16869,2449,2023-11-24,High,Open
16870,1499,2026-06-17,Medium,Closed
16871,1053,2023-11-24,Medium,Closed
16872,5858,2024-07-14,Low,In Progress
16873,3161,2026-04-04,High,Closed
16874,4244,2026-06-26,Low,Open
16875,1396,2024-01-16,Medium,In Progress
16876,4533,2024-07-03,Low,Closed
16877,5846,2024-08-10,Medium,Closed
16878,2680,2024-09-08,High,Closed
16879,1266,2024-11-02,Low,Closed
16880,3986,2023-09-10,Low,In Progress
16881,4851,2024-07-19,High,Closed
16882,4411,2025-04-19,Medium,Closed
16883,2128,2024-02-03,Low,Closed
16884,2799,2025-09-19,Medium,Closed
16885,3094,2023-10-08,Low,Closed
16886,3169,2026-04-07,Low,Closed
16887,5351,2024-12-29,Critical,Closed
16888,3812,2025-01-10,Low,Closed
16889,3477,2024-02-17,Medium,Closed
16890,4977,2024-11-05,Medium,In Progress
16891,4990,2023-08-13,Medium,Closed
16892,1296,2023-07-21,High,Open
16893,3983,2023-07-19,Medium,Closed
16894,4108,2025-10-15,Critical,Closed
16895,3671,2024-11-03,Medium,Closed
16896,4937,2026-05-03,Medium,Open
16897,2247,2024-10-19,Low,In Progress
16898,5750,2023-11-13,Medium,Closed
16899,1462,2023-07-25,Low,Closed
16900,1949,2024-10-25,Medium,Closed
16901,5707,2024-07-15,High,Closed
16902,5713,2023-10-05,Medium,Closed
16903,4228,2023-11-24,Medium,In Progress
16904,5859,2024-10-08,Medium,Closed
16905,5358,2025-01-28,Low,In Progress
16906,2633,2024-04-30,Medium,Closed
16907,5884,2024-08-02,Medium,In Progress
16908,2611,2024-05-19,High,Closed
16909,1211,2025-11-27,Medium,In Progress
16910,3803,2025-05-07,High,Closed
16911,2123,2024-02-25,Low,Closed
16912,4715,2024-03-28,High,Closed
16913,4197,2025-04-03,High,Closed
16914,3474,2023-09-01,Medium,Closed
16915,2247,2024-08-18,Low,Open
16916,4010,2024-06-23,Medium,Closed
16917,1220,2023-08-19,Critical,Closed
16918,2156,2025-06-26,Low,Open
16919,2228,2024-03-24,High,Closed
16920,2125,2023-09-16,Low,Closed
16921,5139,2024-07-06,Low,In Progress
16922,3123,2025-07-26,Low,In Progress
16923,5871,2025-03-22,Low,In Progress
16924,1161,2024-04-22,Medium,Open
16925,3945,2024-09-24,Critical,Closed
16926,1688,2025-10-10,Medium,Closed
16927,1220,2023-09-21,Low,Open
16928,4422,2024-05-24,Medium,Closed
16929,2471,2025-10-13,Critical,Closed
16930,4799,2026-04-20,Critical,Closed
16931,5048,2023-10-10,Low,Closed
16932,2223,2024-02-20,High,Closed
16933,1309,2023-10-02,Critical,Closed
16934,3402,2023-08-23,High,Closed
16935,2950,2025-12-02,Low,In Progress
16936,5293,2026-02-23,Medium,Closed
16937,1567,2024-02-04,Low,Closed
16938,5953,2023-07-27,Low,Closed
16939,3734,2024-03-22,Critical,Closed
16940,1396,2024-01-23,Medium,Closed
16941,4240,2025-03-03,Low,Closed
16942,4616,2023-09-11,Low,In Progress
16943,3938,2023-08-31,Medium,Closed
16944,3224,2025-04-28,Medium,Open
16945,3402,2023-11-04,Medium,Open
16946,4403,2024-05-09,Medium,Open
16947,3926,2026-02-08,Low,Closed
16948,4349,2024-07-24,Critical,Open
16949,2836,2025-08-08,Low,In Progress
16950,1270,2026-02-06,Medium,Closed
16951,1623,2025-01-25,Medium,In Progress
16952,2298,2025-09-15,Medium,In Progress
16953,3652,2025-07-09,Medium,Closed
16954,5683,2025-10-17,Low,In Progress
16955,3720,2024-01-23,Medium,In Progress
16956,2987,2023-09-14,Medium,In Progress
16957,4399,2024-03-21,Critical,Closed
16958,1455,2026-03-15,Medium,Closed
16959,5405,2024-02-27,Low,In Progress
16960,5241,2023-07-24,Low,Closed
16961,4443,2024-10-21,Medium,Closed
16962,2557,2025-09-18,Medium,Closed
16963,5762,2026-02-26,Medium,Closed
16964,4610,2024-11-17,Medium,Open
16965,3459,2025-07-06,High,Closed
16966,1697,2025-04-25,Medium,Closed
16967,4437,2024-11-30,Critical,Closed
16968,2498,2024-07-04,Low,Closed
16969,2730,2024-12-15,High,In Progress
16970,2216,2026-01-27,Low,Closed
16971,2080,2024-07-07,High,Closed
16972,3019,2023-10-24,Low,Closed
16973,1984,2026-01-22,Low,Closed
16974,5798,2024-02-11,Critical,Closed
16975,1147,2024-10-11,Medium,In Progress
16976,5281,2024-11-12,Low,Closed
16977,1894,2024-03-28,High,Closed
16978,3290,2025-03-05,Low,Closed
16979,2419,2024-11-15,Medium,Closed
16980,2338,2025-12-25,Low,Closed
16981,1328,2024-02-08,High,Closed
16982,5075,2025-03-26,Medium,Open
16983,2013,2024-11-25,Low,Closed
16984,2267,2025-02-12,Medium,In Progress
16985,5210,2024-07-18,Low,Closed
16986,3006,2023-07-15,Low,Closed
16987,1634,2025-01-14,Critical,In Progress
16988,3758,2026-02-13,High,Closed
16989,4154,2026-04-17,Low,Closed
16990,5539,2024-08-22,Medium,Closed
16991,5403,2023-12-23,Low,Closed
16992,4521,2026-03-19,Low,Closed
16993,1796,2025-05-10,Low,Closed
16994,1946,2025-04-01,Medium,Closed
16995,1469,2024-09-29,High,Closed
16996,4904,2024-07-17,Medium,Closed
16997,1337,2025-04-20,Low,Closed
16998,2870,2024-05-04,Medium,Open
16999,2370,2026-03-11,High,Closed
17000,4781,2023-07-08,Medium,Closed
17001,4069,2026-03-11,High,Closed
17002,2216,2023-08-07,Low,Closed
17003,2749,2023-10-26,Low,Closed
17004,2223,2025-03-08,Critical,Closed
17005,3466,2024-02-01,Medium,Closed
17006,1548,2026-04-20,Low,Closed
17007,3272,2025-05-17,Critical,Open
17008,4020,2026-03-03,High,Closed
17009,1508,2025-02-23,Low,Open
17010,3006,2023-08-11,Low,Closed
17011,2933,2024-03-20,Medium,Closed
17012,1425,2025-04-29,Critical,Closed
17013,2774,2025-09-08,Medium,Closed
17014,5737,2024-06-14,Low,In Progress
17015,4196,2025-09-12,Critical,Closed
17016,2123,2025-05-27,Low,Closed
17017,3171,2024-02-22,Medium,Closed
17018,5482,2025-06-01,Medium,Closed
17019,5445,2025-08-25,Medium,Closed
17020,1871,2024-04-12,High,Closed
17021,3410,2023-08-15,Low,Closed
17022,5057,2025-10-01,Critical,Closed
17023,5175,2024-02-26,Low,Closed
17024,4642,2025-10-01,Low,Open
17025,4643,2024-01-12,Medium,Closed
17026,4231,2023-10-24,High,Closed
17027,4065,2024-07-15,Low,In Progress
17028,5596,2025-08-18,High,In Progress
17029,3553,2023-07-27,Low,Closed
17030,3376,2024-12-09,Medium,In Progress
17031,3588,2023-11-25,Low,Closed
17032,3891,2024-07-07,Medium,Closed
17033,1695,2024-09-15,High,Closed
17034,3049,2025-01-01,Medium,Open
17035,3477,2025-07-01,High,Closed
17036,3884,2025-03-28,Medium,Closed
17037,5066,2026-02-23,Low,In Progress
17038,5563,2025-12-05,Low,In Progress
17039,3124,2023-07-25,Medium,Closed
17040,2361,2025-11-26,Low,Closed
17041,1662,2025-08-30,Low,Closed
17042,1205,2024-02-11,Critical,Closed
17043,1629,2025-12-30,High,Closed
17044,3603,2024-05-11,Low,Closed
17045,5724,2023-10-07,Low,Closed
17046,4953,2026-05-21,Low,Closed
17047,2287,2026-02-28,High,Closed
17048,5690,2026-02-19,Low,Closed
17049,4753,2024-04-08,Medium,Closed
17050,2048,2024-11-12,Low,Closed
17051,2498,2026-05-31,Low,Closed
17052,1508,2025-10-20,High,Closed
17053,5266,2025-12-31,High,Open
17054,3010,2023-12-07,Low,Closed
17055,2562,2025-12-08,High,Closed
17056,3693,2026-05-27,Medium,In Progress
17057,5917,2025-09-22,Critical,Closed
17058,5528,2025-04-09,Low,Closed
17059,4094,2026-06-14,Critical,Closed
17060,4297,2024-01-17,Low,In Progress
17061,1909,2024-02-05,Critical,Open
17062,4632,2025-12-15,Low,Closed
17063,1395,2024-03-25,Medium,In Progress
17064,1469,2024-06-24,Low,Closed
17065,2311,2024-08-23,High,Closed
17066,2938,2025-11-28,High,Closed
17067,4197,2025-08-28,Medium,Closed
17068,1132,2023-08-07,Low,Closed
17069,5973,2024-07-04,Medium,Closed
17070,2391,2024-12-11,Medium,Closed
17071,4920,2026-01-27,Critical,In Progress
17072,2387,2024-01-02,Medium,In Progress
17073,2980,2026-05-25,Low,Closed
17074,1861,2025-10-31,Medium,Closed
17075,1717,2026-05-11,Critical,Closed
17076,4264,2025-10-03,Low,Closed
17077,4723,2024-08-26,Low,In Progress
17078,1642,2024-11-14,Medium,Closed
17079,4281,2025-02-11,Low,Closed
17080,1864,2024-02-18,High,Closed
17081,4940,2026-01-31,Low,Closed
17082,4769,2024-02-09,Low,Closed
17083,5728,2025-10-15,Low,Closed
17084,2706,2024-05-19,Medium,Closed
17085,4435,2023-11-23,High,Closed
17086,2799,2023-07-07,High,Open
17087,3621,2025-11-14,Low,Closed
17088,1668,2026-03-22,Medium,Closed
17089,4318,2025-03-24,Medium,Open
17090,4552,2025-07-09,Critical,Open
17091,5395,2024-04-23,Low,Closed
17092,3797,2025-04-27,High,Closed
17093,1573,2024-06-14,Low,Closed
17094,3777,2024-10-11,Medium,Closed
17095,4967,2023-07-08,Low,Closed
17096,4378,2025-11-16,Critical,Closed
17097,2622,2025-04-18,Medium,Closed
17098,1790,2026-03-08,Medium,Closed
17099,1058,2024-07-05,Low,In Progress
17100,2448,2024-01-17,Medium,Closed
17101,3152,2025-09-27,Critical,Closed
17102,3763,2024-02-02,High,Closed
17103,1982,2024-08-27,High,Closed
17104,5805,2026-04-15,High,Closed
17105,1035,2025-03-23,Low,Closed
17106,1923,2024-12-01,Low,In Progress
17107,3292,2025-11-16,High,In Progress
17108,4154,2026-04-07,High,Closed
17109,5998,2024-06-22,Medium,Closed
17110,3901,2024-04-18,Medium,In Progress
17111,1134,2024-08-05,Low,Closed
17112,1760,2024-02-20,High,Closed
17113,4423,2024-01-04,Medium,Closed
17114,4713,2025-03-11,Critical,Closed
17115,3730,2023-11-02,Medium,Closed
17116,2076,2026-06-05,Low,Closed
17117,5142,2024-06-11,Medium,Open
17118,4630,2024-10-15,High,Closed
17119,4913,2024-09-17,Low,Closed
17120,2215,2024-08-21,Medium,Open
17121,4501,2025-03-03,Medium,In Progress
17122,4887,2026-02-23,Low,Closed
17123,5904,2024-04-15,Medium,Closed
17124,3925,2026-02-14,High,In Progress
17125,2931,2023-11-01,Low,Closed
17126,4120,2025-12-06,Medium,Closed
17127,1926,2025-11-02,Low,Closed
17128,3325,2024-04-12,High,In Progress
17129,4675,2025-02-27,Low,In Progress
17130,5167,2026-02-22,Medium,Closed
17131,1993,2024-05-21,Low,Closed
17132,3286,2023-07-17,Low,Open
17133,5604,2025-07-08,Medium,Closed
17134,5900,2023-09-26,High,Open
17135,1121,2024-07-26,Medium,Closed
17136,4481,2024-11-29,Low,Closed
17137,3154,2025-10-08,High,Closed
17138,2624,2025-01-04,Low,Closed
17139,2400,2025-03-20,Medium,Open
17140,3413,2024-06-15,Medium,In Progress
17141,1568,2023-09-20,Critical,In Progress
17142,2066,2024-09-27,Low,In Progress
17143,2092,2023-12-12,Medium,Closed
17144,1505,2024-09-30,Critical,In Progress
17145,2726,2024-10-20,Critical,Closed
17146,2862,2026-01-14,High,Closed
17147,5553,2024-06-07,Low,Closed
17148,5913,2024-12-28,Critical,Closed
17149,4255,2025-03-30,Medium,Open
17150,1265,2024-10-02,Medium,Closed
17151,3424,2025-04-19,Critical,In Progress
17152,4909,2023-11-22,Medium,Closed
17153,2422,2026-06-11,Low,In Progress
17154,5034,2024-03-29,Critical,Closed
17155,3766,2026-05-03,Medium,Closed
17156,2124,2024-08-17,Medium,Closed
17157,1489,2024-08-04,Low,Closed
17158,4201,2025-03-29,High,Closed
17159,4960,2023-12-05,Medium,Closed
17160,4722,2024-11-04,Medium,Closed
17161,4788,2024-12-19,High,Closed
17162,1222,2023-07-07,Low,Closed
17163,5138,2026-03-12,Low,In Progress
17164,2051,2025-10-20,Low,Closed
17165,5022,2025-02-22,Medium,In Progress
17166,1122,2024-02-28,Medium,Closed
17167,2768,2024-10-22,High,Closed
17168,5825,2024-01-09,High,Closed
17169,2404,2025-03-07,High,Closed
17170,3247,2024-07-28,Critical,Open
17171,1036,2024-02-06,Medium,Closed
17172,5226,2025-04-27,High,Open
17173,5235,2026-01-03,High,Closed
17174,3159,2023-09-28,Low,In Progress
17175,5709,2025-08-28,High,Closed
17176,2585,2024-08-10,Critical,Closed
17177,2302,2026-06-04,Medium,Closed
17178,3591,2025-08-30,High,Closed
17179,1377,2024-03-26,Medium,Open
17180,5339,2025-11-18,High,Closed
17181,3477,2024-11-22,Low,Closed
17182,1919,2025-12-16,Low,Closed
17183,2537,2026-05-26,Low,Closed
17184,3522,2024-04-02,Medium,Closed
17185,4287,2024-05-27,Medium,Closed
17186,3538,2026-02-27,High,Closed
17187,2725,2025-12-12,Low,Closed
17188,4232,2023-09-11,Medium,Closed
17189,5404,2025-08-02,Medium,Closed
17190,1995,2024-01-28,Medium,Closed
17191,4120,2026-01-02,Low,Closed
17192,2863,2024-07-25,Low,Closed
17193,1978,2023-11-12,Medium,Closed
17194,4248,2026-05-05,Low,Closed
17195,3684,2023-09-09,Medium,Closed
17196,1763,2023-09-11,Medium,Closed
17197,3617,2025-01-29,Low,Open
17198,5958,2025-02-26,Low,Closed
17199,4816,2024-04-14,Low,Closed
17200,4105,2026-06-09,High,Closed
17201,1795,2024-12-23,Low,Closed
17202,4001,2025-07-27,Low,In Progress
17203,4548,2024-10-24,Low,Closed
17204,5255,2025-07-09,Critical,In Progress
17205,1338,2024-04-28,Low,Closed
17206,3424,2024-05-23,Low,In Progress
17207,3055,2025-11-26,Low,Closed
17208,3945,2024-02-27,High,Closed
17209,5820,2025-06-14,Critical,Closed
17210,4847,2023-07-13,Medium,In Progress
17211,4521,2024-04-24,High,Closed
17212,3363,2023-08-12,Medium,Closed
17213,5316,2025-04-25,Medium,In Progress
17214,5565,2025-03-03,Medium,Closed
17215,1606,2026-04-09,High,Open
17216,2839,2026-05-16,Medium,Closed
17217,1877,2026-01-18,Medium,Closed
17218,4596,2024-05-08,Low,Closed
17219,4085,2025-06-20,Low,Open
17220,1572,2026-04-16,Medium,Closed
17221,2073,2024-09-16,Low,Closed
17222,5506,2023-07-07,Low,Closed
17223,5181,2025-01-16,High,Closed
17224,3730,2026-06-26,Low,Closed
17225,3085,2023-08-16,Low,Closed
17226,4062,2024-01-19,Critical,Closed
17227,5938,2023-09-17,Medium,Closed
17228,1414,2025-02-27,High,Open
17229,3321,2025-10-17,Medium,Closed
17230,2443,2024-03-03,Medium,Closed
17231,5409,2024-01-12,Medium,Closed
17232,4702,2025-11-22,Low,Closed
17233,1766,2025-07-24,Critical,Closed
17234,2151,2025-05-07,High,Closed
17235,1271,2024-09-08,High,In Progress
17236,1589,2025-04-21,Medium,Closed
17237,4236,2024-06-30,Low,Closed
17238,1077,2024-07-15,Medium,Closed
17239,4489,2024-10-09,Low,In Progress
17240,4780,2026-02-09,Low,Closed
17241,4903,2025-10-24,Medium,Closed
17242,4523,2024-10-19,Medium,Closed
17243,1283,2024-07-19,Medium,Closed
17244,5090,2024-11-19,High,Closed
17245,5561,2024-05-27,Medium,Closed
17246,5201,2024-06-20,Low,Closed
17247,3708,2024-05-29,Medium,In Progress
17248,3360,2024-05-17,Medium,Closed
17249,4664,2024-07-14,Medium,Closed
17250,5276,2023-08-09,High,Closed
17251,4970,2025-07-18,Medium,Open
17252,3406,2026-06-12,High,In Progress
17253,1228,2025-06-10,Medium,Closed
17254,3991,2025-05-26,Low,Closed
17255,5367,2023-10-07,Low,Closed
17256,1878,2025-05-06,Medium,In Progress
17257,4892,2023-12-27,Low,Closed
17258,2253,2023-07-01,Low,Closed
17259,4259,2023-07-18,High,Closed
17260,4674,2025-06-13,Critical,Closed
17261,4808,2023-09-25,Low,Open
17262,2652,2024-07-14,Critical,Closed
17263,4921,2024-01-11,Medium,Closed
17264,5569,2023-12-14,Critical,In Progress
17265,1522,2024-03-15,Medium,Closed
17266,5548,2025-06-02,Medium,In Progress
17267,1552,2025-10-25,High,Closed
17268,3006,2024-07-29,Low,Closed
17269,1967,2025-06-24,Low,Closed
17270,4534,2024-11-14,High,Closed
17271,1938,2024-06-29,High,Closed
17272,4980,2026-02-14,Medium,Closed
17273,4445,2024-08-08,Medium,Closed
17274,1207,2023-08-07,Low,In Progress
17275,4473,2026-01-16,High,Closed
17276,1707,2024-08-13,High,Closed
17277,4812,2026-05-10,Medium,Closed
17278,1571,2025-04-06,Low,Closed
17279,3068,2026-06-10,Low,Closed
17280,3342,2024-09-17,Low,Closed
17281,5564,2025-08-23,Low,Closed
17282,3351,2025-09-03,Low,Closed
17283,2311,2024-07-15,Critical,Open
17284,3907,2024-07-30,Medium,Closed
17285,3245,2025-03-15,Medium,Open
17286,1609,2024-12-05,Medium,Closed
17287,3479,2023-12-21,Medium,Closed
17288,1582,2026-02-16,Low,Closed
17289,4228,2023-07-08,Low,Open
17290,3283,2025-11-25,Low,Closed
17291,3151,2026-02-15,High,In Progress
17292,2570,2024-07-16,Low,Closed
17293,5758,2024-07-25,Low,Open
17294,5645,2025-11-24,Low,Closed
17295,1076,2024-07-02,Medium,In Progress
17296,5528,2024-04-21,Medium,Closed
17297,3566,2024-06-10,Low,In Progress
17298,3943,2025-10-04,Low,In Progress
17299,1578,2024-06-12,High,In Progress
17300,4307,2024-07-07,High,Open
17301,3812,2025-09-20,High,Closed
17302,3316,2025-05-27,Low,Closed
17303,3882,2026-05-16,Low,Closed
17304,3623,2025-05-09,Medium,Open
17305,3643,2026-06-17,Low,Closed
17306,2912,2025-07-08,Medium,Closed
17307,5779,2024-03-24,Low,Closed
17308,1102,2023-08-22,Medium,Closed
17309,5070,2025-06-06,Medium,Closed
17310,1987,2024-08-06,Medium,Open
17311,3717,2024-12-08,Low,Closed
17312,3850,2023-12-11,Low,Closed
17313,5213,2023-10-17,Medium,Open
17314,3932,2024-07-25,Critical,Closed
17315,2067,2024-02-21,Medium,Closed
17316,2224,2025-01-24,Medium,In Progress
17317,1149,2025-11-28,Medium,Closed
17318,3452,2026-01-08,Medium,In Progress
17319,3545,2025-03-23,High,Closed
17320,1175,2025-11-07,Medium,Closed
17321,1986,2023-09-27,Medium,In Progress
17322,2393,2023-09-25,Low,Closed
17323,4547,2024-11-17,Low,Closed
17324,3025,2026-03-25,Medium,Closed
17325,4241,2025-10-19,High,In Progress
17326,3335,2024-05-06,Low,Closed
17327,3711,2024-05-12,Medium,Closed
17328,5890,2026-02-12,Low,Closed
17329,5262,2024-09-05,Medium,Open
17330,1781,2025-06-30,High,Closed
17331,3577,2024-08-14,High,Open
17332,4412,2025-04-29,High,Closed
17333,2110,2025-09-28,Low,In Progress
17334,5342,2023-09-16,Medium,Closed
17335,1751,2025-06-28,Medium,Closed
17336,5710,2023-10-27,Critical,Closed
17337,1493,2024-12-19,High,Closed
17338,3593,2023-07-02,Medium,In Progress
17339,1853,2025-03-13,Low,Closed
17340,4320,2024-03-06,Low,Closed
17341,1644,2024-08-04,High,In Progress
17342,2239,2025-07-01,Medium,Closed
17343,3557,2025-07-15,Medium,Closed
17344,3743,2024-01-02,Medium,In Progress
17345,4074,2024-02-10,High,Closed
17346,2049,2024-05-24,High,Closed
17347,3542,2026-03-06,Medium,Closed
17348,4005,2024-03-12,Critical,Closed
17349,5691,2026-02-13,High,Open
17350,3056,2026-04-14,High,Closed
17351,2109,2025-02-28,Low,Closed
17352,1845,2025-07-04,High,Closed
17353,4029,2026-06-04,Medium,In Progress
17354,2799,2023-10-07,Low,Closed
17355,3115,2024-01-09,High,Closed
17356,1329,2024-05-24,High,Closed
17357,3672,2024-01-14,High,Closed
17358,5503,2023-12-12,Medium,Open
17359,2565,2026-02-17,High,Closed
17360,1745,2026-05-19,High,Closed
17361,5120,2024-11-06,Medium,Closed
17362,1181,2024-12-19,Low,Closed
17363,4628,2024-12-23,High,Open
17364,1734,2023-09-20,High,Closed
17365,3846,2024-08-22,Medium,Closed
17366,4748,2026-06-14,Low,Closed
17367,3474,2024-01-26,High,In Progress
17368,2463,2026-05-30,High,Closed
17369,4509,2025-10-04,Low,Closed
17370,3013,2024-08-08,Medium,In Progress
17371,2001,2025-06-14,Medium,Closed
17372,1886,2023-10-17,Medium,Closed
17373,2013,2024-04-22,Low,Open
17374,2845,2025-08-13,Medium,Closed
17375,5073,2026-04-21,Medium,Open
17376,4065,2025-02-07,High,Closed
17377,2382,2023-07-09,Low,In Progress
17378,1260,2026-03-08,Medium,Closed
17379,3844,2025-10-26,Low,Closed
17380,5281,2025-02-28,Low,Closed
17381,5791,2026-02-23,Medium,Closed
17382,2792,2023-08-19,Low,Open
17383,2367,2023-09-25,Medium,In Progress
17384,5073,2023-07-12,Low,Closed
17385,5076,2025-10-09,Critical,Closed
17386,1990,2023-12-21,High,In Progress
17387,1096,2023-12-26,Critical,Closed
17388,5999,2025-09-12,Low,In Progress
17389,5509,2025-05-23,Critical,Open
17390,1559,2025-12-23,Low,Closed
17391,4566,2023-11-21,Medium,Closed
17392,4558,2025-06-19,High,Closed
17393,4639,2023-11-16,Low,Closed
17394,2042,2026-06-16,Low,Open
17395,1734,2024-07-29,Low,In Progress
17396,3322,2024-07-12,Medium,In Progress
17397,3882,2023-08-05,Low,Closed
17398,2490,2024-02-23,Medium,Closed
17399,4624,2023-07-30,Low,Closed
17400,5363,2026-03-16,Critical,Closed
17401,3517,2025-05-23,Low,Closed
17402,3970,2024-05-23,Medium,In Progress
17403,2677,2024-07-25,High,Closed
17404,1217,2023-12-10,Low,In Progress
17405,4955,2025-06-24,Low,Closed
17406,4191,2025-03-16,Low,Closed
17407,4240,2026-05-17,Low,Open
17408,4976,2025-08-24,Medium,Closed
17409,2311,2024-01-12,High,In Progress
17410,3150,2026-03-19,High,Closed
17411,1245,2025-12-18,Medium,Closed
17412,4882,2025-12-21,Medium,Open
17413,4641,2025-05-15,High,Closed
17414,3507,2023-09-03,Low,Closed
17415,1840,2023-11-18,Low,Closed
17416,1595,2023-11-19,Critical,In Progress
17417,5952,2023-12-28,Low,Closed
17418,1602,2023-10-08,High,Open
17419,5041,2023-08-04,Low,Closed
17420,2178,2025-07-06,Medium,In Progress
17421,5423,2024-11-16,Low,Closed
17422,5348,2025-09-28,Low,Closed
17423,4438,2025-12-17,Critical,Closed
17424,1027,2026-01-03,Low,Closed
17425,3486,2025-09-25,Low,Closed
17426,2360,2023-10-03,Medium,Closed
17427,5371,2025-11-20,Critical,Closed
17428,4680,2023-09-09,High,Closed
17429,2187,2025-01-11,High,Closed
17430,4560,2026-04-28,Low,Closed
17431,4441,2024-08-13,Medium,Closed
17432,3655,2023-11-02,Medium,Closed
17433,2275,2025-01-12,High,Closed
17434,3758,2025-06-21,Low,Closed
17435,3865,2024-03-10,Low,Closed
17436,1451,2025-07-21,Medium,Closed
17437,3999,2025-12-19,Medium,Open
17438,5044,2025-12-02,High,Closed
17439,2240,2025-09-23,Low,Closed
17440,4467,2024-08-22,Low,Closed
17441,3195,2024-10-10,Low,Closed
17442,2925,2023-08-13,Medium,In Progress
17443,2011,2023-10-17,Medium,Open
17444,1494,2025-10-23,Low,In Progress
17445,2019,2026-04-24,Low,In Progress
17446,3135,2024-01-16,High,Closed
17447,5909,2025-01-26,Low,Closed
17448,5688,2023-12-17,Low,Closed
17449,3047,2025-04-26,Medium,Closed
17450,5958,2024-11-11,Low,Closed
17451,4667,2024-07-15,High,Closed
17452,4720,2023-11-24,Low,Closed
17453,4874,2026-01-01,Critical,Closed
17454,4158,2024-09-28,Medium,Closed
17455,2112,2024-05-07,High,Closed
17456,5058,2026-03-04,Low,In Progress
17457,4055,2024-11-24,High,Closed
17458,2673,2024-04-09,Low,Closed
17459,1748,2025-09-12,Low,In Progress
17460,5956,2024-07-12,High,In Progress
17461,5668,2024-10-10,Low,Closed
17462,4510,2024-09-26,Low,Closed
17463,2170,2025-05-31,Low,Closed
17464,1881,2025-09-14,High,Closed
17465,3351,2025-03-11,Medium,Closed
17466,5659,2024-10-02,Medium,Closed
17467,2084,2023-11-12,High,Closed
17468,2795,2024-10-24,Medium,Closed
17469,3400,2025-10-15,Medium,Closed
17470,5513,2023-12-27,Low,Closed
17471,3724,2025-04-26,Low,Closed
17472,5765,2025-12-21,Medium,Closed
17473,3210,2024-09-22,Low,Closed
17474,3487,2023-08-01,Medium,Closed
17475,4742,2024-05-04,Critical,Closed
17476,4120,2024-12-01,Low,Closed
17477,5157,2025-02-13,High,Closed
17478,2036,2023-09-09,High,Closed
17479,4416,2024-08-28,Low,Closed
17480,2855,2025-02-27,Low,Closed
17481,2651,2024-07-08,Medium,Closed
17482,3861,2023-09-03,Low,Closed
17483,2768,2024-10-14,Critical,Open
17484,1972,2025-04-23,High,Closed
17485,1689,2025-07-11,High,Closed
17486,3538,2026-05-07,Low,Closed
17487,5826,2024-08-24,High,Closed
17488,5980,2025-08-01,Critical,Open
17489,5280,2024-01-28,Low,Closed
17490,4381,2025-05-26,Medium,Closed
17491,2740,2025-07-25,Low,Closed
17492,2599,2025-05-17,Low,Closed
17493,3239,2024-10-05,Low,In Progress
17494,2631,2025-08-31,Medium,Closed
17495,3650,2025-01-29,Low,Closed
17496,2730,2023-07-03,Medium,In Progress
17497,2156,2023-11-17,Medium,In Progress
17498,5953,2024-05-18,Medium,Closed
17499,4806,2025-04-27,High,In Progress
17500,5829,2025-10-29,Low,Closed
17501,2074,2025-08-08,Medium,Closed
17502,4178,2023-10-31,Low,Closed
17503,3331,2023-12-10,Medium,Open
17504,2947,2024-04-15,Low,In Progress
17505,3066,2023-12-11,Low,Closed
17506,1558,2024-02-01,Medium,Closed
17507,3075,2024-12-13,Low,Closed
17508,1832,2025-03-30,High,Closed
17509,2786,2025-08-16,High,In Progress
17510,4195,2023-12-20,Critical,Closed
17511,5977,2024-11-21,High,Closed
17512,1710,2025-01-28,Low,In Progress
17513,4269,2025-08-20,Medium,Open
17514,5529,2026-02-23,High,Open
17515,1925,2025-10-07,Medium,Closed
17516,5555,2025-10-11,Critical,In Progress
17517,4757,2023-07-16,High,In Progress
17518,2853,2025-02-03,Medium,Open
17519,3574,2024-09-23,Low,Closed
17520,3629,2024-10-05,Critical,Closed
17521,3547,2024-08-20,Medium,Closed
17522,4499,2024-01-23,Medium,Closed
17523,5471,2023-07-25,Critical,Closed
17524,5438,2024-06-18,Medium,Closed
17525,5277,2024-12-17,Medium,Closed
17526,3889,2024-07-01,Critical,Closed
17527,1992,2025-08-07,Medium,Closed
17528,5415,2024-11-03,Low,Closed
17529,1564,2026-03-26,Low,Closed
17530,5202,2025-08-26,Medium,Closed
17531,2632,2025-04-13,High,In Progress
17532,1733,2025-10-13,Low,Closed
17533,2762,2024-09-04,Low,Closed
17534,1297,2024-04-18,High,Closed
17535,2216,2023-07-05,High,Open
17536,4269,2023-10-19,High,Closed
17537,1861,2023-10-05,High,Closed
17538,5955,2025-08-10,Low,Closed
17539,2476,2024-01-02,Critical,Closed
17540,3738,2024-10-21,Low,Open
17541,5028,2023-07-18,Medium,In Progress
17542,3974,2023-11-28,Medium,Open
17543,2419,2025-03-11,Medium,Closed
17544,5379,2025-03-19,Low,Closed
17545,3984,2025-01-02,High,In Progress
17546,2148,2024-04-18,Low,Closed
17547,2376,2023-09-25,Medium,Closed
17548,1053,2025-05-11,High,In Progress
17549,4507,2024-05-04,Low,Closed
17550,3618,2023-08-11,Medium,In Progress
17551,2469,2025-10-04,Low,In Progress
17552,2230,2025-07-12,High,Closed
17553,5506,2025-11-17,Low,Open
17554,1974,2024-10-05,Medium,Closed
17555,3274,2025-02-02,Low,Closed
17556,2367,2026-03-05,Low,Closed
17557,1268,2024-02-01,High,In Progress
17558,1937,2024-04-24,High,Closed
17559,4629,2024-09-06,Low,Closed
17560,3658,2025-06-30,High,Closed
17561,2043,2024-03-16,Low,Closed
17562,1032,2023-09-03,Low,Closed
17563,4931,2024-08-13,Medium,Closed
17564,5020,2025-08-21,Medium,Closed
17565,3554,2026-05-29,Low,Closed
17566,4368,2025-04-19,Low,Closed
17567,1459,2024-07-18,Low,Closed
17568,4227,2025-05-04,Low,In Progress
17569,1454,2025-09-01,Medium,Closed
17570,2105,2026-03-21,High,Closed
17571,5216,2026-05-02,Medium,In Progress
17572,4714,2024-05-24,Low,In Progress
17573,1007,2024-02-06,High,Closed
17574,3825,2025-01-09,Low,In Progress
17575,5664,2023-11-12,Low,Closed
17576,2187,2025-10-14,Medium,Closed
17577,1329,2023-08-08,Medium,Closed
17578,4298,2023-12-31,High,Closed
17579,1309,2024-05-12,Low,In Progress
17580,1952,2025-02-28,Medium,Closed
17581,4747,2023-12-13,Low,Closed
17582,5539,2023-10-03,Low,Closed
17583,3635,2025-10-22,Low,In Progress
17584,2170,2025-12-17,Low,Closed
17585,2474,2024-06-03,Medium,Open
17586,4858,2023-10-26,Low,Closed
17587,2615,2024-06-12,Medium,Closed
17588,1186,2023-09-13,Medium,Open
17589,2991,2025-08-10,Medium,Closed
17590,5240,2026-05-03,Medium,Closed
17591,3618,2025-01-06,Medium,Closed
17592,3832,2024-07-14,Medium,Closed
17593,2990,2025-05-20,Low,Closed
17594,5435,2023-10-10,Medium,Closed
17595,3349,2026-06-11,Low,Closed
17596,3456,2024-08-07,Medium,Closed
17597,4048,2024-03-08,Critical,Closed
17598,1974,2024-08-22,Medium,Closed
17599,1398,2026-03-13,Medium,Closed
17600,2105,2024-04-09,High,Closed
17601,5572,2025-10-27,Medium,Closed
17602,2607,2026-01-04,Medium,Closed
17603,1122,2025-03-17,Low,Closed
17604,1695,2024-10-02,Medium,Closed
17605,3350,2025-10-29,Medium,Closed
17606,1866,2025-10-29,Medium,In Progress
17607,4274,2026-04-08,High,Closed
17608,1316,2024-12-18,High,Closed
17609,4258,2024-07-17,High,Closed
17610,1723,2024-09-09,Low,Closed
17611,3322,2025-08-29,Low,Closed
17612,2785,2025-10-15,Medium,Closed
17613,1145,2026-02-04,Low,Closed
17614,2777,2025-11-04,Medium,Closed
17615,4903,2026-06-12,Medium,Closed
17616,5665,2023-10-09,Medium,Open
17617,4848,2024-11-15,Medium,Closed
17618,3865,2024-02-14,Low,Closed
17619,4690,2024-01-05,Medium,Closed
17620,4812,2025-08-18,Low,Closed
17621,3071,2023-06-30,High,Closed
17622,1471,2024-07-27,High,Open
17623,3619,2024-02-26,Low,Closed
17624,1020,2024-05-23,High,Closed
17625,5893,2025-02-14,High,Closed
17626,5968,2023-08-23,High,Closed
17627,3772,2025-10-17,Medium,Closed
17628,5549,2024-06-11,Critical,Closed
17629,4877,2024-05-27,Medium,Closed
17630,2727,2025-04-01,Medium,Closed
17631,2194,2023-10-31,Medium,Closed
17632,1716,2025-08-06,Medium,Closed
17633,5450,2025-07-19,Medium,Closed
17634,2283,2024-12-07,Critical,Closed
17635,2065,2025-10-12,Medium,Open
17636,4994,2025-07-21,High,Closed
17637,3301,2026-05-19,Critical,Closed
17638,1463,2025-01-29,Low,Closed
17639,5672,2024-09-09,High,Open
17640,5309,2026-03-28,Critical,Closed
17641,4655,2023-10-06,High,Closed
17642,3706,2025-01-07,Low,Closed
17643,5308,2023-12-14,Critical,In Progress
17644,3622,2024-05-22,High,Closed
17645,3017,2024-08-08,Medium,Closed
17646,3753,2024-12-07,Low,Closed
17647,5372,2025-11-14,High,Closed
17648,1212,2025-06-26,Low,Closed
17649,4825,2024-04-04,Low,Closed
17650,2403,2025-02-26,Low,Closed
17651,2979,2026-06-22,Medium,Closed
17652,5489,2025-09-29,High,Closed
17653,3520,2025-12-09,Critical,Closed
17654,1986,2026-02-16,Critical,Closed
17655,4847,2025-12-24,Medium,Closed
17656,1372,2025-06-07,Low,Closed
17657,5802,2026-01-28,Medium,Closed
17658,4759,2026-02-03,Low,In Progress
17659,3386,2026-05-12,Low,Closed
17660,5385,2024-06-07,Low,Closed
17661,5352,2025-05-28,High,Closed
17662,3163,2025-02-04,Medium,Closed
17663,4346,2026-05-20,High,Closed
17664,4780,2025-04-07,Low,Closed
17665,2716,2026-02-24,Low,Closed
17666,3542,2024-01-25,Low,Closed
17667,3132,2025-10-31,Critical,In Progress
17668,1333,2025-01-15,Medium,In Progress
17669,1172,2023-07-04,High,Closed
17670,5212,2024-12-07,Medium,Closed
17671,5254,2025-06-07,Medium,Closed
17672,5791,2024-11-27,Critical,Closed
17673,5935,2026-02-22,High,In Progress
17674,5388,2023-08-15,Medium,Closed
17675,4098,2025-12-07,High,Closed
17676,3357,2026-01-14,Medium,Closed
17677,4537,2025-05-30,Critical,Closed
17678,2106,2025-10-18,Medium,Closed
17679,1571,2026-05-16,Low,In Progress
17680,2099,2024-06-28,Low,Closed
17681,3000,2024-02-26,High,Closed
17682,3747,2025-08-09,Medium,In Progress
17683,2242,2024-03-30,Medium,Closed
17684,4700,2026-03-25,High,Closed
17685,4130,2025-10-10,Low,Closed
17686,3808,2024-10-18,High,Closed
17687,3683,2024-10-12,Low,Closed
17688,4638,2025-10-17,Medium,Closed
17689,3864,2025-04-07,Low,Closed
17690,4880,2025-11-28,Low,In Progress
17691,1054,2025-11-23,Medium,Closed
17692,4144,2025-11-25,High,Closed
17693,5099,2023-08-29,Low,Closed
17694,1681,2025-01-17,Medium,Closed
17695,3602,2025-01-20,Low,Closed
17696,3584,2024-05-09,Medium,Closed
17697,4337,2023-07-30,Medium,Closed
17698,3663,2024-04-11,Medium,Open
17699,1874,2026-01-12,High,Open
17700,3949,2024-07-13,Low,In Progress
17701,2023,2023-09-12,Low,Closed
17702,4633,2025-08-13,Low,Open
17703,4777,2025-07-29,Critical,Closed
17704,4318,2025-05-18,Low,Closed
17705,3569,2024-04-02,Medium,In Progress
17706,3737,2024-03-24,Medium,Open
17707,2230,2025-08-13,Low,Open
17708,5740,2025-03-13,Critical,Closed
17709,1308,2026-05-14,Low,Open
17710,5423,2025-10-14,Low,Closed
17711,4512,2025-07-11,High,Open
17712,4760,2025-04-24,Low,Closed
17713,4245,2024-07-29,Low,Closed
17714,5849,2025-11-05,Low,In Progress
17715,2826,2024-01-02,Medium,Open
17716,5197,2023-11-23,Low,In Progress
17717,2559,2025-12-12,Medium,Closed
17718,4561,2025-01-03,Low,Closed
17719,3652,2024-02-29,High,Closed
17720,3407,2023-10-13,Low,Closed
17721,3427,2026-01-06,Medium,Closed
17722,5202,2026-05-22,Medium,Closed
17723,2931,2025-08-24,Low,Closed
17724,3585,2026-05-09,Critical,Closed
17725,4571,2024-08-21,High,Closed
17726,5371,2025-11-08,Medium,Closed
17727,1536,2024-06-30,Medium,Closed
17728,2774,2024-05-17,Medium,Open
17729,1176,2024-04-20,Medium,Closed
17730,2485,2025-07-19,Low,Closed
17731,1272,2025-05-15,Critical,Closed
17732,2429,2024-05-03,Low,Closed
17733,5303,2023-11-06,Low,Closed
17734,4327,2024-06-10,Low,Closed
17735,1388,2026-06-12,Low,In Progress
17736,3389,2023-07-11,High,Closed
17737,4335,2024-06-28,Low,Closed
17738,4609,2026-01-07,Low,Closed
17739,4908,2026-01-13,Low,Closed
17740,1950,2023-07-25,Medium,Open
17741,3306,2026-03-10,Low,In Progress
17742,3728,2025-03-02,Critical,Closed
17743,1597,2023-07-26,Low,Closed
17744,2230,2024-11-03,High,Closed
17745,4507,2023-09-05,Low,Closed
17746,3247,2026-03-06,High,Closed
17747,3440,2024-10-15,Low,Closed
17748,1492,2025-08-16,Low,Closed
17749,3597,2024-02-29,High,Closed
17750,3498,2024-11-18,Low,Closed
17751,4398,2024-06-21,High,Closed
17752,2326,2024-01-16,Medium,Closed
17753,3355,2025-02-25,Critical,Open
17754,2734,2025-05-20,Medium,Open
17755,2191,2026-01-21,Low,In Progress
17756,2317,2024-12-25,High,Closed
17757,1409,2026-02-27,Low,Closed
17758,1315,2024-02-13,High,Closed
17759,5997,2024-04-21,Medium,Closed
17760,5871,2024-05-25,Medium,In Progress
17761,3652,2025-05-21,Medium,Closed
17762,4167,2025-01-06,Medium,Closed
17763,4662,2024-06-06,Low,Closed
17764,1655,2026-02-23,Low,Closed
17765,2456,2026-02-01,Medium,Closed
17766,2965,2024-02-18,Critical,Closed
17767,3788,2023-08-27,Low,In Progress
17768,3900,2023-12-28,Low,Closed
17769,4480,2025-09-08,High,Closed
17770,1995,2025-10-23,Medium,Closed
17771,4473,2025-01-09,Medium,In Progress
17772,1845,2025-06-09,Medium,Closed
17773,5204,2024-12-07,Medium,Open
17774,4855,2025-01-22,Medium,Closed
17775,2773,2024-04-11,Critical,Closed
17776,1813,2025-07-18,Low,Closed
17777,3564,2026-01-21,Low,Closed
17778,4326,2023-10-20,Low,Closed
17779,3305,2026-04-02,Low,Closed
17780,5061,2023-08-02,Low,Open
17781,1381,2024-07-29,Low,In Progress
17782,3018,2024-12-21,Medium,In Progress
17783,3111,2024-12-25,Medium,Closed
17784,5456,2023-08-16,Low,Closed
17785,3098,2026-06-20,Low,Closed
17786,2347,2024-11-11,Medium,Open
17787,5405,2023-08-03,Low,Closed
17788,5293,2024-10-25,Medium,Closed
17789,3542,2024-08-03,Medium,In Progress
17790,1731,2025-03-31,Medium,Closed
17791,3492,2025-04-11,High,Closed
17792,4221,2025-10-11,Low,Closed
17793,5707,2023-08-29,Low,Closed
17794,4835,2026-01-19,High,Open
17795,2466,2024-03-04,High,Closed
17796,5409,2023-11-22,Low,In Progress
17797,3418,2024-11-29,Medium,Closed
17798,2859,2025-02-03,Low,Closed
17799,5370,2024-07-31,Low,Closed
17800,2252,2024-11-29,Medium,Closed
17801,3697,2026-04-14,Critical,Closed
17802,2977,2024-05-13,High,Closed
17803,3417,2024-02-01,Low,Closed
17804,3043,2026-06-18,High,Closed
17805,2880,2024-09-23,Low,Closed
17806,4067,2025-11-15,Medium,Closed
17807,2521,2025-10-09,Medium,Closed
17808,5689,2024-04-07,Low,Closed
17809,3917,2025-02-21,Medium,Closed
17810,1458,2023-08-21,Medium,Closed
17811,5033,2026-01-09,Critical,Open
17812,5869,2024-11-20,Medium,Closed
17813,1064,2024-09-07,Low,Closed
17814,2009,2025-02-15,High,Closed
17815,5137,2023-07-19,Low,Closed
17816,3178,2026-02-08,Medium,Closed
17817,4883,2024-01-07,Medium,Closed
17818,2843,2024-09-01,High,Closed
17819,2361,2024-01-11,High,Closed
17820,2860,2023-12-23,Low,Closed
17821,1237,2025-11-20,Low,Open
17822,3213,2024-04-11,Low,Closed
17823,4918,2026-01-29,Medium,Closed
17824,3062,2024-11-23,Medium,In Progress
17825,2808,2025-08-03,Medium,Closed
17826,3726,2026-06-20,Low,Closed
17827,4375,2025-08-09,Low,Closed
17828,5740,2024-04-15,Low,In Progress
17829,1151,2024-04-26,Medium,Closed
17830,1817,2023-09-21,Medium,Closed
17831,3593,2024-03-12,Low,Closed
17832,2059,2025-12-28,Low,Closed
17833,2880,2025-05-10,Low,In Progress
17834,5537,2025-07-24,Low,Open
17835,5993,2025-07-06,High,Open
17836,2988,2024-01-06,Medium,Closed
17837,1018,2025-01-24,Low,In Progress
17838,4347,2026-06-24,Low,In Progress
17839,5551,2023-10-06,Critical,Closed
17840,1343,2024-07-02,Low,Closed
17841,1882,2023-10-11,Medium,Closed
17842,5686,2024-05-26,High,Closed
17843,4376,2025-06-25,Low,Open
17844,1854,2025-11-15,Medium,In Progress
17845,1781,2023-08-13,Low,Closed
17846,4666,2026-01-05,Medium,Closed
17847,1376,2024-09-11,High,Closed
17848,3278,2025-10-11,Medium,Closed
17849,4106,2026-04-01,Medium,Closed
17850,1819,2023-07-07,Low,Closed
17851,1099,2026-01-10,Medium,Closed
17852,4427,2024-08-04,Medium,Closed
17853,5791,2024-09-21,Medium,Closed
17854,2042,2025-06-12,Medium,Closed
17855,2797,2026-01-25,Medium,Closed
17856,1081,2023-10-29,Low,In Progress
17857,1143,2025-11-23,High,Open
17858,3666,2023-10-29,Medium,In Progress
17859,1035,2023-09-27,Low,Open
17860,3211,2023-08-12,Low,Closed
17861,2791,2024-02-06,Critical,In Progress
17862,1198,2026-04-25,Critical,Closed
17863,5168,2025-06-05,Low,Closed
17864,5988,2025-04-08,Low,Closed
17865,1366,2026-05-06,Critical,In Progress
17866,1170,2025-11-02,Medium,Closed
17867,3307,2024-04-28,High,Closed
17868,3045,2024-10-03,High,In Progress
17869,3147,2024-11-04,Medium,Closed
17870,5879,2024-03-29,Medium,Open
17871,5529,2024-07-12,High,In Progress
17872,1725,2025-01-25,Low,Open
17873,2039,2025-02-08,High,Closed
17874,3958,2024-11-21,Critical,In Progress
17875,2479,2024-09-10,Medium,Open
17876,2105,2024-03-04,Low,Closed
17877,2922,2024-08-22,High,Open
17878,4937,2025-08-08,Low,Closed
17879,4224,2023-09-15,High,Closed
17880,3679,2026-04-07,High,Closed
17881,2357,2025-03-02,High,In Progress
17882,1448,2024-03-23,Critical,Closed
17883,5742,2026-06-12,Low,Closed
17884,4363,2024-01-24,Low,Closed
17885,4184,2026-04-14,Critical,Closed
17886,1835,2025-07-07,Low,Closed
17887,2302,2025-11-26,Low,Closed
17888,1559,2025-04-19,High,Closed
17889,3605,2023-09-27,Medium,Closed
17890,5482,2023-09-13,Medium,Closed
17891,5806,2025-01-17,Low,Open
17892,4394,2024-10-05,Medium,Closed
17893,5061,2024-03-07,Medium,Closed
17894,3084,2025-01-13,Critical,Closed
17895,4631,2024-09-10,Medium,Closed
17896,1304,2023-12-21,Low,Open
17897,5817,2025-02-27,Medium,Closed
17898,2351,2023-12-18,High,Closed
17899,3417,2023-08-23,Low,Closed
17900,3297,2025-09-01,Medium,In Progress
17901,3032,2023-07-12,Critical,Open
17902,2850,2025-12-07,Medium,Closed
17903,5732,2023-08-18,Medium,Closed
17904,4458,2025-08-06,High,Closed
17905,2109,2026-01-23,Medium,Closed
17906,1459,2026-06-08,Low,Closed
17907,3947,2024-08-23,Medium,Closed
17908,2659,2024-06-20,Low,Closed
17909,4214,2026-02-03,Low,Closed
17910,5257,2023-08-31,Low,Closed
17911,5196,2024-04-07,High,Closed
17912,5953,2023-07-03,Low,Closed
17913,1318,2025-02-14,Critical,Closed
17914,4920,2025-03-30,High,Closed
17915,3910,2024-06-08,Low,Open
17916,1347,2024-08-24,Low,In Progress
17917,4126,2023-12-28,Low,In Progress
17918,4539,2025-11-15,Medium,Open
17919,5575,2024-08-19,High,In Progress
17920,4665,2025-10-31,Critical,Closed
17921,2995,2023-12-31,Low,Closed
17922,4967,2024-09-15,Medium,In Progress
17923,5450,2026-04-23,High,Closed
17924,3354,2024-06-18,Medium,In Progress
17925,2529,2024-05-24,Medium,Closed
17926,5719,2023-11-02,Medium,Closed
17927,5247,2024-10-27,Medium,Closed
17928,1110,2025-12-03,Medium,Closed
17929,3041,2024-02-06,High,In Progress
17930,3198,2023-07-29,Medium,Closed
17931,2728,2023-10-20,Low,Closed
17932,2979,2026-03-08,Low,Closed
17933,1187,2024-07-05,Medium,Closed
17934,1967,2025-06-25,Low,Closed
17935,3702,2026-04-25,Critical,Closed
17936,2962,2025-11-27,Medium,Closed
17937,2183,2024-09-07,Critical,Closed
17938,2145,2023-10-02,Medium,In Progress
17939,4640,2025-12-07,Medium,Closed
17940,4098,2025-04-09,Low,Closed
17941,4939,2024-04-26,Medium,Closed
17942,2039,2023-08-15,Medium,Open
17943,3096,2023-10-26,Medium,Closed
17944,3225,2023-07-22,Medium,Open
17945,4638,2023-10-14,Medium,Closed
17946,2283,2023-12-14,Low,Closed
17947,1889,2023-12-09,Critical,Closed
17948,3547,2023-10-23,Low,Closed
17949,4152,2024-12-25,High,Open
17950,3456,2024-12-14,Medium,In Progress
17951,1679,2025-04-13,High,Open
17952,1098,2024-10-10,High,Open
17953,5251,2025-08-15,Low,Closed
17954,1681,2026-06-23,Medium,In Progress
17955,5305,2024-05-07,Medium,Closed
17956,3571,2024-10-10,Low,Closed
17957,4169,2025-07-19,Low,Closed
17958,3897,2025-11-05,Low,Closed
17959,3960,2023-12-04,High,In Progress
17960,5866,2023-09-14,Low,In Progress
17961,2129,2026-03-27,Low,Closed
17962,3898,2025-01-22,Medium,In Progress
17963,2054,2024-12-10,High,Open
17964,3655,2023-12-28,Low,In Progress
17965,1716,2025-05-29,Low,Closed
17966,4374,2026-04-06,High,Closed
17967,3161,2023-12-15,High,Closed
17968,1269,2023-12-04,Low,Closed
17969,2691,2025-06-09,Medium,Closed
17970,4628,2026-06-11,Low,Closed
17971,2698,2025-10-26,High,In Progress
17972,5181,2026-01-13,Medium,Closed
17973,2253,2025-10-19,Medium,In Progress
17974,1382,2024-08-31,Medium,Closed
17975,1380,2026-04-09,Low,In Progress
17976,3162,2025-05-26,Medium,Closed
17977,3686,2025-07-30,Critical,Closed
17978,4186,2024-07-27,Low,Open
17979,1165,2023-07-08,Low,Closed
17980,2823,2024-05-12,Low,Closed
17981,4277,2026-01-08,High,Closed
17982,2236,2024-03-19,High,Closed
17983,4478,2023-08-09,Low,Closed
17984,5983,2026-04-21,High,In Progress
17985,5089,2023-09-25,High,Closed
17986,1546,2024-10-31,Critical,Closed
17987,3658,2023-08-30,Low,Closed
17988,3727,2024-06-27,High,Closed
17989,3209,2023-11-05,Medium,Closed
17990,2591,2023-11-18,Low,Open
17991,1042,2024-04-07,Low,In Progress
17992,2033,2023-07-24,High,Closed
17993,5729,2023-11-06,Medium,Closed
17994,4857,2025-03-22,Medium,Closed
17995,3617,2025-09-06,High,Closed
17996,3425,2024-11-12,Low,Closed
17997,3987,2024-04-04,Medium,Closed
17998,5001,2024-01-24,Medium,In Progress
17999,3626,2023-12-14,Medium,In Progress
18000,4859,2026-04-14,High,Closed
18001,3005,2023-08-01,Low,Closed
18002,4494,2026-06-01,Medium,Closed
18003,2659,2025-04-22,Low,In Progress
18004,5939,2024-06-25,Medium,In Progress
18005,3370,2024-05-05,Low,Open
18006,5606,2024-01-08,Low,Open
18007,5265,2024-02-13,Low,Closed
18008,4895,2024-06-22,Medium,Closed
18009,2478,2026-02-11,Medium,In Progress
18010,1505,2025-09-14,Critical,Closed
18011,5737,2025-10-05,High,Closed
18012,2693,2026-05-16,High,Closed
18013,4363,2023-12-15,Low,Closed
18014,4228,2024-02-21,Medium,Closed
18015,4607,2025-09-13,Medium,Closed
18016,2887,2026-01-31,Medium,In Progress
18017,4756,2024-05-24,Low,Closed
18018,4133,2025-09-24,High,Closed
18019,3462,2026-02-24,Medium,Closed
18020,5580,2024-03-13,Low,Closed
18021,3244,2026-03-10,Low,Closed
18022,3021,2024-06-25,High,Closed
18023,3049,2025-07-08,Low,Closed
18024,3694,2025-06-30,Medium,Closed
18025,1445,2024-09-05,High,Closed
18026,4366,2026-06-10,High,Closed
18027,2720,2026-01-05,Critical,In Progress
18028,1540,2025-01-28,High,Closed
18029,2045,2024-06-12,Medium,Closed
18030,2098,2023-08-29,Medium,Closed
18031,4965,2024-01-02,Medium,Closed
18032,3623,2026-05-25,High,Closed
18033,3946,2025-07-02,Low,Closed
18034,3946,2024-04-21,Medium,Closed
18035,1792,2024-01-11,Medium,Closed
18036,2423,2023-12-12,High,In Progress
18037,5879,2025-09-15,Low,Open
18038,2432,2024-12-20,High,In Progress
18039,4372,2024-06-21,Low,Closed
18040,2571,2024-06-17,Medium,In Progress
18041,3346,2025-11-03,Medium,Closed
18042,5345,2023-10-14,Medium,Open
18043,5622,2023-10-26,Low,Closed
18044,2128,2024-07-24,Medium,In Progress
18045,4094,2025-04-08,Low,In Progress
18046,5711,2024-01-02,Critical,Closed
18047,4388,2025-08-21,Medium,Open
18048,2392,2025-08-28,Medium,Closed
18049,3933,2024-11-09,Low,Closed
18050,4573,2024-08-08,High,Closed
18051,2774,2025-11-24,Medium,In Progress
18052,4569,2024-04-03,Medium,Open
18053,5545,2026-04-06,Medium,Open
18054,3536,2025-07-09,Medium,In Progress
18055,2071,2024-04-09,Medium,Closed
18056,5683,2024-09-10,Low,Closed
18057,2670,2025-01-08,Low,Closed
18058,5712,2024-04-27,Medium,Closed
18059,5679,2024-11-16,Low,Closed
18060,5161,2024-07-06,Medium,Closed
18061,3156,2025-05-25,Critical,In Progress
18062,1514,2023-12-09,Medium,Closed
18063,2786,2024-06-10,Critical,Closed
18064,4839,2024-07-28,Medium,Closed
18065,5167,2024-11-16,High,Closed
18066,3408,2025-03-09,Low,Closed
18067,5958,2026-04-26,Low,Closed
18068,2330,2024-10-23,Medium,Closed
18069,5102,2025-04-08,Medium,Closed
18070,1688,2023-09-04,Medium,Open
18071,3958,2025-10-24,Medium,Closed
18072,2915,2023-10-07,Medium,Closed
18073,2902,2026-02-06,Low,In Progress
18074,1802,2024-07-19,High,In Progress
18075,4595,2023-12-06,Critical,Closed
18076,3722,2024-05-01,Critical,Closed
18077,4861,2024-09-23,Low,Closed
18078,1514,2024-04-06,Medium,In Progress
18079,3181,2024-03-13,High,In Progress
18080,3190,2024-06-19,Medium,Closed
18081,2747,2024-03-15,Low,Open
18082,2111,2025-05-20,Medium,In Progress
18083,1706,2023-12-07,Critical,Closed
18084,1081,2025-05-30,Low,Open
18085,3203,2025-10-18,Medium,Closed
18086,1847,2024-04-03,Low,Closed
18087,1909,2024-03-14,High,Closed
18088,1214,2023-09-11,High,In Progress
18089,1072,2023-12-14,Medium,Closed
18090,3910,2024-11-26,Medium,Open
18091,2450,2026-03-14,Medium,Closed
18092,3402,2024-02-09,Medium,Closed
18093,1744,2026-04-04,Low,Closed
18094,3934,2024-11-19,Low,Closed
18095,4614,2023-11-23,Low,Closed
18096,3784,2026-04-03,High,Closed
18097,3484,2025-08-07,Critical,Open
18098,2107,2026-03-11,Medium,Closed
18099,1859,2025-08-05,Medium,Closed
18100,3382,2026-04-08,Low,Closed
18101,1070,2023-10-14,Low,Closed
18102,2726,2026-02-09,Medium,In Progress
18103,4321,2024-03-22,Medium,Closed
18104,1457,2026-06-12,Medium,Closed
18105,5634,2026-02-07,High,Closed
18106,3432,2024-08-19,High,Closed
18107,1517,2025-06-12,Medium,Closed
18108,3822,2025-02-16,High,Open
18109,5635,2024-04-17,Low,In Progress
18110,1876,2024-03-15,High,Closed
18111,3282,2025-02-24,Critical,Open
18112,3338,2024-12-25,High,Closed
18113,5858,2023-09-01,Low,Closed
18114,4233,2024-01-25,Low,Closed
18115,2851,2025-03-10,Medium,Closed
18116,5271,2023-07-23,High,Closed
18117,3530,2025-07-03,Low,Closed
18118,3735,2023-11-12,Medium,Closed
18119,3588,2024-06-03,Critical,Closed
18120,2541,2024-07-10,Medium,Closed
18121,5277,2024-02-01,Low,Closed
18122,3542,2024-11-22,Low,Open
18123,4249,2024-03-31,Medium,Open
18124,5943,2023-12-02,Low,Open
18125,3544,2025-01-06,Medium,Open
18126,3952,2023-07-16,Critical,In Progress
18127,2459,2024-01-18,Medium,Closed
18128,1586,2023-08-31,Medium,In Progress
18129,1047,2024-01-04,Medium,Closed
18130,1949,2024-11-10,Critical,In Progress
18131,1296,2025-10-14,Critical,In Progress
18132,1918,2024-10-17,High,Open
18133,3489,2024-12-02,Low,In Progress
18134,1713,2023-11-19,Low,Closed
18135,5254,2025-05-13,High,Closed
18136,1348,2024-02-16,Low,In Progress
18137,1159,2025-12-14,Medium,Closed
18138,4768,2025-04-12,Critical,Closed
18139,5486,2023-08-08,Medium,In Progress
18140,2131,2025-03-13,High,Closed
18141,3397,2023-07-02,Low,Closed
18142,1264,2023-09-09,Low,Closed
18143,2021,2023-07-02,High,Closed
18144,1931,2024-03-31,High,Closed
18145,4138,2023-09-25,Critical,Closed
18146,1733,2025-10-20,High,Closed
18147,3092,2026-01-21,Critical,Closed
18148,2155,2025-05-31,High,In Progress
18149,2689,2026-01-21,High,Closed
18150,5286,2025-09-05,Medium,Closed
18151,3557,2025-06-20,High,Closed
18152,3976,2026-02-25,Medium,Closed
18153,5782,2026-04-30,High,Closed
18154,5154,2023-11-07,Low,Closed
18155,4967,2023-12-28,Low,Closed
18156,4876,2026-05-31,Medium,Closed
18157,3391,2026-02-17,Medium,Closed
18158,5902,2026-02-03,Low,Closed
18159,5238,2025-04-11,Low,Open
18160,3405,2023-08-05,Medium,Closed
18161,1797,2025-03-25,Low,In Progress
18162,1841,2024-03-14,Medium,Closed
18163,5666,2026-03-12,Low,Closed
18164,3931,2023-09-18,Medium,Closed
18165,4634,2023-08-31,High,Closed
18166,3905,2024-02-25,Critical,Open
18167,1207,2025-12-11,High,Closed
18168,1721,2024-09-07,High,Closed
18169,1465,2025-05-25,Critical,Closed
18170,2386,2025-03-25,Low,Closed
18171,3834,2026-01-07,Critical,Closed
18172,4543,2025-11-17,Low,Closed
18173,4164,2025-11-13,Low,Closed
18174,2123,2024-03-26,Low,Closed
18175,3689,2024-10-10,Medium,Closed
18176,2127,2024-10-23,High,Closed
18177,2042,2024-03-17,Low,Closed
18178,1314,2026-03-04,Critical,Closed
18179,1515,2025-07-16,Low,Closed
18180,3008,2025-02-12,Medium,In Progress
18181,2553,2026-03-11,Low,Closed
18182,4419,2025-07-15,Critical,Closed
18183,3500,2025-06-07,Low,Closed
18184,3866,2024-08-17,Low,Closed
18185,3246,2025-08-03,Low,Closed
18186,4492,2026-05-19,Critical,Open
18187,4181,2023-07-28,Critical,Closed
18188,3756,2024-09-07,Medium,In Progress
18189,2881,2023-08-29,Medium,Open
18190,5385,2024-01-05,High,Closed
18191,3446,2026-02-18,Low,Closed
18192,4560,2023-10-17,Low,Closed
18193,3942,2023-08-17,High,Closed
18194,4896,2025-01-17,Medium,Closed
18195,4237,2025-01-03,Medium,Closed
18196,5052,2024-05-09,High,Closed
18197,1051,2023-09-14,High,Closed
18198,3994,2024-06-26,Low,Closed
18199,5112,2025-05-17,Medium,Closed
18200,3063,2025-05-10,Low,In Progress
18201,2132,2026-02-02,Medium,Closed
18202,5741,2024-11-24,Medium,Closed
18203,5487,2025-07-10,Medium,Closed
18204,4474,2026-01-07,High,Closed
18205,1367,2025-04-03,Medium,Closed
18206,4743,2023-10-08,Medium,Closed
18207,5573,2025-07-26,Medium,Closed
18208,2772,2025-05-06,Medium,Closed
18209,5228,2026-05-02,Low,Closed
18210,3637,2025-01-28,Low,Closed
18211,4832,2024-06-13,High,Closed
18212,5651,2024-05-29,Medium,In Progress
18213,1486,2026-02-12,Low,In Progress
18214,2210,2026-03-18,High,Closed
18215,4972,2026-05-29,Medium,Closed
18216,5956,2025-12-28,Low,Closed
18217,1587,2025-11-08,Medium,Closed
18218,1356,2025-07-22,Low,Closed
18219,5284,2025-03-17,Low,In Progress
18220,4256,2025-01-31,High,Closed
18221,1702,2023-12-04,Low,In Progress
18222,4346,2024-09-13,High,Closed
18223,3458,2024-06-20,Low,Closed
18224,1058,2024-12-18,Medium,In Progress
18225,1324,2024-07-01,High,Closed
18226,1849,2023-12-03,Low,Open
18227,5255,2025-02-24,Medium,Closed
18228,3166,2025-07-11,High,Closed
18229,1362,2024-09-14,Medium,Closed
18230,1183,2023-11-14,Low,Closed
18231,4910,2025-12-30,High,Closed
18232,5493,2024-07-19,High,Closed
18233,1678,2025-12-27,Low,In Progress
18234,2660,2025-05-14,Critical,Closed
18235,2575,2025-08-09,Medium,In Progress
18236,1731,2025-08-22,Medium,In Progress
18237,1819,2025-06-11,Medium,Closed
18238,1068,2024-05-11,Low,Closed
18239,5151,2025-04-23,Critical,Closed
18240,3938,2025-10-29,Critical,Closed
18241,2182,2025-08-14,Low,Closed
18242,3904,2024-05-13,Medium,Closed
18243,5004,2025-11-10,High,Closed
18244,2132,2024-04-16,Medium,Open
18245,2643,2025-05-04,Critical,In Progress
18246,5346,2023-07-29,Low,Closed
18247,3312,2024-09-09,Low,Open
18248,5891,2024-02-27,Critical,Closed
18249,4078,2023-11-21,Medium,Closed
18250,4069,2025-05-22,Medium,Open
18251,2912,2023-08-29,Low,Closed
18252,4338,2024-12-11,Low,Closed
18253,4860,2026-02-26,Low,Closed
18254,1915,2023-06-30,Medium,Closed
18255,5394,2025-03-10,Medium,Closed
18256,4004,2025-06-14,Medium,Closed
18257,4870,2025-02-24,Medium,Closed
18258,2334,2024-02-03,Medium,Closed
18259,4148,2025-11-03,Low,Open
18260,5123,2025-05-08,Low,Closed
18261,3639,2024-08-28,High,Closed
18262,1699,2026-02-11,Low,Closed
18263,3558,2024-02-27,Medium,Closed
18264,2242,2023-10-03,High,Closed
18265,3548,2023-07-12,Medium,Closed
18266,2938,2025-03-05,Low,In Progress
18267,3535,2024-08-10,Low,Closed
18268,5855,2023-08-02,Low,In Progress
18269,4870,2026-06-05,High,Closed
18270,3684,2023-10-11,Low,Closed
18271,4699,2025-10-20,Low,Closed
18272,2656,2024-03-08,Low,Closed
18273,5603,2024-02-19,Low,Closed
18274,2454,2025-04-24,Low,Closed
18275,4947,2023-10-16,Low,Closed
18276,2776,2025-08-14,Low,Closed
18277,1419,2024-11-05,Medium,Closed
18278,4494,2024-05-23,High,Closed
18279,2587,2023-11-12,Low,Closed
18280,4333,2025-07-22,High,Closed
18281,4851,2023-09-19,Low,Closed
18282,4537,2025-09-18,High,Open
18283,3024,2023-10-27,High,Closed
18284,1357,2025-01-26,Low,Closed
18285,4081,2025-02-06,Medium,In Progress
18286,2192,2024-09-13,Low,Closed
18287,4167,2024-07-09,Medium,In Progress
18288,3010,2024-05-12,Low,Closed
18289,3109,2025-03-03,Low,Closed
18290,1302,2023-07-12,Critical,Closed
18291,1995,2025-12-24,Medium,In Progress
18292,3132,2025-06-01,High,In Progress
18293,4253,2025-06-10,Low,Closed
18294,4653,2024-12-25,Low,In Progress
18295,3963,2023-07-23,Low,Closed
18296,3115,2024-09-29,Low,Closed
18297,4233,2025-08-25,Low,Closed
18298,1245,2025-08-13,Low,Closed
18299,5973,2026-02-21,Medium,In Progress
18300,1753,2023-07-21,Medium,Closed
18301,5206,2024-02-10,Low,Closed
18302,5852,2024-01-19,Medium,Open
18303,2575,2023-07-24,High,Closed
18304,3684,2025-02-04,Critical,Closed
18305,1801,2023-08-13,Low,In Progress
18306,2618,2025-09-03,Critical,Closed
18307,3402,2024-06-18,Low,Open
18308,3704,2023-07-26,Low,Closed
18309,2844,2024-06-18,Medium,Closed
18310,4909,2023-09-13,Medium,In Progress
18311,1233,2026-04-16,Medium,In Progress
18312,1619,2024-08-05,High,Closed
18313,3940,2023-12-01,High,In Progress
18314,5786,2025-09-29,Medium,Closed
18315,4397,2024-10-02,Medium,Closed
18316,4367,2025-12-25,Medium,Open
18317,2702,2023-11-16,High,Closed
18318,2698,2025-12-09,Medium,Closed
18319,4955,2023-10-13,Critical,Closed
18320,2983,2023-12-05,Low,Closed
18321,3832,2024-09-19,Medium,In Progress
18322,1833,2024-03-21,Critical,Closed
18323,2612,2026-01-09,Low,Closed
18324,5004,2026-02-07,Medium,Closed
18325,5442,2025-09-24,High,Closed
18326,1878,2025-07-16,Medium,Closed
18327,5310,2024-02-14,Low,Closed
18328,3485,2025-08-22,Medium,Closed
18329,3013,2026-06-09,High,Open
18330,1419,2025-10-11,Medium,Open
18331,5681,2023-07-27,Low,Closed
18332,3260,2025-12-13,Low,Closed
18333,3743,2026-06-22,Low,Closed
18334,2060,2024-11-11,High,Closed
18335,3883,2024-08-13,Medium,Closed
18336,4033,2026-04-04,High,Closed
18337,5899,2025-10-27,Medium,Closed
18338,5120,2023-07-31,High,Closed
18339,3253,2025-02-28,Medium,Closed
18340,1601,2024-02-14,Medium,Closed
18341,5972,2025-02-25,High,Closed
18342,3311,2024-09-17,Low,Closed
18343,1414,2026-02-28,High,Closed
18344,4838,2024-08-19,Critical,Closed
18345,5271,2024-11-08,Medium,Closed
18346,3140,2025-09-05,High,Closed
18347,1540,2023-10-03,Low,Closed
18348,5620,2023-10-20,Medium,Closed
18349,5284,2026-02-05,Medium,Closed
18350,4843,2024-10-24,Medium,In Progress
18351,4976,2026-01-14,Medium,Closed
18352,5486,2026-03-25,Medium,Closed
18353,4164,2023-12-11,Low,Open
18354,2496,2024-12-21,Medium,Closed
18355,4605,2026-04-14,Low,Closed
18356,3787,2025-12-17,Critical,Closed
18357,2202,2026-04-22,Low,Closed
18358,2916,2023-10-19,Medium,In Progress
18359,3331,2025-09-03,Medium,Closed
18360,5364,2026-05-03,Medium,Closed
18361,4369,2024-05-01,Low,Closed
18362,5115,2023-08-07,High,Closed
18363,3349,2025-02-08,Medium,Closed
18364,4963,2023-08-25,Low,Closed
18365,4660,2023-07-13,Low,In Progress
18366,4794,2024-04-07,Low,In Progress
18367,5705,2025-05-12,Medium,Closed
18368,3793,2026-02-07,High,Closed
18369,4933,2026-03-03,High,In Progress
18370,5768,2025-06-28,Low,In Progress
18371,1592,2024-06-09,Low,Closed
18372,1703,2023-08-01,Low,Closed
18373,4383,2025-07-01,Medium,Closed
18374,5158,2024-10-02,Medium,Closed
18375,5828,2025-02-22,Medium,In Progress
18376,4638,2025-11-22,High,Open
18377,5743,2026-02-26,Medium,In Progress
18378,5036,2023-07-02,Medium,Closed
18379,5624,2025-08-29,Low,Closed
18380,5943,2025-07-07,Medium,Closed
18381,4466,2025-09-04,Low,Closed
18382,5766,2024-07-23,Medium,Closed
18383,1742,2023-08-17,Low,Closed
18384,1895,2025-06-17,High,Closed
18385,2184,2024-03-10,Low,Open
18386,1127,2025-01-12,Medium,Closed
18387,1565,2024-03-10,High,Closed
18388,2217,2024-07-21,Medium,Closed
18389,5187,2024-06-22,Medium,In Progress
18390,5283,2024-09-09,Low,In Progress
18391,2857,2025-01-09,Medium,Closed
18392,3091,2026-04-24,Low,Open
18393,3662,2025-07-13,Medium,Open
18394,1242,2023-12-02,High,Closed
18395,2175,2024-02-20,Medium,Closed
18396,3285,2024-11-29,High,Closed
18397,5950,2025-09-16,Low,Closed
18398,2807,2026-05-04,Medium,Open
18399,1182,2023-12-13,Low,Closed
18400,2452,2025-09-09,Low,Closed
18401,5530,2025-05-29,Critical,In Progress
18402,3317,2023-09-26,Medium,Open
18403,1972,2026-01-06,High,In Progress
18404,1722,2025-06-06,Low,In Progress
18405,2244,2025-04-09,High,Closed
18406,4316,2024-08-12,Critical,Closed
18407,4857,2025-04-19,Critical,Closed
18408,4208,2024-08-03,High,Closed
18409,2320,2025-06-24,Medium,Closed
18410,3659,2026-03-31,Medium,Closed
18411,1430,2025-10-22,Low,Closed
18412,3748,2025-04-12,Medium,Closed
18413,5986,2025-02-28,Low,Open
18414,5137,2023-09-21,Low,Closed
18415,2830,2023-10-25,Low,In Progress
18416,2034,2025-07-02,High,Closed
18417,2440,2025-03-24,High,Closed
18418,3373,2024-02-20,Low,Open
18419,3578,2026-01-18,Critical,Closed
18420,1786,2024-06-27,Low,Closed
18421,1408,2026-05-17,Medium,Closed
18422,4597,2025-06-03,Medium,Closed
18423,3996,2024-05-18,Medium,Closed
18424,2140,2026-04-16,Medium,Closed
18425,5189,2023-09-04,Medium,Closed
18426,4553,2024-05-18,Medium,Closed
18427,1231,2024-07-08,Low,Closed
18428,4720,2024-09-05,Medium,Closed
18429,4608,2024-04-19,High,Closed
18430,1039,2024-01-08,High,Closed
18431,4028,2024-09-29,Critical,Open
18432,1037,2024-04-23,Medium,Closed
18433,4723,2026-05-16,Medium,Closed
18434,5913,2025-03-03,Medium,Closed
18435,1879,2024-11-30,Medium,Closed
18436,5343,2023-07-29,Low,Closed
18437,1478,2024-12-16,High,Closed
18438,4949,2024-04-14,Medium,Closed
18439,5531,2024-07-06,Medium,Closed
18440,1528,2025-11-09,Critical,Closed
18441,1602,2024-03-22,Low,Closed
18442,2574,2023-08-27,Medium,Closed
18443,1226,2023-08-24,Low,Closed
18444,3123,2024-04-03,Medium,Closed
18445,4361,2025-07-06,Medium,Closed
18446,4211,2024-12-16,Low,Closed
18447,5851,2023-11-27,High,In Progress
18448,5153,2024-07-04,Critical,In Progress
18449,5740,2024-12-19,Low,Open
18450,2369,2025-03-23,Critical,Closed
18451,1131,2025-02-16,High,Closed
18452,5488,2024-08-11,Medium,Closed
18453,1698,2024-09-16,Medium,Closed
18454,2616,2023-11-08,Low,Closed
18455,1304,2026-06-26,Low,Closed
18456,3455,2025-11-08,High,Open
18457,5986,2024-04-07,Critical,Closed
18458,3745,2024-07-07,Medium,In Progress
18459,1718,2025-06-22,Medium,Closed
18460,1827,2024-04-15,Low,Closed
18461,4098,2024-12-27,Low,Open
18462,5656,2026-03-13,Medium,Closed
18463,2900,2026-06-01,High,Closed
18464,4391,2025-08-29,Medium,Closed
18465,3601,2026-03-03,High,Closed
18466,2438,2023-07-13,Low,Closed
18467,3479,2023-10-21,High,Closed
18468,3170,2024-06-22,Critical,Closed
18469,1542,2024-08-20,Medium,Closed
18470,3626,2023-10-25,Medium,Closed
18471,2461,2026-04-24,Low,Closed
18472,4608,2025-04-29,Low,In Progress
18473,2886,2024-01-24,High,In Progress
18474,2799,2024-12-07,High,Closed
18475,3373,2024-05-31,High,Closed
18476,2641,2026-04-08,Low,In Progress
18477,5075,2024-05-18,Medium,Closed
18478,5280,2024-04-04,Medium,Closed
18479,1005,2024-03-07,Low,Closed
18480,4830,2024-01-13,Medium,Closed
18481,4692,2023-11-04,High,Closed
18482,2190,2024-08-14,Critical,Closed
18483,1421,2026-05-04,Critical,Closed
18484,2890,2024-09-13,Low,Closed
18485,2074,2024-08-27,Medium,In Progress
18486,2506,2025-11-07,Low,Closed
18487,2897,2024-03-12,Medium,Closed
18488,5688,2023-06-27,High,Open
18489,4932,2025-08-28,Medium,Closed
18490,5614,2025-11-12,Medium,Open
18491,4509,2025-09-08,Medium,Closed
18492,1868,2025-11-01,Medium,Closed
18493,3598,2023-10-18,High,Closed
18494,1359,2025-12-03,Medium,Open
18495,3465,2024-08-25,Low,Closed
18496,4896,2024-10-07,Medium,In Progress
18497,3740,2025-12-29,Medium,In Progress
18498,4531,2025-03-26,Low,Closed
18499,3487,2024-05-17,Medium,Closed
18500,5181,2023-08-14,High,Closed
18501,2814,2025-08-05,High,Closed
18502,5995,2025-12-08,Low,Closed
18503,4954,2025-04-02,Low,Closed
18504,3277,2025-07-30,Critical,Closed
18505,4634,2026-03-25,Low,Closed
18506,3442,2023-07-09,Low,In Progress
18507,5717,2025-04-26,Medium,In Progress
18508,2014,2025-09-16,Low,Closed
18509,1551,2025-08-20,Low,Closed
18510,5107,2024-07-12,Low,Closed
18511,3585,2025-12-21,Critical,Closed
18512,3390,2023-11-08,Medium,Closed
18513,4056,2026-02-19,Medium,Closed
18514,2191,2026-06-18,Medium,Closed
18515,3606,2025-12-19,Low,Closed
18516,1716,2025-09-15,Low,Open
18517,3547,2025-06-22,High,Closed
18518,5265,2024-04-29,Low,Closed
18519,1861,2026-05-03,High,Open
18520,3069,2025-03-02,Medium,Closed
18521,3985,2025-04-08,Low,Closed
18522,2908,2024-01-17,Medium,Open
18523,2069,2025-05-27,High,Closed
18524,5066,2026-02-19,Medium,Closed
18525,1368,2025-01-17,Medium,Closed
18526,3059,2024-03-26,Low,Closed
18527,3487,2025-02-13,Low,Closed
18528,2769,2024-08-23,Medium,In Progress
18529,1680,2025-10-25,High,Closed
18530,1903,2026-05-23,High,Open
18531,4208,2024-09-16,Low,Closed
18532,2288,2023-12-27,Low,In Progress
18533,4726,2025-07-26,Low,Closed
18534,5909,2025-10-05,Low,Closed
18535,1707,2024-09-17,Critical,Closed
18536,2850,2025-06-23,High,Closed
18537,5217,2023-09-13,Low,Closed
18538,3053,2025-08-20,High,Closed
18539,4769,2024-11-03,Medium,Closed
18540,2946,2024-11-28,Low,Closed
18541,1336,2023-06-29,Medium,Closed
18542,3803,2024-10-22,Low,Closed
18543,4025,2026-04-14,High,Closed
18544,5627,2025-04-05,Medium,Closed
18545,2944,2025-01-24,Medium,Closed
18546,3663,2024-10-30,High,Closed
18547,1521,2025-08-31,Medium,Closed
18548,5029,2024-12-21,High,Open
18549,5488,2026-02-11,Medium,In Progress
18550,1464,2024-10-21,High,Closed
18551,3457,2024-10-02,Low,In Progress
18552,3151,2025-10-11,Medium,Closed
18553,5365,2025-10-28,Medium,Closed
18554,1363,2026-05-17,Low,Closed
18555,5124,2024-01-11,High,Closed
18556,4371,2024-11-03,Low,Closed
18557,3859,2023-12-30,Low,Closed
18558,4414,2024-02-05,Low,Closed
18559,2810,2023-08-23,Medium,In Progress
18560,4111,2025-09-08,Low,Closed
18561,3338,2025-06-19,Medium,Open
18562,2505,2025-12-03,Medium,Closed
18563,1514,2023-09-22,High,Closed
18564,3213,2025-03-16,Medium,Open
18565,1135,2023-11-07,Low,In Progress
18566,4333,2024-06-18,Medium,Closed
18567,4820,2026-02-03,Low,Closed
18568,4839,2025-03-28,Low,Closed
18569,2307,2025-06-06,High,Open
18570,5268,2025-05-30,Medium,Closed
18571,4731,2025-11-02,Low,Closed
18572,4583,2026-04-08,Low,Closed
18573,2702,2024-09-12,High,Open
18574,1929,2025-08-17,High,Closed
18575,5154,2023-12-24,Medium,Closed
18576,4804,2026-04-22,Critical,Closed
18577,3088,2025-01-17,Low,Closed
18578,4298,2023-12-26,Low,Closed
18579,4069,2026-02-18,Medium,Closed
18580,5616,2024-02-21,Low,In Progress
18581,5335,2025-03-16,Medium,Closed
18582,3677,2023-09-21,High,Closed
18583,4884,2024-06-20,Medium,Closed
18584,2184,2024-09-19,Medium,Open
18585,1919,2026-05-19,Medium,Closed
18586,4088,2024-08-15,Medium,Closed
18587,5326,2026-06-17,Low,Closed
18588,4194,2024-10-16,Low,Closed
18589,1958,2026-02-14,Low,Closed
18590,2328,2024-09-02,Low,Closed
18591,1127,2024-01-31,Medium,In Progress
18592,3278,2025-11-17,Low,Closed
18593,4294,2026-04-07,Low,Closed
18594,1583,2024-09-30,Medium,Closed
18595,2737,2023-12-21,Critical,Open
18596,3885,2023-08-28,Medium,Closed
18597,2246,2025-07-31,High,Closed
18598,4922,2024-01-11,Medium,In Progress
18599,2538,2024-09-10,Low,Closed
18600,2892,2024-04-06,Low,Closed
18601,2100,2026-02-22,Medium,Closed
18602,1966,2026-05-24,Low,Closed
18603,3857,2025-09-12,High,Closed
18604,1746,2025-10-02,High,Closed
18605,5069,2024-10-06,Critical,Open
18606,5698,2026-06-11,Medium,Closed
18607,2571,2023-08-10,Medium,Closed
18608,2881,2024-09-03,High,Closed
18609,1634,2024-09-15,Medium,Closed
18610,4460,2023-11-16,Medium,Closed
18611,5866,2024-04-26,Low,Closed
18612,3193,2025-09-20,Medium,Closed
18613,1454,2025-04-25,Low,Closed
18614,2681,2026-03-15,Medium,Closed
18615,4848,2024-07-15,Critical,Closed
18616,1640,2024-06-26,Low,In Progress
18617,4827,2023-11-20,Low,Closed
18618,2791,2023-07-23,Low,Closed
18619,5754,2024-02-15,Low,In Progress
18620,2508,2025-01-16,Critical,Closed
18621,1271,2025-04-02,Critical,In Progress
18622,2043,2026-06-12,Low,Closed
18623,4553,2025-05-10,Medium,Closed
18624,1040,2024-11-16,Medium,In Progress
18625,5833,2024-07-30,Low,Closed
18626,1118,2024-01-19,High,Closed
18627,1863,2026-05-03,High,Closed
18628,5630,2025-12-02,Medium,Closed
18629,3091,2023-08-17,Low,Closed
18630,5426,2025-11-15,High,Closed
18631,3509,2025-01-02,Low,Closed
18632,1411,2025-04-05,Medium,Closed
18633,4585,2024-09-24,Low,Closed
18634,2783,2024-03-11,Low,In Progress
18635,3486,2024-06-20,Low,Closed
18636,1302,2024-10-03,Medium,Closed
18637,4358,2023-10-15,Medium,Closed
18638,1607,2025-08-13,High,Closed
18639,5799,2025-02-11,Low,Closed
18640,3852,2024-01-25,Low,Closed
18641,1621,2026-02-03,High,Closed
18642,3346,2025-01-10,Low,Closed
18643,5508,2023-10-04,Critical,Closed
18644,4506,2026-04-21,Medium,Closed
18645,4522,2023-08-09,High,In Progress
18646,2811,2023-08-06,Medium,Closed
18647,1675,2025-01-31,Critical,Closed
18648,2612,2024-05-12,Low,Closed
18649,2421,2024-06-13,Low,Closed
18650,3678,2023-11-25,High,Closed
18651,4047,2026-04-13,Medium,Closed
18652,3633,2023-11-06,Low,Closed
18653,2901,2024-06-16,Medium,Closed
18654,2982,2023-11-21,Critical,Closed
18655,3951,2024-12-02,Medium,Closed
18656,5836,2025-11-16,High,Closed
18657,5840,2025-12-13,Low,In Progress
18658,2861,2023-12-10,Low,Closed
18659,4511,2024-11-05,Low,Closed
18660,3702,2023-07-06,Medium,Closed
18661,3823,2025-10-12,Medium,Closed
18662,4276,2026-01-20,Critical,Closed
18663,5238,2023-08-21,Low,Closed
18664,4319,2023-10-29,High,Closed
18665,3926,2025-09-27,Medium,Closed
18666,2918,2025-08-19,Low,Closed
18667,4973,2026-02-24,Medium,In Progress
18668,3894,2025-12-07,High,Open
18669,5901,2025-07-28,High,Closed
18670,1634,2023-07-22,Medium,Closed
18671,2644,2025-05-26,Low,Closed
18672,1812,2026-03-27,Medium,Closed
18673,4276,2025-04-30,Medium,In Progress
18674,4545,2025-12-09,High,Closed
18675,3413,2025-05-20,High,Open
18676,2280,2026-03-21,Medium,Closed
18677,4456,2025-01-17,Low,In Progress
18678,5250,2024-06-03,Low,In Progress
18679,2205,2024-03-12,Medium,Closed
18680,4404,2024-05-01,Medium,Closed
18681,2008,2023-09-21,Critical,Closed
18682,3647,2023-11-23,High,In Progress
18683,3543,2023-09-15,Critical,Closed
18684,3512,2025-09-04,Critical,Closed
18685,4668,2024-06-07,Medium,Closed
18686,5570,2026-05-20,Low,Closed
18687,5550,2025-12-22,Medium,Closed
18688,4959,2026-03-03,Critical,Closed
18689,1338,2024-10-31,Medium,Closed
18690,3169,2024-10-11,Medium,Closed
18691,4193,2025-10-16,Critical,Closed
18692,2267,2025-10-02,Low,Closed
18693,2176,2026-01-12,Medium,Closed
18694,4866,2025-11-19,Low,Open
18695,1229,2025-09-21,High,In Progress
18696,5535,2025-05-02,Low,Open
18697,4776,2025-07-21,High,Closed
18698,3181,2025-04-25,Low,Closed
18699,4411,2024-08-17,High,Closed
18700,2864,2025-05-06,Medium,In Progress
18701,2348,2024-12-15,Low,Closed
18702,5575,2024-07-17,High,Closed
18703,4026,2024-05-08,Critical,In Progress
18704,4412,2023-11-11,Low,Closed
18705,3693,2025-02-16,High,Closed
18706,4254,2023-08-16,Medium,Closed
18707,5687,2025-02-22,High,Closed
18708,2001,2023-08-26,Low,Closed
18709,3647,2024-08-21,Critical,Closed
18710,1132,2025-12-24,Low,Closed
18711,4174,2025-05-08,High,Closed
18712,1261,2025-11-08,Low,In Progress
18713,4609,2024-03-16,Low,In Progress
18714,2844,2023-07-18,Low,Closed
18715,2869,2023-09-24,Medium,Closed
18716,5649,2026-01-06,Low,Closed
18717,2458,2025-06-19,High,In Progress
18718,1419,2026-06-14,Medium,Closed
18719,1170,2023-10-22,Medium,In Progress
18720,5027,2026-01-11,Critical,Closed
18721,2315,2024-10-24,Low,In Progress
18722,5252,2025-01-03,Low,Closed
18723,3394,2026-01-21,High,Closed
18724,2212,2026-06-08,Medium,Closed
18725,2375,2024-08-13,Low,Closed
18726,1383,2025-06-09,Medium,In Progress
18727,3866,2025-02-17,Low,Closed
18728,3527,2024-07-01,High,Closed
18729,1562,2025-03-13,Medium,Closed
18730,4547,2024-01-20,High,Closed
18731,2834,2023-08-20,Low,Closed
18732,3399,2024-01-06,Medium,Closed
18733,1250,2026-06-20,Medium,Open
18734,1539,2025-08-31,High,In Progress
18735,4648,2024-01-08,High,Closed
18736,3676,2023-12-16,Medium,In Progress
18737,2200,2025-04-11,Low,Closed
18738,4746,2024-11-16,High,In Progress
18739,5604,2023-06-29,Medium,Closed
18740,4936,2025-11-11,Low,Closed
18741,2743,2024-06-03,Medium,Closed
18742,3282,2024-08-25,Medium,In Progress
18743,4982,2025-10-14,High,Closed
18744,3153,2026-06-24,High,Closed
18745,3275,2024-08-01,Medium,Closed
18746,4406,2025-05-21,Medium,Closed
18747,4063,2025-10-24,Medium,Closed
18748,4670,2026-03-07,Low,Closed
18749,3583,2026-02-13,Medium,Closed
18750,4015,2024-06-07,Low,Closed
18751,4347,2024-10-08,Low,Open
18752,5454,2026-02-10,Low,In Progress
18753,4167,2025-12-22,Low,Closed
18754,5701,2025-01-15,Low,Closed
18755,2146,2024-02-15,Medium,In Progress
18756,3420,2025-06-07,Medium,Closed
18757,2125,2024-04-20,High,Closed
18758,5523,2025-12-30,Critical,Closed
18759,5709,2024-04-07,Medium,Open
18760,3519,2024-07-14,Critical,Closed
18761,1222,2024-02-05,Medium,Closed
18762,1764,2024-09-05,Low,Closed
18763,5440,2024-06-03,Medium,Closed
18764,5341,2026-02-07,Medium,In Progress
18765,2765,2024-05-21,Medium,Closed
18766,1259,2024-10-12,Medium,Closed
18767,5263,2025-04-13,High,Closed
18768,5789,2024-12-25,Critical,Closed
18769,1190,2023-07-30,Critical,Closed
18770,2927,2024-10-22,Critical,Closed
18771,3221,2025-07-12,High,Closed
18772,3962,2026-01-31,High,In Progress
18773,3129,2025-08-19,Medium,In Progress
18774,3499,2025-12-19,Medium,Open
18775,4244,2025-08-10,High,Open
18776,3616,2024-09-30,Medium,Closed
18777,5722,2023-08-09,Medium,Closed
18778,5637,2025-11-23,High,Closed
18779,4455,2023-11-16,Low,Closed
18780,2972,2024-03-27,Medium,Closed
18781,4261,2026-03-30,Low,Closed
18782,2029,2026-03-02,Medium,Closed
18783,3772,2024-01-06,High,In Progress
18784,5131,2024-11-27,High,Open
18785,4901,2023-07-29,High,Closed
18786,3182,2024-09-11,Medium,In Progress
18787,3321,2025-10-14,Low,In Progress
18788,5840,2024-04-24,Low,Open
18789,5620,2025-01-31,Medium,Open
18790,5694,2025-01-07,High,Closed
18791,1956,2023-11-24,Medium,Open
18792,4821,2024-04-26,Low,Closed
18793,1789,2025-03-08,Medium,Closed
18794,2409,2024-12-22,Critical,In Progress
18795,3002,2023-10-30,Low,Open
18796,1928,2024-08-23,Low,Closed
18797,3317,2023-09-08,Medium,Closed
18798,2609,2024-11-04,Medium,Closed
18799,3540,2024-11-01,Critical,Closed
18800,5235,2025-10-07,Medium,Open
18801,3930,2023-09-24,High,Closed
18802,5787,2025-09-11,Medium,In Progress
18803,5662,2025-02-18,Medium,Closed
18804,5659,2025-06-19,Low,Closed
18805,3386,2023-07-22,Medium,Open
18806,2480,2025-11-03,Low,Closed
18807,3101,2025-02-15,Medium,Closed
18808,5237,2025-10-31,High,Closed
18809,3992,2024-10-23,Low,Closed
18810,4550,2023-07-09,Low,In Progress
18811,3704,2024-07-26,Low,In Progress
18812,4811,2025-01-01,High,Closed
18813,3716,2023-07-20,High,Closed
18814,5283,2024-10-24,Medium,Open
18815,2452,2023-09-10,Low,In Progress
18816,5435,2024-09-22,Medium,Closed
18817,1548,2025-03-07,Critical,Closed
18818,2758,2023-09-07,Medium,In Progress
18819,4274,2024-03-08,Medium,In Progress
18820,3205,2025-07-12,Low,In Progress
18821,3612,2024-12-24,High,Closed
18822,1541,2023-07-13,Low,In Progress
18823,3302,2025-07-11,High,Open
18824,4622,2024-08-30,Medium,Closed
18825,1979,2024-05-23,Medium,Closed
18826,1657,2024-02-02,Critical,Closed
18827,5030,2024-11-20,Low,In Progress
18828,5636,2024-06-19,High,Closed
18829,3110,2024-03-10,Low,Closed
18830,2741,2023-06-28,High,Closed
18831,5967,2024-05-11,High,Closed
18832,4880,2024-05-01,High,Closed
18833,3400,2026-06-24,Medium,Open
18834,3396,2026-05-24,Medium,Closed
18835,3884,2023-11-28,Low,Closed
18836,2882,2025-11-30,Medium,Closed
18837,3051,2023-10-25,Medium,Closed
18838,4389,2025-09-20,Medium,Closed
18839,4682,2026-03-02,Medium,Closed
18840,4510,2023-07-17,Medium,In Progress
18841,1350,2024-11-17,Low,Closed
18842,2483,2026-02-16,Critical,Closed
18843,3132,2024-07-20,High,Closed
18844,5463,2025-09-28,High,Open
18845,1122,2026-06-19,Low,Closed
18846,2392,2024-01-19,Low,Closed
18847,2114,2023-08-07,Medium,In Progress
18848,1194,2024-08-01,Medium,Closed
18849,5592,2026-05-01,Low,Closed
18850,3623,2024-08-23,Low,Closed
18851,3043,2025-12-07,Critical,Closed
18852,5541,2026-06-08,Medium,Closed
18853,2943,2025-05-20,Medium,Open
18854,5567,2026-02-26,High,In Progress
18855,1465,2025-05-14,Medium,Closed
18856,5480,2023-11-26,Critical,Closed
18857,4566,2023-12-06,Medium,Closed
18858,1925,2024-03-29,High,Closed
18859,4151,2025-02-05,Low,Closed
18860,5565,2026-06-15,High,Closed
18861,4445,2025-09-29,Medium,Closed
18862,1390,2024-12-06,Low,Closed
18863,3760,2025-02-25,Low,In Progress
18864,4610,2024-12-19,High,Open
18865,3722,2024-01-02,Critical,Closed
18866,5064,2025-12-24,Low,Closed
18867,1142,2026-05-27,Medium,Closed
18868,5146,2025-06-19,Medium,Closed
18869,3684,2023-08-22,Low,Closed
18870,3667,2025-07-29,High,Open
18871,1153,2023-09-16,Low,Closed
18872,1708,2025-05-03,Low,Closed
18873,4531,2025-01-28,Critical,Closed
18874,4799,2025-10-01,High,Closed
18875,1686,2024-01-18,High,Closed
18876,1253,2024-11-26,Low,Closed
18877,4279,2024-02-16,Medium,Closed
18878,5451,2024-12-13,Medium,Closed
18879,1163,2024-05-31,Low,In Progress
18880,4490,2024-01-29,Low,Closed
18881,4549,2023-10-03,High,Closed
18882,3753,2026-02-16,Medium,Closed
18883,3072,2026-06-11,Low,Closed
18884,4898,2026-03-17,Medium,Closed
18885,3343,2024-11-15,Medium,Closed
18886,2403,2023-11-20,High,In Progress
18887,2213,2025-06-15,Low,Closed
18888,2987,2023-12-11,High,Closed
18889,1145,2026-05-02,Medium,Closed
18890,2198,2025-11-22,Medium,Closed
18891,2922,2024-02-20,Medium,Open
18892,2486,2024-07-02,Critical,Closed
18893,3821,2026-05-31,Low,Closed
18894,3213,2023-11-14,Low,Closed
18895,2131,2025-01-12,Medium,Closed
18896,4974,2025-09-23,Medium,Closed
18897,3777,2026-01-15,Low,Closed
18898,4864,2024-10-31,Medium,In Progress
18899,4295,2024-12-19,Medium,Closed
18900,4072,2025-07-15,Low,In Progress
18901,4948,2025-08-12,Medium,Closed
18902,2558,2026-03-26,Medium,Closed
18903,3946,2026-04-27,Low,Open
18904,5677,2024-03-31,Medium,Closed
18905,5956,2025-10-28,High,Closed
18906,3266,2025-03-17,Low,Closed
18907,5969,2023-07-25,Low,In Progress
18908,1390,2023-11-13,Medium,Closed
18909,3684,2024-06-24,Critical,In Progress
18910,3314,2025-10-02,Medium,Closed
18911,2224,2024-06-08,Low,Closed
18912,3981,2026-05-06,Medium,Closed
18913,3141,2026-01-03,Low,Closed
18914,3922,2024-10-18,Medium,Closed
18915,3998,2026-01-24,Low,Closed
18916,1356,2023-11-06,Critical,Closed
18917,4442,2025-10-02,Low,Closed
18918,2504,2023-10-03,Medium,Closed
18919,5802,2024-10-25,High,Closed
18920,5974,2025-02-10,High,Closed
18921,4384,2024-09-03,Medium,Closed
18922,5770,2024-09-24,Medium,Closed
18923,5876,2025-07-02,High,Closed
18924,5542,2025-02-10,Low,Closed
18925,1910,2025-11-11,Medium,Open
18926,3166,2024-01-28,Medium,Closed
18927,4460,2024-05-03,Low,Closed
18928,2679,2025-02-03,Critical,Closed
18929,2440,2026-06-23,Medium,Closed
18930,4794,2024-03-29,High,Closed
18931,4072,2024-11-10,High,Closed
18932,4344,2025-06-22,Critical,Closed
18933,5451,2026-03-29,Low,Closed
18934,1526,2026-01-06,High,Closed
18935,4814,2026-05-13,High,Closed
18936,5458,2025-03-08,Low,Closed
18937,3791,2025-06-16,Medium,Open
18938,4993,2024-10-03,Critical,Closed
18939,2891,2025-07-04,Medium,In Progress
18940,5825,2025-10-02,Low,Closed
18941,4988,2023-09-09,Low,Closed
18942,4841,2023-09-15,High,Closed
18943,4209,2025-06-05,Low,Closed
18944,3676,2026-04-17,Critical,Closed
18945,1616,2023-11-04,Low,Closed
18946,1276,2024-06-13,Medium,Closed
18947,4600,2024-01-16,High,Closed
18948,5910,2024-07-01,Low,Closed
18949,3156,2024-10-24,Medium,Closed
18950,3438,2023-10-05,Critical,In Progress
18951,3119,2024-08-28,Medium,Closed
18952,3854,2023-10-17,Medium,In Progress
18953,5736,2024-10-29,Low,In Progress
18954,5037,2024-07-21,Low,Closed
18955,5587,2023-10-13,Low,Closed
18956,2929,2025-10-07,Medium,Closed
18957,1102,2025-12-02,Low,Closed
18958,4860,2023-11-01,Critical,Closed
18959,3830,2024-12-13,Medium,Closed
18960,1481,2024-03-09,Medium,Closed
18961,3530,2026-06-08,High,Closed
18962,3000,2025-05-01,High,Closed
18963,1806,2025-12-25,Low,In Progress
18964,4358,2026-06-17,Low,Closed
18965,5065,2026-05-24,Low,Closed
18966,5100,2025-08-15,Medium,Closed
18967,2654,2025-03-15,Low,Closed
18968,5253,2024-05-08,Medium,Closed
18969,1680,2026-05-15,Medium,Closed
18970,2838,2025-06-13,Low,Closed
18971,3188,2024-10-22,Medium,In Progress
18972,3565,2024-10-18,High,Closed
18973,4173,2023-09-25,Medium,Closed
18974,5321,2023-11-15,Low,In Progress
18975,4933,2025-03-31,Medium,Closed
18976,5339,2024-11-07,Low,Closed
18977,3056,2023-08-23,High,Closed
18978,2574,2026-02-16,Critical,Closed
18979,1705,2023-12-06,Low,Closed
18980,1302,2024-10-20,Low,Closed
18981,1836,2025-02-02,High,Closed
18982,4704,2025-04-17,Critical,Closed
18983,4925,2024-02-08,Medium,Closed
18984,2494,2024-08-10,Medium,Open
18985,2342,2026-06-02,Medium,Closed
18986,3946,2025-09-23,Medium,Closed
18987,3221,2024-05-15,Medium,Closed
18988,2132,2025-12-28,Critical,Closed
18989,4258,2024-05-20,Low,Closed
18990,3779,2024-01-31,Low,Closed
18991,5779,2023-07-07,Medium,In Progress
18992,4325,2024-05-23,Medium,In Progress
18993,2583,2026-06-01,High,Closed
18994,5208,2024-01-24,Low,In Progress
18995,5283,2024-03-04,Medium,Open
18996,5414,2023-11-01,Critical,Closed
18997,3560,2024-05-23,High,Closed
18998,3018,2026-06-06,Critical,Closed
18999,3210,2024-09-14,Medium,Open
19000,2737,2024-02-08,High,Closed
19001,3248,2025-05-22,High,Closed
19002,2946,2025-11-23,High,Closed
19003,4901,2024-10-22,Low,Closed
19004,2709,2025-10-18,Low,Closed
19005,4680,2024-08-18,Low,Closed
19006,5847,2025-01-11,Low,Closed
19007,3917,2025-10-04,Low,Closed
19008,2570,2026-05-31,Low,Closed
19009,3826,2024-08-04,High,In Progress
19010,3737,2024-08-19,Medium,In Progress
19011,5691,2026-02-07,Low,Closed
19012,3143,2025-07-08,Low,Closed
19013,4275,2024-08-08,Medium,Closed
19014,2443,2024-08-05,Medium,Closed
19015,1925,2024-09-17,Low,Closed
19016,3442,2025-05-29,Low,Closed
19017,3627,2025-03-27,High,Closed
19018,1552,2025-03-27,Medium,Closed
19019,5598,2023-06-30,Medium,Closed
19020,1944,2026-05-25,Low,Open
19021,3673,2025-01-23,Medium,Closed
19022,4758,2025-10-26,Critical,Closed
19023,2843,2024-02-12,Medium,In Progress
19024,1190,2025-11-04,High,Closed
19025,1805,2025-03-21,Medium,Closed
19026,5954,2024-01-17,Medium,Closed
19027,3641,2025-02-24,High,Closed
19028,1355,2024-04-01,High,Closed
19029,4225,2024-06-09,Low,Closed
19030,4997,2025-10-09,Low,Closed
19031,5740,2024-01-07,Low,Closed
19032,5911,2025-05-27,High,Open
19033,2978,2023-10-01,Low,Closed
19034,1870,2025-05-10,Medium,In Progress
19035,4928,2025-09-27,Medium,Closed
19036,2689,2026-01-22,Medium,Closed
19037,4106,2025-02-16,Medium,Closed
19038,2647,2026-02-14,Low,In Progress
19039,1172,2025-01-16,High,Closed
19040,3479,2024-03-29,Low,Closed
19041,3332,2026-02-04,Medium,Closed
19042,1448,2026-05-24,Medium,Closed
19043,4354,2025-04-06,Low,In Progress
19044,1141,2024-10-31,High,Open
19045,1976,2024-09-21,High,Closed
19046,1131,2025-03-02,Low,Closed
19047,3699,2025-07-04,Low,Closed
19048,1298,2024-09-14,Critical,In Progress
19049,2760,2024-06-27,Low,Closed
19050,4500,2023-10-22,Low,Closed
19051,2926,2023-07-28,Medium,Closed
19052,1597,2026-04-24,Low,Closed
19053,3949,2024-06-13,Critical,Closed
19054,5907,2023-09-03,High,In Progress
19055,4251,2024-09-20,Low,Closed
19056,1721,2025-01-01,High,Closed
19057,4641,2025-12-31,Medium,Closed
19058,3256,2023-12-02,Critical,Open
19059,1181,2024-03-30,Medium,Closed
19060,4036,2026-04-03,High,Closed
19061,3747,2025-02-26,Medium,Closed
19062,3329,2024-05-28,Medium,Closed
19063,2759,2026-04-03,Low,Closed
19064,4562,2026-03-23,Medium,Closed
19065,3412,2025-12-24,Low,Closed
19066,5764,2025-12-17,Medium,Closed
19067,2236,2026-02-11,Low,Closed
19068,4509,2025-08-22,Medium,Closed
19069,2106,2025-11-17,High,Closed
19070,1516,2025-04-06,High,Closed
19071,5450,2023-09-17,High,Closed
19072,1800,2026-05-04,Critical,Closed
19073,1003,2023-11-27,Low,Closed
19074,5722,2026-06-13,Low,Open
19075,2671,2024-07-11,Low,Closed
19076,1813,2023-10-15,Medium,Open
19077,3786,2024-11-03,Medium,Closed
19078,2137,2023-07-29,High,Closed
19079,1927,2025-05-08,High,Closed
19080,3695,2025-06-13,Low,In Progress
19081,5630,2025-11-11,Medium,Open
19082,1896,2024-11-15,Medium,In Progress
19083,4374,2025-08-19,Low,Closed
19084,5585,2025-09-09,Critical,Closed
19085,1393,2023-07-04,High,Closed
19086,3375,2025-05-01,Medium,Closed
19087,4911,2024-05-02,Low,Closed
19088,5845,2024-05-08,Low,Closed
19089,1135,2024-08-16,Low,Closed
19090,2518,2023-11-13,High,Closed
19091,3246,2026-03-10,Medium,In Progress
19092,5189,2025-08-29,Medium,Closed
19093,1647,2023-06-27,High,Closed
19094,3909,2023-10-29,Low,Closed
19095,3955,2025-09-12,Low,In Progress
19096,4480,2023-09-12,Low,Closed
19097,1411,2025-08-17,Low,Closed
19098,5109,2024-02-05,Medium,In Progress
19099,2445,2024-03-28,Critical,Open
19100,1043,2023-10-25,Low,Closed
19101,4355,2024-09-20,Critical,Closed
19102,4880,2024-12-16,Low,Closed
19103,3569,2023-07-01,High,Closed
19104,1040,2024-07-24,Medium,Closed
19105,3217,2023-08-22,Medium,Closed
19106,1961,2024-08-01,Medium,Closed
19107,1411,2024-11-20,High,Closed
19108,4501,2024-03-26,Medium,Closed
19109,1232,2023-10-30,Medium,Closed
19110,3358,2024-12-04,Medium,In Progress
19111,2383,2023-12-01,Low,Closed
19112,5318,2025-11-15,Low,Closed
19113,1859,2024-08-09,Medium,Closed
19114,5615,2024-08-12,Medium,Closed
19115,2200,2025-04-22,Low,Closed
19116,1520,2023-07-04,Medium,Closed
19117,2254,2026-03-13,Critical,Closed
19118,5510,2026-02-15,High,Closed
19119,3955,2024-05-20,High,Closed
19120,5222,2025-03-04,Critical,Closed
19121,3981,2023-08-13,Medium,Closed
19122,2066,2024-04-12,Medium,Closed
19123,4181,2025-09-01,Low,Closed
19124,1090,2024-10-18,Medium,Closed
19125,4402,2025-03-14,Low,Closed
19126,3486,2023-08-31,Medium,Closed
19127,2105,2026-02-22,Low,Closed
19128,4402,2025-08-17,Medium,Closed
19129,4001,2025-11-05,Medium,Closed
19130,1157,2023-07-29,High,Closed
19131,2161,2025-12-08,Low,Closed
19132,1719,2024-05-15,Medium,Closed
19133,1195,2026-06-16,Low,Closed
19134,2519,2024-03-10,Low,Closed
19135,4741,2024-12-14,Medium,Closed
19136,4102,2024-04-25,High,Closed
19137,4159,2026-05-28,Medium,Closed
19138,5336,2025-10-12,High,In Progress
19139,1544,2025-03-12,Medium,Closed
19140,5491,2024-03-30,Medium,Closed
19141,2472,2024-12-14,Medium,In Progress
19142,4915,2025-06-18,Low,Closed
19143,3910,2025-03-01,Medium,Closed
19144,2069,2024-10-28,High,Closed
19145,2184,2024-08-18,High,Closed
19146,2971,2024-01-18,Medium,Closed
19147,1892,2024-01-21,Low,In Progress
19148,2380,2024-01-21,High,Closed
19149,1362,2025-12-19,Low,Closed
19150,4108,2025-11-08,Medium,Closed
19151,2906,2026-06-06,High,Closed
19152,2599,2026-04-17,Critical,Closed
19153,5547,2024-01-03,Critical,Open
19154,2229,2024-06-20,Critical,Closed
19155,5181,2024-08-26,High,Closed
19156,2753,2025-01-06,Medium,Closed
19157,5455,2025-01-10,Low,In Progress
19158,1614,2025-11-14,High,In Progress
19159,3227,2024-06-05,Critical,Closed
19160,4412,2025-07-22,High,Open
19161,4758,2023-10-18,High,Closed
19162,5200,2025-11-25,Medium,Closed
19163,1615,2024-01-27,Medium,Closed
19164,1119,2025-10-02,Critical,Closed
19165,5676,2025-04-21,Low,Closed
19166,2658,2025-05-03,Critical,Closed
19167,4938,2024-05-28,Medium,Closed
19168,5414,2025-08-07,Low,Closed
19169,2841,2023-07-18,Low,Closed
19170,4806,2025-05-26,Medium,Closed
19171,2156,2025-05-23,Low,In Progress
19172,2379,2024-02-06,Low,Closed
19173,1861,2023-06-28,Medium,Open
19174,4168,2026-03-17,Low,Closed
19175,4791,2025-09-18,Medium,Closed
19176,2466,2024-03-28,Medium,Open
19177,3980,2025-01-11,Low,Closed
19178,5407,2025-08-16,Critical,Closed
19179,4310,2025-03-14,Low,Closed
19180,1523,2025-07-01,Low,Closed
19181,1882,2024-01-19,Medium,Closed
19182,4543,2024-12-28,High,Closed
19183,1139,2025-08-26,Low,Closed
19184,3363,2023-09-19,Medium,Open
19185,3164,2024-06-19,Critical,Closed
19186,1511,2023-12-06,Low,Closed
19187,5894,2024-09-04,Low,Closed
19188,2941,2025-05-21,Low,Closed
19189,3098,2025-10-06,Low,Closed
19190,4849,2023-09-23,Medium,Closed
19191,2000,2025-04-29,Medium,Closed
19192,2070,2026-01-19,Medium,Closed
19193,4298,2024-02-25,Low,In Progress
19194,5157,2026-02-05,High,Closed
19195,2770,2026-05-27,Critical,Closed
19196,5659,2025-11-05,Low,Closed
19197,2708,2023-08-03,Low,In Progress
19198,1828,2026-03-08,Medium,In Progress
19199,3359,2024-11-30,Low,In Progress
19200,1139,2025-01-03,High,In Progress
19201,4494,2026-05-16,Low,Closed
19202,3879,2023-09-19,High,Closed
19203,1728,2024-07-20,Low,Closed
19204,1433,2024-10-22,Medium,Closed
19205,4357,2024-01-23,Critical,In Progress
19206,3340,2024-02-24,Medium,Closed
19207,2651,2024-06-13,Low,Closed
19208,3116,2026-04-05,Medium,Closed
19209,4906,2026-04-13,Low,Closed
19210,4118,2024-06-19,Low,Closed
19211,4742,2024-04-26,Low,Closed
19212,3224,2024-07-08,Low,Closed
19213,1769,2023-11-21,Low,Open
19214,2303,2025-04-18,Low,In Progress
19215,4834,2024-04-25,Low,Closed
19216,4473,2023-12-10,Medium,In Progress
19217,2778,2024-05-07,Low,Open
19218,4365,2023-09-09,Medium,Closed
19219,3926,2023-11-01,Low,Closed
19220,5562,2024-11-29,Low,Closed
19221,3372,2024-09-27,Critical,Closed
19222,5630,2026-04-13,High,Closed
19223,3180,2025-07-07,Medium,Closed
19224,5785,2026-06-21,Medium,Closed
19225,3946,2024-11-12,Critical,Closed
19226,1658,2025-01-16,Medium,Closed
19227,5459,2024-01-01,Critical,Closed
19228,3475,2025-07-16,Medium,Closed
19229,5417,2023-08-10,Medium,Closed
19230,2135,2024-03-05,Low,Closed
19231,3332,2023-12-20,Low,Closed
19232,1488,2024-04-24,Low,Open
19233,3570,2026-01-30,Low,Closed
19234,3109,2025-08-05,Low,Closed
19235,3979,2026-04-23,Medium,Closed
19236,2429,2024-07-25,Low,In Progress
19237,3111,2024-01-16,Medium,Closed
19238,1402,2026-01-17,Medium,Closed
19239,5821,2025-01-12,Medium,Closed
19240,1428,2026-06-03,Medium,Closed
19241,2589,2023-07-24,Medium,Closed
19242,3540,2025-07-27,Low,In Progress
19243,2770,2025-06-17,Medium,Closed
19244,3846,2025-03-16,Low,Closed
19245,1101,2025-03-17,Low,Open
19246,1794,2025-07-15,Critical,Open
19247,2616,2025-03-26,Medium,Closed
19248,1418,2023-08-13,Low,Closed
19249,5615,2024-02-05,Medium,In Progress
19250,3542,2025-04-24,Medium,Closed
19251,1580,2024-07-05,Medium,Closed
19252,5559,2025-03-02,High,In Progress
19253,3975,2025-04-27,Medium,Closed
19254,1875,2025-05-24,Critical,Closed
19255,3249,2025-01-05,Medium,Closed
19256,5774,2024-09-13,Low,Closed
19257,1421,2026-05-27,Low,Open
19258,4931,2024-01-22,Low,In Progress
19259,1630,2024-12-19,Low,Closed
19260,4758,2025-11-28,Medium,In Progress
19261,4400,2023-09-20,High,In Progress
19262,1419,2023-08-15,High,Closed
19263,5192,2026-06-07,Medium,Open
19264,5471,2023-11-19,Low,Closed
19265,4914,2024-05-10,Low,Closed
19266,1731,2024-11-08,Critical,Closed
19267,4712,2024-03-02,Medium,Closed
19268,2759,2024-02-27,Low,Closed
19269,2944,2023-11-19,Low,Closed
19270,4919,2026-02-14,Low,Closed
19271,3765,2025-05-11,Low,Closed
19272,1514,2026-01-06,Low,Closed
19273,3828,2026-01-13,Critical,Closed
19274,2715,2024-09-12,Low,In Progress
19275,4522,2024-11-30,Low,In Progress
19276,3005,2026-06-02,High,Closed
19277,1070,2025-07-29,Medium,Closed
19278,4555,2024-05-03,Medium,Closed
19279,4279,2024-08-01,Critical,Open
19280,4756,2026-01-18,Medium,Closed
19281,2072,2026-02-08,Low,Closed
19282,4487,2024-05-16,Low,Closed
19283,5285,2023-07-19,Medium,Closed
19284,1470,2025-11-07,Low,In Progress
19285,3791,2024-02-11,Low,Open
19286,3517,2026-02-03,Medium,Closed
19287,4814,2024-12-07,Medium,In Progress
19288,2071,2025-11-26,High,Closed
19289,1924,2024-05-10,Medium,Closed
19290,1570,2024-03-31,Medium,Closed
19291,4644,2025-10-28,Medium,Closed
19292,2774,2025-11-13,Low,Closed
19293,4488,2023-07-16,Medium,Closed
19294,1875,2023-12-05,Low,Closed
19295,3786,2025-11-26,High,Closed
19296,5022,2024-07-16,Critical,Closed
19297,4473,2024-05-02,Medium,Closed
19298,1176,2026-05-17,Low,Closed
19299,4655,2025-11-26,High,Closed
19300,4627,2025-09-18,Medium,Closed
19301,3862,2025-10-11,Medium,Closed
19302,1007,2024-10-31,Low,Open
19303,4791,2025-03-07,Low,Closed
19304,2252,2025-06-28,Critical,Closed
19305,5499,2026-05-31,Low,Closed
19306,2818,2024-12-29,High,Closed
19307,3651,2025-12-25,High,Closed
19308,5234,2024-05-17,Critical,In Progress
19309,4037,2025-09-17,Critical,Closed
19310,2826,2024-03-04,Low,Closed
19311,4286,2025-12-26,Medium,Closed
19312,3283,2026-01-17,Critical,Closed
19313,2880,2024-01-17,Low,Closed
19314,1327,2026-03-01,Low,Closed
19315,1184,2026-03-21,High,Closed
19316,4970,2024-07-09,Low,Closed
19317,2129,2024-07-11,Low,In Progress
19318,4386,2025-08-25,Low,Closed
19319,1362,2024-08-13,High,Closed
19320,5023,2023-10-07,Low,Closed
19321,2212,2025-07-01,High,Closed
19322,5895,2026-04-19,Medium,Closed
19323,3281,2024-02-08,Medium,Closed
19324,2317,2025-11-04,Low,In Progress
19325,2050,2024-06-07,Low,Closed
19326,2933,2025-08-26,Medium,Closed
19327,3140,2025-05-21,Medium,Closed
19328,4303,2024-06-09,Critical,Closed
19329,1094,2023-12-05,Critical,Closed
19330,4287,2025-02-20,High,Closed
19331,3677,2026-04-15,Low,Closed
19332,2856,2023-09-18,Medium,Closed
19333,2810,2024-08-10,Medium,Closed
19334,4152,2023-07-28,Critical,Closed
19335,1805,2025-02-26,Low,Closed
19336,4433,2024-12-14,High,Closed
19337,2308,2025-01-18,High,Open
19338,1444,2025-03-29,High,Closed
19339,5659,2024-03-25,High,Closed
19340,2596,2024-02-05,Low,Open
19341,3482,2025-02-18,High,Closed
19342,2921,2026-06-23,Low,Open
19343,3011,2025-12-27,Critical,Closed
19344,3508,2023-08-22,Medium,Closed
19345,5537,2025-04-15,Low,Closed
19346,3530,2023-11-30,Medium,Closed
19347,4785,2023-09-19,Low,Closed
19348,1356,2026-01-22,Low,Closed
19349,3349,2023-07-04,Low,Closed
19350,4444,2023-07-24,Medium,Closed
19351,1889,2025-07-14,High,Closed
19352,2645,2024-05-20,Medium,Closed
19353,4067,2026-05-28,High,Open
19354,5408,2024-08-12,Low,Open
19355,4310,2024-11-26,Low,Closed
19356,5053,2024-11-27,Low,Closed
19357,4316,2024-01-07,High,Closed
19358,1219,2024-05-04,Medium,Closed
19359,2249,2025-09-20,Low,Closed
19360,1780,2026-03-07,Low,Closed
19361,5636,2025-05-01,Low,Open
19362,5487,2024-10-09,High,Closed
19363,5368,2026-03-21,Low,Closed
19364,2971,2023-10-18,Low,Open
19365,5156,2026-04-28,Low,Closed
19366,3639,2023-06-27,Low,Open
19367,4400,2024-03-28,Critical,Closed
19368,1408,2025-03-05,Critical,Open
19369,5449,2024-11-01,High,In Progress
19370,2459,2025-03-08,High,Open
19371,3817,2023-11-27,Medium,Closed
19372,4404,2025-01-19,High,Closed
19373,3305,2023-10-24,Medium,Closed
19374,2795,2025-12-16,High,Closed
19375,3605,2026-01-11,High,In Progress
19376,3523,2025-11-30,Critical,Closed
19377,5598,2025-08-23,Low,Open
19378,3392,2026-04-24,Low,Open
19379,1452,2025-01-15,Medium,Closed
19380,3654,2025-02-17,Low,In Progress
19381,3936,2024-10-01,Low,In Progress
19382,1965,2026-04-09,Medium,Closed
19383,2172,2026-02-08,Medium,In Progress
19384,4261,2025-06-01,High,Open
19385,5343,2025-11-14,Low,Closed
19386,2981,2024-12-12,Medium,Closed
19387,4367,2024-12-01,Medium,Closed
19388,5419,2024-10-11,Low,Closed
19389,5935,2025-07-08,Low,Closed
19390,2979,2024-07-10,Critical,Closed
19391,5442,2023-12-20,Medium,Closed
19392,3507,2026-06-12,Medium,Open
19393,5706,2024-05-23,Medium,Closed
19394,2768,2024-02-13,Low,Closed
19395,5601,2024-02-28,Low,In Progress
19396,5125,2024-04-27,Low,Closed
19397,3439,2024-10-03,Low,Open
19398,4693,2025-06-24,Medium,Closed
19399,1809,2024-08-07,Critical,Closed
19400,5728,2025-05-15,High,Closed
19401,4208,2026-05-05,Critical,Open
19402,2222,2026-02-24,Medium,In Progress
19403,2775,2023-11-21,Medium,Closed
19404,5844,2025-08-21,Medium,Closed
19405,1230,2025-12-09,Medium,Closed
19406,3677,2024-12-27,Low,Closed
19407,4293,2026-03-06,Low,Open
19408,2985,2025-11-10,Low,Closed
19409,5190,2024-12-20,Medium,Closed
19410,3575,2025-05-25,Medium,Closed
19411,3022,2023-07-28,High,Closed
19412,2718,2024-07-08,Medium,Closed
19413,5918,2025-06-17,Medium,Closed
19414,5532,2025-10-25,Low,Closed
19415,4565,2023-07-05,Low,Closed
19416,5826,2025-09-06,Critical,Closed
19417,2350,2025-12-27,High,Closed
19418,5953,2023-12-30,Medium,Closed
19419,1679,2023-11-09,Medium,Closed
19420,2503,2025-01-09,Medium,Open
19421,5918,2024-09-30,High,Closed
19422,4384,2025-01-21,High,Closed
19423,5138,2024-02-08,Critical,Closed
19424,5164,2026-05-10,Low,Closed
19425,5392,2024-09-20,Critical,Closed
19426,3328,2023-09-02,Low,Closed
19427,3724,2026-01-16,Medium,Closed
19428,4925,2023-12-31,High,In Progress
19429,3416,2024-07-21,Critical,Closed
19430,5376,2025-12-19,High,Closed
19431,2862,2026-01-09,High,Closed
19432,3424,2026-02-20,Medium,Closed
19433,5946,2026-02-06,High,Closed
19434,1316,2024-09-09,Low,Closed
19435,4699,2023-11-18,Medium,Closed
19436,5734,2025-08-16,Medium,Closed
19437,2184,2026-03-30,Medium,Open
19438,4164,2025-07-08,Low,Closed
19439,1353,2025-10-01,Medium,Closed
19440,2932,2023-12-20,High,In Progress
19441,1628,2025-12-27,Medium,In Progress
19442,2888,2026-04-06,Medium,Closed
19443,3677,2025-12-08,Medium,Closed
19444,5524,2023-12-02,Low,Closed
19445,5478,2024-07-09,Medium,Closed
19446,5929,2023-11-29,Low,Closed
19447,4392,2024-10-19,Critical,In Progress
19448,1982,2024-05-27,High,Closed
19449,3566,2025-12-21,Medium,Closed
19450,5149,2025-03-06,Critical,Closed
19451,2961,2024-07-29,Critical,In Progress
19452,5417,2025-12-19,Medium,Closed
19453,3483,2023-08-12,Low,Closed
19454,5812,2024-11-08,Medium,Closed
19455,4245,2025-03-21,Medium,Closed
19456,2003,2024-01-02,Medium,Closed
19457,2991,2025-07-28,Low,In Progress
19458,2993,2024-07-18,Medium,In Progress
19459,1989,2025-11-01,Medium,Closed
19460,5927,2025-08-03,Low,Closed
19461,3393,2025-05-24,High,Closed
19462,4559,2025-11-16,Critical,Closed
19463,4170,2024-02-20,Medium,In Progress
19464,4654,2025-10-29,High,Closed
19465,3202,2024-09-24,Low,Closed
19466,2477,2024-08-30,Medium,Closed
19467,2685,2024-04-09,High,In Progress
19468,5938,2025-01-31,Critical,Open
19469,2138,2024-12-28,High,Open
19470,4262,2025-12-12,Low,Closed
19471,2495,2023-09-07,Low,Closed
19472,3129,2024-10-27,Low,Closed
19473,4505,2025-12-16,Medium,In Progress
19474,5593,2023-10-26,Critical,Closed
19475,2498,2026-03-28,High,Closed
19476,1363,2026-04-08,High,Open
19477,1440,2025-06-27,Medium,Closed
19478,2223,2023-07-20,Medium,Closed
19479,4144,2025-12-27,Medium,Open
19480,5418,2025-08-09,Low,Open
19481,4233,2024-09-07,Medium,Closed
19482,3144,2026-01-21,Medium,Closed
19483,3707,2024-05-19,Medium,In Progress
19484,1287,2024-12-05,Low,In Progress
19485,1128,2026-05-01,Low,Closed
19486,1852,2023-10-26,High,Closed
19487,1054,2024-09-30,High,Closed
19488,1153,2025-07-23,Low,In Progress
19489,1380,2024-01-27,Critical,In Progress
19490,1214,2023-08-15,Medium,Closed
19491,2706,2023-09-15,High,Open
19492,3909,2026-03-04,High,Closed
19493,3227,2024-03-04,Medium,Closed
19494,3881,2023-08-20,Low,Closed
19495,3445,2025-08-03,Medium,Closed
19496,5222,2023-12-27,Low,Closed
19497,4985,2024-03-25,Medium,Closed
19498,1962,2024-10-31,Low,Closed
19499,2752,2024-09-13,Low,Closed
19500,4185,2023-12-05,Medium,In Progress
19501,4948,2025-09-21,Low,Closed
19502,1420,2024-01-10,Medium,Closed
19503,4577,2023-07-28,Low,Closed
19504,3064,2025-01-31,Medium,Closed
19505,1215,2025-10-25,Medium,Closed
19506,1165,2024-11-05,Medium,Open
19507,4813,2025-03-20,Medium,Closed
19508,5320,2025-12-14,High,Closed
19509,4772,2024-07-19,High,Closed
19510,3368,2023-08-21,Critical,In Progress
19511,4847,2025-01-06,Low,Closed
19512,1329,2023-08-17,High,Closed
19513,2510,2024-10-08,Critical,In Progress
19514,4282,2023-08-21,Medium,Closed
19515,1232,2024-02-18,Medium,Closed
19516,2308,2023-09-22,Medium,Closed
19517,5782,2024-02-02,Critical,Closed
19518,1107,2025-07-27,Critical,Closed
19519,4204,2024-12-13,Low,Open
19520,4397,2026-06-13,Low,In Progress
19521,4664,2023-12-09,Low,In Progress
19522,3825,2023-10-31,Low,Closed
19523,2258,2025-01-26,Medium,Closed
19524,5812,2026-04-14,Low,Closed
19525,4383,2024-04-09,Medium,Closed
19526,1203,2024-01-15,Low,Closed
19527,4810,2025-05-02,Low,In Progress
19528,2699,2025-07-17,Low,Open
19529,4272,2023-07-22,Medium,Closed
19530,3070,2024-06-09,High,Closed
19531,1577,2023-12-21,Low,Closed
19532,3200,2025-01-25,High,Closed
19533,1985,2026-03-26,High,Closed
19534,3102,2024-08-17,Medium,In Progress
19535,5785,2025-09-29,Medium,Open
19536,4566,2026-05-21,Low,Closed
19537,2490,2023-11-09,Medium,Open
19538,3921,2025-07-04,Medium,Closed
19539,3414,2025-09-24,Medium,Closed
19540,3720,2025-05-31,High,Open
19541,5296,2026-04-23,Low,Closed
19542,5627,2025-02-18,Low,Closed
19543,5309,2023-07-31,Medium,Closed
19544,5692,2024-02-10,Medium,Closed
19545,5344,2025-03-17,High,Closed
19546,1388,2025-12-01,Medium,Closed
19547,5294,2026-04-15,High,Closed
19548,2428,2024-11-18,Low,Closed
19549,2650,2026-02-25,Medium,Closed
19550,1474,2024-06-07,Medium,Closed
19551,5325,2024-07-18,Low,Closed
19552,2485,2024-09-19,High,In Progress
19553,4049,2024-05-24,Critical,Closed
19554,3093,2025-11-19,Medium,Closed
19555,2421,2024-12-16,High,In Progress
19556,2153,2025-01-26,Low,Closed
19557,1757,2023-08-08,Medium,Closed
19558,2340,2025-12-22,Low,In Progress
19559,2147,2025-03-28,Low,Closed
19560,2513,2025-01-21,Medium,Closed
19561,5394,2023-07-21,Low,Closed
19562,1587,2024-12-29,High,Closed
19563,3112,2024-03-26,Medium,Closed
19564,3457,2025-06-24,Low,Closed
19565,4146,2024-09-19,Medium,Closed
19566,2970,2024-03-04,Low,In Progress
19567,5945,2024-04-27,Low,Closed
19568,1771,2025-12-14,High,Closed
19569,3372,2025-07-09,Medium,Closed
19570,3231,2025-09-04,Low,Closed
19571,2236,2025-10-19,High,Open
19572,1963,2024-12-31,Critical,In Progress
19573,2536,2024-04-13,Low,Closed
19574,4879,2024-09-27,High,In Progress
19575,2304,2024-03-28,Medium,Closed
19576,1029,2026-03-19,Critical,Open
19577,2446,2025-03-25,Medium,Closed
19578,5506,2023-07-12,Low,Closed
19579,2450,2025-11-15,Low,Closed
19580,5726,2025-10-12,Medium,Closed
19581,2863,2023-11-10,Critical,Closed
19582,4180,2026-02-23,Low,Closed
19583,2254,2024-03-13,High,Closed
19584,4758,2024-04-24,Low,Closed
19585,3271,2023-09-18,High,Closed
19586,4847,2025-07-15,Low,Closed
19587,1116,2025-07-16,Low,Closed
19588,1047,2024-08-27,Low,Closed
19589,4517,2024-01-25,High,Closed
19590,3491,2026-01-16,Medium,Closed
19591,2089,2023-12-07,Low,Open
19592,2164,2024-06-02,High,Closed
19593,5849,2023-08-26,High,Closed
19594,3994,2025-04-09,Low,Closed
19595,2454,2025-07-17,Critical,Closed
19596,5419,2024-06-28,Low,In Progress
19597,2545,2024-01-27,Medium,Open
19598,1616,2024-05-08,Medium,Closed
19599,3443,2025-12-03,Low,Closed
19600,2882,2024-11-24,Low,Closed
19601,5480,2025-06-15,Medium,Closed
19602,5709,2023-12-02,Medium,Open
19603,4539,2024-04-12,Critical,In Progress
19604,4370,2024-01-04,Low,In Progress
19605,1830,2023-11-02,High,Closed
19606,2739,2025-12-06,Critical,Closed
19607,2974,2024-03-28,Medium,Closed
19608,4767,2024-03-27,Low,Open
19609,3706,2026-05-29,Low,Open
19610,2027,2025-02-11,Low,Closed
19611,5523,2025-03-28,Low,In Progress
19612,5113,2025-08-07,Low,Closed
19613,4338,2025-03-26,Low,Closed
19614,4475,2023-09-23,Critical,Closed
19615,2933,2024-02-16,High,Closed
19616,5969,2024-10-24,Low,Closed
19617,2475,2026-06-12,Medium,Closed
19618,3979,2023-08-17,Low,In Progress
19619,5184,2025-08-14,Low,Open
19620,5752,2026-04-17,Medium,Closed
19621,4482,2023-08-07,High,Open
19622,2952,2025-04-07,Medium,Closed
19623,2969,2024-09-10,High,Closed
19624,4837,2026-01-27,Medium,Closed
19625,2910,2023-08-29,Medium,Closed
19626,2679,2025-03-07,High,Closed
19627,1847,2026-04-14,Low,Closed
19628,5480,2024-12-24,Low,Closed
19629,5648,2023-11-18,High,Closed
19630,3648,2023-09-16,Low,Closed
19631,5891,2025-03-03,Medium,In Progress
19632,1073,2024-03-29,Medium,Closed
19633,5579,2023-11-06,Medium,Closed
19634,5317,2026-03-09,High,Closed
19635,5557,2025-11-12,Medium,Closed
19636,5625,2025-11-01,Low,Closed
19637,4828,2025-08-14,Low,Closed
19638,5570,2023-07-18,Medium,Open
19639,2054,2024-03-19,High,Closed
19640,5974,2024-06-01,High,In Progress
19641,4096,2023-09-06,High,Closed
19642,5453,2024-06-03,Critical,Closed
19643,4376,2023-08-06,Low,Closed
19644,3843,2024-10-11,Critical,Closed
19645,2338,2025-05-28,Low,Open
19646,1928,2023-07-02,Critical,Closed
19647,4707,2024-02-06,Medium,Closed
19648,3190,2026-06-12,Low,Closed
19649,5993,2024-05-18,Medium,Closed
19650,5144,2025-03-09,Medium,Closed
19651,2861,2026-05-03,Low,Closed
19652,3256,2025-02-08,Critical,Closed
19653,1301,2024-12-13,Low,Closed
19654,5298,2024-07-30,Medium,Closed
19655,2280,2025-10-09,Medium,Closed
19656,4183,2026-03-10,Medium,Open
19657,3412,2026-05-22,Low,Closed
19658,5736,2026-02-06,Critical,In Progress
19659,4607,2023-07-21,Low,Closed
19660,3506,2024-03-03,Low,Closed
19661,1992,2024-12-29,High,Closed
19662,1078,2025-03-11,Critical,Open
19663,4861,2023-11-22,Low,Closed
19664,3092,2024-04-17,High,Closed
19665,5823,2026-03-25,Low,Closed
19666,4540,2025-05-02,Medium,Closed
19667,5993,2025-05-30,High,In Progress
19668,2330,2026-03-29,Low,Closed
19669,4276,2023-10-21,Critical,Closed
19670,2907,2024-10-07,Medium,Closed
19671,3259,2024-12-19,High,Closed
19672,2086,2024-11-03,High,Closed
19673,2051,2024-03-17,Medium,Closed
19674,1067,2023-11-27,Low,Closed
19675,3981,2024-12-17,Low,Closed
19676,5020,2023-09-30,Low,Closed
19677,3519,2025-09-03,Medium,Closed
19678,2803,2025-04-12,Low,Closed
19679,3699,2026-02-02,High,Closed
19680,2683,2026-04-15,Medium,Closed
19681,3485,2025-07-05,Medium,Closed
19682,2454,2024-10-14,High,Closed
19683,5825,2023-12-14,Critical,Closed
19684,5452,2023-08-23,Medium,Closed
19685,1370,2025-07-24,Low,In Progress
19686,3108,2023-10-26,High,In Progress
19687,5723,2025-10-29,Medium,Closed
19688,1701,2024-07-30,Low,Closed
19689,4571,2024-03-31,Medium,Closed
19690,5884,2025-01-23,Medium,In Progress
19691,2066,2025-06-05,Medium,Open
19692,4971,2024-07-18,Medium,Open
19693,5420,2025-03-12,High,Closed
19694,3810,2026-01-25,Critical,In Progress
19695,1505,2023-09-19,Medium,Closed
19696,3912,2025-09-15,High,Closed
19697,2821,2025-03-18,Low,In Progress
19698,1222,2025-11-29,Low,In Progress
19699,2558,2026-02-17,Low,Closed
19700,4163,2025-10-01,Critical,Closed
19701,2259,2024-05-29,High,Closed
19702,3071,2025-02-07,High,Closed
19703,1483,2024-12-02,Low,Closed
19704,4807,2023-07-29,High,Closed
19705,4199,2025-05-10,Low,Closed
19706,4855,2024-08-18,Medium,Closed
19707,3969,2025-02-23,Low,Closed
19708,3448,2025-12-26,Critical,Closed
19709,2131,2025-04-25,Low,Closed
19710,4586,2023-11-09,Low,Open
19711,4149,2025-12-22,Medium,Open
19712,2148,2026-02-03,Low,Closed
19713,1057,2024-03-04,Low,Closed
19714,2214,2023-09-15,Low,Open
19715,2941,2025-10-10,Medium,Closed
19716,3927,2025-08-28,Low,Closed
19717,2786,2026-01-25,Low,Closed
19718,4554,2024-12-09,Low,In Progress
19719,5810,2025-02-05,Critical,Closed
19720,1562,2025-10-12,Medium,In Progress
19721,4302,2024-04-29,Critical,In Progress
19722,5111,2025-08-18,High,In Progress
19723,4034,2025-10-19,Medium,In Progress
19724,2425,2025-08-09,Medium,In Progress
19725,1746,2024-11-15,Medium,Open
19726,2373,2026-01-28,High,Closed
19727,1492,2024-11-15,Critical,In Progress
19728,1408,2024-01-14,High,Closed
19729,2169,2024-09-02,Low,In Progress
19730,2575,2024-09-23,Medium,In Progress
19731,5713,2025-11-30,Medium,Closed
19732,4566,2025-06-09,Medium,Closed
19733,1039,2023-10-05,High,Closed
19734,5708,2025-07-06,Medium,Open
19735,1076,2026-06-17,Medium,Closed
19736,3128,2024-04-09,Low,In Progress
19737,4117,2026-01-04,Low,In Progress
19738,3644,2024-10-14,Low,Closed
19739,3995,2024-08-31,Medium,Closed
19740,4023,2025-02-16,Medium,Closed
19741,5228,2025-04-24,High,Closed
19742,1036,2024-06-20,Low,Closed
19743,2476,2024-08-03,High,Closed
19744,4312,2025-11-28,High,In Progress
19745,4102,2023-11-03,Medium,Closed
19746,5412,2023-10-12,Critical,Closed
19747,1580,2023-09-21,Critical,Closed
19748,5593,2025-06-19,Medium,Closed
19749,4840,2026-01-05,Medium,Closed
19750,5234,2025-12-11,High,Closed
19751,2964,2025-01-20,Low,In Progress
19752,2484,2025-08-04,Low,Closed
19753,2826,2023-07-17,Critical,Closed
19754,2643,2024-12-10,Medium,Closed
19755,1842,2025-09-07,Critical,Closed
19756,2329,2023-10-25,Low,Closed
19757,5643,2023-11-05,Medium,Closed
19758,2298,2025-02-22,Low,In Progress
19759,5541,2026-05-16,High,Closed
19760,1653,2024-04-30,High,Closed
19761,2746,2024-03-12,Medium,Closed
19762,3033,2025-04-07,Low,Closed
19763,5421,2025-01-22,Low,In Progress
19764,5580,2025-11-26,Low,Closed
19765,2646,2024-09-13,High,Closed
19766,3338,2024-05-07,Critical,Closed
19767,4356,2024-08-24,Critical,Open
19768,4985,2026-01-12,Medium,Closed
19769,3158,2023-09-04,Medium,Closed
19770,4968,2025-06-30,Medium,Closed
19771,3046,2023-12-05,Medium,Closed
19772,5578,2024-04-04,Medium,Closed
19773,2264,2023-11-30,High,Closed
19774,4076,2025-01-30,Medium,Open
19775,4141,2023-08-21,Critical,Open
19776,3415,2024-06-06,Critical,Closed
19777,1378,2025-01-10,Medium,Closed
19778,4533,2025-12-02,Low,In Progress
19779,3323,2023-09-06,Medium,Closed
19780,3454,2025-08-30,Medium,Closed
19781,5237,2023-08-17,High,Closed
19782,2332,2023-08-02,Medium,Closed
19783,1536,2025-09-26,Medium,Closed
19784,5169,2023-07-05,Low,Closed
19785,1156,2025-06-10,Medium,Closed
19786,4368,2024-05-12,Medium,Closed
19787,4154,2025-10-11,Medium,Closed
19788,3885,2023-08-09,High,Closed
19789,1214,2026-04-05,High,Closed
19790,5116,2024-06-14,Critical,Closed
19791,3823,2023-09-30,Low,Closed
19792,2067,2023-08-13,Medium,Closed
19793,3638,2024-03-26,High,Closed
19794,3082,2023-11-23,Low,Closed
19795,3479,2025-03-07,Medium,Closed
19796,2950,2026-03-29,Low,Closed
19797,2806,2026-03-21,Medium,Closed
19798,4413,2026-03-04,High,Closed
19799,5086,2023-07-06,Medium,Closed
19800,3465,2026-04-25,High,Open
19801,4731,2025-05-17,Medium,Closed
19802,4675,2026-04-01,Critical,Closed
19803,4862,2026-04-27,Critical,Open
19804,1947,2026-02-21,Medium,Closed
19805,5285,2026-05-15,High,Closed
19806,1792,2025-03-04,Low,Closed
19807,1940,2026-01-04,Medium,In Progress
19808,3026,2025-06-27,High,Closed
19809,2865,2025-01-14,Medium,Closed
19810,5073,2024-04-30,Low,In Progress
19811,2332,2026-01-29,Medium,Closed
19812,4776,2024-10-17,High,Closed
19813,4250,2025-04-07,Low,Closed
19814,2447,2026-06-03,Low,Closed
19815,3308,2025-10-24,Low,Closed
19816,4304,2024-03-18,High,Closed
19817,4440,2025-08-23,Medium,Closed
19818,1846,2026-02-27,Low,Closed
19819,4319,2026-04-22,High,Closed
19820,1442,2025-04-14,High,Closed
19821,2926,2023-12-25,Critical,Closed
19822,5960,2025-05-25,High,Open
19823,5567,2024-04-25,Low,Closed
19824,3908,2023-10-25,Critical,Closed
19825,1496,2025-02-12,High,Open
19826,3341,2024-07-13,Critical,Closed
19827,1688,2024-03-22,Medium,Closed
19828,4272,2023-08-27,Medium,Closed
19829,1176,2024-10-31,High,Closed
19830,3604,2024-05-31,Medium,Closed
19831,1992,2023-09-17,Low,In Progress
19832,2376,2024-02-15,Low,Closed
19833,4828,2025-09-03,High,Closed
19834,2085,2026-05-17,Low,Closed
19835,4865,2026-04-14,Low,In Progress
19836,5681,2025-02-07,Medium,Closed
19837,4795,2024-03-27,High,Closed
19838,2501,2024-02-28,Low,Closed
19839,3627,2026-04-16,Medium,Closed
19840,3981,2026-04-23,Medium,In Progress
19841,5466,2025-09-14,Low,Closed
19842,1426,2025-01-10,High,Open
19843,5906,2024-02-29,Medium,Open
19844,4067,2025-04-25,Medium,Closed
19845,4564,2025-08-15,Critical,Closed
19846,3331,2024-08-16,Low,Closed
19847,3411,2025-07-02,Medium,In Progress
19848,3884,2024-09-13,High,Open
19849,4315,2024-09-26,Medium,Closed
19850,4646,2025-01-21,Low,Closed
19851,2775,2024-02-23,Low,Closed
19852,4926,2023-08-11,Medium,Closed
19853,3246,2025-01-18,Medium,Closed
19854,3322,2026-02-16,Low,Closed
19855,5272,2025-03-01,Low,Closed
19856,2775,2025-06-12,Medium,Closed
19857,2298,2025-04-28,High,Closed
19858,3671,2026-01-14,Low,Closed
19859,2185,2026-03-27,High,In Progress
19860,1805,2024-08-12,Medium,Closed
19861,3588,2025-01-16,Medium,In Progress
19862,2621,2025-08-07,High,Closed
19863,2212,2025-10-27,Low,Closed
19864,2751,2024-11-28,Medium,Closed
19865,2739,2024-01-04,Medium,Closed
19866,2858,2024-10-11,Medium,Closed
19867,2087,2025-04-30,Low,Open
19868,2451,2026-04-07,High,Closed
19869,4578,2024-06-27,Low,In Progress
19870,5821,2024-03-27,Medium,Open
19871,1705,2026-01-09,High,Closed
19872,3186,2026-04-11,Medium,Open
19873,4743,2026-06-25,Medium,Closed
19874,4988,2024-02-14,Critical,Closed
19875,5943,2026-01-11,Low,Closed
19876,1491,2024-03-30,Medium,Closed
19877,4051,2024-02-04,Low,In Progress
19878,5830,2025-08-24,Medium,In Progress
19879,4286,2026-01-03,Low,Closed
19880,4501,2024-08-29,High,Closed
19881,1942,2024-12-25,High,In Progress
19882,5587,2025-05-18,Critical,Closed
19883,4150,2023-07-07,High,Closed
19884,1181,2023-09-20,Low,Closed
19885,4751,2024-03-21,High,Closed
19886,5333,2025-11-27,Medium,Closed
19887,3632,2024-01-26,Low,Closed
19888,1917,2025-05-09,Critical,Closed
19889,1754,2024-06-26,Medium,Open
19890,2141,2024-07-28,Low,Closed
19891,3622,2025-11-11,Medium,In Progress
19892,4578,2024-03-21,Medium,In Progress
19893,1840,2025-01-12,High,Closed
19894,5069,2024-07-02,Medium,Closed
19895,5528,2026-04-29,Low,Closed
19896,1300,2024-07-29,High,Closed
19897,3740,2024-01-15,Medium,Closed
19898,3444,2024-05-31,Medium,Closed
19899,1763,2024-07-28,High,Closed
19900,3023,2024-08-27,High,Closed
19901,5508,2023-08-20,Low,Open
19902,3641,2024-11-10,Low,In Progress
19903,3052,2025-02-06,Critical,Closed
19904,5959,2025-10-29,Medium,Closed
19905,5235,2026-06-17,Critical,In Progress
19906,2027,2024-05-06,Low,Closed
19907,1323,2024-08-06,High,Closed
19908,2093,2025-04-16,Low,Closed
19909,1191,2024-06-06,Medium,Closed
19910,3084,2026-04-24,Critical,In Progress
19911,1212,2023-06-29,Low,Closed
19912,4189,2025-03-21,Critical,Closed
19913,3487,2025-03-14,Low,Closed
19914,3531,2026-03-09,Low,Closed
19915,4852,2026-06-23,Low,Closed
19916,4825,2023-12-02,Critical,Closed
19917,2965,2025-05-11,Critical,Closed
19918,5722,2026-03-30,Low,Closed
19919,3728,2024-07-29,Low,Closed
19920,1947,2026-03-21,Low,Closed
19921,3179,2024-06-17,Medium,Closed
19922,2572,2024-06-23,Medium,Closed
19923,5367,2023-06-29,High,Closed
19924,4719,2024-10-06,Medium,Closed
19925,3946,2026-03-16,Low,Closed
19926,2587,2025-03-06,Low,Closed
19927,2333,2023-06-28,Low,Closed
19928,1806,2025-12-03,Medium,Closed
19929,5894,2026-01-14,High,Closed
19930,3765,2024-02-07,Low,In Progress
19931,1852,2024-06-01,High,Closed
19932,2621,2025-08-15,High,In Progress
19933,2137,2025-01-28,Critical,Closed
19934,5812,2023-11-26,Low,In Progress
19935,3036,2025-03-23,Medium,Closed
19936,5791,2024-01-30,Critical,Closed
19937,2272,2023-09-04,Medium,Open
19938,1019,2025-03-09,High,Closed
19939,5225,2025-12-15,High,Closed
19940,2985,2026-05-10,Medium,Closed
19941,1701,2026-02-13,Medium,Closed
19942,5393,2024-01-09,Medium,Closed
19943,3952,2023-07-23,High,Closed
19944,4821,2024-10-21,Medium,Closed
19945,2105,2025-12-28,Low,In Progress
19946,1573,2023-12-22,Medium,Closed
19947,4135,2024-09-06,Medium,Closed
19948,2260,2025-02-24,Medium,Open
19949,2216,2025-05-16,High,Closed
19950,4330,2023-12-31,Medium,In Progress
19951,2187,2025-01-16,Medium,Closed
19952,5590,2024-08-22,Critical,Closed
19953,5703,2023-08-25,High,Open
19954,4352,2024-12-29,Medium,Open
19955,5333,2026-04-11,Low,Closed
19956,4970,2025-04-30,High,Closed
19957,2183,2024-07-01,Medium,Closed
19958,2859,2025-07-27,Low,In Progress
19959,4883,2024-02-02,Medium,In Progress
19960,4946,2024-08-11,Critical,Closed
19961,4057,2026-03-29,Medium,Closed
19962,2799,2024-11-15,Low,Open
19963,1032,2026-01-28,Low,In Progress
19964,3379,2025-01-31,Low,Open
19965,3134,2023-08-15,Medium,Closed
19966,1326,2023-09-22,Medium,Closed
19967,4901,2024-09-03,High,Closed
19968,3952,2026-06-25,Medium,Closed
19969,1309,2025-01-23,Medium,Closed
19970,4845,2024-07-21,Medium,Closed
19971,2302,2023-12-31,Low,Closed
19972,1985,2025-08-08,Medium,Closed
19973,2169,2023-11-09,Medium,Closed
19974,1996,2023-10-17,High,Closed
19975,3172,2026-03-29,Medium,In Progress
19976,1359,2024-05-22,High,Closed
19977,2336,2026-04-06,High,Closed
19978,3500,2026-05-29,Low,Closed
19979,3890,2025-12-25,Low,In Progress
19980,4085,2026-06-11,Medium,Closed
19981,3239,2025-07-30,Low,In Progress
19982,2715,2024-12-26,Critical,Closed
19983,5242,2024-10-12,Medium,In Progress
19984,3758,2024-09-08,Critical,Open
19985,3689,2025-08-10,Low,Closed
19986,3154,2023-06-27,Critical,Closed
19987,5171,2023-12-09,Low,Closed
19988,4400,2024-06-03,High,Open
19989,2104,2026-01-19,Low,Closed
19990,1930,2025-08-18,Low,Closed
19991,2910,2024-10-20,Medium,Closed
19992,2134,2024-05-05,Medium,Closed
19993,4455,2025-11-25,Low,In Progress
19994,3914,2024-04-27,High,Closed
19995,4372,2024-06-12,Critical,Closed
19996,5930,2023-09-10,Medium,Closed
19997,4278,2025-11-12,Low,Closed
19998,3782,2025-08-11,High,Closed
19999,5531,2024-07-17,Low,Closed
20000,1265,2026-03-15,Critical,Closed
